date,kr_usd_exchange,vix,dxy_proxy,wti_oil
2005-01-03,1038.0,14.08,,42.16
2005-01-04,1038.0,13.98,,43.96
2005-01-05,1046.3,14.09,,43.41
2005-01-06,1058.0,13.58,,45.51
2005-01-07,1051.0,13.49,,45.32
2005-01-10,1053.0,13.23,,45.31
2005-01-11,1045.0,13.19,,45.66
2005-01-12,1042.0,12.56,,46.46
2005-01-13,1036.0,12.84,,48.11
2005-01-14,1043.0,12.43,,48.41
2005-01-18,1035.8,12.47,,48.46
2005-01-19,1031.0,13.18,,47.61
2005-01-20,1031.85,13.83,,47.01
2005-01-21,1037.85,14.36,,48.31
2005-01-24,1031.85,14.65,,48.61
2005-01-25,1030.85,14.06,,49.43
2005-01-26,1031.45,13.44,,48.8
2005-01-27,1027.85,13.24,,48.8
2005-01-28,1024.0,13.24,,47.15
2005-01-31,1026.85,12.82,,48.25
2005-02-01,1027.35,12.03,,47.1
2005-02-02,1027.8,11.66,,46.65
2005-02-03,1024.85,11.79,,46.4
2005-02-04,1027.0,11.21,,46.45
2005-02-07,1029.0,11.73,,45.35
2005-02-08,1036.0,11.6,,45.4
2005-02-09,1039.0,12.0,,45.45
2005-02-10,1044.0,11.51,,47.05
2005-02-11,1033.0,11.43,,47.15
2005-02-14,1024.85,11.52,,47.5
2005-02-15,1026.55,11.27,,47.3
2005-02-16,1027.0,11.1,,48.35
2005-02-17,1025.45,11.77,,47.5
2005-02-18,1024.0,11.18,,48.45
2005-02-22,1004.85,13.14,,51.0
2005-02-23,1002.85,12.39,,51.73
2005-02-24,1006.85,11.57,,52.05
2005-02-25,1007.85,11.49,,52.2
2005-02-28,1000.85,12.08,,51.75
2005-03-01,1003.85,12.04,,51.67
2005-03-02,1006.85,12.5,,53.0
2005-03-03,1005.85,12.93,,53.6
2005-03-04,1008.0,11.94,,53.7
2005-03-07,1004.45,12.26,,53.9
2005-03-08,1004.05,12.4,,54.55
2005-03-09,1000.95,12.7,,54.75
2005-03-10,1000.05,12.49,,53.52
2005-03-11,997.5,12.8,,54.4
2005-03-14,1000.55,12.39,,54.9
2005-03-15,1003.65,13.15,,55.05
2005-03-16,1003.55,13.49,,56.5
2005-03-17,1000.7,13.29,,56.4
2005-03-18,1004.85,13.14,,56.8
2005-03-21,1009.0,13.61,,56.7
2005-03-22,1009.35,14.27,,55.95
2005-03-23,1008.0,14.06,,49.43
2005-03-24,1013.35,13.42,,49.7
2005-03-25,1014.2,,,
2005-03-28,1017.85,13.75,,54.06
2005-03-29,1023.85,14.49,,54.26
2005-03-30,1023.0,13.64,,53.96
2005-03-31,1015.4,14.02,,55.31
2005-04-01,1012.0,14.09,,57.26
2005-04-04,1013.0,14.11,,56.86
2005-04-05,1017.0,13.68,,55.83
2005-04-06,1013.0,13.15,,55.88
2005-04-07,1012.0,12.33,,54.16
2005-04-08,1015.0,12.62,,53.46
2005-04-11,1015.0,11.98,,53.71
2005-04-12,1016.0,11.3,,51.54
2005-04-13,1011.0,13.31,,50.21
2005-04-14,1019.0,14.53,,51.11
2005-04-15,1018.0,17.74,,50.61
2005-04-18,1017.0,16.56,,50.52
2005-04-19,1013.0,14.96,,52.33
2005-04-20,1009.0,16.92,,52.45
2005-04-21,1008.0,14.41,,52.49
2005-04-22,1004.0,15.38,,54.16
2005-04-25,999.0,14.62,,53.16
2005-04-26,998.7,14.91,,54.33
2005-04-27,1002.7,14.87,,51.37
2005-04-28,1002.0,16.86,,51.92
2005-04-29,997.0,15.31,,49.2
2005-05-02,1001.0,15.12,,50.94
2005-05-03,1002.0,14.53,,49.6
2005-05-04,997.5,13.85,,50.22
2005-05-05,999.6,13.98,,51.12
2005-05-06,999.0,14.05,,51.3
2005-05-09,1001.0,13.75,,52.04
2005-05-10,999.01,14.91,,51.76
2005-05-11,997.0,14.45,,50.39
2005-05-12,999.5,16.12,,48.83
2005-05-13,1000.0,16.32,,48.65
2005-05-16,1009.0,15.68,,48.64
2005-05-17,1004.0,14.57,,48.97
2005-05-18,1003.0,13.63,,46.99
2005-05-19,1006.0,13.32,,47.0
2005-05-20,1007.0,13.14,,47.25
2005-05-23,1004.0,12.95,,48.68
2005-05-24,1003.0,12.69,,49.14
2005-05-25,1000.0,12.58,,50.37
2005-05-26,1002.0,12.24,,50.89
2005-05-27,1000.0,12.15,,51.65
2005-05-31,1005.0,13.29,,52.08
2005-06-01,1010.0,12.36,,54.4
2005-06-02,1013.0,11.84,,53.46
2005-06-03,1006.0,12.15,,55.08
2005-06-06,1003.0,12.28,,54.46
2005-06-07,1004.7,12.39,,53.84
2005-06-08,1005.6,12.7,,52.51
2005-06-09,1005.0,12.08,,54.36
2005-06-10,1006.72,11.96,,53.55
2005-06-13,1016.0,11.65,,55.47
2005-06-14,1014.5,11.79,,55.03
2005-06-15,1014.0,11.46,,55.53
2005-06-16,1012.9,11.15,,56.48
2005-06-17,1008.1,11.48,,58.4
2005-06-20,1011.9,11.47,,59.19
2005-06-21,1008.0,11.08,,58.9
2005-06-22,1009.2,11.05,,58.27
2005-06-23,1010.5,12.13,,59.23
2005-06-24,1013.5,12.18,,59.63
2005-06-27,1013.5,12.52,,59.78
2005-06-28,1023.5,11.58,,58.32
2005-06-29,1030.0,11.77,,57.23
2005-06-30,1034.5,12.04,,56.63
2005-07-01,1033.0,11.4,,59.11
2005-07-05,1050.0,11.68,,59.71
2005-07-06,1048.0,12.27,,61.24
2005-07-07,1051.0,12.49,,60.76
2005-07-08,1054.0,11.45,,59.71
2005-07-11,1040.5,11.28,,59.23
2005-07-12,1035.0,10.95,,60.49
2005-07-13,1040.0,10.84,,60.0
2005-07-14,1032.0,10.81,,57.83
2005-07-15,1038.0,10.33,,58.36
2005-07-18,1032.5,10.77,,57.12
2005-07-19,1043.5,10.45,,57.61
2005-07-20,1043.5,10.23,,56.73
2005-07-21,1035.0,10.97,,57.31
2005-07-22,1018.5,10.52,,57.75
2005-07-25,1024.0,11.1,,58.16
2005-07-26,1029.5,10.99,,59.05
2005-07-27,1029.0,10.36,,59.12
2005-07-28,1027.7,10.52,,59.91
2005-07-29,1026.5,11.57,,60.71
2005-08-01,1024.5,12.08,,61.51
2005-08-02,1019.5,11.75,,61.87
2005-08-03,1016.0,11.83,,60.76
2005-08-04,1013.5,12.52,,61.6
2005-08-05,1016.0,12.48,,62.44
2005-08-08,1016.0,13.21,,63.92
2005-08-09,1014.0,12.4,,63.13
2005-08-10,1011.6,12.38,,64.8
2005-08-11,1013.1,12.42,,65.67
2005-08-12,1014.1,12.74,,66.71
2005-08-15,1015.0,12.26,,66.21
2005-08-16,1016.4,13.52,,66.11
2005-08-17,1017.1,13.3,,63.29
2005-08-18,1022.1,13.42,,63.47
2005-08-19,1028.15,13.42,,65.51
2005-08-22,1021.15,13.42,,65.46
2005-08-23,1028.0,13.34,,65.81
2005-08-24,1029.15,14.17,,67.1
2005-08-25,1026.4,13.73,,67.29
2005-08-26,1028.7,13.72,,66.05
2005-08-29,1030.0,13.52,,67.41
2005-08-30,1039.2,13.65,,69.91
2005-08-31,1039.0,12.6,,68.63
2005-09-01,1030.75,13.15,,69.5
2005-09-02,1024.75,13.57,,66.91
2005-09-06,1024.4,12.93,,65.83
2005-09-07,1026.4,12.52,,64.38
2005-09-08,1026.8,12.93,,64.8
2005-09-09,1024.3,11.98,,64.21
2005-09-12,1026.0,11.65,,63.29
2005-09-13,1025.65,12.39,,63.18
2005-09-14,1025.41,12.91,,65.2
2005-09-15,1025.05,12.49,,64.64
2005-09-16,1029.8,11.22,,62.91
2005-09-19,1027.3,12.14,,67.21
2005-09-20,1030.25,12.64,,66.24
2005-09-21,1027.7,13.79,,66.96
2005-09-22,1027.7,13.33,,67.07
2005-09-23,1035.25,12.96,,64.67
2005-09-26,1033.2,13.04,,65.98
2005-09-27,1035.0,12.76,,64.94
2005-09-28,1039.2,12.63,,66.36
2005-09-29,1039.4,12.24,,66.83
2005-09-30,1042.4,11.92,,66.21
2005-10-03,1043.4,12.46,,65.36
2005-10-04,1042.75,13.2,,63.74
2005-10-05,1039.7,14.55,,62.56
2005-10-06,1039.2,14.96,,61.81
2005-10-07,1037.3,14.59,,61.81
2005-10-10,,15.55,,60.71
2005-10-11,1040.75,15.63,,63.84
2005-10-12,1042.25,16.22,,64.13
2005-10-13,1049.0,16.47,,63.05
2005-10-14,1042.2,14.87,,62.61
2005-10-17,1048.0,14.67,,64.26
2005-10-18,1053.0,15.33,,62.94
2005-10-19,1052.8,13.5,,62.11
2005-10-20,1053.8,16.11,,61.04
2005-10-21,1059.8,16.13,,61.05
2005-10-24,1055.9,14.74,,60.63
2005-10-25,1047.4,14.53,,62.83
2005-10-26,1045.0,14.59,,60.85
2005-10-27,1039.4,16.02,,61.03
2005-10-28,1042.4,14.25,,61.3
2005-10-31,1043.5,15.32,,59.8
2005-11-01,1042.4,14.85,,59.85
2005-11-02,1039.0,13.48,,59.75
2005-11-03,1045.0,13.0,,61.7
2005-11-04,1049.0,13.17,,60.6
2005-11-07,1048.15,13.1,,59.4
2005-11-08,1046.65,13.08,,59.7
2005-11-09,1046.4,12.8,,59.65
2005-11-10,1046.4,11.9,,57.8
2005-11-11,,11.63,,57.45
2005-11-14,1037.0,12.18,,57.6
2005-11-15,1034.9,12.23,,57.05
2005-11-16,1037.0,12.26,,57.85
2005-11-17,1034.4,11.25,,56.2
2005-11-18,1035.9,11.12,,56.3
2005-11-21,1038.1,10.82,,57.75
2005-11-22,1045.2,10.6,,58.3
2005-11-23,1035.4,10.96,,58.35
2005-11-25,1041.4,10.88,,
2005-11-28,1039.4,11.84,,57.36
2005-11-29,1036.1,11.89,,56.46
2005-11-30,1037.4,12.06,,57.33
2005-12-01,1036.9,11.24,,58.46
2005-12-02,1035.15,11.01,,59.31
2005-12-05,1036.4,11.6,,59.91
2005-12-06,1034.05,11.52,,59.96
2005-12-07,1035.4,12.18,,59.21
2005-12-08,1034.05,12.21,,60.66
2005-12-09,1033.6,11.69,,59.41
2005-12-12,1033.4,11.47,,61.36
2005-12-13,1025.0,11.11,,61.36
2005-12-14,1012.0,10.48,,60.86
2005-12-15,1014.95,10.73,,60.01
2005-12-16,1015.9,10.68,,58.01
2005-12-19,1014.8,11.38,,57.31
2005-12-20,1016.5,11.19,,57.81
2005-12-21,1018.1,10.81,,58.56
2005-12-22,1016.05,10.29,,58.08
2005-12-23,1013.5,10.27,,58.08
2005-12-27,1012.2,11.57,,58.16
2005-12-28,1013.05,11.35,,59.81
2005-12-29,1009.0,11.61,,60.26
2005-12-30,1010.0,12.07,,61.06
2006-01-03,1002.9,11.14,,63.11
2006-01-04,998.1,11.37,,63.41
2006-01-05,994.2,11.31,,62.81
2006-01-06,989.2,11.0,100.0241,64.21
2006-01-09,977.4,11.13,,63.56
2006-01-10,981.8,10.86,,63.41
2006-01-11,977.4,10.94,,63.91
2006-01-12,973.8,11.2,,63.96
2006-01-13,987.3,11.23,99.9675,63.86
2006-01-17,989.0,11.91,,66.36
2006-01-18,991.9,12.25,,65.76
2006-01-19,985.0,11.98,,66.86
2006-01-20,986.6,14.56,99.9017,68.16
2006-01-23,981.4,13.93,,68.06
2006-01-24,975.5,13.31,,66.83
2006-01-25,968.5,12.87,,65.6
2006-01-26,968.8,12.42,,65.8
2006-01-27,970.5,11.97,99.6433,67.81
2006-01-30,970.5,12.39,,68.36
2006-01-31,958.9,12.95,,67.86
2006-02-01,962.0,12.36,,66.61
2006-02-02,971.95,13.23,,64.71
2006-02-03,969.9,12.96,100.118,65.41
2006-02-06,963.0,13.04,,65.11
2006-02-07,967.3,13.59,,63.01
2006-02-08,970.3,12.83,,62.51
2006-02-09,972.2,13.12,,62.66
2006-02-10,967.6,12.87,100.322,62.01
2006-02-13,976.3,13.35,,61.26
2006-02-14,969.4,12.25,,59.61
2006-02-15,973.5,12.31,,57.61
2006-02-16,974.1,11.48,,58.61
2006-02-17,972.3,12.01,100.3404,59.76
2006-02-21,968.4,12.41,,61.21
2006-02-22,974.1,11.88,,59.03
2006-02-23,969.1,11.87,,58.03
2006-02-24,966.3,11.46,100.2594,61.46
2006-02-27,968.4,11.59,,61.01
2006-02-28,970.9,12.34,,61.37
2006-03-01,970.5,11.54,,62.01
2006-03-02,968.7,11.72,,63.36
2006-03-03,971.0,11.96,99.7024,63.61
2006-03-06,974.7,12.74,,62.46
2006-03-07,976.3,12.66,,61.51
2006-03-08,981.95,12.32,,60.06
2006-03-09,981.8,12.68,,60.51
2006-03-10,979.9,11.85,100.9566,59.91
2006-03-13,980.4,11.37,,61.81
2006-03-14,976.7,10.74,,63.01
2006-03-15,974.5,11.35,,62.11
2006-03-16,974.8,11.98,,63.46
2006-03-17,970.8,12.12,99.8614,62.81
2006-03-20,966.8,11.79,,60.31
2006-03-21,968.1,11.62,,60.41
2006-03-22,973.3,11.21,,60.03
2006-03-23,975.0,11.17,,62.13
2006-03-24,979.2,11.19,100.7773,63.9
2006-03-27,975.4,11.46,,63.75
2006-03-28,976.5,11.58,,65.65
2006-03-29,974.9,10.95,,66.0
2006-03-30,975.7,11.57,,66.7
2006-03-31,971.4,11.39,100.56,66.25
2006-04-03,970.4,11.57,,66.07
2006-04-04,962.8,11.14,,65.75
2006-04-05,957.1,11.13,,66.76
2006-04-06,953.1,11.45,,67.22
2006-04-07,952.8,12.26,100.4187,67.02
2006-04-10,953.4,12.19,,68.29
2006-04-11,954.6,13.0,,69.03
2006-04-12,960.2,12.76,,68.53
2006-04-13,961.2,12.38,,69.53
2006-04-14,957.9,,100.4697,
2006-04-17,955.4,12.58,,70.3
2006-04-18,953.4,11.4,,71.28
2006-04-19,945.2,11.32,,72.07
2006-04-20,948.1,11.64,,71.96
2006-04-21,948.0,11.59,99.4345,73.73
2006-04-24,939.6,11.75,,70.19
2006-04-25,944.9,11.75,,67.43
2006-04-26,946.4,11.76,,71.71
2006-04-27,944.6,11.84,,70.76
2006-04-28,942.8,11.59,98.1412,71.8
2006-05-01,942.7,12.54,,73.75
2006-05-02,939.6,11.99,,74.62
2006-05-03,934.0,11.99,,72.26
2006-05-04,939.4,11.86,,69.98
2006-05-05,939.3,11.62,97.2585,70.09
2006-05-08,927.4,12.0,,69.75
2006-05-09,931.6,11.99,,70.71
2006-05-10,928.8,11.78,,72.15
2006-05-11,935.2,12.49,,73.0
2006-05-12,932.77,14.19,96.8788,71.87
2006-05-15,943.2,13.57,,69.25
2006-05-16,944.8,13.35,,69.4
2006-05-17,936.8,16.26,,68.65
2006-05-18,946.5,16.99,,69.63
2006-05-19,946.0,17.18,97.933,68.44
2006-05-22,951.5,17.72,,69.23
2006-05-23,944.6,18.26,,70.78
2006-05-24,949.2,17.36,,69.47
2006-05-25,948.7,15.5,,70.92
2006-05-26,945.3,14.26,97.8995,71.35
2006-05-30,945.3,18.66,,71.85
2006-05-31,945.3,16.44,,71.42
2006-06-01,946.9,14.52,,70.11
2006-06-02,947.9,14.32,97.5544,72.73
2006-06-05,942.7,16.65,,72.5
2006-06-06,942.8,17.34,,72.43
2006-06-07,948.0,17.8,,70.9
2006-06-08,953.1,18.35,,70.25
2006-06-09,954.2,18.12,98.5471,71.62
2006-06-12,956.6,20.96,,70.28
2006-06-13,961.4,23.81,,68.48
2006-06-14,961.8,21.46,,69.12
2006-06-15,959.3,15.9,,69.78
2006-06-16,955.2,17.25,98.9127,69.75
2006-06-19,960.9,17.83,,69.21
2006-06-20,956.5,16.69,,69.3
2006-06-21,955.6,15.52,,70.07
2006-06-22,955.0,15.88,,70.62
2006-06-23,955.8,15.89,99.4216,70.5
2006-06-26,959.2,15.62,,71.63
2006-06-27,958.6,16.4,,72.05
2006-06-28,957.5,15.79,,72.15
2006-06-29,960.4,13.03,,73.5
2006-06-30,948.5,13.08,98.2483,73.94
2006-07-03,944.5,13.05,,
2006-07-05,946.6,14.15,,75.2
2006-07-06,949.2,13.65,,75.0
2006-07-07,947.6,13.97,97.7508,73.76
2006-07-10,941.6,14.02,,73.5
2006-07-11,946.6,13.14,,74.05
2006-07-12,948.5,14.49,,74.99
2006-07-13,949.0,17.79,,76.7
2006-07-14,953.7,18.05,98.6814,76.8
2006-07-17,953.5,18.64,,75.7
2006-07-18,958.3,17.74,,73.87
2006-07-19,957.6,15.55,,72.79
2006-07-20,951.7,16.21,,74.0
2006-07-21,949.7,17.4,98.5221,73.52
2006-07-24,951.4,14.98,,74.29
2006-07-25,951.9,14.85,,73.46
2006-07-26,954.3,14.62,,73.82
2006-07-27,952.0,14.94,,74.5
2006-07-28,953.6,14.33,98.0539,73.3
2006-07-31,954.9,14.95,,74.56
2006-08-01,955.7,15.05,,74.93
2006-08-02,962.0,14.34,,76.16
2006-08-03,965.4,14.46,,75.59
2006-08-04,964.6,14.34,97.6005,74.78
2006-08-07,962.3,15.23,,77.05
2006-08-08,963.4,15.23,,76.29
2006-08-09,959.3,15.2,,76.28
2006-08-10,957.6,14.46,,74.17
2006-08-11,961.4,14.3,97.7863,74.38
2006-08-14,965.6,14.26,,73.33
2006-08-15,965.5,13.42,,72.95
2006-08-16,964.9,12.41,,71.64
2006-08-17,960.6,12.24,,70.12
2006-08-18,958.3,11.64,97.7577,70.93
2006-08-21,956.4,12.22,,72.45
2006-08-22,956.1,12.19,,72.55
2006-08-23,955.4,12.4,,71.45
2006-08-24,958.9,12.4,,72.02
2006-08-25,961.8,12.31,97.8827,72.13
2006-08-28,963.7,12.18,,70.47
2006-08-29,960.8,12.28,,69.74
2006-08-30,961.1,12.22,,70.2
2006-08-31,961.1,12.31,,70.38
2006-09-01,960.3,11.96,97.5084,69.24
2006-09-05,956.5,12.63,,68.7
2006-09-06,957.0,13.74,,67.75
2006-09-07,956.1,13.88,,67.37
2006-09-08,956.2,13.16,98.2119,66.3
2006-09-11,957.3,12.99,,65.42
2006-09-12,959.2,11.92,,63.81
2006-09-13,958.7,11.18,,64.09
2006-09-14,957.4,11.55,,63.27
2006-09-15,956.2,11.76,98.2104,63.3
2006-09-18,956.2,11.78,,63.84
2006-09-19,951.8,11.98,,61.77
2006-09-20,950.7,11.39,,60.0
2006-09-21,944.1,12.25,,61.62
2006-09-22,946.7,12.59,97.8667,59.79
2006-09-25,943.7,12.12,,60.74
2006-09-26,943.7,11.53,,60.63
2006-09-27,943.4,11.58,,62.96
2006-09-28,944.6,11.72,,62.46
2006-09-29,946.0,11.98,98.1054,62.9
2006-10-02,947.6,12.57,,60.96
2006-10-03,947.6,12.24,,58.64
2006-10-04,948.9,11.86,,59.53
2006-10-05,948.9,11.98,,60.02
2006-10-06,948.9,11.56,98.5619,59.68
2006-10-09,,11.68,,59.93
2006-10-10,959.2,11.52,,58.5
2006-10-11,957.9,11.62,,57.56
2006-10-12,957.6,11.09,,58.23
2006-10-13,953.9,10.75,98.8002,58.69
2006-10-16,955.2,11.09,,59.91
2006-10-17,954.2,11.73,,58.91
2006-10-18,955.2,11.34,,57.66
2006-10-19,957.1,10.9,,58.55
2006-10-20,957.1,10.63,98.1629,57.35
2006-10-23,959.3,11.08,,56.74
2006-10-24,958.2,10.78,,57.55
2006-10-25,955.5,10.66,,59.09
2006-10-26,949.5,10.56,,60.27
2006-10-27,947.2,10.8,97.4914,60.75
2006-10-30,944.3,11.2,,58.41
2006-10-31,942.2,11.1,,58.72
2006-11-01,939.1,11.51,,58.64
2006-11-02,938.7,11.42,,57.87
2006-11-03,937.0,11.16,97.7209,59.13
2006-11-06,942.1,11.16,,60.11
2006-11-07,938.2,11.09,,58.94
2006-11-08,934.7,10.75,,59.93
2006-11-09,936.2,11.01,,61.18
2006-11-10,933.7,10.79,97.4638,59.66
2006-11-13,934.7,10.86,,58.59
2006-11-14,936.7,10.5,,58.28
2006-11-15,941.1,10.31,,58.79
2006-11-16,937.2,10.16,,56.23
2006-11-17,938.5,10.05,97.9855,55.9
2006-11-20,935.2,9.97,,56.42
2006-11-21,935.0,9.9,,58.01
2006-11-22,933.6,10.14,,57.28
2006-11-24,931.8,10.73,97.0657,
2006-11-27,930.3,12.3,,60.3
2006-11-28,930.5,11.62,,60.97
2006-11-29,930.4,10.83,,62.45
2006-11-30,929.0,10.91,,62.97
2006-12-01,928.3,11.66,96.4585,63.43
2006-12-04,927.1,11.23,,62.39
2006-12-05,924.1,11.27,,62.4
2006-12-06,915.7,11.33,,62.2
2006-12-07,913.7,12.67,,62.54
2006-12-08,919.8,12.07,96.6123,62.06
2006-12-11,925.4,10.71,,61.26
2006-12-12,922.3,10.65,,61.06
2006-12-13,922.1,10.18,,61.34
2006-12-14,920.5,9.97,,62.48
2006-12-15,922.8,10.05,96.9857,63.4
2006-12-18,926.9,10.6,,62.19
2006-12-19,931.6,10.3,,62.87
2006-12-20,925.7,10.26,,63.08
2006-12-21,927.2,10.53,,62.05
2006-12-22,928.3,11.36,97.1113,61.81
2006-12-26,929.6,11.26,,61.07
2006-12-27,929.1,10.64,,60.31
2006-12-28,929.4,10.99,,60.39
2006-12-29,930.0,11.56,97.0312,60.85
2007-01-02,925.4,,,60.77
2007-01-03,926.0,12.04,,58.31
2007-01-04,931.3,11.51,,55.65
2007-01-05,934.1,12.14,97.7801,56.29
2007-01-08,937.9,12.0,,56.08
2007-01-09,938.3,11.91,,55.65
2007-01-10,937.7,11.47,,53.95
2007-01-11,938.6,10.87,,51.91
2007-01-12,939.6,10.15,97.921,52.96
2007-01-16,938.1,10.74,,51.23
2007-01-17,936.7,10.59,,52.3
2007-01-18,936.4,10.85,,50.51
2007-01-19,936.2,10.4,97.6868,51.98
2007-01-22,940.5,10.77,,51.11
2007-01-23,940.0,10.34,,53.61
2007-01-24,935.5,9.89,,54.24
2007-01-25,935.9,11.22,,53.49
2007-01-26,940.5,11.13,98.1491,55.38
2007-01-29,940.1,11.45,,54.01
2007-01-30,942.2,10.96,,57.03
2007-01-31,941.0,10.42,,58.17
2007-02-01,937.0,10.31,,57.35
2007-02-02,937.0,10.08,97.9743,59.01
2007-02-05,935.5,10.55,,58.69
2007-02-06,932.5,10.65,,58.91
2007-02-07,933.2,10.32,,57.75
2007-02-08,934.5,10.44,,59.76
2007-02-09,934.3,11.1,97.7076,59.86
2007-02-12,937.4,11.61,,57.76
2007-02-13,939.4,10.34,,58.98
2007-02-14,938.2,10.23,,58.0
2007-02-15,934.2,10.22,,57.92
2007-02-16,936.0,10.02,97.164,59.38
2007-02-20,938.2,10.24,,58.32
2007-02-21,938.2,10.2,,59.4
2007-02-22,938.7,10.18,,60.28
2007-02-23,937.5,10.58,97.1756,60.28
2007-02-26,938.5,11.15,,61.41
2007-02-27,938.5,18.31,,61.46
2007-02-28,942.3,15.42,,61.78
2007-03-01,941.4,15.82,,61.97
2007-03-02,947.4,18.61,97.3691,61.58
2007-03-05,949.1,19.63,,60.05
2007-03-06,947.6,15.96,,60.66
2007-03-07,947.1,15.24,,61.85
2007-03-08,945.6,14.29,,61.63
2007-03-09,945.1,14.09,97.4559,60.06
2007-03-12,943.8,13.99,,58.94
2007-03-13,944.3,18.13,,58.03
2007-03-14,946.2,17.27,,58.15
2007-03-15,944.1,16.43,,57.52
2007-03-16,944.6,16.79,97.0407,57.06
2007-03-19,943.6,14.59,,56.65
2007-03-20,941.3,13.27,,56.41
2007-03-21,937.7,12.19,,56.98
2007-03-22,937.9,12.93,,60.21
2007-03-23,937.2,12.95,96.5662,61.07
2007-03-26,937.65,13.16,,61.77
2007-03-27,940.7,13.48,,62.98
2007-03-28,939.6,14.98,,64.11
2007-03-29,940.4,15.14,,66.1
2007-03-30,941.1,14.64,96.3183,65.94
2007-04-02,937.0,14.53,,66.03
2007-04-03,936.4,13.46,,64.59
2007-04-04,936.1,13.24,,64.4
2007-04-05,932.1,13.23,,64.26
2007-04-06,931.6,,96.2526,
2007-04-09,932.6,13.14,,61.51
2007-04-10,933.6,12.68,,61.92
2007-04-11,932.2,13.49,,61.98
2007-04-12,931.6,12.71,,63.87
2007-04-13,929.0,12.2,95.711,63.63
2007-04-16,931.4,11.98,,63.63
2007-04-17,928.6,12.14,,63.14
2007-04-18,927.9,12.42,,63.14
2007-04-19,928.5,12.54,,61.81
2007-04-20,927.4,12.07,95.1692,63.56
2007-04-23,926.1,13.04,,65.33
2007-04-24,927.25,13.12,,64.1
2007-04-25,926.6,13.21,,65.33
2007-04-26,928.55,12.79,,65.08
2007-04-27,929.0,12.45,95.0103,66.45
2007-04-30,931.0,14.22,,65.78
2007-05-01,930.7,13.51,,64.43
2007-05-02,929.8,13.08,,63.78
2007-05-03,926.7,13.09,,63.23
2007-05-04,927.3,12.91,94.9118,61.89
2007-05-07,922.3,13.15,,61.48
2007-05-08,922.7,13.21,,62.26
2007-05-09,923.2,12.88,,61.54
2007-05-10,925.65,13.6,,61.85
2007-05-11,926.1,12.95,95.0035,62.35
2007-05-14,923.15,13.96,,62.55
2007-05-15,924.2,14.01,,63.16
2007-05-16,923.6,13.5,,62.57
2007-05-17,927.8,13.51,,64.83
2007-05-18,934.0,12.76,94.6573,64.93
2007-05-21,929.9,13.3,,66.25
2007-05-22,931.7,13.06,,64.91
2007-05-23,931.2,13.24,,65.1
2007-05-24,932.7,14.08,,63.62
2007-05-25,928.0,13.34,94.5022,64.59
2007-05-29,927.5,13.53,,63.19
2007-05-30,930.8,12.83,,63.47
2007-05-31,927.4,13.05,,64.02
2007-06-01,928.1,12.78,94.132,65.09
2007-06-04,927.3,13.29,,66.17
2007-06-05,926.5,13.63,,65.63
2007-06-06,926.8,14.87,,65.97
2007-06-07,926.5,17.06,,66.93
2007-06-08,932.3,14.84,94.7599,64.78
2007-06-11,931.7,14.71,,65.93
2007-06-12,930.2,16.67,,65.36
2007-06-13,931.5,14.73,,66.17
2007-06-14,929.7,13.64,,67.62
2007-06-15,927.6,13.94,94.6228,68.04
2007-06-18,928.4,13.42,,69.06
2007-06-19,927.6,12.85,,69.15
2007-06-20,927.6,14.67,,68.5
2007-06-21,926.6,14.21,,68.35
2007-06-22,927.9,15.75,94.4371,68.85
2007-06-25,926.2,16.65,,68.83
2007-06-26,926.1,18.89,,67.78
2007-06-27,927.4,15.53,,68.98
2007-06-28,926.6,15.54,,69.61
2007-06-29,922.6,16.23,94.1393,70.47
2007-07-02,921.3,15.4,,71.11
2007-07-03,917.7,14.92,,71.41
2007-07-05,921.7,15.48,,71.81
2007-07-06,919.4,14.72,93.5759,72.8
2007-07-09,920.9,15.16,,72.14
2007-07-10,919.6,17.57,,72.8
2007-07-11,919.1,16.64,,72.58
2007-07-12,918.4,15.54,,72.55
2007-07-13,916.4,15.15,93.0133,73.89
2007-07-16,917.9,15.59,,74.11
2007-07-17,917.9,15.63,,74.03
2007-07-18,916.2,16.0,,75.03
2007-07-19,915.7,15.23,,75.9
2007-07-20,914.7,16.95,92.7179,75.53
2007-07-23,914.9,16.81,,74.65
2007-07-24,913.8,18.55,,73.38
2007-07-25,913.6,18.1,,75.74
2007-07-26,917.9,20.74,,74.96
2007-07-27,921.4,24.17,93.5485,77.03
2007-07-30,923.0,20.87,,76.82
2007-07-31,919.0,23.52,,78.2
2007-08-01,924.9,23.67,,76.49
2007-08-02,922.6,21.22,,76.84
2007-08-03,922.5,25.16,93.1039,75.41
2007-08-06,923.1,22.94,,72.03
2007-08-07,922.6,21.56,,72.25
2007-08-08,923.8,21.45,,72.23
2007-08-09,922.7,26.48,,71.62
2007-08-10,931.5,28.3,93.5214,71.49
2007-08-13,929.1,26.57,,71.6
2007-08-14,932.2,27.68,,72.4
2007-08-15,932.0,30.67,,73.36
2007-08-16,945.9,30.83,,70.99
2007-08-17,950.2,29.99,94.319,71.9
2007-08-20,942.6,26.33,,71.12
2007-08-21,943.2,25.25,,69.49
2007-08-22,943.8,22.89,,69.3
2007-08-23,941.4,22.62,,69.86
2007-08-24,941.45,20.72,93.6863,71.17
2007-08-27,938.3,22.72,,71.98
2007-08-28,939.4,26.3,,71.79
2007-08-29,941.7,23.81,,73.52
2007-08-30,940.1,25.06,,73.37
2007-08-31,938.1,23.38,93.6674,73.98
2007-09-03,938.1,,,
2007-09-04,938.8,22.78,,75.07
2007-09-05,937.8,24.58,,75.74
2007-09-06,938.7,23.99,,76.34
2007-09-07,937.7,26.23,93.2939,76.7
2007-09-10,939.9,27.38,,77.53
2007-09-11,936.5,25.27,,78.16
2007-09-12,931.6,24.96,,79.85
2007-09-13,927.4,24.76,,80.05
2007-09-14,927.9,24.92,92.7083,79.14
2007-09-17,929.4,26.48,,80.55
2007-09-18,929.8,20.35,,81.51
2007-09-19,924.8,20.03,,81.99
2007-09-20,918.7,20.45,,83.85
2007-09-21,920.7,19.0,91.4854,83.38
2007-09-24,919.1,19.37,,82.51
2007-09-25,920.7,18.6,,81.2
2007-09-26,920.8,17.63,,80.31
2007-09-27,919.9,17.0,,82.86
2007-09-28,913.6,18.0,90.9446,81.64
2007-10-01,914.5,17.84,,80.31
2007-10-02,915.7,18.49,,80.0
2007-10-03,915.5,18.8,,79.97
2007-10-04,916.3,18.44,,81.48
2007-10-05,915.9,16.91,90.7393,81.2
2007-10-08,915.9,17.46,,78.97
2007-10-09,918.2,16.12,,80.23
2007-10-10,919.3,16.67,,81.3
2007-10-11,915.5,18.88,,83.05
2007-10-12,917.6,17.73,90.5945,83.73
2007-10-15,916.7,19.25,,86.19
2007-10-16,917.5,20.02,,87.58
2007-10-17,917.3,18.54,,87.19
2007-10-18,916.0,18.5,,89.48
2007-10-19,915.5,22.96,90.1014,88.58
2007-10-22,916.8,21.64,,87.6
2007-10-23,918.0,20.41,,86.45
2007-10-24,917.5,20.8,,88.3
2007-10-25,915.0,21.17,,92.09
2007-10-26,908.9,19.56,89.6508,91.73
2007-10-29,910.2,19.87,,93.45
2007-10-30,906.7,21.07,,90.33
2007-10-31,903.2,18.53,,94.16
2007-11-01,907.0,23.21,,93.53
2007-11-02,908.0,23.01,88.8924,95.81
2007-11-05,907.5,24.31,,94.06
2007-11-06,906.2,21.39,,96.65
2007-11-07,905.2,26.49,,96.46
2007-11-08,907.0,26.16,,95.51
2007-11-09,910.4,28.5,88.4615,96.36
2007-11-12,,31.09,,94.4
2007-11-13,914.6,24.1,,91.18
2007-11-14,913.1,25.94,,94.02
2007-11-15,919.1,28.06,,93.37
2007-11-16,917.3,25.49,89.3182,94.81
2007-11-19,920.5,26.01,,95.75
2007-11-20,921.8,24.88,,99.16
2007-11-21,932.8,26.84,,98.57
2007-11-22,932.8,,,
2007-11-23,930.5,25.61,89.2384,98.24
2007-11-26,929.0,28.91,,97.66
2007-11-27,931.8,26.28,,94.39
2007-11-28,931.2,24.11,,90.71
2007-11-29,928.3,23.97,,90.98
2007-11-30,920.9,22.87,89.6212,88.6
2007-12-03,923.8,23.61,,89.29
2007-12-04,922.3,23.79,,88.31
2007-12-05,923.0,22.53,,87.45
2007-12-06,921.8,20.96,,90.25
2007-12-07,918.9,20.85,89.74,88.23
2007-12-10,923.3,20.74,,87.72
2007-12-11,923.7,23.59,,90.12
2007-12-12,926.1,22.47,,94.41
2007-12-13,925.25,22.56,,92.35
2007-12-14,929.8,23.27,90.4345,91.31
2007-12-17,933.4,24.52,,90.69
2007-12-18,938.35,22.64,,89.93
2007-12-19,939.2,21.68,,91.11
2007-12-20,943.4,20.58,,90.88
2007-12-21,940.3,18.47,90.3672,93.19
2007-12-24,939.2,18.6,,94.0
2007-12-26,938.7,18.66,,95.89
2007-12-27,940.0,20.26,,96.63
2007-12-28,935.6,20.74,89.4069,96.03
2007-12-31,935.8,22.5,,95.95
2008-01-02,936.6,23.17,,99.64
2008-01-03,936.2,22.49,,99.17
2008-01-04,938.1,23.94,89.2467,97.9
2008-01-07,940.0,23.79,,95.08
2008-01-08,939.0,25.43,,96.43
2008-01-09,937.1,24.12,,95.64
2008-01-10,937.2,23.45,,93.92
2008-01-11,937.2,23.68,89.5215,92.74
2008-01-14,937.0,22.9,,94.23
2008-01-15,935.2,23.34,,91.87
2008-01-16,942.5,24.38,,90.8
2008-01-17,945.7,28.46,,90.11
2008-01-18,945.9,27.18,89.8993,90.55
2008-01-22,946.9,31.01,,89.64
2008-01-23,953.2,29.02,,87.65
2008-01-24,948.6,27.78,,89.98
2008-01-25,948.2,29.08,89.2184,90.37
2008-01-28,948.7,27.78,,90.99
2008-01-29,941.5,27.32,,91.66
2008-01-30,945.0,27.62,,92.34
2008-01-31,943.4,26.2,,91.67
2008-02-01,944.5,24.02,88.4824,89.03
2008-02-04,941.3,25.99,,90.07
2008-02-05,943.1,28.24,,88.32
2008-02-06,941.4,28.97,,87.16
2008-02-07,941.3,27.66,,88.07
2008-02-08,944.6,28.01,89.2226,91.77
2008-02-11,945.0,27.6,,93.56
2008-02-12,943.9,26.33,,92.82
2008-02-13,945.3,24.88,,93.28
2008-02-14,944.3,25.54,,95.42
2008-02-15,944.6,25.02,88.9006,95.57
2008-02-19,944.1,25.59,,99.99
2008-02-20,947.5,24.4,,100.86
2008-02-21,948.2,25.12,,98.57
2008-02-22,948.2,24.06,88.7082,99.03
2008-02-25,948.2,23.03,,99.4
2008-02-26,946.5,21.9,,100.83
2008-02-27,938.1,22.69,,99.59
2008-02-28,937.2,23.53,,102.6
2008-02-29,942.8,26.54,87.1654,101.78
2008-03-03,947.1,26.28,,102.42
2008-03-04,947.45,25.52,,99.72
2008-03-05,948.15,24.6,,104.45
2008-03-06,952.7,27.55,,105.51
2008-03-07,956.8,27.49,87.1258,105.12
2008-03-10,966.1,29.38,,107.9
2008-03-11,966.4,26.36,,108.73
2008-03-12,969.3,27.22,,109.86
2008-03-13,982.1,27.29,,110.21
2008-03-14,997.1,31.16,86.4301,110.03
2008-03-17,1021.45,32.24,,105.74
2008-03-18,1008.4,25.79,,109.57
2008-03-19,1008.55,29.84,,103.25
2008-03-20,1009.15,26.62,,102.57
2008-03-21,1002.0,,87.2111,
2008-03-24,993.7,25.73,,101.7
2008-03-25,975.8,25.72,,101.78
2008-03-26,993.1,26.08,,105.83
2008-03-27,990.08,25.88,,107.56
2008-03-28,992.4,25.71,86.6369,105.59
2008-03-31,988.6,25.61,,101.54
2008-04-01,979.0,22.68,,100.92
2008-04-02,975.7,23.43,,104.83
2008-04-03,977.2,23.21,,103.92
2008-04-04,973.5,22.45,86.5108,106.09
2008-04-07,974.6,22.42,,108.91
2008-04-08,975.7,22.36,,108.54
2008-04-09,975.7,22.81,,110.89
2008-04-10,975.0,21.98,,110.07
2008-04-11,975.8,23.46,86.5029,110.14
2008-04-14,979.3,23.82,,111.71
2008-04-15,991.3,22.78,,113.77
2008-04-16,989.1,20.53,,114.8
2008-04-17,991.6,20.37,,114.8
2008-04-18,1000.0,20.13,86.5277,116.56
2008-04-21,997.5,20.5,,117.48
2008-04-22,996.8,20.87,,119.17
2008-04-23,990.7,20.26,,119.28
2008-04-24,995.65,20.06,,117.1
2008-04-25,994.0,19.59,86.8337,119.64
2008-04-28,996.3,19.64,,118.78
2008-04-29,1001.55,20.24,,115.67
2008-04-30,1005.0,20.79,,113.7
2008-05-01,1004.0,18.88,,112.6
2008-05-02,1009.0,18.18,87.2311,116.36
2008-05-05,1007.8,18.9,,119.94
2008-05-06,1015.0,18.21,,121.82
2008-05-07,1030.0,19.73,,123.56
2008-05-08,1040.5,19.4,,123.77
2008-05-09,1044.0,19.41,87.2528,125.94
2008-05-12,1043.0,17.79,,124.02
2008-05-13,1047.0,17.98,,125.83
2008-05-14,1047.0,17.66,,124.21
2008-05-15,1043.0,16.3,,124.25
2008-05-16,1037.0,16.47,86.7855,126.5
2008-05-19,1041.0,17.01,,127.15
2008-05-20,1047.0,17.58,,128.93
2008-05-21,1039.0,18.59,,132.99
2008-05-22,1044.0,18.05,,130.04
2008-05-23,1045.5,19.55,86.1922,131.58
2008-05-27,1041.0,19.64,,128.81
2008-05-28,1033.5,19.07,,131.0
2008-05-29,1030.0,18.14,,126.7
2008-05-30,1028.5,17.83,86.5504,127.35
2008-06-02,1022.3,19.83,,127.75
2008-06-03,1016.8,20.24,,124.33
2008-06-04,1019.0,20.8,,122.3
2008-06-05,1023.0,18.63,,127.93
2008-06-06,1030.5,23.56,86.8028,138.51
2008-06-09,1032.0,23.12,,134.44
2008-06-10,1027.5,23.18,,131.38
2008-06-11,1030.3,24.12,,136.43
2008-06-12,1033.3,23.33,,136.91
2008-06-13,1044.0,21.22,87.7622,134.84
2008-06-16,1038.5,20.95,,134.52
2008-06-17,1021.8,21.13,,133.99
2008-06-18,1029.25,22.24,,136.54
2008-06-19,1028.0,21.58,,131.88
2008-06-20,1031.5,22.87,86.9036,134.78
2008-06-23,1036.8,22.64,,135.98
2008-06-24,1032.5,22.42,,136.49
2008-06-25,1034.3,21.14,,133.92
2008-06-26,1041.3,23.93,,138.91
2008-06-27,1041.75,23.44,86.643,139.69
2008-06-30,1046.8,23.95,,139.96
2008-07-01,1050.5,23.65,,141.06
2008-07-02,1036.5,25.92,,143.74
2008-07-03,1044.5,24.79,,145.31
2008-07-04,,,86.8781,
2008-07-07,1044.5,25.78,,141.38
2008-07-08,1026.25,23.15,,136.06
2008-07-09,1000.0,25.23,,135.88
2008-07-10,998.2,25.59,,141.47
2008-07-11,1000.3,27.49,86.221,144.96
2008-07-14,1003.8,28.48,,145.16
2008-07-15,1006.3,28.54,,138.68
2008-07-16,1006.75,25.1,,134.63
2008-07-17,1011.0,25.01,,129.43
2008-07-18,1013.0,24.05,86.0735,128.94
2008-07-21,1017.0,23.05,,131.43
2008-07-22,1014.0,21.18,,127.25
2008-07-23,1009.0,21.31,,123.73
2008-07-24,1006.8,23.44,,124.62
2008-07-25,1007.0,22.91,86.3916,122.59
2008-07-28,1006.0,24.23,,124.72
2008-07-29,1006.0,22.03,,122.21
2008-07-30,1012.3,21.21,,126.74
2008-07-31,1011.5,22.94,,124.17
2008-08-01,1015.75,22.57,86.8257,125.03
2008-08-04,1016.75,23.49,,121.45
2008-08-05,1017.0,21.14,,118.71
2008-08-06,1015.5,20.23,,118.57
2008-08-07,1016.0,21.15,,119.84
2008-08-08,1028.0,20.66,88.8939,115.42
2008-08-11,1030.0,20.12,,114.44
2008-08-12,1034.2,21.17,,113.1
2008-08-13,1039.5,21.55,,115.96
2008-08-14,1039.5,20.34,,115.05
2008-08-15,1039.3,19.58,89.7244,113.46
2008-08-18,1042.8,20.98,,112.92
2008-08-19,1051.3,21.28,,114.39
2008-08-20,1047.3,20.42,,115.48
2008-08-21,1053.6,19.82,,121.23
2008-08-22,1062.3,18.81,89.2381,114.48
2008-08-25,1077.8,20.97,,114.85
2008-08-26,1087.5,20.49,,116.31
2008-08-27,1084.0,19.76,,118.17
2008-08-28,1081.3,19.43,,115.58
2008-08-29,1089.0,20.65,90.0567,115.55
2008-09-02,1134.45,21.99,,109.63
2008-09-03,1147.9,21.43,,109.38
2008-09-04,1130.3,24.03,,107.99
2008-09-05,1117.8,23.06,91.341,106.47
2008-09-08,1081.2,22.64,,106.35
2008-09-09,1099.5,25.47,,103.23
2008-09-10,1091.3,24.52,,102.66
2008-09-11,1110.0,24.39,,100.95
2008-09-12,1106.5,25.66,91.4706,101.19
2008-09-15,1117.85,31.7,,95.52
2008-09-16,1159.75,30.3,,91.49
2008-09-17,1115.5,36.22,,97.39
2008-09-18,1152.4,33.1,,97.5
2008-09-19,1139.5,32.07,91.0014,104.05
2008-09-22,1127.3,33.85,,122.61
2008-09-23,1146.5,35.72,,107.85
2008-09-24,1153.5,35.19,,106.84
2008-09-25,1148.8,32.82,,111.54
2008-09-26,1160.1,34.74,90.6872,106.77
2008-09-29,1185.75,46.72,,96.29
2008-09-30,1206.3,39.39,,100.7
2008-10-01,1194.85,39.81,,98.23
2008-10-02,1222.9,45.26,,93.84
2008-10-03,1220.9,45.14,93.5414,93.91
2008-10-06,1267.4,52.05,,88.15
2008-10-07,1328.4,53.68,,90.18
2008-10-08,1415.25,57.53,,88.94
2008-10-09,1381.4,63.92,,86.5
2008-10-10,1306.4,69.95,97.999,77.44
2008-10-13,,54.99,,81.17
2008-10-14,1207.25,55.13,,78.69
2008-10-15,1237.5,69.25,,74.38
2008-10-16,1369.5,67.61,,69.81
2008-10-17,1333.3,70.33,97.7255,71.9
2008-10-20,1315.0,52.97,,74.08
2008-10-21,1320.1,53.11,,71.29
2008-10-22,1418.5,69.65,,66.92
2008-10-23,1408.7,67.8,,67.17
2008-10-24,1430.8,79.13,101.8442,63.34
2008-10-27,1441.7,80.06,,61.92
2008-10-28,1467.7,66.96,,62.8
2008-10-29,1426.9,69.96,,67.45
2008-10-30,1250.18,62.9,,65.79
2008-10-31,1277.5,59.89,99.7662,68.1
2008-11-03,1262.0,53.68,,63.93
2008-11-04,1287.9,47.73,,70.41
2008-11-05,1266.3,54.56,,65.41
2008-11-06,1330.8,63.68,,60.72
2008-11-07,1310.0,56.1,99.3944,61.06
2008-11-10,1326.18,59.98,,62.19
2008-11-11,,61.44,,59.38
2008-11-12,1354.5,66.46,,55.95
2008-11-13,1392.5,59.83,,58.31
2008-11-14,1399.3,66.31,100.9705,57.18
2008-11-17,1410.0,69.15,,55.14
2008-11-18,1447.4,67.64,,54.42
2008-11-19,1445.9,74.26,,53.64
2008-11-20,1496.0,80.86,,48.86
2008-11-21,1493.3,72.67,103.6289,49.22
2008-11-24,1507.9,64.7,,53.63
2008-11-25,1501.4,60.9,,50.02
2008-11-26,1477.3,54.92,,54.2
2008-11-28,1468.0,55.84,101.6468,55.21
2008-12-01,1439.4,68.51,,49.34
2008-12-02,1463.5,62.98,,47.05
2008-12-03,1467.8,60.72,,46.79
2008-12-04,1479.0,63.64,,43.8
2008-12-05,1475.6,59.93,103.4902,41.01
2008-12-08,1445.0,58.49,,43.69
2008-12-09,1439.0,58.91,,42.0
2008-12-10,1393.0,55.73,,43.1
2008-12-11,1354.5,55.78,,47.77
2008-12-12,1369.0,54.28,100.319,46.27
2008-12-15,1360.9,56.76,,44.61
2008-12-16,1347.4,52.37,,43.84
2008-12-17,1324.0,49.84,,40.17
2008-12-18,1285.0,47.34,,36.73
2008-12-19,1287.9,44.93,98.1278,33.17
2008-12-22,1308.0,44.56,,31.1
2008-12-23,1331.0,45.02,,30.28
2008-12-24,1304.3,44.21,,32.94
2008-12-26,1298.9,43.38,98.2594,37.58
2008-12-29,1262.0,43.9,,39.89
2008-12-30,1257.4,41.63,,38.95
2008-12-31,1262.0,40.0,,44.6
2009-01-02,1318.3,39.19,98.6008,46.17
2009-01-05,1313.5,39.08,,48.61
2009-01-06,1307.0,38.56,,48.56
2009-01-07,1292.3,43.39,,42.75
2009-01-08,1328.25,42.56,,41.68
2009-01-09,1347.5,42.82,98.8752,40.69
2009-01-12,1349.0,45.84,,37.65
2009-01-13,1353.0,43.27,,37.77
2009-01-14,1353.0,49.14,,37.43
2009-01-15,1391.5,51.0,,35.41
2009-01-16,1351.5,46.11,100.711,35.38
2009-01-20,1351.5,56.65,,38.57
2009-01-21,1368.0,46.42,,42.56
2009-01-22,1374.0,47.29,,42.33
2009-01-23,1390.8,47.27,102.1096,45.12
2009-01-26,1390.8,45.69,,46.5
2009-01-27,1390.0,42.25,,41.67
2009-01-28,1369.0,39.66,,42.04
2009-01-29,1369.0,42.63,,41.58
2009-01-30,1380.0,44.84,102.1169,41.73
2009-02-02,1390.0,45.52,,41.35
2009-02-03,1394.5,43.06,,40.87
2009-02-04,1378.4,43.85,,40.27
2009-02-05,1384.2,43.73,,41.15
2009-02-06,1368.7,43.37,101.7455,40.24
2009-02-09,1374.0,43.64,,39.58
2009-02-10,1388.0,46.67,,37.54
2009-02-11,1390.0,44.53,,35.93
2009-02-12,1394.0,41.25,,34.03
2009-02-13,1403.5,42.93,102.2958,37.63
2009-02-17,1454.8,48.66,,34.96
2009-02-18,1459.0,48.46,,34.67
2009-02-19,1480.7,47.08,,39.6
2009-02-20,1519.5,49.3,104.0244,39.35
2009-02-23,1495.5,52.62,,37.66
2009-02-24,1516.0,45.49,,38.86
2009-02-25,1515.7,44.67,,41.64
2009-02-26,1512.8,44.66,,43.18
2009-02-27,1532.8,46.35,104.9284,44.15
2009-03-02,1570.1,52.65,,40.07
2009-03-03,1551.2,50.93,,41.57
2009-03-04,1550.95,47.56,,45.28
2009-03-05,1567.1,50.17,,43.54
2009-03-06,1549.6,49.33,105.3937,45.43
2009-03-09,1541.0,49.68,,47.01
2009-03-10,1501.0,44.37,,45.68
2009-03-11,1466.0,43.61,,42.46
2009-03-12,1494.75,41.18,,46.91
2009-03-13,1481.2,42.36,104.1106,46.22
2009-03-16,1435.0,43.74,,47.33
2009-03-17,1415.75,40.8,,48.97
2009-03-18,1409.0,40.06,,48.12
2009-03-19,1388.5,43.68,,51.46
2009-03-20,1396.5,45.89,101.0581,51.55
2009-03-23,1382.9,43.23,,53.05
2009-03-24,1378.9,42.93,,53.36
2009-03-25,1362.2,42.25,,52.24
2009-03-26,1334.8,40.36,,53.87
2009-03-27,1350.9,41.04,101.8388,52.41
2009-03-30,1391.9,45.54,,48.49
2009-03-31,1372.3,44.14,,49.64
2009-04-01,1378.25,42.28,,48.46
2009-04-02,1329.5,42.04,,52.61
2009-04-03,1335.5,39.7,100.6429,52.52
2009-04-06,1304.5,40.93,,51.1
2009-04-07,1317.5,40.39,,49.13
2009-04-08,1349.5,38.85,,49.37
2009-04-09,1316.0,36.53,,52.24
2009-04-10,1328.0,,100.7597,
2009-04-13,1328.9,37.81,,50.22
2009-04-14,1319.5,37.67,,49.51
2009-04-15,1333.0,36.17,,49.26
2009-04-16,1331.0,35.79,,49.97
2009-04-17,1327.0,33.94,100.5719,50.36
2009-04-20,1330.0,39.18,,45.82
2009-04-21,1349.0,37.14,,46.65
2009-04-22,1345.5,38.1,,47.41
2009-04-23,1343.0,37.15,,48.46
2009-04-24,1338.2,36.82,100.0244,50.65
2009-04-27,1338.4,38.32,,49.29
2009-04-28,1351.8,37.95,,49.01
2009-04-29,1335.7,36.08,,50.19
2009-04-30,1277.0,36.5,,50.35
2009-05-01,1277.0,35.3,100.0057,52.18
2009-05-04,1267.5,34.53,,54.45
2009-05-05,1267.5,33.36,,53.81
2009-05-06,1272.0,32.45,,56.29
2009-05-07,1257.3,33.44,,56.67
2009-05-08,1242.25,32.05,98.1269,58.58
2009-05-11,1232.9,32.87,,57.79
2009-05-12,1238.0,31.8,,58.81
2009-05-13,1239.0,33.65,,58.0
2009-05-14,1264.0,31.37,,58.58
2009-05-15,1252.0,33.12,98.1063,56.52
2009-05-18,1260.5,30.24,,58.99
2009-05-19,1244.5,28.8,,59.52
2009-05-20,1246.0,29.03,,61.45
2009-05-21,1245.0,31.35,,60.49
2009-05-22,1242.0,32.63,95.8788,61.15
2009-05-26,1264.25,30.62,,62.48
2009-05-27,1264.4,32.36,,63.41
2009-05-28,1261.8,31.67,,65.09
2009-05-29,1249.0,28.92,95.268,66.31
2009-06-01,1232.7,30.04,,68.59
2009-06-02,1234.2,29.63,,68.58
2009-06-03,1232.1,31.02,,66.14
2009-06-04,1246.25,30.18,,68.8
2009-06-05,1247.5,29.62,96.0412,68.43
2009-06-08,1247.4,29.77,,68.05
2009-06-09,1258.5,28.27,,70.02
2009-06-10,1253.5,28.46,,71.38
2009-06-11,1248.7,28.11,,72.69
2009-06-12,1246.0,28.15,95.836,72.13
2009-06-15,1257.0,30.81,,70.54
2009-06-16,1255.7,32.68,,70.47
2009-06-17,1269.0,31.54,,71.07
2009-06-18,1263.5,30.03,,71.42
2009-06-19,1264.2,27.99,96.0325,69.6
2009-06-22,1278.6,31.17,,67.09
2009-06-23,1281.7,30.58,,68.81
2009-06-24,1273.0,29.05,,68.14
2009-06-25,1285.1,26.36,,69.7
2009-06-26,1278.3,25.93,96.1935,69.16
2009-06-29,1278.0,25.35,,71.47
2009-06-30,1273.5,26.35,,69.82
2009-07-01,1256.9,26.22,,69.32
2009-07-02,1270.7,27.95,,66.68
2009-07-03,1265.7,,96.3216,
2009-07-06,1267.0,29.0,,64.06
2009-07-07,1268.7,30.85,,62.88
2009-07-08,1277.5,31.3,,60.15
2009-07-09,1277.7,29.78,,60.36
2009-07-10,1288.4,29.02,97.0819,59.93
2009-07-13,1309.0,26.31,,59.69
2009-07-14,1294.2,25.02,,59.62
2009-07-15,1270.6,25.89,,61.49
2009-07-16,1266.0,25.42,,62.07
2009-07-17,1254.5,24.34,95.6036,63.56
2009-07-20,1244.0,24.4,,63.93
2009-07-21,1245.5,23.87,,64.81
2009-07-22,1251.1,23.47,,64.58
2009-07-23,1244.8,23.43,,66.1
2009-07-24,1245.0,23.09,94.7046,66.96
2009-07-27,1242.4,24.28,,68.34
2009-07-28,1236.3,25.01,,67.24
2009-07-29,1243.8,25.61,,63.42
2009-07-30,1230.5,25.4,,66.9
2009-07-31,1222.2,25.92,94.2526,69.26
2009-08-03,1214.0,25.56,,71.59
2009-08-04,1219.9,24.89,,71.4
2009-08-05,1225.5,24.9,,71.97
2009-08-06,1225.0,25.67,,71.96
2009-08-07,1224.0,24.76,94.4692,70.97
2009-08-10,1227.6,24.99,,70.59
2009-08-11,1242.7,25.99,,69.46
2009-08-12,1242.0,25.45,,70.08
2009-08-13,1237.2,24.71,,70.57
2009-08-14,1239.5,24.27,94.475,67.51
2009-08-17,1258.5,27.89,,66.72
2009-08-18,1246.4,26.18,,69.22
2009-08-19,1251.4,26.26,,72.54
2009-08-20,1245.5,25.09,,72.4
2009-08-21,1242.5,25.01,94.0103,73.12
2009-08-24,1240.5,25.14,,73.68
2009-08-25,1247.8,24.92,,71.6
2009-08-26,1248.8,24.95,,71.38
2009-08-27,1247.3,24.68,,72.49
2009-08-28,1244.8,24.76,94.4489,72.72
2009-08-31,1248.0,26.01,,69.97
2009-09-01,1245.0,29.15,,68.11
2009-09-02,1246.2,28.9,,68.03
2009-09-03,1244.0,27.1,,67.9
2009-09-04,1237.3,25.26,94.5811,67.95
2009-09-08,1228.2,25.62,,71.08
2009-09-09,1220.5,24.32,,71.27
2009-09-10,1223.0,23.55,,71.95
2009-09-11,1221.0,24.15,93.3225,69.34
2009-09-14,1220.5,23.86,,68.86
2009-09-15,1217.4,23.42,,70.81
2009-09-16,1205.5,23.69,,72.5
2009-09-17,1206.0,23.65,,72.48
2009-09-18,1207.0,23.92,93.1233,71.95
2009-09-21,1202.35,24.06,,69.74
2009-09-22,1201.75,23.08,,71.5
2009-09-23,1194.0,23.49,,68.74
2009-09-24,1190.7,24.95,,65.74
2009-09-25,1184.25,25.61,93.5535,65.91
2009-09-28,1192.0,24.88,,66.69
2009-09-29,1187.5,25.19,,66.56
2009-09-30,1175.0,25.61,,70.46
2009-10-01,1173.35,28.27,,70.67
2009-10-02,1182.0,28.68,93.6756,69.8
2009-10-05,1165.25,26.84,,70.26
2009-10-06,1166.0,25.7,,70.71
2009-10-07,1167.0,24.68,,69.6
2009-10-08,1166.25,24.18,,71.69
2009-10-09,1164.3,23.12,92.2984,71.75
2009-10-12,,23.01,,73.24
2009-10-13,1166.0,22.99,,74.1
2009-10-14,1157.5,22.86,,75.2
2009-10-15,1158.0,21.72,,77.55
2009-10-16,1155.0,21.43,91.6541,78.54
2009-10-19,1166.0,21.49,,79.47
2009-10-20,1182.0,20.9,,78.87
2009-10-21,1179.9,22.22,,81.03
2009-10-22,1188.0,20.69,,80.82
2009-10-23,1189.0,22.27,91.7331,80.11
2009-10-26,1178.4,24.31,,78.61
2009-10-27,1190.0,24.83,,79.45
2009-10-28,1185.4,27.91,,77.39
2009-10-29,1187.2,24.76,,79.84
2009-10-30,1182.0,30.69,92.6207,77.04
2009-11-02,1181.0,29.78,,78.08
2009-11-03,1188.1,28.81,,79.58
2009-11-04,1172.7,27.72,,80.3
2009-11-05,1174.8,25.43,,79.64
2009-11-06,1167.6,24.19,92.3848,77.4
2009-11-09,1154.6,23.15,,79.44
2009-11-10,1161.1,22.84,,79.01
2009-11-11,,23.04,,79.16
2009-11-12,1160.5,24.24,,77.25
2009-11-13,1156.3,23.36,91.5754,76.34
2009-11-16,1152.0,22.89,,78.91
2009-11-17,1155.0,22.41,,79.08
2009-11-18,1153.5,21.63,,79.55
2009-11-19,1161.5,22.63,,77.47
2009-11-20,1157.9,22.19,91.9906,76.83
2009-11-23,1152.0,21.16,,76.49
2009-11-24,1154.5,20.47,,74.88
2009-11-25,1153.0,20.48,,77.25
2009-11-27,1173.4,24.85,91.5272,75.95
2009-11-30,1164.4,24.51,,77.19
2009-12-01,1154.0,21.92,,78.39
2009-12-02,1149.0,21.12,,76.62
2009-12-03,1150.0,22.46,,76.42
2009-12-04,1151.0,21.25,91.3806,75.41
2009-12-07,1152.45,22.1,,73.89
2009-12-08,1151.22,23.69,,72.59
2009-12-09,1160.0,22.66,,70.67
2009-12-10,1165.0,22.32,,70.54
2009-12-11,1162.5,21.59,92.2946,69.86
2009-12-14,1156.0,21.15,,69.48
2009-12-15,1156.5,21.49,,70.62
2009-12-16,1160.3,20.54,,72.64
2009-12-17,1172.9,22.51,,72.58
2009-12-18,1171.2,21.68,93.1632,73.3
2009-12-21,1185.4,20.49,,72.71
2009-12-22,1179.0,19.54,,73.48
2009-12-23,1182.0,19.71,,76.03
2009-12-24,1173.07,19.47,,76.83
2009-12-25,,,92.8694,
2009-12-28,1168.0,19.93,,78.67
2009-12-29,1166.0,20.01,,78.87
2009-12-30,1163.65,19.96,,79.35
2009-12-31,1163.65,21.68,,79.39
2010-01-01,,,92.9124,
2010-01-04,1149.0,20.04,,81.52
2010-01-05,1138.2,19.35,,81.74
2010-01-06,1130.0,19.16,,83.12
2010-01-07,1135.0,19.06,,82.6
2010-01-08,1127.75,18.13,92.1485,82.74
2010-01-11,1120.0,17.55,,82.54
2010-01-12,1120.25,18.25,,80.79
2010-01-13,1122.0,17.85,,79.66
2010-01-14,1122.5,17.63,,79.35
2010-01-15,1123.0,17.91,91.7668,77.96
2010-01-19,1129.3,17.58,,78.98
2010-01-20,1133.5,18.68,,77.42
2010-01-21,1141.0,22.27,,75.84
2010-01-22,1153.0,27.31,92.943,74.25
2010-01-25,1146.0,25.41,,74.9
2010-01-26,1163.1,24.55,,74.67
2010-01-27,1162.0,23.14,,73.64
2010-01-28,1151.4,23.73,,73.62
2010-01-29,1158.7,24.62,93.7638,72.85
2010-02-01,1165.75,22.59,,74.41
2010-02-02,1158.95,21.48,,77.21
2010-02-03,1148.1,21.6,,76.96
2010-02-04,1145.9,26.08,,73.13
2010-02-05,1168.95,26.11,94.6218,71.15
2010-02-08,1170.0,26.51,,71.87
2010-02-09,1158.0,26.0,,73.71
2010-02-10,1161.0,25.4,,74.48
2010-02-11,1156.2,23.96,,75.23
2010-02-12,1151.0,22.73,93.9976,74.11
2010-02-16,1147.0,22.25,,76.98
2010-02-17,1144.0,21.72,,77.27
2010-02-18,1144.2,20.63,,78.97
2010-02-19,1153.0,20.02,93.9569,79.77
2010-02-22,1149.2,19.94,,80.04
2010-02-23,1155.0,21.37,,78.61
2010-02-24,1156.0,20.27,,79.75
2010-02-25,1166.2,20.1,,77.99
2010-02-26,1159.0,19.5,93.6602,79.72
2010-03-01,1153.0,19.26,,78.71
2010-03-02,1147.0,19.06,,79.62
2010-03-03,1141.0,18.83,,80.91
2010-03-04,1145.5,18.72,,80.21
2010-03-05,1139.5,17.42,93.2623,81.5
2010-03-08,1131.5,17.79,,81.85
2010-03-09,1135.15,17.92,,81.5
2010-03-10,1128.1,18.57,,82.07
2010-03-11,1133.43,18.06,,82.1
2010-03-12,1128.33,17.58,92.6616,81.26
2010-03-15,1134.5,18.0,,79.79
2010-03-16,1133.0,17.69,,81.75
2010-03-17,1128.0,16.91,,82.93
2010-03-18,1131.5,16.62,,82.16
2010-03-19,1133.58,16.97,93.0407,80.58
2010-03-22,1135.5,16.87,,81.26
2010-03-23,1136.8,16.35,,81.68
2010-03-24,1137.0,17.55,,80.29
2010-03-25,1142.3,18.4,,80.25
2010-03-26,1138.0,17.77,93.6873,79.75
2010-03-29,1135.0,17.59,,81.92
2010-03-30,1131.0,17.13,,82.14
2010-03-31,1131.2,17.59,,83.45
2010-04-01,1126.3,17.47,,84.53
2010-04-02,1125.9,,92.9057,
2010-04-05,1122.8,17.02,,86.36
2010-04-06,1123.9,16.23,,86.54
2010-04-07,1120.0,16.62,,85.64
2010-04-08,1123.0,16.48,,85.17
2010-04-09,1117.0,16.14,92.4772,84.6
2010-04-12,1114.0,15.58,,84.07
2010-04-13,1123.7,16.2,,83.8
2010-04-14,1111.5,15.59,,85.62
2010-04-15,1107.0,15.89,,85.25
2010-04-16,1110.0,18.36,92.5253,82.97
2010-04-19,1118.1,17.34,,81.52
2010-04-20,1117.8,15.73,,82.98
2010-04-21,1107.6,16.32,,82.78
2010-04-22,1108.2,16.47,,82.89
2010-04-23,1108.5,16.62,92.6622,84.34
2010-04-26,1104.0,17.47,,84.2
2010-04-27,1110.0,22.81,,82.43
2010-04-28,1118.0,21.08,,83.22
2010-04-29,1114.8,18.44,,85.17
2010-04-30,1108.0,22.05,92.8423,86.07
2010-05-03,1118.4,20.19,,86.19
2010-05-04,1115.0,23.84,,82.73
2010-05-05,1115.0,24.91,,80.0
2010-05-06,1140.9,32.8,,77.18
2010-05-07,1155.3,40.95,95.2952,75.1
2010-05-10,1131.8,28.84,,76.89
2010-05-11,1133.75,28.32,,76.37
2010-05-12,1144.02,25.52,,75.65
2010-05-13,1129.2,26.68,,74.38
2010-05-14,1130.0,31.24,95.3746,71.61
2010-05-17,1152.75,30.84,,70.08
2010-05-18,1146.0,33.55,,69.38
2010-05-19,1163.9,35.32,,69.91
2010-05-20,1193.5,45.79,,68.28
2010-05-21,1193.0,40.1,96.2911,68.03
2010-05-24,1213.65,38.32,,68.23
2010-05-25,1250.0,34.61,,64.78
2010-05-26,1253.2,35.02,,71.52
2010-05-27,1222.95,29.68,,74.56
2010-05-28,1194.5,32.07,96.3062,74.0
2010-06-01,1216.0,35.54,,72.7
2010-06-02,1216.5,30.17,,72.88
2010-06-03,1198.5,29.46,,74.62
2010-06-04,1201.5,35.48,97.1688,71.43
2010-06-07,1235.61,36.57,,71.55
2010-06-08,1233.99,33.7,,71.88
2010-06-09,1247.3,33.73,,74.38
2010-06-10,1250.4,30.57,,75.48
2010-06-11,1245.9,28.79,96.5616,73.89
2010-06-14,1221.2,28.58,,74.99
2010-06-15,1229.0,25.87,,76.84
2010-06-16,1211.0,25.92,,77.67
2010-06-17,1212.8,25.05,,76.82
2010-06-18,1202.55,23.95,95.2981,77.18
2010-06-21,1173.6,24.88,,77.84
2010-06-22,1182.95,27.05,,77.15
2010-06-23,1187.1,26.91,,75.9
2010-06-24,1188.9,29.74,,75.96
2010-06-25,1215.1,28.53,95.4582,78.45
2010-06-28,1202.85,29.0,,78.26
2010-06-29,1216.85,34.13,,75.93
2010-06-30,1220.85,34.54,,75.59
2010-07-01,1227.0,32.86,,72.95
2010-07-02,1228.5,30.12,95.6345,72.06
2010-07-06,1222.0,29.65,,71.96
2010-07-07,1221.55,26.84,,74.05
2010-07-08,1209.4,25.71,,75.46
2010-07-09,1197.5,24.98,94.683,76.08
2010-07-12,1203.35,24.43,,74.93
2010-07-13,1212.5,24.56,,77.16
2010-07-14,1201.55,24.89,,77.02
2010-07-15,1201.5,25.14,,76.67
2010-07-16,1202.5,26.25,94.5061,75.96
2010-07-19,1216.0,25.97,,76.53
2010-07-20,1206.4,23.93,,77.32
2010-07-21,1203.5,25.64,,76.27
2010-07-22,1202.95,24.63,,79.01
2010-07-23,1198.5,23.47,94.1431,78.68
2010-07-26,1191.0,22.73,,78.93
2010-07-27,1181.95,23.19,,77.46
2010-07-28,1185.0,24.25,,77.06
2010-07-29,1185.35,24.13,,78.3
2010-07-30,1182.0,23.5,93.2793,78.85
2010-08-02,1172.5,22.01,,81.25
2010-08-03,1167.2,22.63,,82.52
2010-08-04,1167.25,22.21,,82.49
2010-08-05,1166.0,22.1,,82.0
2010-08-06,1161.0,21.74,92.5915,80.67
2010-08-09,1160.0,22.14,,81.46
2010-08-10,1168.6,22.37,,80.24
2010-08-11,1182.0,25.39,,78.09
2010-08-12,1185.9,25.73,,75.68
2010-08-13,1183.7,26.24,94.0457,75.39
2010-08-16,1186.9,26.1,,75.17
2010-08-17,1176.0,24.33,,75.76
2010-08-18,1174.0,24.59,,75.39
2010-08-19,1172.15,26.44,,74.45
2010-08-20,1183.2,25.49,94.2087,73.45
2010-08-23,1181.6,25.66,,72.71
2010-08-24,1191.0,27.46,,71.24
2010-08-25,1196.15,26.7,,72.07
2010-08-26,1190.1,27.37,,73.36
2010-08-27,1195.1,24.45,94.3462,75.17
2010-08-30,1191.0,27.21,,74.69
2010-08-31,1198.0,26.05,,71.93
2010-09-01,1184.0,23.89,,73.97
2010-09-02,1178.0,23.19,,74.99
2010-09-03,1173.0,21.31,93.6952,74.52
2010-09-07,1177.0,23.8,,73.98
2010-09-08,1171.5,23.25,,74.65
2010-09-09,1166.75,22.81,,74.25
2010-09-10,1164.85,21.99,93.6768,76.4
2010-09-13,1159.0,21.21,,77.17
2010-09-14,1159.5,21.56,,76.78
2010-09-15,1158.0,22.1,,75.92
2010-09-16,1161.0,21.72,,74.58
2010-09-17,1160.0,22.01,92.9418,73.63
2010-09-20,1160.5,21.5,,74.81
2010-09-21,1160.0,22.35,,72.96
2010-09-22,1150.0,22.51,,72.98
2010-09-23,1150.65,23.87,,73.4
2010-09-24,1154.2,21.71,91.5996,74.63
2010-09-27,1146.0,22.54,,76.51
2010-09-28,1145.5,22.6,,76.15
2010-09-29,1139.0,23.25,,77.85
2010-09-30,1140.1,23.7,,79.95
2010-10-01,1130.25,22.5,90.836,81.57
2010-10-04,1122.25,23.53,,81.43
2010-10-05,1129.85,21.76,,82.83
2010-10-06,1117.4,21.49,,83.21
2010-10-07,1114.0,21.56,,81.34
2010-10-08,1120.7,20.71,90.1133,82.66
2010-10-11,,18.96,,82.18
2010-10-12,1130.15,18.93,,81.67
2010-10-13,1119.0,19.07,,83.03
2010-10-14,1110.4,19.88,,82.71
2010-10-15,1109.6,19.03,89.6815,81.23
2010-10-18,1115.0,19.09,,83.06
2010-10-19,1126.7,20.63,,79.57
2010-10-20,1124.9,19.79,,81.93
2010-10-21,1128.4,19.27,,80.03
2010-10-22,1125.6,18.78,90.4063,81.15
2010-10-25,1115.6,19.85,,82.0
2010-10-26,1122.0,20.22,,82.6
2010-10-27,1130.0,20.71,,81.9
2010-10-28,1123.0,20.88,,82.2
2010-10-29,1124.0,21.2,90.0935,81.45
2010-11-01,1116.73,21.83,,82.94
2010-11-02,1111.0,21.57,,83.91
2010-11-03,1109.8,19.56,,84.45
2010-11-04,1106.53,18.52,,86.49
2010-11-05,1107.7,18.26,89.2441,86.85
2010-11-08,1114.0,18.29,,87.07
2010-11-09,1111.4,19.08,,87.04
2010-11-10,1109.6,18.47,,87.77
2010-11-11,,18.64,,87.77
2010-11-12,1127.2,20.61,90.1701,84.89
2010-11-15,1134.7,20.2,,84.88
2010-11-16,1129.8,22.58,,82.33
2010-11-17,1143.75,21.76,,80.43
2010-11-18,1129.9,18.75,,81.88
2010-11-19,1131.15,18.04,90.6986,81.65
2010-11-22,1126.0,18.37,,81.24
2010-11-23,1162.0,20.63,,80.79
2010-11-24,1146.0,19.56,,83.21
2010-11-26,1153.95,22.22,91.8152,83.87
2010-11-29,1164.05,21.53,,85.73
2010-11-30,1157.2,23.54,,84.12
2010-12-01,1149.0,21.36,,86.75
2010-12-02,1148.0,19.39,,87.98
2010-12-03,1136.5,18.01,90.8788,89.18
2010-12-06,1136.7,18.02,,89.33
2010-12-07,1130.0,17.99,,88.69
2010-12-08,1142.5,17.74,,88.3
2010-12-09,1140.0,17.25,,88.35
2010-12-10,1143.0,17.61,91.2831,87.81
2010-12-13,1144.9,17.55,,88.62
2010-12-14,1139.0,17.61,,88.33
2010-12-15,1154.95,17.94,,88.66
2010-12-16,1155.0,17.39,,87.71
2010-12-17,1155.05,16.11,91.5555,88.02
2010-12-20,1154.1,16.41,,88.68
2010-12-21,1155.15,16.49,,89.3
2010-12-22,1153.9,15.45,,89.83
2010-12-23,1151.9,16.47,,90.84
2010-12-24,,,91.3013,
2010-12-27,1148.9,17.67,,90.99
2010-12-28,1143.0,17.52,,91.48
2010-12-29,1143.0,17.28,,91.13
2010-12-30,1130.6,17.52,,89.85
2010-12-31,,17.75,90.5146,91.38
2011-01-03,1124.3,17.61,,91.59
2011-01-04,1124.2,17.38,,89.39
2011-01-05,1127.3,17.02,,90.3
2011-01-06,1121.0,17.4,,88.37
2011-01-07,1120.2,17.14,91.0001,88.07
2011-01-10,1128.1,17.54,,89.24
2011-01-11,1124.0,16.89,,91.11
2011-01-12,1111.6,16.24,,91.85
2011-01-13,1111.2,16.39,,91.39
2011-01-14,1114.55,15.46,90.0461,91.53
2011-01-18,1111.0,15.87,,91.38
2011-01-19,1113.2,17.31,,90.85
2011-01-20,1124.1,17.99,,88.56
2011-01-21,1118.0,18.47,89.7204,88.22
2011-01-24,1118.0,17.65,,86.74
2011-01-25,1121.6,17.59,,85.08
2011-01-26,1116.0,16.64,,86.15
2011-01-27,1114.3,16.15,,84.45
2011-01-28,1115.6,20.04,89.8189,88.15
2011-01-31,1119.1,19.53,,90.99
2011-02-01,1113.6,17.63,,89.54
2011-02-02,1113.6,17.3,,89.78
2011-02-03,1113.6,16.69,,89.42
2011-02-04,1113.6,15.93,89.391,87.87
2011-02-07,1103.6,16.28,,86.3
2011-02-08,1100.9,15.81,,85.85
2011-02-09,1107.4,15.87,,85.59
2011-02-10,1120.9,16.09,,85.44
2011-02-11,1126.3,15.69,89.8784,84.39
2011-02-14,1125.9,15.95,,83.66
2011-02-15,1121.3,16.37,,83.13
2011-02-16,1115.3,16.72,,83.8
2011-02-17,1114.5,16.59,,85.05
2011-02-18,1111.0,16.43,89.1974,85.03
2011-02-22,1125.35,20.8,,92.65
2011-02-23,1125.2,22.13,,96.04
2011-02-24,1130.55,21.32,,95.83
2011-02-25,1125.0,19.22,89.1664,96.52
2011-02-28,1123.7,18.35,,97.1
2011-03-01,1123.5,21.01,,99.63
2011-03-02,1121.0,20.7,,102.27
2011-03-03,1115.4,18.6,,101.92
2011-03-04,1117.5,19.06,88.4898,104.34
2011-03-07,1115.35,20.66,,105.37
2011-03-08,1115.0,19.82,,105.06
2011-03-09,1114.45,20.22,,104.39
2011-03-10,1123.7,21.88,,102.73
2011-03-11,1126.0,20.08,88.691,101.14
2011-03-14,1127.0,21.13,,101.2
2011-03-15,1135.6,24.32,,97.23
2011-03-16,1132.6,29.4,,97.99
2011-03-17,1133.1,26.37,,101.47
2011-03-18,1126.0,24.44,88.5221,101.06
2011-03-21,1121.5,20.61,,102.36
2011-03-22,1120.6,20.21,,104.53
2011-03-23,1124.1,19.17,,105.21
2011-03-24,1118.6,18.0,,105.04
2011-03-25,1110.7,17.91,88.1716,104.89
2011-03-28,1111.5,19.44,,103.54
2011-03-29,1112.2,18.16,,104.34
2011-03-30,1100.5,17.71,,103.8
2011-03-31,1097.25,17.74,,106.19
2011-04-01,1086.7,17.4,87.7993,107.55
2011-04-04,1086.45,17.5,,108.14
2011-04-05,1086.5,17.25,,107.82
2011-04-06,1084.0,16.9,,108.38
2011-04-07,1088.6,17.11,,109.82
2011-04-08,1082.0,17.87,87.1493,112.27
2011-04-11,1085.5,16.59,,109.5
2011-04-12,1091.8,17.09,,105.75
2011-04-13,1086.3,16.92,,106.6
2011-04-14,1086.55,16.27,,107.73
2011-04-15,1087.0,15.32,87.005,109.17
2011-04-18,1088.0,16.96,,106.7
2011-04-19,1085.7,15.83,,107.18
2011-04-20,1076.5,15.07,,110.84
2011-04-21,1079.5,14.69,,111.72
2011-04-22,1080.8,,86.3742,
2011-04-25,1081.1,15.77,,111.68
2011-04-26,1083.6,15.62,,111.72
2011-04-27,1078.8,15.35,,112.31
2011-04-28,1072.9,14.62,,112.38
2011-04-29,1068.4,14.75,85.5999,113.39
2011-05-02,1065.5,15.99,,113.03
2011-05-03,1071.3,16.7,,110.6
2011-05-04,1076.3,17.08,,108.79
2011-05-05,1081.3,18.2,,99.89
2011-05-06,1085.1,18.4,86.4575,96.87
2011-05-09,1081.0,17.16,,100.32
2011-05-10,1082.2,15.91,,103.39
2011-05-11,1076.0,16.95,,97.88
2011-05-12,1088.0,16.03,,98.53
2011-05-13,1086.8,17.07,87.4176,99.21
2011-05-16,1091.7,18.24,,96.91
2011-05-17,1088.3,17.55,,96.4
2011-05-18,1087.6,16.23,,99.52
2011-05-19,1086.0,15.52,,97.99
2011-05-20,1082.7,17.43,87.3044,99.15
2011-05-23,1097.8,18.27,,97.06
2011-05-24,1093.2,17.82,,99.13
2011-05-25,1101.6,17.07,,100.78
2011-05-26,1089.0,16.09,,100.18
2011-05-27,1082.2,15.98,86.9525,100.58
2011-05-31,1078.0,15.45,,102.7
2011-06-01,1076.2,18.3,,100.3
2011-06-02,1081.4,18.09,,100.41
2011-06-03,1077.0,17.95,86.4234,100.28
2011-06-06,1078.55,18.49,,99.07
2011-06-07,1081.8,18.07,,99.18
2011-06-08,1080.0,18.79,,100.77
2011-06-09,1082.8,17.77,,101.95
2011-06-10,1084.0,18.86,87.042,99.3
2011-06-13,1085.2,19.61,,97.2
2011-06-14,1082.4,18.26,,99.37
2011-06-15,1083.0,21.32,,94.83
2011-06-16,1091.15,22.73,,94.95
2011-06-17,1085.8,21.85,87.2179,93.02
2011-06-20,1082.25,19.99,,93.23
2011-06-21,1078.45,18.86,,93.7
2011-06-22,1073.85,18.52,,94.96
2011-06-23,1082.85,19.29,,90.7
2011-06-24,1078.7,21.1,87.5014,90.89
2011-06-27,1084.95,20.56,,90.65
2011-06-28,1080.3,19.17,,92.9
2011-06-29,1073.0,17.27,,94.85
2011-06-30,1066.3,16.52,,95.3
2011-07-01,1065.05,15.87,86.3613,94.81
2011-07-05,1065.0,16.06,,96.92
2011-07-06,1066.5,16.34,,96.67
2011-07-07,1063.9,15.95,,98.7
2011-07-08,1056.9,15.95,86.615,96.2
2011-07-11,1057.6,18.39,,95.16
2011-07-12,1064.05,19.87,,97.41
2011-07-13,1055.1,19.91,,98.04
2011-07-14,1055.55,20.8,,95.75
2011-07-15,1058.0,19.53,86.5169,97.24
2011-07-18,1061.85,20.95,,95.94
2011-07-19,1059.6,19.21,,97.49
2011-07-20,1053.95,19.09,,98.11
2011-07-21,1054.5,17.56,,98.96
2011-07-22,1050.25,17.52,85.8623,99.53
2011-07-25,1053.45,19.35,,98.97
2011-07-26,1049.2,20.23,,99.61
2011-07-27,1052.5,22.98,,97.4
2011-07-28,1051.55,23.74,,97.48
2011-07-29,1054.0,25.25,85.7282,95.68
2011-08-01,1051.3,23.66,,94.98
2011-08-02,1052.4,24.79,,93.78
2011-08-03,1058.85,23.38,,91.87
2011-08-04,1061.5,31.66,,86.75
2011-08-05,1067.2,32.0,87.1084,86.89
2011-08-08,1082.9,48.0,,81.27
2011-08-09,1087.45,35.06,,79.32
2011-08-10,1080.1,42.99,,83.05
2011-08-11,1078.2,39.0,,85.48
2011-08-12,1078.9,36.36,87.177,85.19
2011-08-15,1078.8,31.87,,87.88
2011-08-16,1068.05,32.85,,86.65
2011-08-17,1068.55,31.58,,87.58
2011-08-18,1076.75,42.67,,82.38
2011-08-19,1087.2,43.05,86.8286,82.33
2011-08-22,1083.15,42.44,,84.42
2011-08-23,1077.2,36.27,,85.35
2011-08-24,1083.65,35.9,,84.99
2011-08-25,1088.25,39.76,,85.15
2011-08-26,1079.5,35.59,87.0751,85.37
2011-08-29,1073.45,32.28,,87.27
2011-08-30,1072.15,32.89,,88.9
2011-08-31,1063.9,31.62,,88.81
2011-09-01,1061.4,31.82,,88.93
2011-09-02,1064.85,33.92,87.1797,86.45
2011-09-06,1076.9,37.0,,85.99
2011-09-07,1070.65,33.38,,89.34
2011-09-08,1075.3,34.32,,89.05
2011-09-09,1077.1,38.52,88.9514,87.24
2011-09-12,1076.75,38.59,,88.19
2011-09-13,1076.75,36.91,,90.21
2011-09-14,1107.45,34.6,,88.91
2011-09-15,1113.25,31.97,,89.4
2011-09-16,1112.4,30.98,89.1108,87.96
2011-09-19,1139.4,32.73,,85.7
2011-09-20,1140.0,32.86,,86.92
2011-09-21,1152.4,37.32,,85.77
2011-09-22,1179.7,41.35,,80.29
2011-09-23,1164.9,41.25,91.6904,79.58
2011-09-26,1181.0,39.02,,79.97
2011-09-27,1164.5,37.71,,84.18
2011-09-28,1171.9,41.08,,80.94
2011-09-29,1172.6,38.84,,81.87
2011-09-30,1180.9,42.96,91.9998,78.93
2011-10-03,1180.0,45.45,,77.34
2011-10-04,1197.5,40.82,,75.4
2011-10-05,1186.5,37.81,,79.41
2011-10-06,1184.0,36.27,,82.32
2011-10-07,1170.5,36.2,91.2469,82.7
2011-10-10,,33.02,,85.14
2011-10-11,1171.15,32.86,,85.54
2011-10-12,1164.5,31.26,,85.3
2011-10-13,1157.75,30.7,,83.96
2011-10-14,1156.0,28.24,90.2116,86.8
2011-10-17,1148.35,33.39,,86.38
2011-10-18,1149.5,31.56,,88.34
2011-10-19,1133.5,34.44,,86.11
2011-10-20,1147.0,34.78,,86.07
2011-10-21,1147.2,31.32,90.279,87.19
2011-10-24,1133.2,29.26,,91.12
2011-10-25,1131.25,32.22,,92.98
2011-10-26,1134.65,29.86,,90.2
2011-10-27,1106.6,25.46,,93.96
2011-10-28,1102.5,24.53,88.6382,93.32
2011-10-31,1112.05,29.96,,93.19
2011-11-01,1122.05,34.77,,92.19
2011-11-02,1120.65,32.74,,92.51
2011-11-03,1127.4,30.5,,94.07
2011-11-04,1110.6,30.16,90.3154,94.26
2011-11-07,1117.3,29.85,,95.52
2011-11-08,1118.1,27.48,,96.8
2011-11-09,1118.85,36.16,,95.74
2011-11-10,1131.85,32.81,,97.78
2011-11-11,,30.04,90.8588,98.99
2011-11-14,1126.05,31.13,,98.14
2011-11-15,1128.5,31.22,,99.37
2011-11-16,1134.15,33.51,,102.59
2011-11-17,1132.15,34.51,,98.82
2011-11-18,1138.5,32.0,91.3676,97.67
2011-11-21,1143.0,32.91,,96.73
2011-11-22,1146.65,31.97,,97.76
2011-11-23,1159.7,33.98,,96.16
2011-11-25,1162.0,34.47,93.1455,96.91
2011-11-28,1152.5,32.13,,98.21
2011-11-29,1139.5,30.64,,99.79
2011-11-30,1140.05,27.8,,100.36
2011-12-01,1126.55,27.41,,100.2
2011-12-02,1128.0,27.52,91.3532,100.97
2011-12-05,1124.5,27.84,,100.94
2011-12-06,1128.5,28.13,,101.25
2011-12-07,1129.05,28.67,,100.45
2011-12-08,1133.55,30.59,,98.35
2011-12-09,1146.6,26.38,91.6122,99.4
2011-12-12,1149.2,25.67,,97.77
2011-12-13,1157.0,25.41,,100.24
2011-12-14,1158.3,26.04,,94.92
2011-12-15,1156.95,25.11,,93.84
2011-12-16,1158.5,24.29,92.8252,93.55
2011-12-19,1175.5,24.92,,93.86
2011-12-20,1157.0,23.22,,97.16
2011-12-21,1150.8,21.43,,98.54
2011-12-22,1154.0,21.16,,99.42
2011-12-23,1149.0,20.73,92.3897,99.72
2011-12-27,1155.65,21.91,,101.29
2011-12-28,1157.0,23.52,,99.44
2011-12-29,1156.5,22.65,,99.68
2011-12-30,1158.5,23.4,92.4262,98.83
2012-01-03,1143.7,22.97,,102.96
2012-01-04,1147.35,22.22,,103.22
2012-01-05,1155.55,21.48,,101.81
2012-01-06,1160.0,20.63,92.7183,101.56
2012-01-09,1158.8,21.07,,101.31
2012-01-10,1153.55,20.69,,102.24
2012-01-11,1159.55,21.05,,100.89
2012-01-12,1151.25,20.47,,99.03
2012-01-13,1150.35,20.91,92.5385,98.69
2012-01-17,1142.85,22.2,,100.7
2012-01-18,1139.0,20.89,,100.61
2012-01-19,1133.6,19.87,,100.32
2012-01-20,1133.0,18.28,91.3661,98.15
2012-01-23,1125.4,18.67,,99.47
2012-01-24,1129.25,18.91,,98.84
2012-01-25,1129.05,18.31,,99.23
2012-01-26,1120.1,18.57,,99.76
2012-01-27,1120.5,18.53,90.2559,99.47
2012-01-30,1128.0,19.4,,98.75
2012-01-31,1125.7,19.44,,98.46
2012-02-01,1126.35,18.55,,97.63
2012-02-02,1115.65,17.98,,96.36
2012-02-03,1116.0,17.1,89.8491,97.8
2012-02-06,1121.0,17.76,,96.89
2012-02-07,1117.0,17.65,,98.55
2012-02-08,1116.4,18.16,,98.8
2012-02-09,1118.55,18.63,,99.88
2012-02-10,1123.0,20.79,90.1024,98.68
2012-02-13,1119.95,19.04,,100.39
2012-02-14,1126.55,19.54,,100.82
2012-02-15,1124.65,21.14,,101.82
2012-02-16,1128.65,19.22,,102.33
2012-02-17,1126.25,17.78,90.23,103.27
2012-02-21,1124.25,18.19,,105.88
2012-02-22,1126.45,18.19,,105.99
2012-02-23,1128.9,16.8,,107.44
2012-02-24,1124.0,17.31,89.9104,109.39
2012-02-27,1127.25,18.19,,108.49
2012-02-28,1125.85,17.96,,106.59
2012-02-29,1117.1,18.43,,107.08
2012-03-01,1116.0,17.26,,108.76
2012-03-02,1116.5,17.29,90.135,106.68
2012-03-05,1116.0,18.05,,106.7
2012-03-06,1122.64,20.87,,104.71
2012-03-07,1123.7,19.07,,106.16
2012-03-08,1117.2,17.95,,106.65
2012-03-09,1116.0,17.11,90.4341,107.4
2012-03-12,1124.15,15.64,,106.34
2012-03-13,1123.45,14.8,,106.7
2012-03-14,1126.1,15.31,,105.49
2012-03-15,1124.85,15.42,,105.19
2012-03-16,1125.7,14.47,90.5245,107.03
2012-03-19,1120.35,15.04,,108.09
2012-03-20,1128.05,15.58,,105.68
2012-03-21,1130.25,15.13,,106.87
2012-03-22,1134.6,15.57,,104.98
2012-03-23,1135.0,14.82,90.6156,106.43
2012-03-26,1133.35,14.26,,107.07
2012-03-27,1134.4,15.59,,107.32
2012-03-28,1136.3,15.47,,105.4
2012-03-29,1139.75,15.48,,102.79
2012-03-30,1131.4,15.5,90.4593,103.03
2012-04-02,1125.75,15.64,,105.25
2012-04-03,1122.35,15.66,,104.02
2012-04-04,1131.25,16.44,,101.53
2012-04-05,1129.5,16.7,,103.29
2012-04-06,1131.75,,90.9375,
2012-04-09,1138.1,18.81,,102.45
2012-04-10,1139.5,20.39,,101.12
2012-04-11,1143.35,20.02,,102.66
2012-04-12,1137.4,17.2,,103.69
2012-04-13,1134.2,19.55,91.0558,102.84
2012-04-16,1138.0,19.55,,102.92
2012-04-17,1134.75,18.46,,104.23
2012-04-18,1139.35,18.64,,102.65
2012-04-19,1138.2,18.36,,102.38
2012-04-20,1138.1,17.44,90.8066,103.58
2012-04-23,1142.5,18.97,,102.68
2012-04-24,1138.4,18.1,,103.1
2012-04-25,1139.0,16.82,,103.72
2012-04-26,1133.0,16.24,,104.56
2012-04-27,1131.0,16.32,90.3269,104.86
2012-04-30,1130.05,17.15,,104.89
2012-05-01,1128.35,16.6,,106.17
2012-05-02,1129.1,16.88,,105.25
2012-05-03,1130.4,17.56,,102.56
2012-05-04,1134.25,19.16,91.0497,98.49
2012-05-07,1138.0,18.94,,97.86
2012-05-08,1138.46,19.05,,97.13
2012-05-09,1143.95,20.08,,96.8
2012-05-10,1142.15,18.83,,97.1
2012-05-11,1146.15,19.89,91.7306,96.03
2012-05-14,1153.5,21.87,,94.75
2012-05-15,1156.1,21.97,,93.97
2012-05-16,1166.25,22.27,,92.78
2012-05-17,1165.75,24.49,,92.53
2012-05-18,1170.0,25.1,93.1395,91.51
2012-05-21,1167.0,22.01,,92.57
2012-05-22,1165.0,22.48,,91.44
2012-05-23,1174.85,22.33,,89.4
2012-05-24,1176.72,21.54,,90.36
2012-05-25,1185.0,21.76,93.9488,90.64
2012-05-29,1175.82,21.03,,90.75
2012-05-30,1180.41,24.14,,87.79
2012-05-31,1180.0,24.06,,86.52
2012-06-01,1182.0,26.66,94.6979,83.17
2012-06-04,1178.99,26.12,,83.95
2012-06-05,1177.08,24.68,,84.31
2012-06-06,1173.89,22.16,,85.05
2012-06-07,1162.75,21.72,,84.78
2012-06-08,1173.59,21.23,94.2024,84.08
2012-06-11,1171.0,23.56,,82.58
2012-06-12,1168.5,22.09,,83.35
2012-06-13,1166.23,24.27,,82.56
2012-06-14,1163.78,21.68,,83.83
2012-06-15,1164.25,21.11,93.5203,84.03
2012-06-18,1157.0,18.32,,83.26
2012-06-19,1153.0,18.38,,83.99
2012-06-20,1151.37,17.24,,81.06
2012-06-21,1153.75,20.08,,77.91
2012-06-22,1158.34,18.11,93.9205,79.33
2012-06-25,1163.25,20.38,,78.76
2012-06-26,1157.6,19.72,,79.34
2012-06-27,1156.01,19.45,,80.27
2012-06-28,1157.61,19.71,,77.72
2012-06-29,1141.17,17.08,92.9096,85.04
2012-07-02,1143.4,16.8,,83.72
2012-07-03,1133.0,16.66,,87.74
2012-07-05,1133.54,17.5,,87.11
2012-07-06,1140.3,17.1,93.7087,84.37
2012-07-09,1141.88,17.98,,85.93
2012-07-10,1140.63,18.72,,83.92
2012-07-11,1140.5,17.95,,85.88
2012-07-12,1154.04,18.33,,86.02
2012-07-13,1147.53,16.74,93.5515,87.15
2012-07-16,1146.18,17.11,,88.41
2012-07-17,1144.83,16.48,,89.07
2012-07-18,1141.34,16.16,,89.88
2012-07-19,1138.3,15.45,,92.78
2012-07-20,1142.0,16.27,93.3653,91.56
2012-07-23,1151.03,18.62,,87.77
2012-07-24,1148.78,20.47,,88.28
2012-07-25,1148.89,19.34,,88.8
2012-07-26,1146.17,17.53,,89.4
2012-07-27,1138.01,16.7,92.9333,90.13
2012-07-30,1137.22,18.03,,89.8
2012-07-31,1130.27,18.93,,88.08
2012-08-01,1126.56,18.96,,88.99
2012-08-02,1131.58,17.57,,87.22
2012-08-03,1134.25,15.64,92.6048,91.4
2012-08-06,1127.93,15.95,,92.3
2012-08-07,1128.7,15.99,,93.68
2012-08-08,1129.77,15.32,,93.39
2012-08-09,1126.0,15.28,,93.39
2012-08-10,1130.75,14.74,92.5129,92.94
2012-08-13,1128.73,13.7,,92.76
2012-08-14,1130.24,14.85,,93.4
2012-08-15,1130.08,14.63,,94.35
2012-08-16,1133.19,14.29,,95.66
2012-08-17,1134.72,13.45,92.711,96.0
2012-08-20,1134.93,14.02,,96.03
2012-08-21,1130.37,15.02,,96.55
2012-08-22,1135.56,15.11,,96.89
2012-08-23,1131.35,15.96,,95.87
2012-08-24,1134.15,15.18,92.2785,95.78
2012-08-27,1134.49,16.35,,95.54
2012-08-28,1134.45,16.49,,96.3
2012-08-29,1134.97,17.06,,95.5
2012-08-30,1134.18,17.83,,94.61
2012-08-31,1133.2,17.47,92.1677,96.47
2012-09-04,1133.23,17.98,,95.34
2012-09-05,1135.96,17.74,,95.37
2012-09-06,1133.45,15.6,,95.58
2012-09-07,1129.85,14.38,91.3469,96.41
2012-09-10,1128.55,16.28,,96.52
2012-09-11,1127.94,16.41,,97.03
2012-09-12,1126.6,15.8,,97.02
2012-09-13,1128.49,14.05,,98.3
2012-09-14,1116.65,14.51,90.1436,98.94
2012-09-17,1116.39,14.59,,96.51
2012-09-18,1117.95,14.18,,95.25
2012-09-19,1115.74,13.88,,91.97
2012-09-20,1121.25,14.07,,92.14
2012-09-21,1118.7,13.98,90.5342,92.64
2012-09-24,1120.34,14.15,,91.68
2012-09-25,1119.3,15.43,,91.07
2012-09-26,1119.2,16.81,,89.92
2012-09-27,1116.03,14.84,,91.89
2012-09-28,1111.21,15.73,90.8342,92.18
2012-10-01,1112.29,16.32,,92.44
2012-10-02,1112.5,15.71,,91.88
2012-10-03,1112.88,15.43,,88.19
2012-10-04,1111.6,14.55,,91.69
2012-10-05,1107.0,14.33,90.2851,89.87
2012-10-08,,15.11,,89.43
2012-10-09,1111.22,16.37,,92.42
2012-10-10,1114.61,16.29,,91.24
2012-10-11,1112.07,15.59,,92.19
2012-10-12,1110.5,16.14,90.6833,91.83
2012-10-15,1110.24,15.27,,91.84
2012-10-16,1106.1,15.22,,92.07
2012-10-17,1104.74,15.07,,92.04
2012-10-18,1104.66,15.03,,92.0
2012-10-19,1105.51,17.06,90.8107,90.0
2012-10-22,1103.98,16.62,,88.3
2012-10-23,1103.1,18.83,,86.65
2012-10-24,1103.12,18.33,,85.39
2012-10-25,1098.0,18.12,,85.59
2012-10-26,1097.03,17.81,91.1411,85.84
2012-10-29,1095.76,,,85.52
2012-10-30,1091.33,,,85.65
2012-10-31,1090.17,18.6,,86.23
2012-11-01,1090.27,16.69,,87.05
2012-11-02,1090.7,17.59,91.281,84.9
2012-11-05,1091.0,18.42,,85.64
2012-11-06,1090.19,17.58,,88.62
2012-11-07,1086.5,19.08,,84.5
2012-11-08,1089.23,18.49,,85.07
2012-11-09,1087.76,18.61,91.6871,86.08
2012-11-12,,16.68,,85.56
2012-11-13,1089.44,16.65,,85.38
2012-11-14,1086.0,17.92,,86.32
2012-11-15,1088.5,17.99,,85.45
2012-11-16,1091.77,16.41,92.0095,86.62
2012-11-19,1085.97,15.24,,89.05
2012-11-20,1082.58,15.08,,86.46
2012-11-21,1082.0,15.31,,87.08
2012-11-23,1085.0,15.14,91.2616,87.01
2012-11-26,1085.62,15.5,,87.28
2012-11-27,1086.25,15.92,,86.81
2012-11-28,1085.35,15.51,,86.1
2012-11-29,1083.17,15.06,,87.64
2012-11-30,1081.75,15.87,91.1038,88.54
2012-12-03,1082.65,16.64,,88.69
2012-12-04,1083.69,17.12,,88.04
2012-12-05,1081.99,16.46,,87.36
2012-12-06,1083.3,16.58,,85.47
2012-12-07,1081.56,15.9,91.0437,85.45
2012-12-10,1077.43,16.05,,85.14
2012-12-11,1074.85,15.57,,85.36
2012-12-12,1073.35,15.95,,86.35
2012-12-13,1073.9,16.56,,85.39
2012-12-14,1074.74,17.0,90.7156,86.32
2012-12-17,1072.3,16.34,,86.71
2012-12-18,1072.75,15.57,,87.46
2012-12-19,1071.4,17.36,,89.09
2012-12-20,1074.3,17.67,,89.76
2012-12-21,1075.4,17.84,90.9597,88.2
2012-12-24,1073.24,17.84,,88.29
2012-12-26,1072.29,19.48,,90.71
2012-12-27,1071.67,19.47,,90.91
2012-12-28,1070.4,22.72,91.0419,90.66
2012-12-31,1063.24,18.02,,91.83
2013-01-02,1063.3,14.68,,93.14
2013-01-03,1062.95,14.56,,92.97
2013-01-04,1062.0,13.83,91.1025,93.12
2013-01-07,1062.5,13.79,,93.2
2013-01-08,1063.5,13.62,,93.21
2013-01-09,1060.1,13.81,,93.08
2013-01-10,1058.12,13.49,,93.81
2013-01-11,1056.09,13.36,90.5352,93.6
2013-01-14,1056.0,13.52,,94.27
2013-01-15,1057.62,13.55,,93.26
2013-01-16,1058.35,13.42,,94.28
2013-01-17,1057.82,13.57,,95.49
2013-01-18,1058.4,12.46,90.8697,95.61
2013-01-22,1062.95,12.43,,96.09
2013-01-23,1067.02,12.46,,95.06
2013-01-24,1067.95,12.69,,95.35
2013-01-25,1075.33,12.89,91.0868,95.15
2013-01-28,1091.22,13.57,,95.95
2013-01-29,1082.4,13.31,,97.62
2013-01-30,1085.85,14.32,,97.98
2013-01-31,1087.46,14.28,,97.65
2013-02-01,1094.79,12.9,90.6923,97.46
2013-02-04,1089.35,14.67,,96.21
2013-02-05,1086.17,13.72,,96.68
2013-02-06,1089.0,13.41,,96.44
2013-02-07,1090.15,13.5,,95.84
2013-02-08,1095.65,13.02,91.3056,95.71
2013-02-11,1095.5,12.94,,97.01
2013-02-12,1093.13,12.64,,97.48
2013-02-13,1085.72,12.98,,97.03
2013-02-14,1085.14,12.66,,97.3
2013-02-15,1078.22,12.46,91.4551,95.95
2013-02-19,1079.65,12.31,,96.69
2013-02-20,1079.85,14.68,,94.92
2013-02-21,1086.8,15.22,,92.79
2013-02-22,1085.03,14.17,92.1197,93.12
2013-02-25,1086.0,18.99,,92.74
2013-02-26,1089.82,16.87,,92.63
2013-02-27,1084.99,14.73,,92.84
2013-02-28,1083.9,15.51,,92.03
2013-03-01,1083.9,15.36,92.6177,90.71
2013-03-04,1090.8,14.01,,90.13
2013-03-05,1086.58,13.48,,90.88
2013-03-06,1084.36,13.53,,90.47
2013-03-07,1087.49,13.06,,91.53
2013-03-08,1089.15,12.59,92.6252,92.01
2013-03-11,1093.9,11.56,,92.07
2013-03-12,1095.28,12.27,,92.44
2013-03-13,1098.42,11.83,,92.47
2013-03-14,1107.49,11.3,,93.03
2013-03-15,1110.62,11.3,92.128,93.49
2013-03-18,1114.19,13.36,,93.71
2013-03-19,1112.93,14.39,,92.44
2013-03-20,1115.62,12.67,,93.21
2013-03-21,1115.41,13.99,,92.46
2013-03-22,1119.2,13.57,92.2051,93.41
2013-03-25,1110.88,13.74,,94.55
2013-03-26,1107.36,12.77,,95.99
2013-03-27,1111.09,13.15,,96.53
2013-03-28,1113.14,12.7,,97.24
2013-03-29,1112.48,,92.302,
2013-04-01,1114.38,13.58,,97.1
2013-04-02,1117.87,12.78,,97.23
2013-04-03,1116.68,14.21,,95.02
2013-04-04,1123.57,13.89,,93.26
2013-04-05,1136.82,13.92,92.1043,92.76
2013-04-08,1140.34,13.19,,93.36
2013-04-09,1139.19,12.84,,94.18
2013-04-10,1135.35,12.36,,94.59
2013-04-11,1128.85,12.24,,93.44
2013-04-12,1129.24,12.06,91.7967,91.23
2013-04-15,1119.0,17.27,,88.75
2013-04-16,1114.0,13.96,,88.73
2013-04-17,1121.0,16.51,,86.65
2013-04-18,1119.48,17.56,,87.83
2013-04-19,1119.03,14.97,92.2166,88.04
2013-04-22,1119.51,14.39,,88.81
2013-04-23,1119.53,13.48,,89.21
2013-04-24,1117.94,13.61,,91.07
2013-04-25,1111.35,13.62,,93.27
2013-04-26,1111.1,13.61,91.9012,92.63
2013-04-29,1104.0,13.71,,94.09
2013-04-30,1101.52,13.52,,93.22
2013-05-01,1100.35,14.49,,90.74
2013-05-02,1101.4,13.59,,93.7
2013-05-03,1096.67,12.85,91.5087,95.25
2013-05-06,1094.34,12.66,,95.8
2013-05-07,1090.0,12.83,,95.28
2013-05-08,1086.0,12.66,,96.24
2013-05-09,1091.12,13.13,,96.09
2013-05-10,1106.0,12.59,92.2527,95.81
2013-05-13,1113.12,12.55,,94.76
2013-05-14,1109.62,12.77,,93.96
2013-05-15,1114.62,12.81,,93.95
2013-05-16,1117.54,13.07,,94.85
2013-05-17,1117.3,12.45,93.1617,95.72
2013-05-20,1118.19,13.02,,96.29
2013-05-21,1110.62,13.37,,95.55
2013-05-22,1113.85,13.82,,93.98
2013-05-23,1128.35,14.07,,94.12
2013-05-24,1126.4,13.99,93.2768,93.84
2013-05-28,1128.07,14.48,,94.65
2013-05-29,1132.08,14.83,,93.13
2013-05-30,1127.9,14.53,,93.57
2013-05-31,1129.34,16.3,93.6076,91.93
2013-06-03,1127.18,16.28,,93.41
2013-06-04,1122.31,16.27,,93.36
2013-06-05,1118.55,17.5,,93.66
2013-06-06,1118.9,16.63,,94.71
2013-06-07,1117.17,15.14,92.6056,96.11
2013-06-10,1127.38,15.44,,95.82
2013-06-11,1133.0,17.07,,95.5
2013-06-12,1127.76,18.59,,95.98
2013-06-13,1129.07,16.41,,96.66
2013-06-14,1127.2,17.15,92.1886,97.83
2013-06-17,1127.0,16.8,,97.86
2013-06-18,1134.24,16.61,,98.46
2013-06-19,1130.25,16.64,,98.24
2013-06-20,1145.9,20.49,,94.89
2013-06-21,1156.0,18.9,94.4243,93.81
2013-06-24,1161.34,20.11,,95.07
2013-06-25,1152.78,18.47,,95.25
2013-06-26,1155.0,17.21,,95.47
2013-06-27,1147.69,16.86,,97.0
2013-06-28,1141.45,16.86,94.3047,96.36
2013-07-01,1135.27,16.37,,97.94
2013-07-02,1133.8,16.44,,99.65
2013-07-03,1140.95,16.2,,101.92
2013-07-05,1141.65,14.89,95.0639,103.09
2013-07-08,1147.94,14.78,,103.03
2013-07-09,1141.25,14.35,,103.46
2013-07-10,1134.66,14.21,,106.41
2013-07-11,1124.21,14.01,,104.77
2013-07-12,1123.85,13.84,94.0029,105.85
2013-07-15,1121.06,13.79,,106.2
2013-07-16,1114.65,14.42,,105.88
2013-07-17,1116.86,13.78,,106.39
2013-07-18,1124.08,13.77,,107.94
2013-07-19,1120.43,12.54,93.4759,108.0
2013-07-22,1118.46,12.29,,106.61
2013-07-23,1116.66,12.66,,107.13
2013-07-24,1115.52,13.18,,105.41
2013-07-25,1116.15,12.97,,105.47
2013-07-26,1112.55,12.72,93.1695,104.76
2013-07-29,1112.21,13.39,,104.61
2013-07-30,1115.79,13.39,,103.14
2013-07-31,1122.66,13.45,,105.1
2013-08-01,1122.99,12.94,,107.93
2013-08-02,1123.85,11.98,93.5789,106.94
2013-08-05,1113.5,11.84,,106.61
2013-08-06,1113.81,12.72,,105.32
2013-08-07,1117.05,12.98,,104.41
2013-08-08,1112.25,12.73,,103.45
2013-08-09,1111.16,13.41,92.8394,106.04
2013-08-12,1113.97,12.81,,106.19
2013-08-13,1118.22,12.31,,106.78
2013-08-14,1117.9,13.04,,106.89
2013-08-15,1118.0,14.73,,107.43
2013-08-16,1113.04,14.37,93.4255,107.58
2013-08-19,1117.88,15.1,,107.14
2013-08-20,1120.6,14.91,,104.9
2013-08-21,1116.86,15.94,,103.93
2013-08-22,1120.92,14.76,,104.93
2013-08-23,1113.48,13.98,93.9466,106.48
2013-08-26,1112.6,14.99,,105.88
2013-08-27,1116.78,16.77,,109.11
2013-08-28,1114.25,16.49,,110.17
2013-08-29,1112.19,16.81,,108.51
2013-08-30,1109.42,17.01,94.7541,107.98
2013-09-03,1097.75,16.61,,108.67
2013-09-04,1093.77,15.88,,107.29
2013-09-05,1096.8,15.77,,108.5
2013-09-06,1091.9,15.85,94.2487,110.62
2013-09-09,1086.8,15.63,,109.62
2013-09-10,1085.43,14.53,,107.48
2013-09-11,1085.76,13.82,,107.65
2013-09-12,1082.77,14.29,,108.72
2013-09-13,1085.88,14.16,93.6666,108.31
2013-09-16,1081.34,14.38,,106.54
2013-09-17,1082.15,14.53,,105.36
2013-09-18,1081.4,13.59,,108.23
2013-09-19,1070.88,13.16,,106.26
2013-09-20,1076.02,13.12,92.6049,104.7
2013-09-23,1073.9,14.31,,103.62
2013-09-24,1074.35,14.08,,103.22
2013-09-25,1076.42,14.01,,102.68
2013-09-26,1075.2,14.06,,103.1
2013-09-27,1074.38,15.46,92.9747,102.86
2013-09-30,1073.33,16.6,,102.36
2013-10-01,1072.9,15.54,,102.09
2013-10-02,1074.02,16.6,,104.15
2013-10-03,1074.02,17.67,,103.29
2013-10-04,1070.0,16.74,92.6469,103.83
2013-10-07,1071.29,19.41,,103.07
2013-10-08,1074.15,20.34,,103.54
2013-10-09,1075.48,19.6,,101.63
2013-10-10,1071.19,16.48,,103.08
2013-10-11,1071.55,15.72,92.854,102.17
2013-10-14,,16.07,,102.46
2013-10-15,1064.33,18.66,,101.15
2013-10-16,1066.0,14.71,,102.34
2013-10-17,1062.38,13.48,,100.72
2013-10-18,1060.02,13.04,91.9989,100.87
2013-10-21,1060.93,13.16,,99.28
2013-10-22,1057.5,13.33,,97.63
2013-10-23,1057.45,13.42,,96.9
2013-10-24,1061.5,13.2,,96.65
2013-10-25,1062.3,13.09,92.1623,97.4
2013-10-28,1060.7,13.31,,98.74
2013-10-29,1061.92,13.41,,98.29
2013-10-30,1058.4,13.65,,96.81
2013-10-31,1060.83,13.75,,96.29
2013-11-01,1060.91,13.28,93.155,94.56
2013-11-04,1062.38,12.93,,94.58
2013-11-05,1061.03,13.27,,93.4
2013-11-06,1059.77,12.67,,94.74
2013-11-07,1062.78,13.91,,94.25
2013-11-08,1062.12,12.9,93.6619,94.56
2013-11-11,,12.53,,95.13
2013-11-12,1072.65,12.82,,93.12
2013-11-13,1070.56,12.52,,93.91
2013-11-14,1068.21,12.37,,93.76
2013-11-15,1062.35,12.19,93.2854,93.8
2013-11-18,1054.84,13.1,,93.03
2013-11-19,1054.86,13.39,,93.35
2013-11-20,1056.28,13.4,,93.34
2013-11-21,1061.9,12.66,,95.35
2013-11-22,1060.99,12.26,93.4198,94.53
2013-11-25,1059.35,12.79,,93.86
2013-11-26,1060.07,12.81,,93.41
2013-11-27,1060.9,12.98,,92.05
2013-11-29,1057.76,13.7,93.6291,92.55
2013-12-02,1058.0,14.23,,93.61
2013-12-03,1059.97,14.55,,95.83
2013-12-04,1061.02,14.7,,96.97
2013-12-05,1058.27,15.08,,97.14
2013-12-06,1056.0,13.79,93.4045,97.48
2013-12-09,1050.05,13.49,,97.1
2013-12-10,1052.0,13.91,,98.32
2013-12-11,1051.5,15.42,,97.25
2013-12-12,1050.75,15.54,,97.21
2013-12-13,1052.9,15.76,93.3568,96.27
2013-12-16,1052.6,16.03,,97.18
2013-12-17,1050.65,16.21,,96.99
2013-12-18,1051.75,13.8,,97.59
2013-12-19,1059.28,14.15,,98.4
2013-12-20,1061.35,13.79,93.7211,99.11
2013-12-23,1060.4,13.04,,98.62
2013-12-24,1059.25,12.48,,98.87
2013-12-26,1059.1,12.33,,99.18
2013-12-27,1053.72,12.46,93.7018,99.94
2013-12-30,1054.52,13.56,,98.9
2013-12-31,1055.25,13.72,,98.17
2014-01-02,1050.3,14.23,,95.14
2014-01-03,1055.0,13.76,93.853,93.66
2014-01-06,1065.01,13.55,,93.12
2014-01-07,1068.5,12.92,,93.31
2014-01-08,1065.45,12.87,,91.9
2014-01-09,1062.89,12.89,,91.36
2014-01-10,1061.32,12.14,94.0045,92.39
2014-01-13,1056.7,13.28,,91.45
2014-01-14,1059.43,12.28,,92.15
2014-01-15,1062.6,12.28,,93.78
2014-01-16,1063.0,12.53,,93.54
2014-01-17,1060.8,12.44,94.5846,93.96
2014-01-21,1065.05,12.87,,94.51
2014-01-22,1067.3,12.84,,96.35
2014-01-23,1073.1,13.77,,97.23
2014-01-24,1080.1,18.14,94.8555,96.66
2014-01-27,1083.7,17.42,,95.82
2014-01-28,1079.14,15.8,,97.49
2014-01-29,1069.8,17.35,,97.34
2014-01-30,1080.11,17.29,,98.25
2014-01-31,1080.36,18.41,95.1774,97.55
2014-02-03,1084.25,21.44,,96.44
2014-02-04,1083.7,19.11,,97.24
2014-02-05,1077.6,19.95,,97.4
2014-02-06,1078.8,17.23,,97.84
2014-02-07,1073.83,15.29,94.7457,99.98
2014-02-10,1072.3,15.26,,100.12
2014-02-11,1070.8,14.51,,99.96
2014-02-12,1062.14,14.3,,100.38
2014-02-13,1066.2,14.14,,100.27
2014-02-14,1062.9,13.57,94.2711,100.31
2014-02-18,1065.54,13.87,,102.54
2014-02-19,1065.25,15.5,,103.46
2014-02-20,1072.0,14.79,,103.2
2014-02-21,1072.15,14.68,94.6571,102.53
2014-02-24,1074.0,14.23,,103.17
2014-02-25,1072.78,13.67,,102.2
2014-02-26,1065.72,14.35,,102.93
2014-02-27,1068.85,14.04,,102.68
2014-02-28,1066.01,14.0,94.3879,102.88
2014-03-03,1069.9,16.0,,105.34
2014-03-04,1071.2,14.1,,103.64
2014-03-05,1070.85,13.89,,101.75
2014-03-06,1064.1,14.21,,101.82
2014-03-07,1064.2,14.11,94.2532,102.82
2014-03-10,1066.5,14.2,,101.39
2014-03-11,1065.13,14.8,,100.29
2014-03-12,1070.2,14.47,,98.29
2014-03-13,1068.35,16.22,,98.57
2014-03-14,1071.33,17.82,94.243,99.23
2014-03-17,1067.15,15.64,,98.43
2014-03-18,1068.5,14.52,,100.08
2014-03-19,1070.53,15.12,,100.71
2014-03-20,1076.28,14.52,,99.68
2014-03-21,1079.6,15.0,94.8547,99.97
2014-03-24,1077.7,15.09,,100.05
2014-03-25,1078.67,14.02,,99.66
2014-03-26,1074.97,14.93,,100.61
2014-03-27,1071.65,14.62,,101.25
2014-03-28,1068.85,14.41,94.3683,101.73
2014-03-31,1064.65,13.88,,101.57
2014-04-01,1058.3,13.1,,99.69
2014-04-02,1057.2,13.09,,99.6
2014-04-03,1057.5,13.37,,100.29
2014-04-04,1053.85,13.96,94.2191,101.16
2014-04-07,1055.17,15.57,,100.43
2014-04-08,1052.1,14.89,,102.57
2014-04-09,1041.25,13.82,,103.55
2014-04-10,1039.9,15.89,,103.37
2014-04-11,1035.4,17.03,93.6395,103.68
2014-04-14,1039.29,16.11,,104.05
2014-04-15,1041.07,15.61,,103.7
2014-04-16,1038.2,14.18,,103.71
2014-04-17,1038.0,13.36,,104.33
2014-04-18,1037.35,,93.9629,
2014-04-21,1038.56,13.25,,104.35
2014-04-22,1037.45,13.19,,101.69
2014-04-23,1039.35,13.27,,101.47
2014-04-24,1039.5,13.32,,102.2
2014-04-25,1040.95,14.06,94.1623,100.85
2014-04-28,1034.9,13.97,,101.13
2014-04-29,1029.83,13.71,,101.56
2014-04-30,1032.85,13.41,,100.07
2014-05-01,1032.75,13.25,,99.69
2014-05-02,1029.55,12.91,93.8182,100.09
2014-05-05,1029.5,13.29,,99.74
2014-05-06,1029.5,13.8,,99.81
2014-05-07,1022.46,13.4,,101.06
2014-05-08,1022.6,13.43,,100.52
2014-05-09,1024.23,12.92,93.6614,100.32
2014-05-12,1024.29,12.23,,100.89
2014-05-13,1021.85,12.13,,102.01
2014-05-14,1027.5,12.17,,102.63
2014-05-15,1025.1,13.17,,101.74
2014-05-16,1023.42,12.44,93.6073,102.31
2014-05-19,1021.87,12.42,,102.95
2014-05-20,1025.0,12.96,,102.8
2014-05-21,1026.7,11.91,,104.31
2014-05-22,1024.3,12.03,,104.03
2014-05-23,1024.45,11.36,93.7042,105.01
2014-05-27,1022.95,11.51,,104.78
2014-05-28,1021.7,11.68,,103.37
2014-05-29,1020.5,11.57,,104.26
2014-05-30,1020.3,11.4,93.7606,103.4
2014-06-02,1024.0,11.58,,103.07
2014-06-03,1023.0,11.87,,103.34
2014-06-04,1023.0,12.08,,103.27
2014-06-05,1019.7,11.68,,103.17
2014-06-06,1019.7,10.73,93.9069,103.32
2014-06-09,1016.35,11.15,,105.09
2014-06-10,1016.95,10.99,,105.02
2014-06-11,1015.6,11.6,,105.04
2014-06-12,1017.6,12.56,,107.2
2014-06-13,1017.8,12.18,93.9168,107.49
2014-06-16,1020.0,12.65,,107.52
2014-06-17,1022.3,12.06,,106.95
2014-06-18,1021.85,10.61,,106.64
2014-06-19,1018.37,10.62,,107.08
2014-06-20,1020.81,10.85,93.7591,107.95
2014-06-23,1018.1,10.98,,106.83
2014-06-24,1018.05,12.13,,106.64
2014-06-25,1019.55,11.59,,107.04
2014-06-26,1016.0,11.63,,106.49
2014-06-27,1013.3,11.26,93.3983,106.46
2014-06-30,1011.6,11.57,,106.07
2014-07-01,1010.7,11.15,,106.06
2014-07-02,1009.1,10.82,,105.18
2014-07-03,1008.85,10.32,,104.76
2014-07-04,,,93.3149,
2014-07-07,1011.1,11.33,,104.19
2014-07-08,1011.5,11.98,,104.06
2014-07-09,1012.1,11.65,,102.93
2014-07-10,1013.1,12.59,,103.61
2014-07-11,1018.6,12.08,93.4171,101.48
2014-07-14,1018.95,11.82,,101.73
2014-07-15,1026.75,11.96,,100.56
2014-07-16,1031.9,11.0,,101.88
2014-07-17,1028.95,14.54,,103.84
2014-07-18,1029.1,12.06,93.6608,103.83
2014-07-21,1026.65,12.81,,105.34
2014-07-22,1024.2,12.24,,104.59
2014-07-23,1023.5,11.52,,103.81
2014-07-24,1029.05,11.84,,102.76
2014-07-25,1025.6,12.69,93.8294,105.23
2014-07-28,1026.1,12.56,,105.68
2014-07-29,1024.65,13.28,,104.91
2014-07-30,1024.55,13.33,,104.29
2014-07-31,1027.75,16.95,,98.23
2014-08-01,1036.85,17.03,94.4754,97.86
2014-08-04,1032.95,15.12,,98.26
2014-08-05,1027.9,16.87,,97.34
2014-08-06,1033.75,16.37,,96.93
2014-08-07,1036.75,16.66,,97.34
2014-08-08,1036.4,15.77,94.6027,97.61
2014-08-11,1029.8,14.23,,98.09
2014-08-12,1026.9,14.13,,97.36
2014-08-13,1029.35,12.9,,97.57
2014-08-14,1026.9,12.42,,95.54
2014-08-15,1020.95,13.15,94.2941,97.3
2014-08-18,1017.35,12.32,,96.44
2014-08-19,1017.35,12.21,,94.35
2014-08-20,1022.6,11.78,,96.4
2014-08-21,1023.4,11.76,,93.97
2014-08-22,1017.8,11.47,94.8012,93.61
2014-08-25,1019.65,11.7,,95.39
2014-08-26,1016.25,11.63,,95.78
2014-08-27,1013.95,11.78,,95.82
2014-08-28,1014.85,12.05,,96.44
2014-08-29,1013.85,11.98,94.7251,97.86
2014-09-02,1018.2,12.25,,92.92
2014-09-03,1019.55,12.36,,95.5
2014-09-04,1018.7,12.64,,94.51
2014-09-05,1024.25,12.09,95.2203,93.32
2014-09-08,1024.0,12.66,,92.64
2014-09-09,1034.05,13.5,,92.73
2014-09-10,1034.2,12.88,,91.71
2014-09-11,1035.9,12.8,,92.89
2014-09-12,1034.9,13.31,96.0748,92.18
2014-09-15,1037.8,14.12,,92.86
2014-09-16,1035.95,12.73,,94.91
2014-09-17,1034.55,12.65,,94.33
2014-09-18,1043.3,12.03,,93.07
2014-09-19,1043.55,12.11,96.3417,92.43
2014-09-22,1040.75,13.69,,91.46
2014-09-23,1039.9,14.93,,91.55
2014-09-24,1039.77,13.27,,93.6
2014-09-25,1042.6,15.64,,93.59
2014-09-26,1044.1,14.85,97.208,95.55
2014-09-29,1053.15,15.98,,94.53
2014-09-30,1054.55,16.31,,91.17
2014-10-01,1062.7,16.71,,90.74
2014-10-02,1061.1,16.16,,91.02
2014-10-03,1061.1,14.55,97.9846,89.76
2014-10-06,1068.75,15.46,,90.33
2014-10-07,1069.4,17.2,,88.89
2014-10-08,1074.4,15.11,,87.29
2014-10-09,1062.6,18.76,,85.76
2014-10-10,1073.1,21.24,97.4144,85.87
2014-10-13,,24.64,,85.73
2014-10-14,1064.62,22.79,,81.72
2014-10-15,1058.9,26.25,,81.82
2014-10-16,1060.16,25.2,,82.33
2014-10-17,1063.62,21.99,97.3067,82.8
2014-10-20,1057.58,18.57,,82.76
2014-10-21,1054.69,16.08,,83.25
2014-10-22,1052.47,17.87,,80.52
2014-10-23,1057.87,16.53,,82.81
2014-10-24,1055.58,16.11,97.4772,81.27
2014-10-27,1050.99,16.04,,81.26
2014-10-28,1047.0,14.39,,81.36
2014-10-29,1043.89,15.15,,82.25
2014-10-30,1053.8,14.52,,81.06
2014-10-31,1073.07,14.03,98.1163,80.53
2014-11-03,1077.63,14.73,,78.77
2014-11-04,1076.99,14.89,,77.15
2014-11-05,1089.38,14.17,,78.71
2014-11-06,1084.0,13.67,,77.87
2014-11-07,1086.5,13.12,99.0236,78.71
2014-11-10,1089.28,12.67,,77.43
2014-11-11,,12.92,,77.85
2014-11-12,1093.62,13.02,,77.16
2014-11-13,1093.61,13.79,,74.13
2014-11-14,1102.23,13.31,99.0917,75.91
2014-11-17,1098.12,13.99,,75.64
2014-11-18,1096.64,13.86,,74.55
2014-11-19,1112.04,13.96,,74.55
2014-11-20,1111.96,13.58,,75.63
2014-11-21,1111.05,12.9,99.2894,76.52
2014-11-24,1114.66,12.62,,75.74
2014-11-25,1108.68,12.25,,74.04
2014-11-26,1103.26,12.07,,73.7
2014-11-28,1112.06,13.33,100.0719,65.94
2014-12-01,1108.36,14.29,,68.98
2014-12-02,1115.35,12.85,,66.99
2014-12-03,1114.57,12.47,,67.3
2014-12-04,1110.89,12.38,,66.73
2014-12-05,1117.74,11.82,101.0989,65.89
2014-12-08,1112.52,14.21,,63.13
2014-12-09,1102.31,14.89,,63.74
2014-12-10,1103.75,18.53,,60.99
2014-12-11,1101.83,20.08,,60.01
2014-12-12,1103.01,21.08,101.3735,57.81
2014-12-15,1098.24,20.42,,55.96
2014-12-16,1080.83,23.57,,55.97
2014-12-17,1094.59,19.44,,56.43
2014-12-18,1101.75,16.81,,54.18
2014-12-19,1099.21,16.49,102.0483,56.91
2014-12-22,1097.77,15.25,,55.25
2014-12-23,1104.84,14.8,,56.78
2014-12-24,1103.22,14.37,,55.7
2014-12-26,,14.5,102.3028,54.59
2014-12-29,1097.34,15.06,,53.46
2014-12-30,1096.06,15.92,,54.14
2014-12-31,1090.89,19.2,,53.45
2015-01-02,1103.73,17.79,102.9027,52.72
2015-01-05,1109.07,19.92,,50.05
2015-01-06,1098.14,21.12,,47.98
2015-01-07,1101.51,19.31,,48.69
2015-01-08,1096.19,17.01,,48.8
2015-01-09,1086.14,17.55,103.1213,48.35
2015-01-12,1083.25,19.6,,46.06
2015-01-13,1080.42,20.56,,45.92
2015-01-14,1080.45,21.48,,48.49
2015-01-15,1077.94,22.39,,46.37
2015-01-16,1076.68,20.95,103.2189,48.49
2015-01-20,1087.17,19.89,,46.79
2015-01-21,1081.94,18.85,,47.85
2015-01-22,1081.75,16.4,,45.93
2015-01-23,1075.75,16.66,104.3676,45.26
2015-01-26,1079.42,15.52,,44.8
2015-01-27,1075.31,17.22,,45.84
2015-01-28,1084.84,20.44,,44.08
2015-01-29,1098.6,18.76,,44.12
2015-01-30,1104.3,20.97,105.5884,47.79
2015-02-02,1099.61,19.43,,49.25
2015-02-03,1096.06,17.33,,53.04
2015-02-04,1086.79,18.33,,48.45
2015-02-05,1087.05,16.85,,50.48
2015-02-06,1097.26,17.29,105.1283,51.66
2015-02-09,1096.4,18.55,,52.99
2015-02-10,1098.61,17.23,,50.06
2015-02-11,1108.19,16.96,,48.8
2015-02-12,1100.87,15.34,,51.17
2015-02-13,1097.2,14.69,104.8452,52.66
2015-02-17,1107.33,15.8,,53.56
2015-02-18,1112.82,15.45,,52.13
2015-02-19,1110.69,15.29,,51.12
2015-02-20,1110.06,14.3,105.3387,49.95
2015-02-23,1108.25,14.56,,49.56
2015-02-24,1108.05,13.69,,48.48
2015-02-25,1101.53,13.84,,50.25
2015-02-26,1100.33,13.91,,47.65
2015-02-27,1100.65,13.34,105.5981,49.84
2015-03-02,1101.46,13.04,,49.59
2015-03-03,1095.65,13.86,,50.43
2015-03-04,1100.2,14.23,,51.53
2015-03-05,1100.11,14.04,,50.76
2015-03-06,1110.36,15.2,107.4337,49.61
2015-03-09,1114.18,15.06,,49.95
2015-03-10,1123.32,16.69,,48.42
2015-03-11,1131.33,16.87,,48.06
2015-03-12,1120.13,15.42,,47.12
2015-03-13,1135.7,16.0,108.9174,44.88
2015-03-16,1129.62,15.61,,43.93
2015-03-17,1127.69,15.66,,43.39
2015-03-18,1127.09,13.97,,44.63
2015-03-19,1121.21,14.07,,44.02
2015-03-20,1113.87,13.02,107.1671,46.0
2015-03-23,1106.68,13.41,,47.4
2015-03-24,1104.2,13.62,,47.03
2015-03-25,1099.72,15.44,,48.75
2015-03-26,1103.59,15.8,,51.41
2015-03-27,1103.6,15.07,106.8916,48.83
2015-03-30,1106.39,14.51,,48.66
2015-03-31,1107.71,15.29,,47.72
2015-04-01,1098.1,15.11,,50.12
2015-04-02,1089.49,14.67,,49.13
2015-04-03,1085.65,,105.8861,
2015-04-06,1083.38,14.74,,52.08
2015-04-07,1093.76,14.78,,53.95
2015-04-08,1093.77,13.98,,50.44
2015-04-09,1093.8,13.09,,50.79
2015-04-10,1093.13,12.58,107.4526,51.63
2015-04-13,1100.41,13.94,,51.95
2015-04-14,1090.76,13.67,,53.3
2015-04-15,1095.07,12.84,,56.25
2015-04-16,1086.89,12.6,,56.69
2015-04-17,1081.99,13.89,106.329,55.71
2015-04-20,1081.27,13.3,,56.37
2015-04-21,1081.54,13.25,,55.58
2015-04-22,1080.64,12.71,,56.17
2015-04-23,1080.0,12.48,,56.59
2015-04-24,1075.85,12.29,105.905,55.98
2015-04-27,1071.01,13.12,,55.56
2015-04-28,1063.03,12.41,,57.05
2015-04-29,1066.48,13.39,,58.55
2015-04-30,1076.74,14.55,,59.62
2015-05-01,1080.22,12.7,105.6382,59.1
2015-05-04,1081.19,12.85,,58.92
2015-05-05,1080.46,14.31,,60.38
2015-05-06,1077.23,15.15,,60.93
2015-05-07,1093.55,15.13,,58.99
2015-05-08,1087.28,12.86,104.8424,59.41
2015-05-11,1095.39,13.85,,59.23
2015-05-12,1093.81,13.86,,60.72
2015-05-13,1089.72,13.76,,60.5
2015-05-14,1089.46,12.74,,59.89
2015-05-15,1083.05,12.38,104.0202,59.73
2015-05-18,1088.19,12.73,,59.44
2015-05-19,1093.94,12.85,,57.3
2015-05-20,1097.62,12.88,,58.96
2015-05-21,1092.41,12.11,,60.18
2015-05-22,1093.46,12.13,105.8487,58.88
2015-05-26,1106.06,14.06,,57.29
2015-05-27,1107.84,13.27,,57.51
2015-05-28,1109.86,13.31,,57.69
2015-05-29,1111.99,13.84,106.7388,60.25
2015-06-01,1115.61,13.97,,60.24
2015-06-02,1109.34,14.24,,61.3
2015-06-03,1104.33,13.66,,59.67
2015-06-04,1112.56,14.71,,58.0
2015-06-05,1121.18,14.21,107.1336,59.11
2015-06-08,1121.95,15.29,,58.15
2015-06-09,1119.38,14.47,,60.15
2015-06-10,1110.32,13.22,,61.36
2015-06-11,1113.24,12.85,,60.74
2015-06-12,1111.63,13.78,105.9015,59.96
2015-06-15,1114.94,15.39,,59.53
2015-06-16,1118.08,14.81,,60.01
2015-06-17,1122.83,14.5,,59.89
2015-06-18,1101.55,13.19,,60.41
2015-06-19,1102.64,13.96,105.4496,59.62
2015-06-22,1098.85,12.74,,60.01
2015-06-23,1104.54,12.11,,61.05
2015-06-24,1110.67,13.26,,60.01
2015-06-25,1111.05,14.01,,59.59
2015-06-26,1122.31,14.02,106.4116,59.41
2015-06-29,1119.09,18.85,,58.34
2015-06-30,1117.34,18.23,,59.48
2015-07-01,1123.89,16.09,,56.94
2015-07-02,1119.95,16.79,,56.93
2015-07-03,,,106.9106,
2015-07-06,1125.58,17.01,,52.48
2015-07-07,1133.75,16.09,,52.33
2015-07-08,1131.75,19.66,,51.61
2015-07-09,1133.69,19.97,,52.76
2015-07-10,1127.29,16.83,107.213,52.74
2015-07-13,1133.93,13.9,,52.19
2015-07-14,1142.75,13.37,,53.05
2015-07-15,1146.42,13.23,,51.4
2015-07-16,1145.24,12.11,,50.9
2015-07-17,1148.48,11.95,108.5374,50.88
2015-07-20,1156.38,12.25,,50.11
2015-07-21,1148.33,12.22,,50.59
2015-07-22,1156.49,12.12,,49.27
2015-07-23,1160.64,12.64,,48.11
2015-07-24,1169.02,13.74,109.0174,47.98
2015-07-27,1167.75,15.6,,47.17
2015-07-28,1161.09,13.44,,47.97
2015-07-29,1158.49,12.5,,48.77
2015-07-30,1173.42,12.13,,48.53
2015-07-31,1159.7,12.12,108.7819,47.11
2015-08-03,1168.63,12.56,,45.25
2015-08-04,1161.2,13.0,,45.75
2015-08-05,1174.4,12.51,,45.13
2015-08-06,1163.25,13.77,,44.69
2015-08-07,1164.0,13.39,109.4376,43.87
2015-08-10,1161.69,12.23,,44.94
2015-08-11,1181.36,13.71,,43.11
2015-08-12,1175.03,13.61,,43.22
2015-08-13,1176.02,13.49,,42.27
2015-08-14,1177.62,12.83,109.9174,42.45
2015-08-17,1181.53,13.02,,41.93
2015-08-18,1185.85,13.79,,42.58
2015-08-19,1184.35,15.25,,40.75
2015-08-20,1185.63,19.14,,41.0
2015-08-21,1194.6,28.03,110.1443,40.45
2015-08-24,1191.13,40.74,,38.22
2015-08-25,1195.25,36.02,,39.15
2015-08-26,1185.52,30.32,,38.5
2015-08-27,1170.49,26.1,,42.47
2015-08-28,1180.93,26.05,110.6714,45.29
2015-08-31,1182.54,28.43,,49.2
2015-09-01,1179.78,31.4,,45.38
2015-09-02,1183.46,26.09,,46.3
2015-09-03,1188.07,25.61,,46.75
2015-09-04,1196.4,27.8,111.1018,46.02
2015-09-08,1195.57,24.9,,45.92
2015-09-09,1186.52,26.23,,44.13
2015-09-10,1184.87,24.37,,45.85
2015-09-11,1182.25,23.2,110.6109,44.75
2015-09-14,1181.17,24.25,,44.07
2015-09-15,1178.69,22.54,,44.58
2015-09-16,1169.77,21.35,,47.12
2015-09-17,1163.11,21.14,,46.93
2015-09-18,1164.13,22.28,109.8165,44.71
2015-09-21,1179.24,20.14,,46.67
2015-09-22,1186.1,22.44,,46.17
2015-09-23,1193.96,22.13,,44.53
2015-09-24,1195.48,23.47,,44.94
2015-09-25,1190.14,23.62,111.3725,45.55
2015-09-28,1193.32,27.63,,44.4
2015-09-29,1194.28,26.83,,45.24
2015-09-30,1184.62,24.5,,45.06
2015-10-01,1180.04,22.55,,44.75
2015-10-02,1175.48,20.94,110.7006,45.54
2015-10-05,1158.54,19.54,,46.28
2015-10-06,1160.7,19.4,,48.53
2015-10-07,1153.72,18.4,,47.86
2015-10-08,1155.57,17.42,,49.46
2015-10-09,1145.67,17.08,109.0782,49.67
2015-10-12,,16.17,,47.09
2015-10-13,1147.42,17.67,,46.7
2015-10-14,1140.39,18.03,,46.63
2015-10-15,1120.9,16.05,,46.38
2015-10-16,1130.73,15.05,108.9956,47.3
2015-10-19,1130.57,14.98,,45.91
2015-10-20,1128.64,15.75,,45.84
2015-10-21,1137.09,16.7,,45.22
2015-10-22,1131.48,14.45,,44.9
2015-10-23,1135.0,14.46,110.4329,43.91
2015-10-26,1127.47,15.29,,43.19
2015-10-27,1134.57,15.43,,43.21
2015-10-28,1130.31,14.33,,45.93
2015-10-29,1142.39,14.61,,46.02
2015-10-30,1140.5,15.07,110.2079,46.6
2015-11-02,1140.5,14.15,,46.12
2015-11-03,1140.5,14.54,,47.88
2015-11-04,1136.45,15.51,,46.32
2015-11-05,1140.5,15.05,,45.27
2015-11-06,1140.5,14.33,111.7603,44.32
2015-11-09,1160.42,16.52,,43.87
2015-11-10,1158.34,15.29,,44.23
2015-11-11,,16.06,,42.95
2015-11-12,1158.6,18.37,,41.74
2015-11-13,1169.79,20.08,112.0264,40.69
2015-11-16,1172.67,18.16,,41.68
2015-11-17,1169.08,18.84,,40.73
2015-11-18,1167.89,16.85,,40.75
2015-11-19,1156.08,16.99,,40.55
2015-11-20,1151.63,15.47,111.7799,39.39
2015-11-23,1159.14,15.62,,39.27
2015-11-24,1149.39,15.93,,40.89
2015-11-25,1140.67,15.19,,41.22
2015-11-27,1154.43,15.12,112.2824,40.57
2015-11-30,1149.39,16.13,,40.43
2015-12-01,1149.39,14.67,,40.58
2015-12-02,1149.39,15.91,,39.93
2015-12-03,1149.39,18.11,,41.08
2015-12-04,1149.39,14.81,111.5463,40.0
2015-12-07,1172.68,15.84,,37.64
2015-12-08,1179.6,17.6,,37.46
2015-12-09,1181.75,19.61,,37.16
2015-12-10,1176.39,19.34,,36.76
2015-12-11,1188.0,24.39,112.7147,35.65
2015-12-14,1186.2,22.73,,36.31
2015-12-15,1176.66,20.95,,37.32
2015-12-16,1177.19,17.86,,35.55
2015-12-17,1187.7,18.94,,34.98
2015-12-18,1178.04,20.7,113.2837,34.72
2015-12-21,1173.87,18.7,,34.55
2015-12-22,1169.26,16.6,,36.12
2015-12-23,1140.67,15.57,,36.76
2015-12-24,1167.94,15.74,,37.62
2015-12-25,,,113.0496,
2015-12-28,1169.26,16.91,,36.36
2015-12-29,1169.26,16.08,,37.88
2015-12-30,1177.53,17.29,,36.59
2015-12-31,1169.26,18.21,,37.13
2016-01-01,,,113.3429,
2016-01-04,1191.46,20.7,,36.81
2016-01-05,1190.43,19.34,,35.97
2016-01-06,1200.16,20.59,,33.97
2016-01-07,1193.05,24.99,,33.29
2016-01-08,1206.97,27.01,115.0095,33.2
2016-01-11,1206.55,24.3,,31.42
2016-01-12,1208.95,22.47,,30.42
2016-01-13,1208.95,25.22,,30.42
2016-01-14,1211.28,23.95,,31.22
2016-01-15,1216.95,27.02,115.7404,29.45
2016-01-19,1205.61,26.05,,28.47
2016-01-20,1215.4,27.59,,26.68
2016-01-21,1204.31,26.69,,29.55
2016-01-22,1195.66,22.34,115.9833,32.07
2016-01-25,1194.3,24.15,,30.31
2016-01-26,1199.64,22.5,,29.54
2016-01-27,1199.25,23.11,,32.32
2016-01-28,1204.08,22.42,,33.21
2016-01-29,1210.04,20.2,115.5731,33.66
2016-02-01,1203.19,19.98,,31.62
2016-02-02,1212.01,21.98,,29.9
2016-02-03,1211.33,21.65,,32.29
2016-02-04,1186.11,21.84,,31.63
2016-02-05,1204.69,23.38,114.2935,30.86
2016-02-08,1205.1,26.0,,29.71
2016-02-09,1200.39,26.54,,27.96
2016-02-10,1189.69,26.29,,27.54
2016-02-11,1196.89,28.14,,26.19
2016-02-12,1205.13,25.4,114.2992,29.32
2016-02-16,1219.44,24.11,,29.05
2016-02-17,1222.32,22.31,,30.68
2016-02-18,1231.15,21.64,,30.77
2016-02-19,1231.09,20.53,113.9558,29.59
2016-02-22,1223.32,19.38,,31.37
2016-02-23,1230.05,20.98,,31.84
2016-02-24,1234.6,20.72,,30.35
2016-02-25,1237.39,19.11,,31.4
2016-02-26,1242.59,19.81,114.3708,31.65
2016-02-29,1238.09,20.55,,32.74
2016-03-01,1229.56,17.7,,34.39
2016-03-02,1227.59,17.09,,34.57
2016-03-03,1209.55,16.7,,34.56
2016-03-04,1195.09,16.86,112.6387,35.91
2016-03-07,1200.08,17.35,,37.9
2016-03-08,1206.19,18.67,,36.67
2016-03-09,1206.82,18.34,,37.62
2016-03-10,1204.09,18.05,,37.77
2016-03-11,1184.56,16.5,111.741,38.51
2016-03-14,1187.39,16.92,,37.2
2016-03-15,1194.99,16.84,,36.32
2016-03-16,1190.59,14.99,,38.43
2016-03-17,1155.83,14.44,,40.17
2016-03-18,1160.11,14.02,110.4002,39.47
2016-03-21,1157.33,13.79,,39.91
2016-03-22,1154.58,14.17,,41.45
2016-03-23,1166.59,14.94,,38.28
2016-03-24,1168.09,14.74,,38.14
2016-03-25,1168.19,,111.7698,
2016-03-28,1163.39,15.24,,37.99
2016-03-29,1164.69,13.82,,36.91
2016-03-30,1142.02,13.56,,36.91
2016-03-31,1138.86,13.95,,36.94
2016-04-01,1147.15,13.1,110.2977,35.36
2016-04-04,1151.35,14.12,,34.3
2016-04-05,1158.39,15.42,,34.52
2016-04-06,1155.28,14.09,,37.74
2016-04-07,1156.81,16.16,,37.3
2016-04-08,1148.89,15.36,110.4213,39.74
2016-04-11,1141.97,16.26,,40.46
2016-04-12,1144.53,14.85,,42.12
2016-04-13,1146.29,13.84,,41.7
2016-04-14,1151.99,13.72,,41.45
2016-04-15,1144.83,13.62,110.1933,40.4
2016-04-18,1144.48,13.35,,39.74
2016-04-19,1126.01,13.24,,40.88
2016-04-20,1130.48,13.28,,42.72
2016-04-21,1135.49,13.95,,43.18
2016-04-22,1147.85,13.22,110.2331,42.76
2016-04-25,1147.76,14.08,,41.67
2016-04-26,1146.66,13.96,,42.52
2016-04-27,1151.5,13.77,,45.29
2016-04-28,1139.93,15.22,,46.03
2016-04-29,1144.09,15.7,108.8274,45.98
2016-05-02,1138.45,14.68,,44.75
2016-05-03,1148.69,15.6,,43.65
2016-05-04,1164.59,16.05,,43.77
2016-05-05,1165.93,15.91,,44.33
2016-05-06,1167.29,14.72,110.3801,44.58
2016-05-09,1174.25,14.57,,43.45
2016-05-10,1169.89,13.63,,44.68
2016-05-11,1162.47,14.69,,46.21
2016-05-12,1168.7,14.41,,46.64
2016-05-13,1176.85,15.04,111.2521,46.22
2016-05-16,1177.21,14.68,,47.72
2016-05-17,1173.67,15.57,,48.29
2016-05-18,1185.77,15.95,,48.12
2016-05-19,1189.25,16.33,,48.16
2016-05-20,1186.93,15.2,112.1822,47.67
2016-05-23,1183.39,15.82,,48.12
2016-05-24,1186.39,14.42,,48.04
2016-05-25,1182.21,13.9,,49.1
2016-05-26,1178.09,13.43,,49.0
2016-05-27,1180.59,13.12,112.0822,49.36
2016-05-31,1188.99,14.19,,49.1
2016-06-01,1192.09,14.2,,49.07
2016-06-02,1186.69,13.63,,49.14
2016-06-03,1167.79,13.47,111.4451,48.69
2016-06-06,1162.28,13.65,,49.71
2016-06-07,1154.8,14.05,,50.37
2016-06-08,1153.83,14.08,,51.23
2016-06-09,1159.29,14.64,,50.52
2016-06-10,1167.61,17.03,111.1027,49.09
2016-06-13,1169.74,20.97,,48.89
2016-06-14,1176.78,20.5,,48.49
2016-06-15,1167.53,20.14,,47.92
2016-06-16,1176.49,19.37,,46.14
2016-06-17,1171.77,19.41,111.5332,48.0
2016-06-20,1156.8,18.37,,49.4
2016-06-21,1154.35,18.48,,48.95
2016-06-22,1147.99,21.17,,49.16
2016-06-23,1143.27,17.25,,49.34
2016-06-24,1167.56,25.76,112.1355,46.7
2016-06-27,1181.24,23.85,,45.8
2016-06-28,1169.31,18.75,,47.93
2016-06-29,1153.09,16.64,,49.85
2016-06-30,1154.15,15.63,,48.27
2016-07-01,1146.49,14.77,111.6509,49.02
2016-07-05,1156.79,15.58,,46.73
2016-07-06,1160.59,14.96,,47.37
2016-07-07,1154.89,14.76,,45.22
2016-07-08,1148.71,13.2,112.3963,45.37
2016-07-11,1148.97,13.54,,44.73
2016-07-12,1146.47,13.55,,46.82
2016-07-13,1145.01,13.04,,44.87
2016-07-14,1130.65,12.82,,45.64
2016-07-15,1135.49,12.67,112.2833,45.93
2016-07-18,1134.39,12.44,,45.23
2016-07-19,1140.56,11.97,,44.64
2016-07-20,1142.33,11.77,,44.96
2016-07-21,1137.31,12.74,,43.96
2016-07-22,1137.49,12.02,112.989,43.41
2016-07-25,1140.8,12.87,,42.4
2016-07-26,1137.59,13.05,,42.16
2016-07-27,1135.09,12.83,,41.9
2016-07-28,1124.79,12.72,,41.13
2016-07-29,1112.89,11.87,111.874,41.54
2016-08-01,1106.15,12.44,,40.05
2016-08-02,1108.35,13.37,,39.5
2016-08-03,1116.21,12.86,,40.8
2016-08-04,1111.99,12.42,,41.92
2016-08-05,1114.54,11.39,112.3589,41.83
2016-08-08,1108.24,11.5,,43.06
2016-08-09,1101.45,11.66,,42.78
2016-08-10,1095.84,12.05,,41.75
2016-08-11,1097.39,11.68,,43.51
2016-08-12,1100.79,11.55,111.1787,44.47
2016-08-15,1095.83,11.81,,45.72
2016-08-16,1093.95,12.64,,46.57
2016-08-17,1114.25,12.19,,46.81
2016-08-18,1107.41,11.43,,48.2
2016-08-19,1116.37,11.34,110.8163,48.48
2016-08-22,1120.93,12.27,,46.8
2016-08-23,1116.91,12.38,,47.54
2016-08-24,1121.34,13.45,,46.29
2016-08-25,1115.23,13.63,,46.97
2016-08-26,1111.47,13.65,111.2035,47.64
2016-08-29,1121.53,12.94,,46.97
2016-08-30,1118.27,13.12,,46.32
2016-08-31,1115.98,13.42,,44.68
2016-09-01,1116.89,13.48,,43.17
2016-09-02,1114.87,11.98,112.0009,44.39
2016-09-06,1093.04,12.02,,44.85
2016-09-07,1090.03,11.94,,45.47
2016-09-08,1095.27,12.51,,47.63
2016-09-09,1106.83,17.5,111.9879,45.88
2016-09-12,1112.03,15.16,,46.28
2016-09-13,1124.61,17.85,,44.91
2016-09-14,1123.81,18.14,,43.62
2016-09-15,1122.83,16.3,,43.85
2016-09-16,1127.37,15.37,113.1765,43.04
2016-09-19,1117.44,15.53,,43.34
2016-09-20,1117.34,15.92,,43.85
2016-09-21,1112.17,13.3,,45.33
2016-09-22,1100.59,12.02,,46.1
2016-09-23,1102.21,12.29,112.7166,44.36
2016-09-26,1106.99,14.5,,45.6
2016-09-27,1099.22,13.1,,44.65
2016-09-28,1096.73,12.39,,47.07
2016-09-29,1097.39,14.02,,47.72
2016-09-30,1097.98,13.29,112.2795,47.72
2016-10-03,1104.79,13.57,,48.8
2016-10-04,1110.77,13.63,,48.67
2016-10-05,1114.53,12.99,,49.75
2016-10-06,1114.53,12.84,,50.44
2016-10-07,1115.95,13.48,113.2915,49.76
2016-10-10,,13.38,,49.76
2016-10-11,1124.21,15.36,,50.72
2016-10-12,1127.23,15.91,,50.14
2016-10-13,1133.31,16.69,,50.47
2016-10-14,1133.13,16.12,113.7119,50.35
2016-10-17,1137.61,16.21,,49.97
2016-10-18,1123.75,15.28,,50.3
2016-10-19,1120.01,14.41,,51.59
2016-10-20,1128.39,13.75,,50.31
2016-10-21,1137.17,13.34,113.9015,50.61
2016-10-24,1135.4,13.02,,50.18
2016-10-25,1129.89,13.46,,49.45
2016-10-26,1134.94,14.24,,48.75
2016-10-27,1145.85,15.36,,49.71
2016-10-28,1146.49,16.19,114.0931,48.72
2016-10-31,1145.37,17.06,,46.83
2016-11-01,1142.68,18.56,,46.66
2016-11-02,1148.39,19.32,,45.32
2016-11-03,1142.68,22.08,,44.66
2016-11-04,1142.68,22.51,113.5828,44.07
2016-11-07,1141.27,18.71,,44.88
2016-11-08,1131.39,18.74,,44.96
2016-11-09,1150.64,14.38,,45.2
2016-11-10,1162.11,14.74,,44.62
2016-11-11,,14.17,115.9375,43.39
2016-11-14,1171.25,14.48,,43.29
2016-11-15,1170.21,13.37,,45.86
2016-11-16,1172.41,13.72,,45.56
2016-11-17,1176.03,13.35,,45.37
2016-11-18,1177.71,12.85,117.5936,45.69
2016-11-21,1178.51,12.42,,47.48
2016-11-22,1173.25,12.41,,48.07
2016-11-23,1181.57,12.43,,46.72
2016-11-25,1174.99,12.34,118.02,46.72
2016-11-28,1170.53,13.15,,45.66
2016-11-29,1169.99,12.9,,45.29
2016-11-30,1175.87,13.33,,49.41
2016-12-01,1167.31,14.07,,51.08
2016-12-02,1167.7,14.12,117.3116,51.7
2016-12-05,1168.11,12.14,,51.72
2016-12-06,1171.5,11.79,,50.95
2016-12-07,1161.67,12.22,,49.85
2016-12-08,1162.49,12.64,,50.84
2016-12-09,1171.88,11.75,117.2834,51.51
2016-12-12,1164.37,12.64,,52.74
2016-12-13,1164.65,12.72,,52.99
2016-12-14,1165.13,13.19,,51.01
2016-12-15,1185.35,12.79,,50.9
2016-12-16,1183.72,12.2,118.3584,51.93
2016-12-19,1187.71,11.71,,52.13
2016-12-20,1192.13,11.45,,52.22
2016-12-21,1193.91,11.27,,51.44
2016-12-22,1204.65,11.43,,51.98
2016-12-23,1201.51,11.44,118.7856,52.01
2016-12-27,1207.68,11.99,,52.82
2016-12-28,1212.22,12.95,,54.01
2016-12-29,1207.05,13.37,,53.8
2016-12-30,1203.73,14.04,118.3466,53.75
2017-01-03,1207.23,12.85,,52.36
2017-01-04,1198.07,11.85,,53.26
2017-01-05,1182.46,11.67,,53.77
2017-01-06,1198.85,11.32,118.3495,53.98
2017-01-09,1200.51,11.56,,51.95
2017-01-10,1196.96,11.49,,50.82
2017-01-11,1197.59,11.26,,52.19
2017-01-12,1170.93,11.54,,53.01
2017-01-13,1177.81,11.23,117.9884,52.36
2017-01-17,1161.61,11.87,,52.45
2017-01-18,1170.73,12.48,,51.12
2017-01-19,1177.03,12.78,,51.39
2017-01-20,,11.54,118.3182,52.33
2017-01-23,1165.82,11.77,,52.77
2017-01-24,1165.25,11.07,,52.38
2017-01-25,1164.13,10.81,,52.14
2017-01-26,1169.61,10.63,,53.24
2017-01-27,1175.73,10.58,117.0735,53.18
2017-01-30,1171.27,11.88,,52.63
2017-01-31,1151.45,11.99,,52.75
2017-02-01,1154.45,11.81,,53.9
2017-02-02,1139.9,11.93,,53.55
2017-02-03,1134.65,10.97,115.6259,53.81
2017-02-06,1134.87,11.37,,53.01
2017-02-07,1142.89,11.29,,52.19
2017-02-08,1143.25,11.45,,52.37
2017-02-09,1149.88,10.88,,52.99
2017-02-10,1146.78,10.85,116.148,53.84
2017-02-13,1150.16,11.07,,52.96
2017-02-14,1139.33,10.74,,53.21
2017-02-15,1136.46,11.97,,53.11
2017-02-16,1140.57,11.76,,53.41
2017-02-17,1150.73,11.49,116.4035,53.41
2017-02-21,1143.63,11.57,,54.02
2017-02-22,1142.15,11.74,,53.61
2017-02-23,1129.84,11.71,,54.48
2017-02-24,1130.41,11.47,115.8143,53.99
2017-02-27,1130.14,12.09,,54.04
2017-02-28,1129.17,12.92,,54.0
2017-03-01,1140.75,12.54,,53.82
2017-03-02,1146.9,11.81,,52.63
2017-03-03,1156.77,10.96,116.6438,53.33
2017-03-06,1154.36,11.24,,53.19
2017-03-07,1149.87,11.45,,52.68
2017-03-08,1154.69,11.86,,49.83
2017-03-09,1158.12,12.3,,48.75
2017-03-10,1150.37,11.66,116.616,48.05
2017-03-13,1150.37,11.35,,47.95
2017-03-14,1148.54,12.3,,47.24
2017-03-15,1144.16,11.63,,48.34
2017-03-16,1148.54,11.21,,48.3
2017-03-17,1128.67,11.28,115.2783,48.34
2017-03-20,1112.29,11.34,,47.79
2017-03-21,1118.23,12.47,,47.02
2017-03-22,1117.91,12.81,,47.29
2017-03-23,1117.91,13.12,,47.0
2017-03-24,1116.69,12.96,114.6372,47.3
2017-03-27,1108.3,12.5,,47.02
2017-03-28,1111.51,11.53,,48.36
2017-03-29,1112.28,11.42,,49.47
2017-03-30,1114.11,11.54,,50.3
2017-03-31,1117.48,12.37,114.7938,50.54
2017-04-03,1117.65,12.38,,50.25
2017-04-04,1122.61,11.79,,50.99
2017-04-05,1126.58,12.89,,51.14
2017-04-06,1131.21,12.39,,51.69
2017-04-07,1133.89,12.87,115.0547,52.25
2017-04-10,1141.24,14.05,,53.06
2017-04-11,1147.77,15.07,,53.38
2017-04-12,1138.83,15.77,,53.12
2017-04-13,1133.32,15.96,,53.19
2017-04-14,1136.67,,114.5368,
2017-04-17,1134.25,14.66,,52.62
2017-04-18,1143.89,14.42,,52.46
2017-04-19,1142.37,14.93,,50.49
2017-04-20,1136.29,14.15,,50.26
2017-04-21,1134.22,14.63,114.8128,49.64
2017-04-24,1132.19,10.84,,48.9
2017-04-25,1126.54,10.76,,49.22
2017-04-26,1133.17,10.85,,49.22
2017-04-27,1133.83,10.36,,48.96
2017-04-28,1136.99,10.82,114.7877,49.31
2017-05-01,1134.87,10.11,,48.83
2017-05-02,1129.16,10.59,,47.65
2017-05-03,1131.25,10.68,,47.79
2017-05-04,1134.2,10.46,,45.55
2017-05-05,1136.49,10.57,114.7725,46.23
2017-05-08,1132.91,9.77,,46.46
2017-05-09,1134.84,9.96,,45.84
2017-05-10,1132.13,10.21,,47.28
2017-05-11,1127.51,10.6,,47.81
2017-05-12,1121.68,10.4,114.7479,47.83
2017-05-15,1115.01,10.42,,48.86
2017-05-16,1115.0,10.65,,48.64
2017-05-17,1118.67,15.59,,49.04
2017-05-18,1129.17,14.66,,49.36
2017-05-19,1116.71,12.04,113.7001,50.32
2017-05-22,1114.71,10.93,,50.81
2017-05-23,1125.02,10.72,,51.12
2017-05-24,1122.83,10.02,,50.99
2017-05-25,1119.71,9.99,,48.57
2017-05-26,1118.67,9.81,113.4839,49.58
2017-05-30,1122.87,10.38,,49.63
2017-05-31,1119.58,10.41,,48.29
2017-06-01,1120.85,9.89,,48.32
2017-06-02,1117.49,9.75,113.1908,47.68
2017-06-05,1118.44,10.07,,47.4
2017-06-06,1118.53,10.45,,48.13
2017-06-07,1124.16,10.39,,45.8
2017-06-08,1122.73,10.16,,45.68
2017-06-09,1123.51,10.7,112.9562,45.82
2017-06-12,1130.55,11.46,,46.1
2017-06-13,1127.79,10.42,,46.41
2017-06-14,1116.45,10.64,,44.79
2017-06-15,1129.91,10.9,,44.47
2017-06-16,1133.2,10.38,112.6155,44.73
2017-06-19,1134.69,10.37,,44.24
2017-06-20,1141.33,10.86,,43.34
2017-06-21,1143.01,10.75,,42.48
2017-06-22,1143.01,10.48,,42.53
2017-06-23,1132.99,10.02,112.8665,42.86
2017-06-26,1132.48,9.9,,43.24
2017-06-27,1137.77,11.06,,44.25
2017-06-28,1141.91,10.03,,44.74
2017-06-29,1144.07,11.44,,44.88
2017-06-30,1143.75,11.18,111.9896,46.02
2017-07-03,1149.26,11.22,,
2017-07-05,1153.06,11.07,,45.11
2017-07-06,1156.55,12.54,,45.52
2017-07-07,1153.85,11.19,112.3137,44.25
2017-07-10,1149.35,11.11,,44.4
2017-07-11,1149.83,10.89,,45.06
2017-07-12,1138.32,10.3,,45.48
2017-07-13,1137.22,9.9,,46.06
2017-07-14,1127.79,9.51,110.9075,46.53
2017-07-17,1127.74,9.82,,46.02
2017-07-18,1123.69,9.89,,46.4
2017-07-19,1122.92,9.79,,47.1
2017-07-20,1120.77,9.58,,46.73
2017-07-21,1117.47,9.36,110.191,45.78
2017-07-24,1113.82,9.43,,46.21
2017-07-25,1117.02,9.43,,47.77
2017-07-26,1117.76,9.6,,48.58
2017-07-27,1115.15,10.11,,49.05
2017-07-28,1121.49,10.29,109.92,49.72
2017-07-31,1121.86,10.26,,50.21
2017-08-01,1121.09,10.09,,49.19
2017-08-02,1121.55,10.28,,49.6
2017-08-03,1127.73,10.44,,49.03
2017-08-04,1128.02,10.03,110.2808,49.57
2017-08-07,1127.39,9.93,,49.37
2017-08-08,1125.6,10.96,,49.07
2017-08-09,1138.69,11.11,,49.59
2017-08-10,1144.36,16.04,,48.54
2017-08-11,1141.57,15.51,110.0422,48.81
2017-08-14,1137.22,12.33,,47.59
2017-08-15,1135.47,12.04,,47.57
2017-08-16,1137.75,11.74,,46.8
2017-08-17,1138.23,15.55,,47.07
2017-08-18,1139.83,14.26,110.041,48.59
2017-08-21,1137.14,13.19,,47.39
2017-08-22,1131.79,11.35,,47.65
2017-08-23,1128.59,12.25,,48.45
2017-08-24,1127.8,12.23,,47.24
2017-08-25,1121.73,11.28,109.3415,47.65
2017-08-28,1117.75,11.32,,46.4
2017-08-29,1122.5,11.7,,46.46
2017-08-30,1122.05,11.22,,45.96
2017-08-31,1122.36,10.59,,47.26
2017-09-01,1119.12,10.13,109.0504,47.32
2017-09-05,1130.01,12.23,,48.63
2017-09-06,1132.49,11.63,,49.13
2017-09-07,1125.49,11.55,,49.1
2017-09-08,1133.08,12.12,107.808,47.44
2017-09-11,1129.75,10.73,,48.06
2017-09-12,1126.56,10.58,,48.21
2017-09-13,1129.37,10.5,,49.3
2017-09-14,1132.59,10.44,,49.86
2017-09-15,1130.68,10.17,108.3147,49.9
2017-09-18,1127.07,10.15,,49.88
2017-09-19,1128.83,10.18,,49.54
2017-09-20,1125.53,9.78,,50.29
2017-09-21,1130.87,9.67,,50.58
2017-09-22,1130.39,9.59,108.7542,50.33
2017-09-25,1134.59,10.21,,51.85
2017-09-26,1136.29,10.17,,51.59
2017-09-27,1141.62,9.87,,52.14
2017-09-28,1145.08,9.55,,51.62
2017-09-29,1142.57,9.51,110.0867,51.67
2017-10-02,1146.18,9.45,,50.59
2017-10-03,1140.5,9.51,,50.44
2017-10-04,1140.44,9.63,,50.0
2017-10-05,1139.03,9.19,,50.79
2017-10-06,1143.46,9.65,110.7841,49.34
2017-10-09,,10.33,,49.58
2017-10-10,1132.08,10.08,,50.93
2017-10-11,1131.04,9.85,,51.3
2017-10-12,1129.71,9.91,,50.61
2017-10-13,1125.01,9.61,110.2669,51.43
2017-10-16,1127.72,9.91,,51.86
2017-10-17,1129.86,10.31,,51.87
2017-10-18,1130.94,10.07,,52.05
2017-10-19,1129.06,10.05,,51.29
2017-10-20,1130.69,9.97,111.0375,51.63
2017-10-23,1129.73,11.07,,51.91
2017-10-24,1128.36,11.16,,52.32
2017-10-25,1126.49,11.23,,51.97
2017-10-26,1123.0,11.3,,52.41
2017-10-27,1124.79,9.8,112.1495,53.92
2017-10-30,1124.79,10.5,,54.11
2017-10-31,1115.68,10.18,,54.36
2017-11-01,1110.03,10.2,,54.32
2017-11-02,1111.54,9.93,,54.55
2017-11-03,1114.86,9.14,111.9383,55.63
2017-11-06,1110.09,9.4,,57.34
2017-11-07,1113.1,9.89,,57.19
2017-11-08,1111.14,9.78,,56.82
2017-11-09,1118.13,10.5,,57.16
2017-11-10,,11.29,111.5626,56.75
2017-11-13,1119.96,11.5,,56.77
2017-11-14,1113.65,11.59,,55.67
2017-11-15,1103.9,13.13,,55.28
2017-11-16,1094.49,11.76,,55.14
2017-11-17,1093.15,11.43,111.0016,56.21
2017-11-20,1093.15,10.65,,56.21
2017-11-21,1088.1,9.73,,56.84
2017-11-22,1085.66,9.88,,57.88
2017-11-24,1082.59,9.67,110.0253,58.94
2017-11-27,1088.36,9.87,,58.1
2017-11-28,1079.87,10.03,,57.96
2017-11-29,1079.33,10.7,,57.25
2017-11-30,1084.79,11.28,,57.4
2017-12-01,1082.36,11.43,110.1413,58.35
2017-12-04,1082.36,11.68,,57.48
2017-12-05,1086.85,11.33,,57.66
2017-12-06,1094.55,11.02,,55.79
2017-12-07,1090.68,10.16,,56.5
2017-12-08,1092.03,9.58,111.2273,57.15
2017-12-11,1092.03,9.34,,57.84
2017-12-12,1090.09,9.92,,57.12
2017-12-13,1088.01,10.18,,56.59
2017-12-14,1088.09,10.49,,57.0
2017-12-15,1086.39,9.42,111.1286,57.29
2017-12-18,1084.28,9.53,,57.17
2017-12-19,1084.29,10.03,,57.49
2017-12-20,1078.14,9.72,,58.09
2017-12-21,1078.08,9.62,,58.34
2017-12-22,1076.87,9.9,111.0997,58.25
2017-12-26,1073.75,10.25,,59.55
2017-12-27,1073.13,10.47,,59.67
2017-12-28,1068.64,10.18,,59.84
2017-12-29,1067.42,11.04,110.0783,60.46
2018-01-02,1059.39,9.77,,60.37
2018-01-03,1063.11,9.15,,61.61
2018-01-04,1061.5,9.22,,61.98
2018-01-05,1060.07,9.22,109.3496,61.49
2018-01-08,1066.26,9.52,,61.73
2018-01-09,1068.8,10.08,,62.92
2018-01-10,1067.55,9.82,,63.6
2018-01-11,1062.67,9.88,,63.81
2018-01-12,1062.09,10.16,108.901,64.22
2018-01-16,1064.19,11.66,,63.82
2018-01-17,1066.72,11.91,,63.92
2018-01-18,1069.35,12.22,,63.96
2018-01-19,1065.81,11.27,107.9455,63.38
2018-01-22,1068.06,11.03,,63.66
2018-01-23,1072.59,11.1,,64.45
2018-01-24,1065.39,11.47,,65.69
2018-01-25,1057.57,11.58,,65.62
2018-01-26,1064.12,11.08,106.6911,66.27
2018-01-29,1071.28,13.84,,65.71
2018-01-30,1073.61,14.79,,64.64
2018-01-31,1068.33,13.54,,64.82
2018-02-01,1069.33,13.47,,65.92
2018-02-02,1086.21,17.31,107.1151,65.5
2018-02-05,1086.79,37.32,,64.18
2018-02-06,1081.2,29.98,,63.48
2018-02-07,1082.56,27.73,,61.91
2018-02-08,1093.04,33.46,,61.3
2018-02-09,1087.99,29.06,108.2582,59.2
2018-02-12,1082.27,25.61,,59.41
2018-02-13,1083.07,24.97,,59.33
2018-02-14,1076.71,19.26,,60.7
2018-02-15,1065.69,19.13,,61.48
2018-02-16,1065.27,19.46,107.0359,61.89
2018-02-20,1072.85,20.6,,61.91
2018-02-21,1076.11,20.02,,61.73
2018-02-22,1077.61,18.72,,62.72
2018-02-23,1075.77,16.49,107.6804,63.52
2018-02-26,1069.0,15.8,,63.81
2018-02-27,1077.43,18.59,,62.94
2018-02-28,1082.12,19.85,,61.43
2018-03-01,1081.33,22.47,,60.98
2018-03-02,1080.25,19.59,108.5358,61.19
2018-03-05,1076.75,18.73,,62.49
2018-03-06,1061.53,18.36,,62.54
2018-03-07,1067.93,17.76,,61.09
2018-03-08,1074.21,16.54,,60.13
2018-03-09,1066.59,14.64,107.923,62.02
2018-03-12,1063.7,15.78,,61.35
2018-03-13,1062.14,16.35,,60.69
2018-03-14,1063.38,17.23,,60.89
2018-03-15,1065.89,16.59,,61.16
2018-03-16,1068.4,15.8,108.4332,62.29
2018-03-19,1072.29,19.02,,62.01
2018-03-20,1070.61,18.2,,63.37
2018-03-21,1070.51,17.86,,65.1
2018-03-22,1079.51,23.34,,64.25
2018-03-23,1081.29,24.87,107.7495,65.8
2018-03-26,1076.87,21.03,,65.49
2018-03-27,1071.21,22.5,,65.21
2018-03-28,1063.03,22.87,,64.3
2018-03-29,1060.31,19.97,,64.87
2018-03-30,1060.99,,107.4784,
2018-04-02,1056.03,23.62,,63.05
2018-04-03,1054.63,21.1,,63.41
2018-04-04,1059.5,20.06,,63.35
2018-04-05,1061.56,18.94,,63.53
2018-04-06,1068.73,21.49,107.7886,62.03
2018-04-09,1067.11,21.77,,63.4
2018-04-10,1064.53,20.47,,65.48
2018-04-11,1066.76,20.24,,66.81
2018-04-12,1069.84,18.49,,67.07
2018-04-13,1070.55,17.41,107.2368,67.35
2018-04-16,1071.59,16.56,,66.23
2018-04-17,1066.56,15.25,,66.5
2018-04-18,1064.51,15.6,,68.44
2018-04-19,1065.68,15.96,,68.3
2018-04-20,1071.0,16.88,108.1787,68.26
2018-04-23,1077.72,16.34,,67.61
2018-04-24,1074.8,18.02,,67.66
2018-04-25,1082.99,17.84,,68.0
2018-04-26,1078.2,16.24,,68.18
2018-04-27,1067.59,15.41,109.1735,68.11
2018-04-30,1069.07,15.93,,68.56
2018-05-01,1071.91,15.49,,67.28
2018-05-02,1076.52,15.97,,67.91
2018-05-03,1078.33,15.9,,68.45
2018-05-04,1074.09,14.77,110.25,69.71
2018-05-07,1079.72,14.75,,70.74
2018-05-08,1078.35,14.71,,68.83
2018-05-09,1078.22,13.42,,71.16
2018-05-10,1065.41,13.23,,71.36
2018-05-11,1067.14,12.65,110.2847,70.69
2018-05-14,1068.83,12.93,,71.01
2018-05-15,1076.46,14.63,,71.34
2018-05-16,1076.66,13.42,,71.43
2018-05-17,1082.37,13.43,,71.47
2018-05-18,1080.91,13.42,111.7171,71.23
2018-05-21,1079.33,13.08,,72.26
2018-05-22,1073.3,13.22,,72.09
2018-05-23,1078.88,12.58,,71.85
2018-05-24,1082.77,12.53,,70.77
2018-05-25,1076.35,13.22,111.5843,67.92
2018-05-29,1082.59,17.02,,66.8
2018-05-30,1077.62,14.94,,68.24
2018-05-31,1080.75,15.43,,66.98
2018-06-01,1071.27,13.46,111.8265,65.81
2018-06-04,1070.13,12.74,,64.76
2018-06-05,1071.86,12.4,,65.51
2018-06-06,1065.9,11.64,,64.75
2018-06-07,1071.11,12.13,,65.96
2018-06-08,1075.0,12.18,112.1066,65.77
2018-06-11,1075.08,12.35,,66.1
2018-06-12,1077.14,12.34,,66.38
2018-06-13,1082.59,12.94,,66.63
2018-06-14,1084.06,12.12,,66.91
2018-06-15,1101.89,11.98,113.3379,65.01
2018-06-18,1105.07,12.31,,65.91
2018-06-19,1110.64,13.35,,65.09
2018-06-20,1107.42,12.79,,65.92
2018-06-21,1110.01,14.64,,65.68
2018-06-22,1114.49,13.77,113.3047,69.02
2018-06-25,1114.4,17.33,,69.91
2018-06-26,1118.08,15.92,,75.23
2018-06-27,1121.57,17.91,,77.41
2018-06-28,1121.96,16.85,,73.45
2018-06-29,1111.79,16.09,113.2586,74.13
2018-07-02,1119.31,15.6,,73.89
2018-07-03,1114.41,16.14,,74.19
2018-07-05,1118.2,14.97,,73.05
2018-07-06,1114.98,13.37,112.6428,73.78
2018-07-09,1111.38,12.69,,73.93
2018-07-10,1113.81,12.64,,74.11
2018-07-11,1122.1,13.63,,70.47
2018-07-12,1121.38,12.58,,70.28
2018-07-13,1130.3,12.18,113.0705,71.03
2018-07-16,1127.81,12.83,,68.22
2018-07-17,1125.63,12.06,,68.03
2018-07-18,1130.76,12.1,,68.78
2018-07-19,1136.38,12.87,,69.42
2018-07-20,1128.16,12.86,113.3213,70.31
2018-07-23,1134.45,12.62,,67.9
2018-07-24,1127.39,12.41,,70.77
2018-07-25,1122.59,12.29,,71.13
2018-07-26,1121.72,12.14,,71.59
2018-07-27,1115.77,13.03,112.8125,68.66
2018-07-30,1116.98,14.26,,71.19
2018-07-31,1112.75,12.83,,69.88
2018-08-01,1118.15,13.15,,68.8
2018-08-02,1126.91,12.19,,68.95
2018-08-03,1122.68,11.64,113.012,68.49
2018-08-06,1125.9,11.27,,69.01
2018-08-07,1118.0,10.93,,69.17
2018-08-08,1119.01,10.85,,66.92
2018-08-09,1119.0,11.27,,66.81
2018-08-10,1130.19,13.16,114.3005,67.61
2018-08-13,1133.19,14.78,,67.25
2018-08-14,1128.9,13.31,,67.04
2018-08-15,1135.3,14.64,,65.07
2018-08-16,1125.35,13.45,,65.44
2018-08-17,1123.2,12.64,114.5339,65.93
2018-08-20,1121.3,12.49,,66.5
2018-08-21,1117.41,12.86,,67.32
2018-08-22,1117.0,12.25,,67.85
2018-08-23,1123.37,12.41,,69.13
2018-08-24,1113.3,11.99,113.5985,69.71
2018-08-27,1107.69,12.16,,69.97
2018-08-28,1105.14,12.5,,68.54
2018-08-29,1109.2,12.25,,69.68
2018-08-30,1113.13,13.53,,70.25
2018-08-31,1116.5,12.86,114.2755,69.84
2018-09-04,1117.5,13.16,,69.82
2018-09-05,1121.0,13.91,,68.69
2018-09-06,1122.4,14.65,,67.81
2018-09-07,1123.5,14.88,114.5816,67.73
2018-09-10,1127.9,14.16,,67.55
2018-09-11,1126.17,13.22,,69.29
2018-09-12,1121.62,13.14,,70.37
2018-09-13,1120.9,12.37,,68.6
2018-09-14,1119.0,12.07,114.0657,68.98
2018-09-17,1124.71,13.68,,68.86
2018-09-18,1122.18,12.79,,69.87
2018-09-19,1120.61,11.75,,71.08
2018-09-20,1119.58,11.8,,70.77
2018-09-21,1114.3,11.68,113.5099,70.8
2018-09-24,1119.28,12.2,,73.23
2018-09-25,1118.12,12.42,,73.4
2018-09-26,1114.64,12.89,,72.22
2018-09-27,1113.41,12.41,,72.18
2018-09-28,1109.76,12.12,113.8077,73.16
2018-10-01,1112.53,12.0,,75.37
2018-10-02,1112.43,12.05,,75.16
2018-10-03,1121.42,11.61,,76.4
2018-10-04,1130.78,14.22,,74.44
2018-10-05,1131.25,14.82,114.561,74.26
2018-10-08,,15.69,,74.27
2018-10-09,1132.87,15.95,,74.95
2018-10-10,1138.9,22.96,,73.18
2018-10-11,1134.16,24.98,,70.97
2018-10-12,1130.82,21.31,114.3691,71.41
2018-10-15,1129.3,21.3,,71.84
2018-10-16,1123.88,17.62,,71.93
2018-10-17,1126.2,17.4,,69.63
2018-10-18,1138.06,20.06,,68.63
2018-10-19,1131.13,19.89,114.8567,69.16
2018-10-22,1132.7,19.64,,69.25
2018-10-23,1137.53,20.71,,66.49
2018-10-24,1136.66,25.23,,66.56
2018-10-25,1134.9,24.22,,67.25
2018-10-26,1141.74,24.16,115.473,67.58
2018-10-29,1139.81,24.7,,67.0
2018-10-30,1137.68,23.35,,66.18
2018-10-31,1140.78,21.23,,65.31
2018-11-01,1126.19,19.34,,63.67
2018-11-02,1117.72,19.51,115.643,63.12
2018-11-05,1122.13,19.96,,63.12
2018-11-06,1121.31,19.91,,62.16
2018-11-07,1117.52,16.36,,61.69
2018-11-08,1118.99,16.72,,60.71
2018-11-09,1131.4,17.36,116.4778,60.19
2018-11-12,,20.45,,59.85
2018-11-13,1132.29,20.02,,55.63
2018-11-14,1132.1,21.25,,56.16
2018-11-15,1127.2,19.98,,56.45
2018-11-16,1124.81,18.14,115.9258,56.49
2018-11-19,1126.08,20.1,,57.16
2018-11-20,1128.53,22.48,,53.39
2018-11-21,1127.3,20.8,,54.41
2018-11-23,1130.9,21.52,116.4713,
2018-11-26,1126.69,18.9,,51.46
2018-11-27,1129.41,19.02,,51.31
2018-11-28,1127.81,18.49,,50.06
2018-11-29,1119.91,18.79,,51.46
2018-11-30,1118.61,18.07,116.413,50.78
2018-12-03,1110.2,16.44,,52.98
2018-12-04,1108.82,20.74,,53.21
2018-12-05,,,,52.64
2018-12-06,1122.07,21.19,,51.54
2018-12-07,1121.8,23.23,116.0847,52.76
2018-12-10,1128.3,22.64,,51.07
2018-12-11,1128.6,21.76,,51.65
2018-12-12,1124.51,21.46,,51.04
2018-12-13,1124.73,20.65,,52.69
2018-12-14,1133.2,21.63,116.79,51.26
2018-12-17,1130.17,24.52,,49.8
2018-12-18,1127.76,25.58,,46.12
2018-12-19,1120.96,25.58,,47.96
2018-12-20,1123.87,28.38,,45.64
2018-12-21,1125.3,30.11,116.2227,45.38
2018-12-24,,36.07,,
2018-12-26,1124.23,30.41,,46.04
2018-12-27,1121.37,29.96,,44.48
2018-12-28,1114.9,28.34,115.7232,45.15
2018-12-31,1112.85,25.42,,
2019-01-02,1119.11,23.22,,46.31
2019-01-03,1124.64,25.45,,46.92
2019-01-04,1116.73,21.38,114.9821,47.76
2019-01-07,1117.5,21.4,,48.27
2019-01-08,1122.93,20.47,,49.58
2019-01-09,1117.7,19.98,,52.19
2019-01-10,1116.1,19.5,,52.42
2019-01-11,1117.18,18.19,114.0404,51.44
2019-01-14,,19.07,,50.31
2019-01-15,1122.59,18.6,,51.8
2019-01-16,1119.1,19.04,,52.08
2019-01-17,1123.34,18.06,,51.83
2019-01-18,1122.8,17.8,114.558,53.6
2019-01-22,1129.52,20.8,,52.59
2019-01-23,1127.89,19.52,,52.44
2019-01-24,1126.33,18.89,,52.94
2019-01-25,1117.58,17.42,114.0197,53.53
2019-01-28,1118.7,18.87,,51.79
2019-01-29,1117.75,19.13,,53.07
2019-01-30,1117.29,17.66,,54.18
2019-01-31,1111.82,16.57,,53.84
2019-02-01,1118.31,16.14,113.7548,55.29
2019-02-04,1119.15,15.73,,54.57
2019-02-05,1117.2,15.57,,53.69
2019-02-06,1119.35,15.38,,53.94
2019-02-07,1124.11,16.37,,52.68
2019-02-08,1123.14,15.72,114.5003,52.75
2019-02-11,1126.05,15.97,,52.43
2019-02-12,1122.27,15.43,,53.14
2019-02-13,1123.32,15.65,,53.84
2019-02-14,1128.0,16.22,,54.4
2019-02-15,1125.59,14.91,114.9923,55.58
2019-02-19,1124.54,14.88,,56.12
2019-02-20,,14.02,,56.9
2019-02-21,1125.53,14.46,,56.95
2019-02-22,1121.07,13.51,114.2716,57.01
2019-02-25,1116.1,14.85,,55.32
2019-02-26,1116.88,15.17,,55.4
2019-02-27,1117.74,14.7,,56.92
2019-02-28,1124.65,14.78,,57.21
2019-03-01,1126.76,13.57,114.537,55.76
2019-03-04,1126.73,14.63,,56.6
2019-03-05,1126.46,14.74,,56.55
2019-03-06,1127.18,15.74,,56.22
2019-03-07,1133.18,16.59,,56.6
2019-03-08,1131.74,16.05,115.3599,55.77
2019-03-11,1133.05,14.33,,56.79
2019-03-12,1127.89,13.77,,56.89
2019-03-13,1130.47,13.41,,58.27
2019-03-14,1135.05,13.5,,58.59
2019-03-15,1134.44,12.88,114.5815,58.51
2019-03-18,1131.74,13.1,,59.09
2019-03-19,1129.0,13.56,,59.12
2019-03-20,1128.25,13.91,,60.12
2019-03-21,1128.4,13.63,,59.98
2019-03-22,1136.8,16.48,114.6856,58.87
2019-03-25,1131.88,16.33,,58.71
2019-03-26,1133.55,14.68,,59.87
2019-03-27,1138.09,15.15,,59.39
2019-03-28,1136.65,14.43,,59.29
2019-03-29,1136.3,13.71,115.1371,60.19
2019-04-01,1133.0,13.4,,61.59
2019-04-02,1137.16,13.36,,62.53
2019-04-03,1134.29,13.74,,62.46
2019-04-04,1136.05,13.58,,62.12
2019-04-05,1136.87,12.82,114.9726,63.1
2019-04-08,1143.25,13.18,,64.37
2019-04-09,1140.25,14.28,,64.05
2019-04-10,1137.26,13.3,,64.62
2019-04-11,1140.73,13.02,,63.61
2019-04-12,1133.0,12.01,114.3531,63.86
2019-04-15,1133.6,12.32,,63.43
2019-04-16,1136.13,12.18,,64.01
2019-04-17,1131.7,12.6,,63.74
2019-04-18,1136.2,12.09,,64.02
2019-04-19,1135.4,,114.6977,
2019-04-22,1140.52,12.42,,65.66
2019-04-23,1143.22,12.28,,66.24
2019-04-24,1155.65,13.14,,65.96
2019-04-25,1160.15,13.25,,65.23
2019-04-26,1158.1,12.73,115.4767,63.29
2019-04-29,1160.0,13.11,,63.39
2019-04-30,1165.1,13.12,,63.83
2019-05-01,1161.61,14.8,,63.55
2019-05-02,1166.62,14.42,,61.75
2019-05-03,1165.95,12.87,115.2646,61.98
2019-05-06,1169.2,15.44,,62.3
2019-05-07,1172.5,19.32,,61.41
2019-05-08,1170.2,19.4,,62.13
2019-05-09,1183.1,19.1,,61.58
2019-05-10,1176.62,16.04,115.5334,61.65
2019-05-13,1186.94,20.55,,60.97
2019-05-14,1186.94,18.06,,61.82
2019-05-15,1188.74,16.44,,62.03
2019-05-16,1190.52,15.29,,62.93
2019-05-17,1195.07,15.96,116.448,62.77
2019-05-20,1193.81,16.31,,63.12
2019-05-21,1194.31,14.95,,63.02
2019-05-22,1194.36,14.75,,61.42
2019-05-23,1189.31,16.92,,57.65
2019-05-24,1186.2,15.85,116.0806,58.4
2019-05-28,1186.66,17.5,,58.91
2019-05-29,1186.66,17.9,,58.84
2019-05-30,1189.14,17.3,,56.47
2019-05-31,1190.5,18.71,116.7273,53.49
2019-06-03,1180.97,18.86,,53.25
2019-06-04,1180.58,16.97,,53.5
2019-06-05,1178.24,16.09,,51.57
2019-06-06,1179.51,15.93,,52.59
2019-06-07,1181.27,16.3,115.7368,53.95
2019-06-10,1185.01,15.94,,53.33
2019-06-11,1178.88,15.99,,53.3
2019-06-12,1182.82,15.91,,51.13
2019-06-13,1183.23,15.82,,52.38
2019-06-14,1184.7,15.28,115.9057,52.47
2019-06-17,1186.53,15.35,,51.94
2019-06-18,1185.37,15.15,,53.86
2019-06-19,1185.37,14.33,,53.74
2019-06-20,1159.05,14.75,,56.88
2019-06-21,1163.25,15.4,114.8377,57.35
2019-06-24,1156.14,15.26,,57.73
2019-06-25,1155.97,16.28,,57.63
2019-06-26,1156.36,16.21,,59.17
2019-06-27,1157.86,15.82,,59.18
2019-06-28,1154.58,15.08,114.5821,58.2
2019-07-01,1158.5,14.06,,58.91
2019-07-02,1166.31,12.93,,56.0
2019-07-03,1171.14,12.57,,57.06
2019-07-05,1170.26,13.28,115.1132,
2019-07-08,1181.31,13.96,,57.35
2019-07-09,1180.2,14.09,,57.57
2019-07-10,1181.58,13.03,,60.28
2019-07-11,1173.35,12.93,,59.93
2019-07-12,1178.71,12.39,114.7685,59.99
2019-07-15,1179.04,12.68,,59.3
2019-07-16,1177.31,12.86,,57.44
2019-07-17,1181.09,13.97,,56.5
2019-07-18,1178.29,13.53,,55.08
2019-07-19,1173.92,14.45,114.8695,55.42
2019-07-22,1178.17,13.53,,55.87
2019-07-23,1178.72,12.61,,56.58
2019-07-24,1177.54,12.07,,55.9
2019-07-25,1181.17,12.74,,55.88
2019-07-26,1184.51,12.16,115.5449,56.04
2019-07-29,1183.36,12.83,,56.85
2019-07-30,1181.94,13.94,,58.04
2019-07-31,1182.74,16.12,,58.53
2019-08-01,1187.0,17.87,,53.64
2019-08-02,1196.59,17.61,116.1864,55.67
2019-08-05,1215.5,24.59,,54.63
2019-08-06,1214.83,20.17,,53.6
2019-08-07,1214.46,19.49,,51.14
2019-08-08,1208.77,16.91,,52.6
2019-08-09,1214.15,17.97,116.4419,54.41
2019-08-12,1215.7,21.09,,54.98
2019-08-13,1220.7,17.52,,57.05
2019-08-14,1212.44,22.1,,55.16
2019-08-15,1214.34,21.18,,54.51
2019-08-16,1205.75,18.47,117.0786,54.83
2019-08-19,1210.6,16.88,,56.24
2019-08-20,1207.93,17.5,,56.18
2019-08-21,1202.0,15.8,,55.65
2019-08-22,1206.96,16.68,,55.33
2019-08-23,1210.5,19.87,117.3009,54.08
2019-08-26,1217.51,19.32,,53.54
2019-08-27,1211.38,20.31,,54.99
2019-08-28,1213.75,19.35,,55.76
2019-08-29,1216.14,17.88,,56.67
2019-08-30,1211.32,18.98,118.1575,55.07
2019-09-03,1212.44,19.66,,53.91
2019-09-04,1207.84,17.33,,56.22
2019-09-05,1200.18,16.27,,56.33
2019-09-06,1196.81,15.0,117.1292,56.45
2019-09-09,1192.33,15.27,,57.88
2019-09-10,1191.22,15.2,,57.37
2019-09-11,1191.51,14.61,,55.66
2019-09-12,1180.7,14.22,,55.13
2019-09-13,1176.62,13.74,116.7677,54.76
2019-09-16,1182.96,14.67,,63.1
2019-09-17,1186.1,14.44,,59.26
2019-09-18,1191.51,13.95,,58.19
2019-09-19,1193.87,14.05,,58.19
2019-09-20,1188.16,15.32,117.1819,57.92
2019-09-23,1195.48,14.91,,58.69
2019-09-24,1196.52,17.05,,57.22
2019-09-25,1200.17,15.96,,56.38
2019-09-26,1201.99,16.07,,56.24
2019-09-27,1200.03,17.22,117.7218,55.95
2019-09-30,1195.85,16.24,,54.09
2019-10-01,1198.96,18.56,,53.6
2019-10-02,1205.47,20.56,,52.67
2019-10-03,1204.67,19.12,,52.41
2019-10-04,1192.93,17.04,117.5288,52.84
2019-10-07,1196.49,17.86,,52.76
2019-10-08,1193.24,20.28,,52.64
2019-10-09,1197.29,18.64,,52.63
2019-10-10,1190.06,17.57,,53.57
2019-10-11,1195.61,15.58,116.8239,54.76
2019-10-14,,14.57,,53.57
2019-10-15,1184.67,13.54,,52.81
2019-10-16,1186.38,13.68,,53.42
2019-10-17,1179.05,13.79,,53.89
2019-10-18,1181.06,14.25,116.1344,53.75
2019-10-21,1172.57,14.0,,53.28
2019-10-22,1170.49,14.46,,54.21
2019-10-23,1172.07,14.01,,55.9
2019-10-24,1173.19,13.71,,56.11
2019-10-25,1171.58,12.65,116.0774,56.52
2019-10-28,1170.17,13.11,,55.6
2019-10-29,1163.03,13.2,,55.34
2019-10-30,1167.76,12.33,,54.85
2019-10-31,1169.1,13.22,,54.02
2019-11-01,1165.45,12.3,115.7312,56.04
2019-11-04,1159.29,12.83,,56.33
2019-11-05,1157.64,13.1,,57.04
2019-11-06,1156.73,12.62,,56.15
2019-11-07,1154.44,12.73,,56.91
2019-11-08,1157.14,12.07,116.3436,57.02
2019-11-11,,12.69,,
2019-11-12,1160.8,12.68,,56.67
2019-11-13,1167.76,13.0,,56.88
2019-11-14,1169.82,13.05,,56.57
2019-11-15,1166.98,12.05,116.4401,57.54
2019-11-18,1163.76,12.46,,56.82
2019-11-19,1167.13,12.86,,54.93
2019-11-20,1169.8,12.78,,56.71
2019-11-21,1175.71,13.13,,58.36
2019-11-22,1179.33,12.34,116.9137,57.68
2019-11-25,1173.09,11.87,,57.79
2019-11-26,1175.59,11.54,,58.25
2019-11-27,1176.89,11.75,,58.12
2019-11-29,1181.33,12.62,117.1204,58.12
2019-12-02,1182.84,14.91,,55.97
2019-12-03,1190.31,15.96,,56.15
2019-12-04,1194.45,14.8,,58.46
2019-12-05,1189.23,14.52,,58.42
2019-12-06,1189.86,13.62,116.5381,59.2
2019-12-09,1189.45,15.86,,58.99
2019-12-10,1191.01,15.68,,59.22
2019-12-11,1192.2,14.99,,58.74
2019-12-12,1186.41,13.94,,59.18
2019-12-13,1171.97,12.63,115.6967,60.11
2019-12-16,1171.8,12.14,,60.21
2019-12-17,1165.81,12.29,,60.88
2019-12-18,1168.02,12.58,,60.93
2019-12-19,1165.04,12.5,,61.3
2019-12-20,1160.3,12.51,115.7598,60.43
2019-12-23,1163.64,12.61,,60.51
2019-12-24,1163.21,12.67,,61.17
2019-12-26,1161.18,12.65,,61.72
2019-12-27,1160.87,13.43,115.22,61.76
2019-12-30,1155.75,14.82,,61.66
2019-12-31,1155.46,13.78,,61.14
2020-01-02,1157.95,12.47,,61.17
2020-01-03,1165.15,14.02,114.9867,63.0
2020-01-06,1167.49,13.85,,63.27
2020-01-07,1166.21,13.79,,62.7
2020-01-08,1170.61,13.45,,59.65
2020-01-09,1158.63,12.54,,59.56
2020-01-10,1161.18,12.56,115.0677,59.02
2020-01-13,1156.25,12.32,,58.17
2020-01-14,1156.28,12.39,,58.34
2020-01-15,1156.84,12.42,,57.86
2020-01-16,1160.86,12.32,,58.52
2020-01-17,1159.08,12.1,115.0656,58.55
2020-01-21,1166.56,12.85,,58.25
2020-01-22,1165.68,12.91,,56.76
2020-01-23,1168.38,12.98,,55.51
2020-01-24,1166.91,14.56,115.5556,54.09
2020-01-27,1176.2,18.23,,53.09
2020-01-28,1176.23,16.28,,53.33
2020-01-29,1176.98,16.39,,53.29
2020-01-30,1191.94,15.49,,52.19
2020-01-31,1191.3,18.84,115.7345,51.58
2020-02-03,1194.8,17.97,,50.06
2020-02-04,1184.51,16.05,,49.59
2020-02-05,1187.25,15.15,,50.87
2020-02-06,1179.64,14.96,,50.94
2020-02-07,1186.24,15.47,116.5086,50.34
2020-02-10,1186.96,15.04,,49.59
2020-02-11,1181.32,15.18,,50.0
2020-02-12,1178.98,13.74,,51.13
2020-02-13,1182.02,14.15,,51.41
2020-02-14,1183.2,13.68,116.4223,52.03
2020-02-18,1190.6,14.83,,52.1
2020-02-19,1191.1,14.38,,53.31
2020-02-20,1198.34,15.56,,53.77
2020-02-21,1207.91,17.08,117.0473,53.36
2020-02-24,1218.5,25.03,,51.36
2020-02-25,1214.45,27.85,,49.78
2020-02-26,1213.61,27.56,,48.67
2020-02-27,1217.03,39.16,,47.17
2020-02-28,1214.92,40.11,117.6568,44.83
2020-03-02,1190.89,33.42,,46.78
2020-03-03,1194.66,36.82,,47.27
2020-03-04,1187.54,31.99,,46.78
2020-03-05,1181.11,39.62,,45.9
2020-03-06,1192.0,41.94,116.7106,41.14
2020-03-09,1203.75,54.46,,31.05
2020-03-10,1193.1,47.3,,34.47
2020-03-11,1194.16,53.9,,33.13
2020-03-12,1206.19,75.47,,31.56
2020-03-13,1211.7,57.83,120.4388,31.72
2020-03-16,1225.33,82.69,,28.96
2020-03-17,1240.98,75.91,,26.96
2020-03-18,1245.19,76.45,,20.48
2020-03-19,1250.86,72.0,,25.09
2020-03-20,1250.55,66.04,124.9362,19.48
2020-03-23,1267.25,61.59,,23.33
2020-03-24,1249.88,61.67,,21.03
2020-03-25,1228.15,63.95,,20.75
2020-03-26,1233.47,61.0,,16.6
2020-03-27,1210.49,65.54,122.4007,15.48
2020-03-30,1224.11,57.08,,14.1
2020-03-31,1218.92,53.54,,20.51
2020-04-01,1229.65,57.06,,20.28
2020-04-02,1229.89,50.91,,25.18
2020-04-03,1230.56,46.8,124.4152,28.36
2020-04-06,1224.6,45.24,,26.21
2020-04-07,1220.43,46.7,,23.54
2020-04-08,1220.77,43.35,,24.97
2020-04-09,1219.71,41.67,,22.9
2020-04-10,1211.71,,122.1592,
2020-04-13,1217.72,41.17,,22.36
2020-04-14,1216.85,37.76,,20.15
2020-04-15,1224.55,40.84,,19.96
2020-04-16,1228.21,40.11,,19.82
2020-04-17,1217.81,38.15,122.871,18.31
2020-04-20,1217.29,43.83,,-36.98
2020-04-21,1229.28,45.41,,8.91
2020-04-22,1234.79,41.98,,13.64
2020-04-23,1229.04,41.38,,15.06
2020-04-24,1233.88,35.93,124.1615,15.99
2020-04-27,1224.16,33.29,,12.17
2020-04-28,1224.83,33.57,,12.4
2020-04-29,1219.2,31.23,,15.04
2020-04-30,1203.95,34.15,,19.23
2020-05-01,1223.2,37.19,123.1492,19.72
2020-05-04,1228.81,35.97,,20.47
2020-05-05,1220.13,33.61,,24.56
2020-05-06,1222.03,34.12,,23.88
2020-05-07,1224.76,31.44,,23.68
2020-05-08,1216.47,27.98,122.5379,24.73
2020-05-11,1220.2,27.57,,24.02
2020-05-12,1222.0,33.04,,25.76
2020-05-13,1223.86,35.28,,25.37
2020-05-14,1227.76,32.61,,27.4
2020-05-15,1230.71,31.89,123.5991,29.44
2020-05-18,1232.32,29.3,,31.83
2020-05-19,1225.19,30.53,,32.3
2020-05-20,1230.02,27.99,,33.56
2020-05-21,1230.53,29.53,,34.3
2020-05-22,1236.53,28.16,122.3211,33.49
2020-05-26,1234.24,28.01,,34.7
2020-05-27,1238.03,27.62,,32.8
2020-05-28,1239.28,28.59,,33.67
2020-05-29,1236.61,27.51,120.9458,35.57
2020-06-01,1224.79,28.23,,35.49
2020-06-02,1225.07,26.84,,36.88
2020-06-03,1216.08,25.66,,37.33
2020-06-04,1218.77,25.81,,37.42
2020-06-05,1202.79,24.52,118.8138,39.49
2020-06-08,1197.84,25.81,,38.17
2020-06-09,1197.04,27.57,,38.98
2020-06-10,1189.9,27.57,,39.54
2020-06-11,1196.34,40.79,,36.43
2020-06-12,1204.52,36.09,119.6645,36.24
2020-06-15,1212.21,34.4,,37.07
2020-06-16,1207.26,33.67,,38.26
2020-06-17,1215.02,33.47,,37.91
2020-06-18,1211.65,32.94,,38.79
2020-06-19,1208.38,35.12,120.2186,39.72
2020-06-22,1210.73,31.77,,40.6
2020-06-23,1206.43,31.37,,40.4
2020-06-24,1199.55,33.84,,37.91
2020-06-25,1203.59,32.22,,38.66
2020-06-26,1203.44,34.73,120.533,38.53
2020-06-29,1200.91,31.78,,39.67
2020-06-30,1200.5,30.43,,39.27
2020-07-01,1201.84,28.62,,39.88
2020-07-02,1199.84,27.68,,40.57
2020-07-03,,,119.8555,
2020-07-06,1192.66,27.94,,40.51
2020-07-07,1194.43,29.43,,40.59
2020-07-08,1194.63,28.08,,40.91
2020-07-09,1197.84,29.26,,39.64
2020-07-10,1204.34,27.29,119.3509,40.56
2020-07-13,1200.13,32.19,,40.06
2020-07-14,1205.24,29.52,,40.3
2020-07-15,1201.97,27.76,,41.2
2020-07-16,1202.97,28.0,,40.74
2020-07-17,1203.86,25.68,119.124,40.55
2020-07-20,1202.26,24.46,,40.83
2020-07-21,1194.64,24.84,,41.76
2020-07-22,1194.83,24.32,,41.88
2020-07-23,1198.91,26.08,,40.99
2020-07-24,1203.17,25.84,118.1329,41.23
2020-07-27,1195.94,24.74,,41.46
2020-07-28,1198.15,25.44,,40.89
2020-07-29,1192.98,24.1,,41.13
2020-07-30,1196.3,24.76,,39.85
2020-07-31,1192.68,24.46,117.2082,40.1
2020-08-03,1194.31,24.28,,40.83
2020-08-04,1194.53,23.76,,41.67
2020-08-05,1188.93,22.99,,42.25
2020-08-06,1185.29,22.65,,41.93
2020-08-07,1189.25,22.21,117.6239,41.16
2020-08-10,1186.28,22.13,,41.94
2020-08-11,1184.84,24.03,,41.53
2020-08-12,1184.09,22.28,,42.6
2020-08-13,1183.25,22.13,,42.26
2020-08-14,1186.53,22.05,116.9395,42.05
2020-08-17,1184.17,21.35,,42.89
2020-08-18,1184.74,21.51,,42.89
2020-08-19,1181.06,22.54,,42.91
2020-08-20,1187.66,22.72,,42.62
2020-08-21,1191.84,22.54,117.0572,42.32
2020-08-24,1189.11,22.37,,42.44
2020-08-25,1188.18,22.03,,43.17
2020-08-26,1185.6,23.27,,43.21
2020-08-27,1185.22,24.47,,42.88
2020-08-28,1181.62,22.96,115.9374,42.96
2020-08-31,1187.48,26.41,,42.61
2020-09-01,1182.94,26.12,,42.76
2020-09-02,1189.98,26.57,,42.76
2020-09-03,1188.04,33.6,,41.39
2020-09-04,1190.6,30.75,116.0347,39.69
2020-09-08,1188.69,31.46,,36.87
2020-09-09,1185.12,28.81,,38.05
2020-09-10,1184.41,29.71,,37.25
2020-09-11,1186.55,26.87,116.0866,37.33
2020-09-14,1181.27,25.85,,37.23
2020-09-15,1179.99,25.59,,38.29
2020-09-16,1176.0,26.04,,40.17
2020-09-17,1174.25,26.46,,40.99
2020-09-18,1163.2,25.83,115.2395,41.09
2020-09-21,1166.75,27.78,,39.26
2020-09-22,1164.83,26.86,,39.55
2020-09-23,1164.56,28.58,,39.92
2020-09-24,1170.49,28.51,,40.11
2020-09-25,1172.71,26.38,117.8679,40.06
2020-09-28,1168.08,26.19,,40.47
2020-09-29,1169.67,26.27,,39.03
2020-09-30,1165.97,26.37,,40.05
2020-10-01,1163.05,26.7,,38.51
2020-10-02,1166.08,27.63,116.7321,36.9
2020-10-05,1157.77,27.96,,39.12
2020-10-06,1162.0,29.48,,40.52
2020-10-07,1158.41,28.06,,39.82
2020-10-08,1152.44,26.36,,41.04
2020-10-09,1143.46,25.0,115.2757,40.44
2020-10-12,,25.07,,39.22
2020-10-13,1147.4,26.07,,40.03
2020-10-14,1146.58,26.4,,40.86
2020-10-15,1143.03,26.97,,40.84
2020-10-16,1146.82,27.41,115.7679,40.7
2020-10-19,1141.76,29.18,,40.69
2020-10-20,1138.65,29.35,,41.37
2020-10-21,1132.11,28.65,,39.88
2020-10-22,1135.26,28.11,,40.46
2020-10-23,1129.77,27.55,115.0126,39.73
2020-10-26,1127.77,32.46,,38.39
2020-10-27,1127.9,33.35,,39.34
2020-10-28,1133.76,40.28,,37.27
2020-10-29,1131.12,37.59,,35.94
2020-10-30,1133.99,38.02,116.1354,35.64
2020-11-02,1134.62,37.13,,36.6
2020-11-03,1134.3,35.55,,37.44
2020-11-04,1137.37,29.57,,38.97
2020-11-05,1122.96,27.58,,38.56
2020-11-06,1121.0,24.86,113.9919,36.97
2020-11-09,1113.14,25.75,,40.05
2020-11-10,1117.63,24.8,,41.18
2020-11-11,,23.45,,41.23
2020-11-12,1112.95,25.35,,40.9
2020-11-13,1109.47,23.1,114.2397,39.93
2020-11-16,1106.88,22.45,,41.14
2020-11-17,1105.33,22.71,,41.24
2020-11-18,1105.72,23.84,,41.64
2020-11-19,1114.93,23.11,,41.57
2020-11-20,1114.48,23.7,113.489,41.99
2020-11-23,1115.42,22.66,,42.91
2020-11-24,1110.93,21.64,,44.71
2020-11-25,1106.84,21.25,,45.58
2020-11-27,,20.84,113.1823,
2020-11-30,1105.79,20.57,,45.2
2020-12-01,1107.33,20.77,,44.54
2020-12-02,1100.15,21.17,,45.23
2020-12-03,1096.28,21.28,,45.65
2020-12-04,1081.85,20.79,111.7778,46.23
2020-12-07,1082.22,21.3,,45.72
2020-12-08,1085.4,20.68,,45.64
2020-12-09,1083.78,22.27,,45.48
2020-12-10,1086.83,22.52,,46.76
2020-12-11,1091.23,23.31,112.1417,46.59
2020-12-14,1093.19,24.72,,47.02
2020-12-15,1092.22,22.89,,47.58
2020-12-16,1093.71,22.5,,47.86
2020-12-17,1092.96,21.93,,48.34
2020-12-18,1099.37,21.57,111.6071,49.04
2020-12-21,1107.03,25.16,,47.79
2020-12-22,1107.12,24.23,,47.02
2020-12-23,1106.92,23.31,,47.94
2020-12-24,,21.53,,48.18
2020-12-25,,,111.9807,
2020-12-28,1096.67,21.7,,47.5
2020-12-29,1092.55,23.08,,47.85
2020-12-30,1086.62,22.77,,48.24
2020-12-31,1086.11,22.75,,48.35
2021-01-01,,,111.3169,
2021-01-04,1081.62,26.97,,47.47
2021-01-05,1087.42,25.34,,49.78
2021-01-06,1085.71,25.07,,50.45
2021-01-07,1086.78,22.37,,50.63
2021-01-08,1089.48,21.56,111.2847,52.14
2021-01-11,1097.39,24.08,,52.15
2021-01-12,1099.57,23.33,,53.08
2021-01-13,1098.31,22.21,,52.81
2021-01-14,1098.37,23.25,,53.47
2021-01-15,1099.39,24.34,111.5106,52.25
2021-01-19,1102.14,23.24,,52.87
2021-01-20,,21.58,,53.16
2021-01-21,1097.91,21.32,,53.0
2021-01-22,1105.5,21.91,111.5516,52.28
2021-01-25,1101.02,23.19,,52.78
2021-01-26,1103.26,23.02,,52.61
2021-01-27,1104.09,37.21,,52.81
2021-01-28,1111.95,30.21,,52.26
2021-01-29,1118.35,33.09,111.9511,52.16
2021-02-01,1116.48,30.24,,53.55
2021-02-02,1115.88,25.56,,54.77
2021-02-03,1114.47,22.91,,55.67
2021-02-04,1120.02,21.77,,56.19
2021-02-05,1123.7,20.87,112.2379,56.8
2021-02-08,1119.22,21.24,,57.95
2021-02-09,1116.42,21.63,,58.34
2021-02-10,1106.9,21.99,,58.69
2021-02-11,1102.7,21.25,,58.22
2021-02-12,1102.16,19.97,111.4889,59.5
2021-02-16,1099.61,21.46,,60.07
2021-02-17,1107.44,21.5,,61.09
2021-02-18,1108.56,22.49,,60.4
2021-02-19,1105.81,22.05,111.7058,59.12
2021-02-22,1111.56,23.45,,61.67
2021-02-23,1110.25,23.11,,61.66
2021-02-24,1112.19,21.34,,63.21
2021-02-25,1107.73,28.89,,63.43
2021-02-26,1123.36,27.95,112.8306,61.55
2021-03-01,1118.59,23.35,,60.54
2021-03-02,1125.61,24.1,,59.7
2021-03-03,1123.96,26.67,,61.33
2021-03-04,1124.45,28.57,,63.81
2021-03-05,1124.85,24.66,113.7487,66.08
2021-03-08,1132.64,25.47,,65.03
2021-03-09,1140.63,24.03,,64.02
2021-03-10,1139.85,22.56,,64.45
2021-03-11,1135.19,21.91,,66.02
2021-03-12,1133.09,20.69,113.0269,65.59
2021-03-15,1136.37,20.03,,65.36
2021-03-16,1129.69,19.79,,64.82
2021-03-17,1130.24,19.23,,64.55
2021-03-18,1123.51,21.58,,59.95
2021-03-19,1130.38,20.95,112.9756,61.43
2021-03-22,1128.19,18.88,,61.48
2021-03-23,1128.96,20.3,,57.75
2021-03-24,1133.35,21.2,,61.12
2021-03-25,1133.31,19.81,,58.47
2021-03-26,1129.26,18.86,113.7406,60.93
2021-03-29,1133.57,20.74,,61.49
2021-03-30,1133.44,19.61,,60.55
2021-03-31,1126.72,19.4,,59.19
2021-04-01,1131.63,17.33,,61.41
2021-04-02,1127.3,,113.7315,
2021-04-05,1127.34,17.91,,58.73
2021-04-06,1117.12,18.12,,59.34
2021-04-07,1116.21,17.16,,59.77
2021-04-08,1116.96,16.95,,59.61
2021-04-09,1120.84,16.69,113.2028,59.29
2021-04-12,1124.6,16.91,,59.7
2021-04-13,1125.63,16.65,,60.2
2021-04-14,1116.43,16.99,,63.15
2021-04-15,1115.04,16.57,,63.42
2021-04-16,1114.93,16.25,112.4814,63.16
2021-04-19,1115.03,17.29,,63.33
2021-04-20,1116.68,18.68,,62.61
2021-04-21,1117.8,17.5,,61.34
2021-04-22,1117.3,18.71,,61.45
2021-04-23,1115.1,17.33,112.0889,62.18
2021-04-26,1110.88,17.64,,62.02
2021-04-27,1109.6,17.56,,63.03
2021-04-28,1112.28,17.28,,63.81
2021-04-29,1108.54,17.61,,65.0
2021-04-30,1115.58,18.61,112.0839,63.5
2021-05-03,1122.88,18.31,,64.46
2021-05-04,1122.05,19.48,,65.72
2021-05-05,1125.82,19.15,,65.63
2021-05-06,1121.94,18.39,,64.73
2021-05-07,1121.06,16.69,111.0249,64.96
2021-05-10,1112.28,19.66,,64.92
2021-05-11,1119.38,21.84,,65.31
2021-05-12,1124.33,27.59,,65.96
2021-05-13,1130.35,23.13,,63.82
2021-05-14,1126.76,18.81,111.1353,65.32
2021-05-17,1136.03,19.72,,66.24
2021-05-18,1129.67,21.34,,65.49
2021-05-19,1128.18,22.18,,63.28
2021-05-20,1127.74,20.67,,61.95
2021-05-21,1126.59,20.15,111.0576,63.61
2021-05-24,1125.28,18.4,,66.13
2021-05-25,1123.21,18.84,,66.27
2021-05-26,1117.63,17.36,,66.41
2021-05-27,1117.47,16.74,,66.87
2021-05-28,1114.48,16.76,110.7576,66.31
2021-06-01,1106.43,17.9,,67.8
2021-06-02,1110.37,17.48,,68.79
2021-06-03,1117.63,18.04,,68.81
2021-06-04,1112.03,16.42,110.7521,69.57
2021-06-07,1111.01,16.42,,69.21
2021-06-08,1116.43,17.07,,70.11
2021-06-09,1116.58,17.89,,69.9
2021-06-10,1114.17,16.1,,70.34
2021-06-11,1116.57,15.65,111.0933,71.0
2021-06-14,1117.57,16.39,,70.94
2021-06-15,1118.33,17.02,,72.06
2021-06-16,1118.42,18.15,,72.03
2021-06-17,1130.14,17.75,,71.06
2021-06-18,1135.28,20.7,113.0408,71.64
2021-06-21,1134.19,17.89,,73.64
2021-06-22,1137.07,16.66,,73.15
2021-06-23,1133.89,16.32,,73.11
2021-06-24,1131.5,15.97,,73.31
2021-06-25,1127.36,15.62,111.9655,74.21
2021-06-28,1130.29,15.76,,72.98
2021-06-29,1131.68,16.02,,73.14
2021-06-30,1130.42,15.83,,73.52
2021-07-01,1134.37,15.48,,75.33
2021-07-02,1132.42,15.07,112.5425,75.37
2021-07-06,1137.17,16.44,,73.62
2021-07-07,1141.26,16.2,,72.22
2021-07-08,1147.96,19.0,,72.98
2021-07-09,1145.08,16.18,112.8375,74.56
2021-07-12,1146.29,16.17,,74.21
2021-07-13,1146.29,17.12,,75.24
2021-07-14,1147.43,16.33,,73.06
2021-07-15,1141.21,17.01,,71.67
2021-07-16,1139.35,18.45,113.0428,71.76
2021-07-19,1147.17,22.5,,66.45
2021-07-20,1150.45,19.73,,67.32
2021-07-21,1153.03,17.91,,70.26
2021-07-22,1149.99,17.69,,72.15
2021-07-23,1153.53,17.2,113.4398,72.24
2021-07-26,1154.75,17.58,,72.15
2021-07-27,1156.32,19.36,,71.68
2021-07-28,1156.27,18.31,,72.37
2021-07-29,1142.09,17.7,,73.62
2021-07-30,1151.86,18.24,112.6714,73.93
2021-08-02,1150.72,19.46,,71.31
2021-08-03,1149.45,18.04,,70.64
2021-08-04,1142.99,17.97,,68.19
2021-08-05,1142.53,17.28,,69.1
2021-08-06,1145.87,16.15,113.3088,68.26
2021-08-09,1145.83,16.72,,66.56
2021-08-10,1152.5,16.79,,68.33
2021-08-11,1156.09,16.06,,69.3
2021-08-12,1162.78,15.59,,69.12
2021-08-13,1168.36,15.45,113.0615,68.36
2021-08-16,1166.78,16.12,,67.44
2021-08-17,1177.08,17.91,,66.5
2021-08-18,1170.18,21.57,,65.36
2021-08-19,1173.89,21.67,,63.69
2021-08-20,1180.4,18.56,114.5009,62.25
2021-08-23,1169.73,17.15,,65.65
2021-08-24,1165.43,17.22,,67.5
2021-08-25,1164.24,16.79,,68.54
2021-08-26,1169.88,18.84,,67.42
2021-08-27,1162.5,16.39,113.3404,68.84
2021-08-30,1166.33,16.19,,69.28
2021-08-31,1158.32,16.48,,68.43
2021-09-01,1156.03,16.11,,68.63
2021-09-02,1160.95,16.41,,70.07
2021-09-03,1155.44,16.41,112.5476,69.34
2021-09-07,1162.88,18.14,,68.49
2021-09-08,1166.21,17.96,,69.36
2021-09-09,1169.61,18.8,,68.26
2021-09-10,1169.63,20.95,112.9425,69.82
2021-09-13,1173.33,19.37,,70.54
2021-09-14,1170.71,19.46,,70.53
2021-09-15,1168.58,18.18,,72.59
2021-09-16,1171.23,18.69,,72.69
2021-09-17,1175.34,20.81,113.5989,72.09
2021-09-20,1186.73,25.71,,70.41
2021-09-21,1185.15,24.36,,70.51
2021-09-22,1182.41,20.87,,72.37
2021-09-23,1173.48,18.63,,73.43
2021-09-24,1176.53,17.75,113.7597,74.18
2021-09-27,1175.9,18.76,,75.54
2021-09-28,1183.61,23.25,,75.44
2021-09-29,1181.75,22.56,,75.06
2021-09-30,1183.7,23.14,,75.22
2021-10-01,1187.24,21.15,114.3798,76.01
2021-10-04,1182.4,22.96,,77.68
2021-10-05,1188.31,21.3,,79.17
2021-10-06,1192.6,21.0,,77.66
2021-10-07,1190.76,19.54,,78.46
2021-10-08,1194.58,18.77,114.5986,79.55
2021-10-11,,20.0,,80.64
2021-10-12,1198.72,19.85,,80.75
2021-10-13,1193.89,18.64,,80.67
2021-10-14,1186.3,16.86,,81.43
2021-10-15,1182.34,16.3,114.0905,82.39
2021-10-18,1187.55,16.31,,82.62
2021-10-19,1175.32,15.7,,83.19
2021-10-20,1175.05,15.49,,84.4
2021-10-21,1177.25,15.01,,82.64
2021-10-22,1176.85,15.43,113.67,84.53
2021-10-25,1167.59,15.24,,84.64
2021-10-26,1167.58,15.98,,85.64
2021-10-27,1171.19,16.98,,82.66
2021-10-28,1167.34,16.53,,82.78
2021-10-29,1174.94,16.26,114.1349,83.5
2021-11-01,1177.73,16.41,,84.08
2021-11-02,1177.04,16.03,,83.91
2021-11-03,1184.56,15.1,,80.82
2021-11-04,1186.77,15.44,,78.88
2021-11-05,1183.28,16.48,114.0732,81.25
2021-11-08,1180.64,17.22,,81.96
2021-11-09,1178.64,17.78,,84.12
2021-11-10,1181.16,18.73,,81.23
2021-11-11,,17.66,,81.47
2021-11-12,1179.23,16.29,114.5144,80.87
2021-11-15,1181.61,16.49,,80.85
2021-11-16,1183.3,16.37,,80.76
2021-11-17,1182.4,17.11,,78.32
2021-11-18,1183.42,17.59,,78.92
2021-11-19,1184.93,17.91,115.2187,76.11
2021-11-22,1185.33,19.17,,76.74
2021-11-23,1190.31,19.38,,78.32
2021-11-24,1186.01,18.58,,78.32
2021-11-26,1194.43,28.62,116.5103,
2021-11-29,1192.96,22.96,,69.88
2021-11-30,1187.45,27.19,,66.14
2021-12-01,1187.45,31.12,,65.44
2021-12-02,1175.18,27.95,,66.6
2021-12-03,1179.84,30.67,116.2377,66.39
2021-12-06,1182.29,27.18,,69.62
2021-12-07,1179.24,21.89,,71.94
2021-12-08,1175.19,19.9,,72.43
2021-12-09,1173.59,21.58,,70.87
2021-12-10,1180.99,18.69,115.5732,71.71
2021-12-13,1184.19,20.31,,71.19
2021-12-14,1182.7,21.89,,70.57
2021-12-15,1186.06,19.29,,70.89
2021-12-16,1183.59,20.57,,72.34
2021-12-17,1181.03,21.57,115.791,70.93
2021-12-20,1191.07,22.87,,68.69
2021-12-21,1192.35,21.01,,71.1
2021-12-22,1190.21,18.63,,72.82
2021-12-23,1187.59,17.96,,73.89
2021-12-24,,,115.5337,
2021-12-27,1186.82,17.68,,75.49
2021-12-28,1188.15,17.54,,76.01
2021-12-29,1185.51,16.95,,76.58
2021-12-30,1188.59,17.33,,76.83
2021-12-31,,17.22,115.283,75.33
2022-01-03,1191.39,16.6,,75.99
2022-01-04,1193.77,16.91,,77.0
2022-01-05,1196.38,19.73,,77.83
2022-01-06,1205.02,19.61,,79.47
2022-01-07,1200.78,18.76,115.0451,79.0
2022-01-10,1199.13,19.4,,78.11
2022-01-11,1194.62,18.41,,81.17
2022-01-12,1187.34,17.62,,82.51
2022-01-13,1187.95,20.31,,81.97
2022-01-14,1186.96,19.19,114.3825,83.82
2022-01-18,1192.74,22.79,,85.42
2022-01-19,1188.51,23.85,,86.84
2022-01-20,1191.96,25.59,,86.29
2022-01-21,1193.87,28.85,114.6125,85.16
2022-01-24,1195.68,29.9,,84.48
2022-01-25,1198.66,31.16,,86.61
2022-01-26,1197.46,31.96,,88.33
2022-01-27,1202.65,30.49,,87.61
2022-01-28,1209.04,27.66,116.0393,87.67
2022-01-31,1206.78,24.83,,89.16
2022-02-01,1209.44,21.96,,88.22
2022-02-02,1201.7,22.09,,88.16
2022-02-03,1206.35,24.35,,90.17
2022-02-04,1199.43,23.22,115.1362,92.27
2022-02-07,1198.64,22.86,,91.25
2022-02-08,1198.05,21.44,,89.32
2022-02-09,1196.36,19.96,,89.57
2022-02-10,1196.31,23.91,,89.83
2022-02-11,1198.72,27.36,114.8413,93.1
2022-02-14,1196.21,28.33,,95.52
2022-02-15,1199.78,25.7,,92.07
2022-02-16,1197.51,24.29,,93.83
2022-02-17,1197.39,28.11,,91.78
2022-02-18,1195.4,27.75,114.7982,91.26
2022-02-22,1192.07,28.81,,92.11
2022-02-23,1193.42,31.02,,92.14
2022-02-24,1202.34,30.32,,92.77
2022-02-25,1201.93,27.59,115.2577,91.68
2022-02-28,1202.28,30.15,,96.13
2022-03-01,1204.34,33.32,,103.66
2022-03-02,1205.58,30.74,,110.74
2022-03-03,1204.35,30.48,,107.69
2022-03-04,1213.71,31.98,116.6503,115.77
2022-03-07,1226.78,36.45,,119.26
2022-03-08,1237.18,35.13,,123.64
2022-03-09,1234.01,32.45,,108.81
2022-03-10,1228.21,30.23,,105.93
2022-03-11,1231.47,30.75,117.0192,109.31
2022-03-14,1241.46,31.77,,103.22
2022-03-15,1242.65,29.83,,96.42
2022-03-16,1228.04,26.67,,94.85
2022-03-17,1214.33,25.67,,102.97
2022-03-18,1212.2,23.87,116.1378,104.69
2022-03-21,1216.12,23.53,,112.14
2022-03-22,1217.09,22.94,,111.03
2022-03-23,1217.92,23.57,,114.89
2022-03-24,1220.45,21.67,,114.2
2022-03-25,1218.77,20.81,115.7921,116.2
2022-03-28,1225.46,19.63,,107.55
2022-03-29,1219.21,18.9,,104.25
2022-03-30,1208.46,19.33,,107.81
2022-03-31,1211.55,20.56,,100.53
2022-04-01,1215.29,19.63,115.4814,99.32
2022-04-04,1214.72,18.57,,103.29
2022-04-05,1212.55,21.03,,101.98
2022-04-06,1212.55,22.1,,96.39
2022-04-07,1218.96,21.55,,96.05
2022-04-08,1225.13,21.16,116.4176,98.35
2022-04-11,1233.38,24.37,,94.22
2022-04-12,1236.03,24.26,,100.52
2022-04-13,1227.17,21.82,,104.26
2022-04-14,1224.18,22.7,,106.84
2022-04-15,1227.97,,116.7017,
2022-04-18,1233.73,22.17,,108.24
2022-04-19,1236.53,21.37,,102.54
2022-04-20,1235.28,20.32,,102.56
2022-04-21,1238.13,22.68,,103.89
2022-04-22,1239.66,28.21,118.0186,102.86
2022-04-25,1249.87,27.02,,99.6
2022-04-26,1260.37,33.52,,102.62
2022-04-27,1269.35,31.6,,101.96
2022-04-28,1271.5,29.99,,105.47
2022-04-29,1255.87,33.4,119.4933,104.59
2022-05-02,1265.24,32.34,,105.18
2022-05-03,1267.82,29.25,,102.53
2022-05-04,1265.22,25.42,,107.84
2022-05-05,1256.05,31.2,,108.17
2022-05-06,1272.58,30.19,119.8577,109.72
2022-05-09,1276.29,34.75,,103.08
2022-05-10,1275.02,32.99,,99.74
2022-05-11,1275.04,32.56,,105.5
2022-05-12,1288.65,31.77,,106.15
2022-05-13,1283.51,28.87,120.8442,110.52
2022-05-16,1284.79,27.47,,114.07
2022-05-17,1274.33,26.1,,112.31
2022-05-18,1266.36,30.96,,109.67
2022-05-19,1276.91,29.35,,112.21
2022-05-20,1267.87,29.43,119.3677,112.63
2022-05-23,1263.85,28.48,,110.32
2022-05-24,1265.97,29.45,,112.55
2022-05-25,1264.58,28.37,,112.88
2022-05-26,1267.83,27.5,,116.19
2022-05-27,1250.13,25.72,118.2834,114.96
2022-05-30,,26.54,,
2022-05-31,1236.93,26.19,,114.38
2022-06-01,1246.52,25.69,,115.26
2022-06-02,1252.03,24.72,,116.88
2022-06-03,1242.23,24.79,118.2153,118.97
2022-06-06,1253.52,25.07,,118.41
2022-06-07,1255.32,24.02,,119.55
2022-06-08,1253.5,23.96,,121.94
2022-06-09,1256.91,26.09,,121.52
2022-06-10,1268.01,27.75,119.9981,120.73
2022-06-13,1283.69,34.02,,120.92
2022-06-14,1285.87,32.69,,118.92
2022-06-15,1290.05,29.62,,115.32
2022-06-16,1286.76,32.95,,117.56
2022-06-17,1287.36,31.13,121.2369,109.56
2022-06-20,,31.03,,
2022-06-21,1293.25,30.19,,110.49
2022-06-22,1297.21,28.95,,106.22
2022-06-23,1300.86,29.05,,105.75
2022-06-24,1298.71,27.23,120.4853,109.07
2022-06-27,1286.2,26.95,,111.44
2022-06-28,1290.18,28.36,,113.66
2022-06-29,1298.39,28.16,,111.65
2022-06-30,1298.95,28.71,,107.76
2022-07-01,1297.18,26.7,121.5058,110.3
2022-07-04,,27.53,,
2022-07-05,1299.69,27.54,,101.55
2022-07-06,1307.1,26.73,,100.31
2022-07-07,1299.51,26.08,,104.62
2022-07-08,1299.51,24.64,122.4662,106.78
2022-07-11,1308.9,26.17,,106.09
2022-07-12,1311.91,27.29,,97.69
2022-07-13,1306.65,26.82,,98.44
2022-07-14,1311.76,26.4,,97.79
2022-07-15,1321.15,24.23,123.4765,99.59
2022-07-18,1316.7,25.3,,104.48
2022-07-19,1313.52,24.5,,106.12
2022-07-20,1313.1,23.88,,104.45
2022-07-21,1307.58,23.11,,98.44
2022-07-22,1312.82,23.03,122.451,97.71
2022-07-25,1313.27,23.36,,99.83
2022-07-26,1308.33,24.69,,97.74
2022-07-27,1313.14,23.24,,100.03
2022-07-28,1299.69,22.33,,99.11
2022-07-29,1299.08,21.33,121.7678,101.31
2022-08-01,1304.18,22.84,,96.59
2022-08-02,1304.89,23.93,,97.14
2022-08-03,1310.69,21.95,,93.25
2022-08-04,1310.2,21.44,,91.29
2022-08-05,1298.22,21.15,122.321,91.77
2022-08-08,1306.11,21.29,,93.52
2022-08-09,1304.5,21.77,,93.18
2022-08-10,1310.54,19.74,,94.68
2022-08-11,1302.72,20.2,,97.02
2022-08-12,1302.13,19.53,121.018,94.86
2022-08-15,1305.85,19.95,,92.24
2022-08-16,1308.54,19.69,,89.23
2022-08-17,1310.16,19.9,,90.85
2022-08-18,1319.94,19.56,,93.2
2022-08-19,1325.5,20.6,123.0501,93.55
2022-08-22,1339.4,23.8,,93.42
2022-08-23,1339.4,24.11,,96.46
2022-08-24,1342.05,22.82,,95.52
2022-08-25,1335.46,21.78,,93.33
2022-08-26,1331.17,25.56,123.0656,93.63
2022-08-29,1349.8,26.21,,97.4
2022-08-30,1346.37,26.21,,92.08
2022-08-31,1338.66,25.87,,90.09
2022-09-01,1354.34,25.56,,87.09
2022-09-02,1362.2,25.47,123.7743,87.29
2022-09-05,,25.99,,
2022-09-06,1378.95,26.91,,87.35
2022-09-07,1383.72,24.64,,82.5
2022-09-08,1380.51,23.61,,84.04
2022-09-09,1376.74,22.79,123.7874,87.27
2022-09-12,1377.38,23.87,,88.18
2022-09-13,1373.76,27.27,,87.84
2022-09-14,1391.1,26.16,,88.88
2022-09-15,1393.93,26.27,,85.72
2022-09-16,1384.48,26.3,124.8794,85.57
2022-09-19,1393.05,25.76,,86.15
2022-09-20,1389.86,27.16,,84.69
2022-09-21,1395.92,27.99,,83.38
2022-09-22,1412.29,27.35,,84.02
2022-09-23,1409.42,29.92,127.2853,79.07
2022-09-26,1432.47,32.26,,77.17
2022-09-27,1422.39,32.6,,78.91
2022-09-28,1440.5,30.18,,82.61
2022-09-29,1439.15,31.84,,81.78
2022-09-30,1431.67,31.62,127.5148,79.91
2022-10-03,1434.83,30.1,,84.05
2022-10-04,1425.75,29.07,,86.87
2022-10-05,1410.74,28.55,,88.22
2022-10-06,1402.33,30.52,,88.9
2022-10-07,1412.54,31.36,127.3111,93.07
2022-10-10,,32.45,,91.6
2022-10-11,1435.36,33.63,,89.75
2022-10-12,1423.81,33.57,,87.83
2022-10-13,1430.4,31.94,,89.59
2022-10-14,1428.06,32.02,128.3325,86.1
2022-10-17,1434.73,31.37,,86.0
2022-10-18,1422.19,30.5,,83.29
2022-10-19,1426.07,30.76,,86.0
2022-10-20,1431.63,29.98,,86.02
2022-10-21,1440.31,29.69,127.6735,85.47
2022-10-24,1439.14,29.85,,86.12
2022-10-25,1432.46,28.46,,86.93
2022-10-26,1425.68,27.28,,89.39
2022-10-27,1419.0,27.39,,89.06
2022-10-28,1421.67,25.75,127.2135,87.85
2022-10-31,1424.6,25.88,,86.54
2022-11-01,1416.2,25.81,,88.36
2022-11-02,1418.31,25.86,,90.06
2022-11-03,1423.99,25.3,,88.14
2022-11-04,1423.99,24.55,127.1468,92.58
2022-11-07,1402.05,24.35,,91.8
2022-11-08,1384.61,25.54,,88.8
2022-11-09,1364.85,26.09,,85.79
2022-11-10,1377.52,23.53,,86.52
2022-11-11,,22.52,124.7044,89.14
2022-11-14,1327.38,23.73,,85.85
2022-11-15,1317.88,24.54,,86.87
2022-11-16,1326.46,24.11,,85.62
2022-11-17,1338.97,23.93,,81.69
2022-11-18,1339.61,23.12,123.8524,80.07
2022-11-21,1354.87,22.36,,79.74
2022-11-22,1356.66,21.29,,80.83
2022-11-23,1352.49,20.35,,77.93
2022-11-24,,20.42,,
2022-11-25,1325.22,20.5,123.3386,76.45
2022-11-28,1340.66,22.21,,77.1
2022-11-29,1327.24,21.89,,77.96
2022-11-30,1316.84,20.58,,80.48
2022-12-01,1299.11,19.84,,81.06
2022-12-02,1300.5,19.06,122.0102,79.86
2022-12-05,1292.58,20.75,,76.83
2022-12-06,1319.31,22.17,,74.21
2022-12-07,1322.23,22.68,,71.93
2022-12-08,1317.56,22.29,,71.3
2022-12-09,1301.61,22.83,122.4201,71.05
2022-12-12,1307.62,25.0,,72.96
2022-12-13,1301.47,22.55,,75.44
2022-12-14,1294.79,21.14,,77.14
2022-12-15,1302.91,22.83,,75.89
2022-12-16,1307.73,22.62,122.6505,74.19
2022-12-19,1302.29,22.42,,75.05
2022-12-20,1290.41,21.48,,75.92
2022-12-21,1284.7,20.07,,78.17
2022-12-22,1275.68,21.97,,77.68
2022-12-23,1280.02,20.87,121.9743,79.57
2022-12-27,1271.0,21.65,,79.45
2022-12-28,1267.54,22.14,,78.89
2022-12-29,1265.58,21.44,,78.43
2022-12-30,1260.18,21.67,121.4256,80.16
2023-01-03,1271.1,22.9,,76.87
2023-01-04,1272.15,22.01,,72.82
2023-01-05,1268.91,22.46,,73.61
2023-01-06,1268.13,21.13,121.0852,73.77
2023-01-09,1243.62,21.97,,74.69
2023-01-10,1243.83,20.58,,75.11
2023-01-11,1245.39,21.09,,77.46
2023-01-12,1246.26,18.83,,78.32
2023-01-13,1241.59,18.35,119.1673,79.9
2023-01-16,,19.49,,
2023-01-17,1238.7,19.36,,80.25
2023-01-18,1237.32,20.34,,79.53
2023-01-19,1232.05,20.52,,80.31
2023-01-20,1235.57,19.85,119.3486,81.27
2023-01-23,1228.59,19.81,,81.62
2023-01-24,1234.79,19.2,,79.86
2023-01-25,1231.67,19.08,,79.78
2023-01-26,1230.95,18.73,,80.64
2023-01-27,1231.53,18.51,118.9223,79.73
2023-01-30,1227.31,19.94,,77.97
2023-01-31,1231.95,19.4,,78.95
2023-02-01,1231.77,17.87,,76.34
2023-02-02,1220.34,18.73,,75.87
2023-02-03,1229.22,18.33,119.5095,73.4
2023-02-06,1252.61,19.43,,74.11
2023-02-07,1255.53,18.66,,77.17
2023-02-08,1260.03,19.63,,78.47
2023-02-09,1259.67,20.71,,78.04
2023-02-10,1264.15,20.53,120.1419,79.74
2023-02-13,1277.05,20.34,,80.14
2023-02-14,1268.93,18.91,,79.08
2023-02-15,1282.16,18.23,,78.57
2023-02-16,1284.33,20.17,,78.45
2023-02-17,1299.62,20.02,120.5526,76.31
2023-02-20,,21.23,,
2023-02-21,1295.99,22.87,,76.28
2023-02-22,1304.31,22.29,,73.95
2023-02-23,1296.79,21.14,,75.26
2023-02-24,1304.59,21.67,121.5681,76.19
2023-02-27,1322.45,20.95,,75.57
2023-02-28,1323.45,20.7,,76.88
2023-03-01,1315.15,20.58,,77.57
2023-03-02,1313.96,19.59,,78.05
2023-03-03,1300.59,18.49,120.7742,79.62
2023-03-06,1296.14,18.61,,80.39
2023-03-07,1299.7,19.59,,77.45
2023-03-08,1320.81,19.11,,76.56
2023-03-09,1321.58,22.61,,75.6
2023-03-10,1324.51,24.8,121.2421,76.55
2023-03-13,1300.46,26.52,,74.68
2023-03-14,1306.13,23.73,,71.18
2023-03-15,1317.78,26.14,,67.38
2023-03-16,1312.13,22.99,,68.15
2023-03-17,1303.75,25.51,121.5643,66.61
2023-03-20,1310.69,24.15,,67.56
2023-03-21,1310.65,21.38,,69.4
2023-03-22,1307.5,22.26,,70.71
2023-03-23,1278.93,22.61,,69.77
2023-03-24,1292.57,21.74,120.4598,69.22
2023-03-27,1301.01,20.6,,72.87
2023-03-28,1298.26,19.97,,73.12
2023-03-29,1303.38,19.12,,72.95
2023-03-30,1298.89,19.02,,74.32
2023-03-31,1303.8,18.7,119.3602,75.68
2023-04-03,1316.38,18.55,,80.4
2023-04-04,1315.1,19.0,,80.7
2023-04-05,1310.05,19.08,,80.69
2023-04-06,1319.1,18.4,,80.7
2023-04-07,1319.1,,119.3547,
2023-04-10,1319.09,18.97,,79.79
2023-04-11,1322.04,19.1,,81.54
2023-04-12,1325.34,19.09,,83.26
2023-04-13,1310.68,17.8,,82.16
2023-04-14,1299.12,17.07,118.8567,82.58
2023-04-17,1311.36,16.95,,80.93
2023-04-18,1318.43,16.83,,80.85
2023-04-19,1325.28,16.46,,79.18
2023-04-20,1323.28,17.17,,77.27
2023-04-21,1327.53,16.77,119.3117,77.86
2023-04-24,1334.94,16.89,,78.64
2023-04-25,1331.93,18.76,,77.05
2023-04-26,1336.23,18.84,,74.33
2023-04-27,1337.75,17.03,,74.77
2023-04-28,1338.41,15.78,119.2248,76.78
2023-05-01,1339.65,16.08,,75.65
2023-05-02,1341.0,17.78,,71.71
2023-05-03,1337.94,18.34,,68.62
2023-05-04,1322.21,20.09,,68.52
2023-05-05,1318.38,17.19,118.5548,71.32
2023-05-08,1320.49,16.98,,73.13
2023-05-09,1323.59,17.71,,73.68
2023-05-10,1324.48,16.94,,72.53
2023-05-11,1325.09,16.93,,70.81
2023-05-12,1333.74,17.03,119.3671,70.02
2023-05-15,1336.13,17.12,,71.07
2023-05-16,1338.64,17.99,,70.85
2023-05-17,1337.29,16.87,,72.78
2023-05-18,1333.88,16.05,,71.82
2023-05-19,1326.12,16.81,119.7751,71.57
2023-05-22,1317.77,17.21,,71.81
2023-05-23,1312.01,18.53,,72.87
2023-05-24,1316.71,20.03,,74.37
2023-05-25,1325.9,19.14,,71.68
2023-05-26,1324.4,17.95,120.6304,72.35
2023-05-29,,17.46,,
2023-05-30,1324.59,17.46,,69.45
2023-05-31,1324.55,17.94,,68.11
2023-06-01,1321.35,15.65,,70.09
2023-06-02,1305.21,14.6,120.0049,71.76
2023-06-05,1308.16,14.73,,72.14
2023-06-06,1297.93,13.96,,71.71
2023-06-07,1303.62,13.94,,72.52
2023-06-08,1304.26,13.65,,71.28
2023-06-09,1291.46,13.83,119.4322,70.16
2023-06-12,1288.61,15.01,,67.08
2023-06-13,1271.48,14.61,,69.39
2023-06-14,1278.44,13.88,,68.22
2023-06-15,1279.99,14.5,,70.61
2023-06-16,1272.68,13.54,118.4184,71.81
2023-06-19,,14.19,,
2023-06-20,1280.21,13.88,,70.94
2023-06-21,1291.78,13.2,,72.55
2023-06-22,1294.75,12.91,,69.22
2023-06-23,1304.19,13.44,119.152,68.91
2023-06-26,1304.88,14.25,,69.09
2023-06-27,1299.99,13.74,,67.68
2023-06-28,1307.76,13.43,,69.54
2023-06-29,1317.73,13.54,,69.85
2023-06-30,1317.8,13.59,119.3606,70.66
2023-07-03,1308.37,13.57,,69.71
2023-07-04,,13.7,,
2023-07-05,1298.74,14.18,,71.78
2023-07-06,1300.85,15.44,,71.76
2023-07-07,1304.89,14.83,119.0761,73.91
2023-07-10,1306.45,15.07,,73.05
2023-07-11,1293.64,14.84,,74.87
2023-07-12,1288.17,13.54,,75.77
2023-07-13,1273.99,13.61,,76.86
2023-07-14,1266.28,13.34,117.0463,75.44
2023-07-17,1267.02,13.48,,74.17
2023-07-18,1260.87,13.3,,75.76
2023-07-19,1265.76,13.76,,75.4
2023-07-20,1269.26,13.99,,75.65
2023-07-21,1283.71,13.6,117.9418,77.06
2023-07-24,1280.54,13.91,,78.81
2023-07-25,1275.32,13.86,,79.76
2023-07-26,1274.04,13.19,,79.11
2023-07-27,1277.23,14.41,,80.17
2023-07-28,1276.69,13.33,117.788,80.55
2023-07-31,1273.85,13.63,,81.8
2023-08-01,1283.84,13.93,,81.37
2023-08-02,1297.66,16.09,,79.5
2023-08-03,1298.54,15.92,,81.56
2023-08-04,1309.49,17.1,118.821,82.76
2023-08-07,1305.94,15.77,,81.94
2023-08-08,1316.02,15.99,,82.94
2023-08-09,1315.45,15.96,,84.35
2023-08-10,1315.54,15.85,,82.81
2023-08-11,1324.17,14.84,119.6268,83.17
2023-08-14,1330.05,14.82,,82.5
2023-08-15,1335.0,16.46,,81.06
2023-08-16,1336.84,16.78,,79.4
2023-08-17,1341.13,17.89,,80.43
2023-08-18,1337.99,17.3,120.4321,81.25
2023-08-21,1342.45,17.13,,80.71
2023-08-22,1335.06,16.97,,80.25
2023-08-23,1339.12,15.98,,78.91
2023-08-24,1321.07,17.2,,79.52
2023-08-25,1324.11,15.68,120.5137,80.47
2023-08-28,1323.2,15.08,,80.65
2023-08-29,1321.87,14.45,,81.14
2023-08-30,1323.42,13.88,,81.64
2023-08-31,1322.43,13.57,,83.55
2023-09-01,1318.34,13.09,120.759,85.52
2023-09-04,,13.82,,
2023-09-05,1330.16,14.01,,86.74
2023-09-06,1330.87,14.45,,87.55
2023-09-07,1335.03,14.4,,86.87
2023-09-08,1332.83,13.84,121.9475,87.51
2023-09-11,1331.59,13.8,,87.3
2023-09-12,1327.29,14.23,,88.87
2023-09-13,1329.7,13.48,,88.59
2023-09-14,1325.88,12.82,,90.13
2023-09-15,1325.89,13.79,121.199,90.83
2023-09-18,1323.99,14.0,,91.47
2023-09-19,1328.13,14.11,,91.16
2023-09-20,1330.34,15.14,,89.2
2023-09-21,1340.08,17.54,,89.56
2023-09-22,1336.58,17.2,121.5306,90.0
2023-09-25,1336.03,16.9,,89.68
2023-09-26,1348.69,18.94,,91.43
2023-09-27,1349.05,18.22,,93.67
2023-09-28,1356.41,17.34,,91.65
2023-09-29,1347.86,17.52,122.3077,90.77
2023-10-02,1351.67,17.61,,88.81
2023-10-03,1360.62,19.78,,89.26
2023-10-04,1362.94,18.58,,84.32
2023-10-05,1350.22,18.49,,82.3
2023-10-06,1350.17,17.45,123.3563,82.83
2023-10-09,,17.7,,
2023-10-10,1349.79,17.03,,85.89
2023-10-11,1339.31,16.09,,83.7
2023-10-12,1338.21,16.69,,82.87
2023-10-13,1349.65,19.32,123.5954,87.67
2023-10-16,1353.67,17.21,,86.65
2023-10-17,1353.6,17.88,,86.66
2023-10-18,1349.45,19.22,,88.35
2023-10-19,1357.5,21.4,,89.35
2023-10-20,1352.92,21.71,123.612,89.12
2023-10-23,1353.7,20.37,,85.49
2023-10-24,1342.68,18.97,,84.58
2023-10-25,1349.07,20.19,,86.07
2023-10-26,1359.32,20.68,,83.8
2023-10-27,1355.15,21.27,123.62,86.04
2023-10-30,1350.98,19.75,,83.03
2023-10-31,1351.03,18.14,,81.64
2023-11-01,1356.94,16.87,,81.05
2023-11-02,1342.91,15.66,,83.04
2023-11-03,1322.04,14.91,121.7564,81.19
2023-11-06,1297.94,14.89,,81.54
2023-11-07,1308.33,14.81,,77.96
2023-11-08,1309.98,14.45,,75.85
2023-11-09,1309.89,15.29,,76.34
2023-11-10,,14.17,122.1281,
2023-11-13,1324.97,14.76,,78.86
2023-11-14,1328.74,14.16,,78.9
2023-11-15,1300.34,14.18,,77.15
2023-11-16,1297.1,14.32,,73.5
2023-11-17,1296.21,13.8,120.8477,76.47
2023-11-20,1291.48,13.41,,78.1
2023-11-21,1289.34,13.35,,78.35
2023-11-22,1300.06,12.85,,76.8
2023-11-23,,12.8,,
2023-11-24,1306.08,12.46,120.2105,74.83
2023-11-27,1304.33,12.69,,74.46
2023-11-28,1293.71,12.69,,76.09
2023-11-29,1292.74,12.98,,77.56
2023-11-30,1289.95,12.92,,75.66
2023-12-01,1305.45,12.63,119.9424,73.7
2023-12-04,1304.43,13.08,,72.73
2023-12-05,1311.47,12.85,,71.95
2023-12-06,1313.03,12.97,,68.98
2023-12-07,1325.27,13.06,,69.0
2023-12-08,1307.11,12.35,120.7607,70.87
2023-12-11,1316.38,12.63,,70.95
2023-12-12,1313.75,12.07,,68.27
2023-12-13,1319.76,12.19,,69.09
2023-12-14,1296.11,12.48,,71.21
2023-12-15,1295.92,12.28,119.7382,71.05
2023-12-18,1297.63,12.56,,72.16
2023-12-19,1307.95,12.53,,73.23
2023-12-20,1299.22,13.67,,73.87
2023-12-21,1304.82,13.65,,73.59
2023-12-22,1302.54,13.03,119.0625,73.29
2023-12-26,1294.25,12.99,,75.84
2023-12-27,1293.38,12.43,,74.31
2023-12-28,1288.45,12.47,,72.02
2023-12-29,1290.97,12.45,118.4208,71.89
2024-01-02,1300.52,13.2,,70.62
2024-01-03,1305.1,14.04,,72.97
2024-01-04,1310.39,14.13,,72.38
2024-01-05,1315.62,13.35,119.388,74.0
2024-01-08,1315.58,13.08,,71.06
2024-01-09,1315.92,12.76,,72.43
2024-01-10,1320.42,12.69,,71.57
2024-01-11,1313.04,12.44,,72.15
2024-01-12,1313.41,12.7,119.534,72.94
2024-01-15,,13.25,,
2024-01-16,1331.5,13.84,,72.63
2024-01-17,1344.23,14.79,,72.79
2024-01-18,1338.73,14.13,,74.32
2024-01-19,1338.53,13.3,120.6442,73.69
2024-01-22,1338.25,13.19,,75.26
2024-01-23,1333.76,12.55,,74.72
2024-01-24,1337.74,13.14,,75.48
2024-01-25,1336.0,13.45,,77.91
2024-01-26,1336.08,13.26,120.6173,78.45
2024-01-29,1335.5,13.6,,77.25
2024-01-30,1328.93,13.31,,78.3
2024-01-31,1334.9,14.35,,76.28
2024-02-01,1331.78,13.88,,74.36
2024-02-02,1321.9,13.85,120.902,72.72
2024-02-05,1330.98,13.67,,73.21
2024-02-06,1326.83,13.06,,73.83
2024-02-07,1327.37,12.83,,74.26
2024-02-08,1328.07,12.79,,76.67
2024-02-09,1333.1,12.93,121.039,77.26
2024-02-12,1331.37,13.93,,77.34
2024-02-13,1327.88,15.85,,78.28
2024-02-14,1335.06,14.38,,77.09
2024-02-15,1333.84,14.01,,78.47
2024-02-16,1334.96,14.24,121.1505,79.65
2024-02-19,,14.71,,
2024-02-20,1337.25,15.42,,78.72
2024-02-21,1334.95,15.34,,78.89
2024-02-22,1328.71,14.54,,79.64
2024-02-23,1328.71,13.75,121.0369,77.6
2024-02-26,1330.86,13.74,,78.53
2024-02-27,1330.86,13.43,,79.8
2024-02-28,1336.02,13.84,,79.44
2024-02-29,1336.19,13.4,,79.22
2024-03-01,1334.8,13.11,121.0111,80.9
2024-03-04,1331.29,13.49,,79.67
2024-03-05,1336.51,14.46,,79.11
2024-03-06,1333.99,14.5,,80.08
2024-03-07,1324.3,14.44,,79.81
2024-03-08,1319.28,14.74,119.975,78.96
2024-03-11,1312.55,15.22,,78.87
2024-03-12,1310.82,13.84,,78.51
2024-03-13,1314.67,13.75,,80.67
2024-03-14,1318.2,14.4,,82.16
2024-03-15,1329.35,14.41,120.4003,81.94
2024-03-18,1333.59,14.33,,83.68
2024-03-19,1338.28,13.82,,84.39
2024-03-20,1339.02,13.04,,82.79
2024-03-21,1322.11,12.92,,81.99
2024-03-22,1338.14,13.06,121.1842,81.1
2024-03-25,1342.61,13.19,,82.41
2024-03-26,1344.0,13.24,,82.41
2024-03-27,1348.58,12.78,,82.15
2024-03-28,1346.01,13.01,,83.96
2024-03-29,1347.08,,121.0191,
2024-04-01,1348.75,13.65,,84.54
2024-04-02,1351.37,14.61,,85.95
2024-04-03,1348.5,14.33,,86.22
2024-04-04,1346.87,16.35,,87.37
2024-04-05,1352.58,16.03,120.9646,87.69
2024-04-08,1353.2,15.19,,87.24
2024-04-09,1354.8,14.98,,86.04
2024-04-10,1349.05,15.8,,86.98
2024-04-11,1364.19,14.91,,85.79
2024-04-12,1374.74,17.31,122.2885,86.46
2024-04-15,1383.63,19.23,,86.21
2024-04-16,1393.92,18.4,,86.15
2024-04-17,1385.88,18.21,,83.58
2024-04-18,1373.42,18.0,,83.5
2024-04-19,1376.72,18.71,123.1075,83.79
2024-04-22,1381.84,16.94,,83.82
2024-04-23,1379.27,15.69,,84.17
2024-04-24,1369.86,15.97,,84.09
2024-04-25,1369.86,15.37,,84.92
2024-04-26,1375.1,15.03,122.9471,85.38
2024-04-29,1377.35,14.67,,84.26
2024-04-30,1381.92,15.65,,83.49
2024-05-01,1386.95,15.39,,80.7
2024-05-02,1375.39,14.68,,80.59
2024-05-03,1363.04,13.49,122.1375,79.65
2024-05-06,1358.81,13.49,,80.1
2024-05-07,1359.45,13.23,,79.97
2024-05-08,1359.45,13.0,,80.57
2024-05-09,1369.74,12.69,,80.86
2024-05-10,1367.77,12.55,122.014,79.81
2024-05-13,1367.91,13.6,,80.71
2024-05-14,1368.77,13.42,,79.62
2024-05-15,1360.15,12.45,,80.23
2024-05-16,1345.15,12.42,,80.85
2024-05-17,1354.83,11.99,121.2354,81.66
2024-05-20,1356.0,12.15,,81.39
2024-05-21,1363.54,11.86,,80.66
2024-05-22,1362.36,12.29,,79.15
2024-05-23,1362.38,12.77,,77.47
2024-05-24,1369.02,11.93,121.6172,78.48
2024-05-27,,12.36,,
2024-05-28,1357.65,12.92,,80.9
2024-05-29,1365.07,14.28,,80.24
2024-05-30,1365.07,14.47,,78.96
2024-05-31,1385.43,12.92,122.098,77.97
2024-06-03,1375.91,13.11,,75.26
2024-06-04,1375.96,13.16,,74.27
2024-06-05,1372.58,12.63,,75.08
2024-06-06,1365.45,12.58,,76.52
2024-06-07,1366.38,12.22,123.549,76.53
2024-06-10,1375.71,12.74,,78.75
2024-06-11,1375.71,12.85,,78.88
2024-06-12,1378.01,12.04,,79.56
2024-06-13,1376.11,11.94,,79.61
2024-06-14,1378.96,12.66,124.1694,79.41
2024-06-17,1380.5,12.75,,81.33
2024-06-18,1380.88,12.3,,82.67
2024-06-19,,12.48,,
2024-06-20,1384.38,13.28,,83.34
2024-06-21,1388.17,13.2,124.1086,81.71
2024-06-24,1389.17,13.33,,82.63
2024-06-25,1387.16,12.84,,81.97
2024-06-26,1388.65,12.55,,82.19
2024-06-27,1385.76,12.24,,83.04
2024-06-28,1376.55,12.44,124.2103,82.83
2024-07-01,1383.0,12.22,,84.7
2024-07-02,1386.55,12.03,,84.09
2024-07-03,1384.85,12.09,,85.19
2024-07-04,,12.26,,
2024-07-05,1379.87,12.48,123.4762,84.44
2024-07-08,1382.73,12.37,,83.63
2024-07-09,1383.39,12.51,,82.78
2024-07-10,1383.42,12.85,,83.39
2024-07-11,1370.85,12.92,,83.92
2024-07-12,1374.9,12.46,122.4404,83.49
2024-07-15,1382.97,13.12,,83.22
2024-07-16,1384.99,13.19,,81.92
2024-07-17,1380.61,14.48,,84.16
2024-07-18,1383.85,15.93,,84.17
2024-07-19,1389.29,16.52,123.147,81.43
2024-07-22,1388.71,14.91,,81.25
2024-07-23,1385.78,14.72,,78.24
2024-07-24,1379.4,18.04,,78.78
2024-07-25,1380.57,18.46,,79.43
2024-07-26,1383.11,16.39,123.672,78.58
2024-07-29,1381.93,16.6,,77.27
2024-07-30,1384.98,17.69,,76.17
2024-07-31,1369.29,16.36,,79.36
2024-08-01,1368.5,18.59,,77.74
2024-08-02,1359.38,23.39,123.4681,74.99
2024-08-05,1367.68,38.57,,74.46
2024-08-06,1377.4,27.71,,74.6
2024-08-07,1374.98,27.85,,76.68
2024-08-08,1376.94,23.79,,77.64
2024-08-09,1363.71,20.37,122.9276,78.28
2024-08-12,1369.87,20.71,,81.45
2024-08-13,1367.28,18.12,,79.81
2024-08-14,1355.35,16.19,,78.47
2024-08-15,1363.21,15.23,,79.66
2024-08-16,1354.34,14.8,122.3972,78.05
2024-08-19,1334.21,14.65,,75.82
2024-08-20,1331.78,15.88,,75.27
2024-08-21,1333.74,16.27,,72.76
2024-08-22,1343.23,17.55,,73.72
2024-08-23,1327.56,15.86,121.4597,75.82
2024-08-26,1328.53,16.15,,78.4
2024-08-27,1330.9,15.43,,76.5
2024-08-28,1335.15,17.11,,75.49
2024-08-29,1332.02,15.65,,76.9
2024-08-30,1336.0,15.0,122.3262,74.52
2024-09-02,,15.55,,
2024-09-03,1339.79,20.72,,71.28
2024-09-04,1336.93,21.32,,70.11
2024-09-05,1335.14,19.9,,70.09
2024-09-06,1335.68,22.38,122.4991,68.58
2024-09-09,1342.16,19.45,,69.65
2024-09-10,1343.41,19.08,,66.73
2024-09-11,1340.59,17.69,,68.25
2024-09-12,1341.35,17.07,,69.89
2024-09-13,1329.26,16.56,121.6551,69.59
2024-09-16,1320.59,17.14,,71.1
2024-09-17,1323.81,17.61,,72.16
2024-09-18,1324.15,18.23,,71.87
2024-09-19,1329.08,16.33,,72.86
2024-09-20,1333.66,16.15,121.4052,72.72
2024-09-23,1334.12,15.89,,71.33
2024-09-24,1330.0,15.39,,72.34
2024-09-25,1335.1,15.41,,70.42
2024-09-26,1314.78,15.37,,68.28
2024-09-27,1309.43,16.96,121.1111,68.72
2024-09-30,1314.94,16.73,,68.75
2024-10-01,1323.78,19.26,,70.41
2024-10-02,1321.53,18.9,,70.74
2024-10-03,1335.58,20.49,,74.33
2024-10-04,1348.74,19.21,122.2197,74.93
2024-10-07,1343.75,22.64,,77.76
2024-10-08,1346.49,21.42,,74.26
2024-10-09,1346.04,20.86,,73.85
2024-10-10,1350.77,20.93,,76.46
2024-10-11,1350.71,20.46,122.9805,76.11
2024-10-14,,19.7,,
2024-10-15,1365.17,20.64,,71.22
2024-10-16,1363.76,19.58,,70.97
2024-10-17,1371.08,19.11,,71.26
2024-10-18,1369.65,18.03,123.9185,69.78
2024-10-21,1379.14,18.37,,71.16
2024-10-22,1379.22,18.2,,72.84
2024-10-23,1381.61,19.24,,71.37
2024-10-24,1382.11,19.08,,70.58
2024-10-25,1389.24,20.33,124.6105,72.02
2024-10-28,1385.57,19.8,,67.65
2024-10-29,1382.2,19.34,,67.48
2024-10-30,1378.41,20.35,,68.91
2024-10-31,1377.57,23.16,,69.58
2024-11-01,1376.95,21.88,124.8076,69.81
2024-11-04,1375.17,21.98,,71.83
2024-11-05,1380.26,20.49,,72.26
2024-11-06,1399.98,16.27,,71.98
2024-11-07,1384.66,15.2,,72.69
2024-11-08,1396.69,14.94,125.5811,70.69
2024-11-11,,14.97,,
2024-11-12,1408.28,14.71,,68.43
2024-11-13,1404.24,14.02,,68.76
2024-11-14,1402.77,14.31,,68.99
2024-11-15,1397.42,16.14,126.8848,67.33
2024-11-18,1394.28,15.58,,69.46
2024-11-19,1392.83,16.35,,69.75
2024-11-20,1399.51,17.16,,69.25
2024-11-21,1401.0,16.87,,70.39
2024-11-22,1405.49,15.24,127.4712,71.68
2024-11-25,1401.03,14.6,,69.41
2024-11-26,1396.69,14.1,,69.05
2024-11-27,1391.14,14.1,,69.03
2024-11-28,,13.9,,
2024-11-29,1396.99,13.51,126.5798,68.26
2024-12-02,1406.13,13.34,,68.35
2024-12-03,1427.83,13.3,,70.15
2024-12-04,1412.16,13.45,,68.81
2024-12-05,1415.88,13.54,,68.58
2024-12-06,1422.4,12.77,126.688,68.58
2024-12-09,1430.05,14.19,,68.65
2024-12-10,1432.6,14.18,,68.85
2024-12-11,1428.5,13.58,,70.57
2024-12-12,1429.47,13.92,,70.25
2024-12-13,1434.82,13.81,127.3096,71.54
2024-12-16,1437.86,14.69,,71.03
2024-12-17,1436.16,15.87,,70.31
2024-12-18,1438.13,27.62,,70.8
2024-12-19,1446.06,24.09,,70.1
2024-12-20,1444.52,18.36,127.893,69.71
2024-12-23,1451.76,16.78,,69.5
2024-12-24,1457.36,14.27,,70.87
2024-12-26,1467.66,14.73,,70.38
2024-12-27,1470.4,15.95,128.45,71.28
2024-12-30,1472.32,17.4,,71.73
2024-12-31,1477.86,17.35,,72.44
2025-01-02,1472.52,17.93,,73.79
2025-01-03,1470.0,16.13,129.4535,74.64
2025-01-06,1459.94,16.04,,74.31
2025-01-07,1452.42,17.82,,74.99
2025-01-08,1459.85,17.7,,73.99
2025-01-09,1459.23,18.07,,
2025-01-10,1473.36,19.54,129.8664,77.27
2025-01-13,1466.87,19.19,,79.57
2025-01-14,1459.5,18.71,,78.2
2025-01-15,1456.5,16.12,,80.73
2025-01-16,1456.16,16.6,,79.35
2025-01-17,1457.04,15.97,129.4859,78.56
2025-01-20,,15.81,,
2025-01-21,1435.29,15.06,,76.79
2025-01-22,1435.77,15.1,,76.12
2025-01-23,1434.29,15.02,,75.03
2025-01-24,1429.17,14.85,127.4611,74.97
2025-01-27,1433.83,17.9,,73.51
2025-01-28,1446.42,16.41,,74.15
2025-01-29,1441.85,16.56,,72.94
2025-01-30,1442.16,15.84,,73.1
2025-01-31,1453.86,16.43,128.4828,72.84
2025-02-03,1461.21,18.62,,73.52
2025-02-04,1451.02,17.21,,73.04
2025-02-05,1442.37,15.77,,71.39
2025-02-06,1447.05,15.5,,70.97
2025-02-07,1453.97,16.54,128.4292,71.32
2025-02-10,1451.0,15.81,,72.73
2025-02-11,1452.31,16.02,,73.67
2025-02-12,1453.49,15.89,,71.72
2025-02-13,1446.95,15.1,,71.66
2025-02-14,1439.89,14.77,127.1491,71.05
2025-02-17,,15.37,,
2025-02-18,1438.83,15.35,,72.21
2025-02-19,1441.06,15.27,,72.58
2025-02-20,1434.71,15.66,,72.88
2025-02-21,1434.06,18.21,127.1408,70.72
2025-02-24,1429.77,18.98,,71.06
2025-02-25,1433.79,19.43,,69.15
2025-02-26,1433.2,19.1,,68.87
2025-02-27,1447.35,21.13,,70.62
2025-02-28,1459.04,19.63,128.2805,69.97
2025-03-03,1456.49,22.78,,68.63
2025-03-04,1458.46,23.51,,68.47
2025-03-05,1445.21,21.93,,66.58
2025-03-06,1447.34,24.87,,66.62
2025-03-07,1449.3,23.37,125.9814,67.29
2025-03-10,1456.74,27.86,,66.31
2025-03-11,1453.07,26.92,,66.52
2025-03-12,1451.7,24.23,,67.65
2025-03-13,1455.76,24.66,,66.82
2025-03-14,1451.76,21.77,125.6942,67.43
2025-03-17,1444.71,20.51,,67.84
2025-03-18,1451.28,21.7,,67.49
2025-03-19,1462.15,19.9,,67.4
2025-03-20,1467.77,19.8,,68.55
2025-03-21,1466.49,19.28,126.2679,68.52
2025-03-24,1466.91,17.48,,69.46
2025-03-25,1465.32,17.15,,69.48
2025-03-26,1467.25,18.33,,70.05
2025-03-27,1463.9,18.69,,70.3
2025-03-28,1469.2,21.65,126.4187,69.74
2025-03-31,1474.44,22.28,,71.87
2025-04-01,1471.0,21.77,,71.61
2025-04-02,1462.06,21.51,,72.12
2025-04-03,1450.55,30.02,,67.43
2025-04-04,1457.76,45.31,125.8129,62.42
2025-04-07,1470.22,46.98,,61.05
2025-04-08,1477.97,52.33,,60.04
2025-04-09,1472.75,33.62,,62.63
2025-04-10,1450.37,40.72,,60.57
2025-04-11,1418.79,37.56,124.0163,61.91
2025-04-14,1422.56,30.89,,61.99
2025-04-15,1427.16,30.12,,61.74
2025-04-16,1415.24,32.64,,62.88
2025-04-17,1416.1,29.65,,65.07
2025-04-18,1423.49,,122.9865,
2025-04-21,1420.52,33.82,,63.48
2025-04-22,1425.0,30.57,,64.6
2025-04-23,1425.88,28.45,,62.64
2025-04-24,1432.97,26.47,,63.55
2025-04-25,1440.72,24.84,122.8858,63.85
2025-04-28,1436.31,25.15,,63.3
2025-04-29,1432.01,24.17,,61.84
2025-04-30,1425.68,24.7,,59.55
2025-05-01,1437.58,24.6,,60.59
2025-05-02,1398.89,22.68,122.4962,59.67
2025-05-05,1375.11,23.64,,58.5
2025-05-06,1377.15,24.76,,60.42
2025-05-07,1391.86,23.55,,59.42
2025-05-08,1403.61,22.48,,61.25
2025-05-09,1398.51,21.9,122.5191,62.37
2025-05-12,1417.77,18.39,,63.32
2025-05-13,1418.65,18.22,,65.04
2025-05-14,1398.83,18.62,,64.48
2025-05-15,1397.65,17.83,,63.03
2025-05-16,1401.19,17.24,123.0737,63.84
2025-05-19,1388.48,18.14,,63.98
2025-05-20,1393.36,18.09,,63.97
2025-05-21,1371.64,20.87,,62.93
2025-05-22,1381.55,20.28,,62.55
2025-05-23,1365.03,22.29,121.3837,62.89
2025-05-26,,20.57,,
2025-05-27,1375.85,18.96,,61.61
2025-05-28,1374.6,19.31,,62.54
2025-05-29,1371.75,19.18,,61.66
2025-05-30,1381.13,18.57,121.7674,61.46
2025-06-02,1376.42,18.36,,63.27
2025-06-03,1378.45,17.69,,64.1
2025-06-04,1364.16,17.61,,63.57
2025-06-05,1355.97,18.48,,64.06
2025-06-06,1360.28,16.77,121.161,65.3
2025-06-09,1354.99,17.16,,65.99
2025-06-10,1367.55,16.95,,65.66
2025-06-11,1368.29,17.26,,68.91
2025-06-12,1356.47,18.02,,68.73
2025-06-13,1364.93,20.82,120.3245,73.84
2025-06-16,1357.55,19.11,,72.53
2025-06-17,1370.29,21.6,,75.62
2025-06-18,1372.11,20.14,,75.89
2025-06-19,,22.17,,
2025-06-20,1372.45,20.62,121.0408,75.72
2025-06-23,1382.61,19.83,,69.36
2025-06-24,1359.0,17.48,,65.45
2025-06-25,1362.17,16.76,,65.98
2025-06-26,1355.64,16.59,,66.44
2025-06-27,1360.72,16.32,119.659,66.66
2025-06-30,1353.5,16.73,,66.3
2025-07-01,1358.06,16.83,,66.64
2025-07-02,1356.9,16.64,,68.66
2025-07-03,1364.65,16.38,,68.13
2025-07-04,,17.48,119.2382,
2025-07-07,1369.6,17.79,,69.16
2025-07-08,1372.74,16.81,,69.55
2025-07-09,1375.04,15.94,,69.61
2025-07-10,1373.37,15.78,,67.78
2025-07-11,1375.37,16.4,119.9214,69.63
2025-07-14,1382.51,17.2,,68.19
2025-07-15,1385.39,17.38,,67.76
2025-07-16,1390.84,17.16,,67.13
2025-07-17,1391.04,16.52,,68.76
2025-07-18,1390.29,16.41,120.356,68.53
2025-07-21,1381.22,16.65,,68.39
2025-07-22,1381.58,16.5,,67.56
2025-07-23,1375.38,15.37,,66.05
2025-07-24,1371.0,15.39,,67.16
2025-07-25,1382.92,14.93,119.9857,66.38
2025-07-28,1388.21,15.03,,67.81
2025-07-29,1390.63,15.98,,70.27
2025-07-30,1391.58,15.48,,71.09
2025-07-31,1396.19,16.72,,70.36
2025-08-01,1388.34,20.38,121.2122,68.39
2025-08-04,1385.71,17.52,,67.33
2025-08-05,1386.64,17.85,,66.2
2025-08-06,1384.64,16.77,,65.38
2025-08-07,1386.05,16.57,,64.9
2025-08-08,1389.7,15.15,120.3329,64.94
2025-08-11,1392.74,16.25,,65.03
2025-08-12,1385.4,14.73,,64.22
2025-08-13,1378.9,14.49,,63.68
2025-08-14,1390.59,14.83,,64.99
2025-08-15,1387.87,15.09,120.3377,63.78
2025-08-18,1387.34,14.99,,64.51
2025-08-19,1392.04,15.57,,63.38
2025-08-20,1397.7,15.69,,64.19
2025-08-21,1401.88,16.6,,64.56
2025-08-22,1381.71,14.22,120.2774,64.08
2025-08-25,1389.06,14.79,,65.18
2025-08-26,1393.52,14.62,,63.6
2025-08-27,1394.54,14.85,,64.49
2025-08-28,1384.85,14.43,,64.96
2025-08-29,1389.76,15.36,120.2082,64.36
2025-09-01,,16.12,,
2025-09-02,1394.76,17.17,,65.95
2025-09-03,1389.21,16.35,,64.36
2025-09-04,1394.8,15.3,,63.81
2025-09-05,1385.28,15.18,120.1282,62.22
2025-09-08,1386.29,15.11,,62.6
2025-09-09,1388.16,15.04,,62.97
2025-09-10,1386.97,15.35,,64.01
2025-09-11,1388.97,14.71,,62.71
2025-09-12,1394.06,14.76,120.0611,63.02
2025-09-15,1385.09,15.69,,63.66
2025-09-16,1381.49,16.36,,64.89
2025-09-17,1375.5,15.72,,64.41
2025-09-18,1388.51,15.7,,63.91
2025-09-19,1397.43,15.45,119.7858,63.02
2025-09-22,1392.4,16.1,,62.99
2025-09-23,1394.28,16.64,,63.76
2025-09-24,1404.7,16.18,,65.4
2025-09-25,1408.67,16.74,,65.51
2025-09-26,1410.05,15.29,120.4349,66.5
2025-09-29,1399.76,16.12,,64.27
2025-09-30,1404.63,16.28,,63.17
2025-10-01,1402.45,16.29,,62.59
2025-10-02,1406.72,16.63,,61.28
2025-10-03,1406.16,16.65,120.0881,61.65
2025-10-06,1410.47,16.37,,62.49
2025-10-07,1413.12,17.24,,62.52
2025-10-08,1424.17,16.3,,63.37
2025-10-09,1423.68,16.43,,62.36
2025-10-10,1428.39,21.66,121.1163,59.75
2025-10-13,,19.03,,
2025-10-14,1429.91,20.81,,59.52
2025-10-15,1423.12,20.64,,59.08
2025-10-16,1416.07,25.31,,58.29
2025-10-17,1421.89,20.78,120.7028,58.3
2025-10-20,1420.39,18.23,,58.34
2025-10-21,1430.58,17.87,,58.66
2025-10-22,1429.94,18.6,,59.3
2025-10-23,1437.25,17.3,,62.44
2025-10-24,1438.35,16.37,120.9345,62.27
2025-10-27,1432.72,15.79,,62.13
2025-10-28,1432.72,16.42,,60.97
2025-10-29,1420.83,16.92,,61.26
2025-10-30,1430.45,16.91,,61.36
2025-10-31,1428.37,17.44,121.3859,61.75
2025-11-03,1430.65,17.17,,61.79
2025-11-04,1440.22,19.0,,61.38
2025-11-05,1440.95,18.01,,60.4
2025-11-06,1449.28,19.5,,60.24
2025-11-07,1461.07,19.08,121.388,60.54
2025-11-10,1456.34,17.6,,60.94
2025-11-11,,17.28,,
2025-11-12,1468.6,17.51,,59.3
2025-11-13,1465.32,20.0,,59.54
2025-11-14,1453.2,19.83,120.9666,60.87
2025-11-17,1459.71,22.38,,60.66
2025-11-18,1461.3,24.69,,61.51
2025-11-19,1467.69,23.66,,60.27
2025-11-20,1472.65,26.42,,60.07
2025-11-21,1470.84,23.43,121.8653,58.86
2025-11-24,1475.94,20.52,,59.11
2025-11-25,1468.02,18.56,,58.25
2025-11-26,1468.39,17.19,,58.81
2025-11-27,,17.21,,
2025-11-28,1467.65,16.35,121.0527,58.58
2025-12-01,1467.79,17.24,,59.47
2025-12-02,1469.23,16.59,,58.81
2025-12-03,1465.94,16.08,,59.09
2025-12-04,1473.22,15.78,,59.82
2025-12-05,1472.83,15.41,120.6863,60.23
2025-12-08,1469.19,16.66,,59.04
2025-12-09,1469.48,16.93,,58.4
2025-12-10,1470.2,15.77,,58.67
2025-12-11,1471.38,14.85,,57.76
2025-12-12,1477.72,15.74,120.1442,57.61
2025-12-15,1468.62,16.5,,56.97
2025-12-16,1472.48,16.48,,55.44
2025-12-17,1475.05,17.62,,56.07
2025-12-18,1473.21,16.87,,56.22
2025-12-19,1477.26,14.91,120.1652,56.8
2025-12-22,1480.13,14.08,,58.18
2025-12-23,1481.45,14.0,,58.55
2025-12-24,1443.62,13.47,,58.72
2025-12-26,1441.16,13.6,119.4723,56.6
2025-12-29,1433.88,14.2,,57.89
2025-12-30,1439.42,14.33,,57.79
2025-12-31,1444.55,14.95,,57.26
2026-01-02,1444.45,14.51,119.6059,57.21
2026-01-05,1444.88,14.9,,58.1
2026-01-06,1446.93,14.75,,56.97
2026-01-07,1447.45,15.38,,56.01
2026-01-08,1452.15,15.45,,57.74
2026-01-09,1458.61,14.49,120.2215,58.96
2026-01-12,1467.08,15.12,,59.39
2026-01-13,1475.78,15.98,,60.85
2026-01-14,1464.29,16.75,,61.84
2026-01-15,1469.39,15.84,,59.13
2026-01-16,1474.05,15.86,120.0838,59.4
2026-01-19,,18.84,,
2026-01-20,1478.33,20.09,,60.3
2026-01-21,1465.95,16.9,,60.38
2026-01-22,1464.34,15.64,,59.24
2026-01-23,1462.89,16.09,118.8976,60.7
2026-01-26,1441.49,16.15,,60.46
2026-01-27,1437.45,16.35,,62.04
2026-01-28,1436.06,16.35,,62.75
2026-01-29,1433.84,16.88,,64.77
2026-01-30,1444.51,17.44,117.8996,64.5
2026-02-02,1452.03,16.34,,61.6
2026-02-03,1447.7,18.0,,62.62
2026-02-04,1459.24,18.64,,64.56
2026-02-05,1463.13,21.77,,62.9
2026-02-06,1462.75,17.76,118.2407,63.77
2026-02-09,1458.12,17.36,,64.53
2026-02-10,1456.82,17.79,,64.2
2026-02-11,1446.96,17.65,,64.8
2026-02-12,1439.8,20.82,,63.08
2026-02-13,1442.9,20.6,117.5258,63.05
2026-02-16,,21.2,,
2026-02-17,1444.43,20.29,,62.53
2026-02-18,1445.15,19.62,,65.33
2026-02-19,1450.1,20.23,,66.66
2026-02-20,1445.97,19.09,117.9917,66.69
2026-02-23,1442.62,21.01,,66.36
2026-02-24,1440.45,19.55,,65.62
2026-02-25,1427.12,17.93,,65.3
2026-02-26,1433.32,18.63,,65.1
2026-02-27,1439.82,19.86,117.8223,66.96
2026-03-02,1439.8,21.44,,71.13
2026-03-03,1485.6,23.57,,74.48
2026-03-04,1462.7,21.15,,74.58
2026-03-05,1483.36,23.75,,80.88
2026-03-06,1482.98,29.49,119.491,90.77
2026-03-09,1478.15,25.5,,94.65
2026-03-10,1465.29,24.93,,83.71
2026-03-11,1474.94,24.23,,86.8
2026-03-12,1491.81,27.29,,95.61
2026-03-13,1498.88,27.19,120.5518,98.48
2026-03-16,1493.01,23.51,,93.39
2026-03-17,1488.68,22.37,,96.01
2026-03-18,1500.19,25.09,,96.12
2026-03-19,1495.88,24.06,,96.11
2026-03-20,1504.15,26.78,120.2757,98.71
2026-03-23,1492.07,26.15,,89.33
2026-03-24,1496.95,26.95,,93.18
2026-03-25,1500.32,25.33,,91.51
2026-03-26,1504.57,27.44,,96.18
2026-03-27,1509.86,31.05,120.8851,101.26
2026-03-30,1518.7,30.61,,104.69
2026-03-31,1523.5,25.25,,102.86
2026-04-01,1511.31,24.54,,101.9
2026-04-02,1509.54,23.87,,113.23
2026-04-03,1510.17,,120.6565,
2026-04-06,1507.55,24.17,,114.01
2026-04-07,1501.86,25.78,,114.58
2026-04-08,1477.1,21.04,,96.17
2026-04-09,1472.92,19.49,,99.62
2026-04-10,1483.9,19.23,118.8552,98.34
2026-04-13,1486.94,19.12,,100.72
2026-04-14,1471.51,18.36,,93.07
2026-04-15,1474.41,18.17,,93.04
2026-04-16,1478.19,17.94,,96.46
2026-04-17,1461.66,17.48,118.0795,85.91
2026-04-20,1470.31,18.87,,91.06
2026-04-21,1478.52,19.5,,93.64
2026-04-22,1480.61,18.92,,94.76
2026-04-23,1479.19,19.31,,99.27
2026-04-24,1476.47,18.71,118.7294,98.42
2026-04-27,1473.4,18.02,,99.89
2026-04-28,1472.37,17.83,,103.45
2026-04-29,1487.69,18.81,,110.47
2026-04-30,1477.93,16.89,,108.64
2026-05-01,1477.22,16.99,118.3926,105.38
2026-05-04,1476.01,18.29,,109.76
2026-05-05,1478.41,17.38,,105.66
2026-05-06,1447.01,17.39,,98.75
2026-05-07,1453.85,17.08,,98.38
2026-05-08,1461.06,17.19,118.0392,98.87
2026-05-11,1469.91,18.38,,101.56
2026-05-12,1490.32,17.99,,105.78
2026-05-13,1490.11,17.87,,104.52
2026-05-14,1491.75,17.26,,104.66
2026-05-15,1499.61,18.43,119.2825,108.99
2026-05-18,1494.67,17.82,,112.25
2026-05-19,1508.49,18.06,,112.09
2026-05-20,1498.77,17.44,,101.69
2026-05-21,1508.47,16.76,,100.2
2026-05-22,1517.33,16.7,119.2868,100.35
2026-05-25,,16.59,,
2026-05-26,1506.75,17.01,,97.63
2026-05-27,1498.28,16.29,,92.35
2026-05-28,1495.94,15.74,,92.65
2026-05-29,1503.96,15.32,118.8783,91.16
2026-06-01,,16.05,,95.96
2026-06-02,,15.77,,
2026-06-03,,16.06,,
2026-06-04,,15.4,,
