loaded_date,gold,kr_usd_exchange,wti_oil,dxy_proxy,vix,kospi200,sp500,kr_cpi
2005-01-03,428.7000122070313,1038.0,42.16,,14.08,115.36000061035156,1202.0799560546875,73.594
2005-01-04,428.5,1038.0,43.96,,13.98,114.7699966430664,1188.050048828125,73.594
2005-01-05,426.6000061035156,1046.3,43.41,,14.09,114.6500015258789,1183.739990234375,73.594
2005-01-06,421.0,1058.0,45.51,,13.58,112.94000244140624,1187.8900146484375,73.594
2005-01-07,418.8999938964844,1051.0,45.32,,13.49,112.70999908447266,1186.18994140625,73.594
2005-01-08,,,,,,,,73.594
2005-01-09,,,,,,,,73.594
2005-01-10,419.1000061035156,1053.0,45.31,,13.23,113.2699966430664,1190.25,73.594
2005-01-11,421.8999938964844,1045.0,45.66,,13.19,114.66000366210938,1182.989990234375,73.594
2005-01-12,426.1000061035156,1042.0,46.46,,12.56,114.08999633789062,1187.699951171875,73.594
2005-01-13,424.5,1036.0,48.11,,12.84,115.01000213623048,1177.449951171875,73.594
2005-01-14,422.7000122070313,1043.0,48.41,,12.43,117.81999969482422,1184.52001953125,73.594
2005-01-15,,,,,,,,73.594
2005-01-16,,,,,,,,73.594
2005-01-17,,,,,,119.91000366210938,,73.594
2005-01-18,423.2000122070313,1035.8,48.46,,12.47,119.5,1195.97998046875,73.594
2005-01-19,423.0,1031.0,47.61,,13.18,118.9000015258789,1184.6300048828125,73.594
2005-01-20,422.3999938964844,1031.85,47.01,,13.83,118.0199966430664,1175.4100341796875,73.594
2005-01-21,426.7000122070313,1037.85,48.31,,14.36,119.4000015258789,1167.8699951171875,73.594
2005-01-22,,,,,,,,73.594
2005-01-23,,,,,,,,73.594
2005-01-24,426.8999938964844,1031.85,48.61,,14.65,119.83000183105467,1163.75,73.594
2005-01-25,422.0,1030.85,49.43,,14.06,118.91000366210938,1168.4100341796875,73.594
2005-01-26,426.8999938964844,1031.45,48.8,,13.44,120.51000213623048,1174.0699462890625,73.594
2005-01-27,426.2999877929688,1027.85,48.8,,13.24,120.16000366210938,1174.550048828125,73.594
2005-01-28,425.7999877929688,1024.0,47.15,,13.24,119.6500015258789,1171.3599853515625,73.594
2005-01-29,,,,,,,,73.594
2005-01-30,,,,,,,,73.594
2005-01-31,421.7999877929688,1026.85,48.25,,12.82,121.05999755859376,1181.27001953125,73.594
2005-02-01,420.7999877929688,1027.35,47.1,,12.03,120.0,1189.4100341796875,73.892
2005-02-02,421.1000061035156,1027.8,46.65,,11.66,119.73999786376952,1193.18994140625,73.892
2005-02-03,416.6000061035156,1024.85,46.4,,11.79,120.63999938964844,1189.8900146484375,73.892
2005-02-04,414.0,1027.0,46.45,,11.21,121.3000030517578,1203.030029296875,73.892
2005-02-05,,,,,,,,73.892
2005-02-06,,,,,,,,73.892
2005-02-07,413.6000061035156,1029.0,45.35,,11.73,123.1999969482422,1201.719970703125,73.892
2005-02-08,412.6000061035156,1036.0,45.4,,11.6,,1202.300048828125,73.892
2005-02-09,412.8999938964844,1039.0,45.45,,12.0,,1191.989990234375,73.892
2005-02-10,417.2000122070313,1044.0,47.05,,11.51,,1197.010009765625,73.892
2005-02-11,420.5,1033.0,47.15,,11.43,122.83999633789062,1205.300048828125,73.892
2005-02-12,,,,,,,,73.892
2005-02-13,,,,,,,,73.892
2005-02-14,425.7999877929688,1024.85,47.5,,11.52,124.94000244140624,1206.1400146484375,73.892
2005-02-15,425.8999938964844,1026.55,47.3,,11.27,125.4800033569336,1210.1199951171875,73.892
2005-02-16,425.5,1027.0,48.35,,11.1,125.8499984741211,1210.3399658203125,73.892
2005-02-17,427.2999877929688,1025.45,47.5,,11.77,125.93000030517578,1200.75,73.892
2005-02-18,427.1000061035156,1024.0,48.45,,11.18,127.43000030517578,1201.5899658203125,73.892
2005-02-19,,,,,,,,73.892
2005-02-20,,,,,,,,73.892
2005-02-21,,,,,,128.08999633789062,,73.892
2005-02-22,434.5,1004.85,51.0,,13.14,126.73999786376952,1184.1600341796875,73.892
2005-02-23,434.8999938964844,1002.85,51.73,,12.39,125.52999877929688,1190.800048828125,73.892
2005-02-24,434.5,1006.85,52.05,,11.57,127.80999755859376,1200.199951171875,73.892
2005-02-25,434.8999938964844,1007.85,52.2,,11.49,129.1300048828125,1211.3699951171875,73.892
2005-02-26,,,,,,,,73.892
2005-02-27,,,,,,,,73.892
2005-02-28,436.5,1000.85,51.75,,12.08,130.85000610351562,1203.5999755859375,73.892
2005-03-01,432.8999938964844,1003.85,51.67,,12.04,,1210.4100341796875,74.338
2005-03-02,432.7999877929688,1006.85,53.0,,12.5,130.13999938964844,1210.0799560546875,74.338
2005-03-03,429.8999938964844,1005.85,53.6,,12.93,130.61000061035156,1210.469970703125,74.338
2005-03-04,434.2000122070313,1008.0,53.7,,11.94,130.61000061035156,1222.1199951171875,74.338
2005-03-05,,,,,,,,74.338
2005-03-06,,,,,,,,74.338
2005-03-07,435.0,1004.45,53.9,,12.26,130.11000061035156,1225.31005859375,74.338
2005-03-08,440.2999877929688,1004.05,54.55,,12.4,129.2100067138672,1219.4300537109375,74.338
2005-03-09,442.1000061035156,1000.95,54.75,,12.7,130.25999450683594,1207.010009765625,74.338
2005-03-10,442.7999877929688,1000.05,53.52,,12.49,128.75999450683594,1209.25,74.338
2005-03-11,446.2000122070313,997.5,54.4,,12.8,131.97000122070312,1200.0799560546875,74.338
2005-03-12,,,,,,,,74.338
2005-03-13,,,,,,,,74.338
2005-03-14,441.1000061035156,1000.55,54.9,,12.39,131.47000122070312,1206.8299560546875,74.338
2005-03-15,440.8999938964844,1003.65,55.05,,13.15,127.9499969482422,1197.75,74.338
2005-03-16,443.7000122070313,1003.55,56.5,,13.49,128.1699981689453,1188.0699462890625,74.338
2005-03-17,438.7000122070313,1000.7,56.4,,13.29,126.68000030517578,1190.2099609375,74.338
2005-03-18,439.2999877929688,1004.85,56.8,,13.14,126.81999969482422,1189.6500244140625,74.338
2005-03-19,,,,,,,,74.338
2005-03-20,,,,,,,,74.338
2005-03-21,431.1000061035156,1009.0,56.7,,13.61,126.83999633789062,1183.780029296875,74.338
2005-03-22,431.2999877929688,1009.35,55.95,,14.27,126.87000274658205,1171.7099609375,74.338
2005-03-23,425.2000122070313,1008.0,49.43,,14.06,125.16000366210938,1172.530029296875,74.338
2005-03-24,424.7000122070313,1013.35,49.7,,13.42,123.8000030517578,1171.4200439453125,74.338
2005-03-25,,1014.2,,,,125.06999969482422,,74.338
2005-03-26,,,,,,,,74.338
2005-03-27,,,,,,,,74.338
2005-03-28,425.8999938964844,1017.85,54.06,,13.75,126.72000122070312,1174.280029296875,74.338
2005-03-29,426.0,1023.85,54.26,,14.49,124.12999725341795,1165.3599853515625,74.338
2005-03-30,,1023.0,53.96,,13.64,123.48999786376952,1181.4100341796875,74.338
2005-03-31,428.7000122070313,1015.4,55.31,,14.02,124.77999877929688,1180.5899658203125,74.338
2005-04-01,425.8999938964844,1012.0,57.26,,14.09,126.87999725341795,1172.9200439453125,74.413
2005-04-02,,,,,,,,74.413
2005-04-03,,,,,,,,74.413
2005-04-04,423.8999938964844,1013.0,56.86,,14.11,127.22000122070312,1176.1199951171875,74.413
2005-04-05,424.5,1017.0,55.83,,13.68,,1181.3900146484375,74.413
2005-04-06,427.1000061035156,1013.0,55.88,,13.15,127.8499984741211,1184.0699462890625,74.413
2005-04-07,426.5,1012.0,54.16,,12.33,127.91999816894533,1191.1400146484375,74.413
2005-04-08,426.8999938964844,1015.0,53.46,,12.62,128.44000244140625,1181.199951171875,74.413
2005-04-09,,,,,,,,74.413
2005-04-10,,,,,,,,74.413
2005-04-11,428.6000061035156,1015.0,53.71,,11.98,127.58999633789062,1181.2099609375,74.413
2005-04-12,427.6000061035156,1016.0,51.54,,11.3,127.23999786376952,1187.760009765625,74.413
2005-04-13,429.2999877929688,1011.0,50.21,,13.31,127.27999877929688,1173.7900390625,74.413
2005-04-14,424.0,1019.0,51.11,,14.53,123.29000091552734,1162.050048828125,74.413
2005-04-15,424.8999938964844,1018.0,50.61,,17.74,122.41000366210938,1142.6199951171875,74.413
2005-04-16,,,,,,,,74.413
2005-04-17,,,,,,,,74.413
2005-04-18,427.5,1017.0,50.52,,16.56,119.76000213623048,1145.97998046875,74.413
2005-04-19,432.8999938964844,1013.0,52.33,,14.96,120.5,1152.780029296875,74.413
2005-04-20,435.2999877929688,1009.0,52.45,,16.92,121.0500030517578,1137.5,74.413
2005-04-21,433.0,1008.0,52.49,,14.41,121.30999755859376,1159.949951171875,74.413
2005-04-22,434.2999877929688,1004.0,54.16,,15.38,121.36000061035156,1152.1199951171875,74.413
2005-04-23,,,,,,,,74.413
2005-04-24,,,,,,,,74.413
2005-04-25,434.6000061035156,999.0,53.16,,14.62,122.08000183105467,1162.0999755859375,74.413
2005-04-26,437.8999938964844,998.7,54.33,,14.91,121.91999816894533,1151.8299560546875,74.413
2005-04-27,433.0,1002.7,51.37,,14.87,119.95999908447266,1156.3800048828125,74.413
2005-04-28,,1002.0,51.92,,16.86,118.36000061035156,1143.219970703125,74.413
2005-04-29,435.0,997.0,49.2,,15.31,117.58000183105467,1156.8499755859375,74.413
2005-04-30,,,,,,,,74.413
2005-05-01,,,,,,,,74.338
2005-05-02,429.5,1001.0,50.94,,15.12,118.45999908447266,1162.1600341796875,74.338
2005-05-03,426.7000122070313,1002.0,49.6,,14.53,117.88999938964844,1161.1700439453125,74.338
2005-05-04,429.0,997.5,50.22,,13.85,119.9499969482422,1175.6500244140625,74.338
2005-05-05,429.7999877929688,999.6,51.12,,13.98,,1172.6300048828125,74.338
2005-05-06,426.1000061035156,999.0,51.3,,14.05,121.26000213623048,1171.3499755859375,74.338
2005-05-07,,,,,,,,74.338
2005-05-08,,,,,,,,74.338
2005-05-09,426.2000122070313,1001.0,52.04,,13.75,120.4800033569336,1178.8399658203125,74.338
2005-05-10,427.2000122070313,999.01,51.76,,14.91,120.4000015258789,1166.219970703125,74.338
2005-05-11,427.2000122070313,997.0,50.39,,14.45,119.0199966430664,1171.1099853515625,74.338
2005-05-12,421.6000061035156,999.5,48.83,,16.12,118.69000244140624,1159.3599853515625,74.338
2005-05-13,420.2000122070313,1000.0,48.65,,16.32,118.87000274658205,1154.050048828125,74.338
2005-05-14,,,,,,,,74.338
2005-05-15,,,,,,,,74.338
2005-05-16,418.8999938964844,1009.0,48.64,,15.68,119.6500015258789,1165.68994140625,74.338
2005-05-17,419.3999938964844,1004.0,48.97,,14.57,119.51000213623048,1173.800048828125,74.338
2005-05-18,421.5,1003.0,46.99,,13.63,120.08000183105467,1185.56005859375,74.338
2005-05-19,420.5,1006.0,47.0,,13.32,123.04000091552734,1191.0799560546875,74.338
2005-05-20,417.3999938964844,1007.0,47.25,,13.14,123.0199966430664,1189.280029296875,74.338
2005-05-21,,,,,,,,74.338
2005-05-22,,,,,,,,74.338
2005-05-23,416.6000061035156,1004.0,48.68,,12.95,122.87000274658205,1193.8599853515625,74.338
2005-05-24,417.5,1003.0,49.14,,12.69,122.91000366210938,1194.0699462890625,74.338
2005-05-25,418.7999877929688,1000.0,50.37,,12.58,121.37000274658205,1190.010009765625,74.338
2005-05-26,418.0,1002.0,50.89,,12.24,121.6999969482422,1197.6199951171875,74.338
2005-05-27,419.7999877929688,1000.0,51.65,,12.15,123.88999938964844,1198.780029296875,74.338
2005-05-28,,,,,,,,74.338
2005-05-29,,,,,,,,74.338
2005-05-30,,,,,,124.63999938964844,,74.338
2005-05-31,416.2999877929688,1005.0,52.08,,13.29,124.83999633789062,1191.5,74.338
2005-06-01,415.2999877929688,1010.0,54.4,,12.36,124.9000015258789,1202.219970703125,74.114
2005-06-02,422.7000122070313,1013.0,53.46,,11.84,125.04000091552734,1204.2900390625,74.114
2005-06-03,423.7000122070313,1006.0,55.08,,12.15,125.6999969482422,1196.02001953125,74.114
2005-06-04,,,,,,,,74.114
2005-06-05,,,,,,,,74.114
2005-06-06,426.5,1003.0,54.46,,12.28,,1197.510009765625,74.114
2005-06-07,424.7999877929688,1004.7,53.84,,12.39,124.79000091552734,1197.260009765625,74.114
2005-06-08,424.7000122070313,1005.6,52.51,,12.7,125.62000274658205,1194.6700439453125,74.114
2005-06-09,424.2000122070313,1005.0,54.36,,12.08,127.22000122070312,1200.9300537109375,74.114
2005-06-10,427.3999938964844,1006.72,53.55,,11.96,127.68000030517578,1198.1099853515625,74.114
2005-06-11,,,,,,,,74.114
2005-06-12,,,,,,,,74.114
2005-06-13,429.2999877929688,1016.0,55.47,,11.65,127.6500015258789,1200.8199462890625,74.114
2005-06-14,427.5,1014.5,55.03,,11.79,126.9000015258789,1203.9100341796875,74.114
2005-06-15,429.1000061035156,1014.0,55.53,,11.46,129.27000427246094,1206.5799560546875,74.114
2005-06-16,436.2000122070313,1012.9,56.48,,11.15,129.27000427246094,1210.9599609375,74.114
2005-06-17,438.2999877929688,1008.1,58.4,,11.48,129.3300018310547,1216.9599609375,74.114
2005-06-18,,,,,,,,74.114
2005-06-19,,,,,,,,74.114
2005-06-20,438.3999938964844,1011.9,59.19,,11.47,128.1699981689453,1216.0999755859375,74.114
2005-06-21,438.8999938964844,1008.0,58.9,,11.08,127.66000366210938,1213.6099853515625,74.114
2005-06-22,438.1000061035156,1009.2,58.27,,11.05,129.24000549316406,1213.8800048828125,74.114
2005-06-23,441.7000122070313,1010.5,59.23,,12.13,130.38999938964844,1200.72998046875,74.114
2005-06-24,440.5,1013.5,59.63,,12.18,129.0800018310547,1191.5699462890625,74.114
2005-06-25,,,,,,,,74.114
2005-06-26,,,,,,,,74.114
2005-06-27,440.2999877929688,1013.5,59.78,,12.52,127.4499969482422,1190.68994140625,74.114
2005-06-28,436.3999938964844,1023.5,58.32,,11.58,127.91999816894533,1201.5699462890625,74.114
2005-06-29,,1030.0,57.23,,11.77,128.41000366210938,1199.8499755859375,74.114
2005-06-30,435.8999938964844,1034.5,56.63,,12.04,129.42999267578125,1191.3299560546875,74.114
2005-07-01,427.7999877929688,1033.0,59.11,,11.4,130.58999633789062,1194.43994140625,74.413
2005-07-02,,,,,,,,74.413
2005-07-03,,,,,,,,74.413
2005-07-04,,,,,,130.9499969482422,,74.413
2005-07-05,422.8999938964844,1050.0,59.71,,11.68,130.5399932861328,1204.989990234375,74.413
2005-07-06,423.5,1048.0,61.24,,12.27,130.64999389648438,1194.93994140625,74.413
2005-07-07,423.2999877929688,1051.0,60.76,,12.49,131.72000122070312,1197.8699951171875,74.413
2005-07-08,422.8999938964844,1054.0,59.71,,11.45,131.27999877929688,1211.8599853515625,74.413
2005-07-09,,,,,,,,74.413
2005-07-10,,,,,,,,74.413
2005-07-11,425.5,1040.5,59.23,,11.28,133.8800048828125,1219.43994140625,74.413
2005-07-12,426.2999877929688,1035.0,60.49,,10.95,134.25999450683594,1222.2099609375,74.413
2005-07-13,423.8999938964844,1040.0,60.0,,10.84,135.25,1223.2900390625,74.413
2005-07-14,419.6000061035156,1032.0,57.83,,10.81,136.97999572753906,1226.5,74.413
2005-07-15,420.7000122070313,1038.0,58.36,,10.33,136.47999572753906,1227.9200439453125,74.413
2005-07-16,,,,,,,,74.413
2005-07-17,,,,,,,,74.413
2005-07-18,420.5,1032.5,57.12,,10.77,136.77999877929688,1221.1300048828125,74.413
2005-07-19,419.7000122070313,1043.5,57.61,,10.45,138.66000366210938,1229.3499755859375,74.413
2005-07-20,421.7000122070313,1043.5,56.73,,10.23,138.57000732421875,1235.199951171875,74.413
2005-07-21,425.3999938964844,1035.0,57.31,,10.97,138.6199951171875,1227.0400390625,74.413
2005-07-22,424.7000122070313,1018.5,57.75,,10.52,138.3699951171875,1233.6800537109375,74.413
2005-07-23,,,,,,,,74.413
2005-07-24,,,,,,,,74.413
2005-07-25,425.7000122070313,1024.0,58.16,,11.1,140.5500030517578,1229.030029296875,74.413
2005-07-26,423.3999938964844,1029.5,59.05,,10.99,140.52999877929688,1231.1600341796875,74.413
2005-07-27,424.7000122070313,1029.0,59.12,,10.36,140.72999572753906,1236.7900390625,74.413
2005-07-28,427.2999877929688,1027.7,59.91,,10.52,142.3800048828125,1243.719970703125,74.413
2005-07-29,429.8999938964844,1026.5,60.71,,11.57,143.32000732421875,1234.1800537109375,74.413
2005-07-30,,,,,,,,74.413
2005-07-31,,,,,,,,74.413
2005-08-01,431.8999938964844,1024.5,61.51,,12.08,143.9600067138672,1235.3499755859375,74.636
2005-08-02,431.8999938964844,1019.5,61.87,,11.75,144.3000030517578,1244.1199951171875,74.636
2005-08-03,436.8999938964844,1016.0,60.76,,11.83,144.2100067138672,1245.0400390625,74.636
2005-08-04,437.8999938964844,1013.5,61.6,,12.52,143.52000427246094,1235.8599853515625,74.636
2005-08-05,437.2000122070313,1016.0,62.44,,12.48,140.6999969482422,1226.4200439453125,74.636
2005-08-06,,,,,,,,74.636
2005-08-07,,,,,,,,74.636
2005-08-08,434.7000122070313,1016.0,63.92,,13.21,140.49000549316406,1223.1300048828125,74.636
2005-08-09,434.2000122070313,1014.0,63.13,,12.4,142.11000061035156,1231.3800048828125,74.636
2005-08-10,436.5,1011.6,64.8,,12.38,142.6999969482422,1229.1300048828125,74.636
2005-08-11,445.5,1013.1,65.67,,12.42,145.35000610351562,1237.81005859375,74.636
2005-08-12,445.8999938964844,1014.1,66.71,,12.74,146.0399932861328,1230.3900146484375,74.636
2005-08-13,,,,,,,,74.636
2005-08-14,,,,,,,,74.636
2005-08-15,442.2000122070313,1015.0,66.21,,12.26,,1233.8699951171875,74.636
2005-08-16,446.1000061035156,1016.4,66.11,,13.52,144.3000030517578,1219.3399658203125,74.636
2005-08-17,439.8999938964844,1017.1,63.29,,13.3,143.8699951171875,1220.239990234375,74.636
2005-08-18,439.5,1022.1,63.47,,13.42,141.16000366210938,1219.02001953125,74.636
2005-08-19,437.2000122070313,1028.15,65.51,,13.42,140.67999267578125,1219.7099609375,74.636
2005-08-20,,,,,,,,74.636
2005-08-21,,,,,,,,74.636
2005-08-22,438.1000061035156,1021.15,65.46,,13.42,144.39999389648438,1221.72998046875,74.636
2005-08-23,439.3999938964844,1028.0,65.81,,13.34,144.27000427246094,1217.5899658203125,74.636
2005-08-24,437.2999877929688,1029.15,67.1,,14.17,141.27000427246094,1209.5899658203125,74.636
2005-08-25,438.3999938964844,1026.4,67.29,,13.73,141.75,1212.3699951171875,74.636
2005-08-26,437.3999938964844,1028.7,66.05,,13.72,140.36000061035156,1205.0999755859375,74.636
2005-08-27,,,,,,,,74.636
2005-08-28,,,,,,,,74.636
2005-08-29,437.0,1030.0,67.41,,13.52,137.4199981689453,1212.280029296875,74.636
2005-08-30,431.2000122070313,1039.2,69.91,,13.65,138.67999267578125,1208.4100341796875,74.636
2005-08-31,433.7999877929688,1039.0,68.63,,12.6,140.08999633789062,1220.3299560546875,74.636
2005-09-01,442.2999877929688,1030.75,69.5,,13.15,143.1300048828125,1221.5899658203125,75.008
2005-09-02,444.2000122070313,1024.75,66.91,,13.57,144.3000030517578,1218.02001953125,75.008
2005-09-03,,,,,,,,75.008
2005-09-04,,,,,,,,75.008
2005-09-05,,,,,,144.05999755859375,,75.008
2005-09-06,444.3999938964844,1024.4,65.83,,12.93,145.2100067138672,1233.3900146484375,75.008
2005-09-07,444.8999938964844,1026.4,64.38,,12.52,147.9499969482422,1236.3599853515625,75.008
2005-09-08,446.7000122070313,1026.8,64.8,,12.93,148.41000366210938,1231.6700439453125,75.008
2005-09-09,449.0,1024.3,64.21,,11.98,149.33999633789062,1241.47998046875,75.008
2005-09-10,,,,,,,,75.008
2005-09-11,,,,,,,,75.008
2005-09-12,449.7000122070313,1026.0,63.29,,11.65,150.1300048828125,1240.56005859375,75.008
2005-09-13,446.1000061035156,1025.65,63.18,,12.39,150.2899932861328,1231.199951171875,75.008
2005-09-14,449.7999877929688,1025.41,65.2,,12.91,152.02999877929688,1227.1600341796875,75.008
2005-09-15,455.5,1025.05,64.64,,12.49,151.99000549316406,1227.72998046875,75.008
2005-09-16,459.5,1029.8,62.91,,11.22,152.5500030517578,1237.9100341796875,75.008
2005-09-17,,,,,,,,75.008
2005-09-18,,,,,,,,75.008
2005-09-19,466.7000122070313,1027.3,67.21,,12.14,,1231.02001953125,75.008
2005-09-20,466.2000122070313,1030.25,66.24,,12.64,154.69000244140625,1221.3399658203125,75.008
2005-09-21,468.8999938964844,1027.7,66.96,,13.79,155.33999633789062,1210.199951171875,75.008
2005-09-22,466.6000061035156,1027.7,67.07,,13.33,155.7100067138672,1214.6199951171875,75.008
2005-09-23,463.5,1035.25,64.67,,12.96,152.38999938964844,1215.2900390625,75.008
2005-09-24,,,,,,,,75.008
2005-09-25,,,,,,,,75.008
2005-09-26,465.8999938964844,1033.2,65.98,,13.04,156.38999938964844,1215.6300048828125,75.008
2005-09-27,462.6000061035156,1035.0,64.94,,12.76,156.52000427246094,1215.6600341796875,75.008
2005-09-28,469.7000122070313,1039.2,66.36,,12.63,158.8800048828125,1216.8900146484375,75.008
2005-09-29,472.2000122070313,1039.4,66.83,,12.24,159.05999755859375,1227.6800537109375,75.008
2005-09-30,469.0,1042.4,66.21,,11.92,157.5500030517578,1228.81005859375,75.008
2005-10-01,,,,,,,,74.859
2005-10-02,,,,,,,,74.859
2005-10-03,466.1000061035156,1043.4,65.36,,12.46,,1226.699951171875,74.859
2005-10-04,466.1000061035156,1042.75,63.74,,13.2,160.42999267578125,1214.469970703125,74.859
2005-10-05,466.1000061035156,1039.7,62.56,,14.55,158.10000610351562,1196.3900146484375,74.859
2005-10-06,471.8999938964844,1039.2,61.81,,14.96,154.64999389648438,1191.489990234375,74.859
2005-10-07,474.7000122070313,1037.3,61.81,,14.59,154.39999389648438,1195.9000244140625,74.859
2005-10-08,,,,,,,,74.859
2005-10-09,,,,,,,,74.859
2005-10-10,475.1000061035156,,60.71,,15.55,157.82000732421875,1187.3299560546875,74.859
2005-10-11,477.1000061035156,1040.75,63.84,,15.63,160.05999755859375,1184.8699951171875,74.859
2005-10-12,473.8999938964844,1042.25,64.13,,16.22,156.3300018310547,1177.6800537109375,74.859
2005-10-13,471.1000061035156,1049.0,63.05,,16.47,152.85000610351562,1176.8399658203125,74.859
2005-10-14,469.2000122070313,1042.2,62.61,,14.87,152.47999572753906,1186.5699462890625,74.859
2005-10-15,,,,,,,,74.859
2005-10-16,,,,,,,,74.859
2005-10-17,474.1000061035156,1048.0,64.26,,14.67,150.85000610351562,1190.0999755859375,74.859
2005-10-18,472.1000061035156,1053.0,62.94,,15.33,152.25999450683594,1178.1400146484375,74.859
2005-10-19,463.5,1052.8,62.11,,13.5,148.11000061035156,1195.760009765625,74.859
2005-10-20,461.0,1053.8,61.04,,16.11,149.41000366210938,1177.800048828125,74.859
2005-10-21,467.0,1059.8,61.05,,16.13,152.22000122070312,1179.5899658203125,74.859
2005-10-22,,,,,,,,74.859
2005-10-23,,,,,,,,74.859
2005-10-24,465.0,1055.9,60.63,,14.74,152.27000427246094,1199.3800048828125,74.859
2005-10-25,472.7999877929688,1047.4,62.83,,14.53,151.75999450683594,1196.5400390625,74.859
2005-10-26,471.2000122070313,1045.0,60.85,,14.59,151.4499969482422,1191.3800048828125,74.859
2005-10-27,473.7999877929688,1039.4,61.03,,16.02,149.8800048828125,1178.9000244140625,74.859
2005-10-28,473.0,1042.4,61.3,,14.25,146.5500030517578,1198.4100341796875,74.859
2005-10-29,,,,,,,,74.859
2005-10-30,,,,,,,,74.859
2005-10-31,465.1000061035156,1043.5,59.8,,15.32,148.83999633789062,1207.010009765625,74.859
2005-11-01,458.7999877929688,1042.4,59.85,,14.85,152.97999572753906,1202.760009765625,74.561
2005-11-02,462.7999877929688,1039.0,59.75,,13.48,155.60000610351562,1214.760009765625,74.561
2005-11-03,460.1000061035156,1045.0,61.7,,13.0,156.88999938964844,1219.93994140625,74.561
2005-11-04,456.2999877929688,1049.0,60.6,,13.17,157.27999877929688,1220.1400146484375,74.561
2005-11-05,,,,,,,,74.561
2005-11-06,,,,,,,,74.561
2005-11-07,459.0,1048.15,59.4,,13.1,156.75,1222.81005859375,74.561
2005-11-08,460.8999938964844,1046.65,59.7,,13.08,157.72000122070312,1218.5899658203125,74.561
2005-11-09,466.2999877929688,1046.4,59.65,,12.8,157.8699951171875,1220.6500244140625,74.561
2005-11-10,466.6000061035156,1046.4,57.8,,11.9,158.69000244140625,1230.9599609375,74.561
2005-11-11,468.2999877929688,,57.45,,11.63,161.80999755859375,1234.719970703125,74.561
2005-11-12,,,,,,,,74.561
2005-11-13,,,,,,,,74.561
2005-11-14,468.2000122070313,1037.0,57.6,,12.18,162.02000427246094,1233.760009765625,74.561
2005-11-15,468.1000061035156,1034.9,57.05,,12.23,161.49000549316406,1229.010009765625,74.561
2005-11-16,478.2999877929688,1037.0,57.85,,12.26,163.24000549316406,1231.2099609375,74.561
2005-11-17,486.2000122070313,1034.4,56.2,,11.25,163.3800048828125,1242.800048828125,74.561
2005-11-18,485.6000061035156,1035.9,56.3,,11.12,163.74000549316406,1248.27001953125,74.561
2005-11-19,,,,,,,,74.561
2005-11-20,,,,,,,,74.561
2005-11-21,489.0,1038.1,57.75,,10.82,163.10000610351562,1254.8499755859375,74.561
2005-11-22,492.6000061035156,1045.2,58.3,,10.6,159.67999267578125,1261.22998046875,74.561
2005-11-23,492.1000061035156,1035.4,58.35,,10.96,164.47000122070312,1265.6099853515625,74.561
2005-11-24,,,,,,165.55999755859375,,74.561
2005-11-25,,1041.4,,,10.88,165.50999450683594,1268.25,74.561
2005-11-26,,,,,,,,74.561
2005-11-27,,,,,,,,74.561
2005-11-28,498.2999877929688,1039.4,57.36,,11.84,165.52000427246094,1257.4599609375,74.561
2005-11-29,499.1000061035156,1036.1,56.46,,11.89,163.6999969482422,1257.47998046875,74.561
2005-11-30,494.6000061035156,1037.4,57.33,,12.06,165.9499969482422,1249.47998046875,74.561
2005-12-01,502.5,1036.9,58.46,,11.24,166.97000122070312,1264.6700439453125,74.785
2005-12-02,503.2999877929688,1035.15,59.31,,11.01,167.55999755859375,1265.0799560546875,74.785
2005-12-03,,,,,,,,74.785
2005-12-04,,,,,,,,74.785
2005-12-05,508.8999938964844,1036.4,59.91,,11.6,168.22999572753906,1262.0899658203125,74.785
2005-12-06,510.2000122070313,1034.05,59.96,,11.52,169.24000549316406,1263.699951171875,74.785
2005-12-07,514.2999877929688,1035.4,59.21,,12.18,170.2100067138672,1257.3699951171875,74.785
2005-12-08,519.2999877929688,1034.05,60.66,,12.21,170.1300048828125,1255.8399658203125,74.785
2005-12-09,527.0,1033.6,59.41,,11.69,169.16000366210938,1259.3699951171875,74.785
2005-12-10,,,,,,,,74.785
2005-12-11,,,,,,,,74.785
2005-12-12,528.4000244140625,1033.4,61.36,,11.47,171.35000610351562,1260.4300537109375,74.785
2005-12-13,521.0,1025.0,61.36,,11.11,171.64999389648438,1267.4300537109375,74.785
2005-12-14,506.5,1012.0,60.86,,10.48,171.14999389648438,1272.739990234375,74.785
2005-12-15,503.8999938964844,1014.95,60.01,,10.73,171.55999755859375,1270.93994140625,74.785
2005-12-16,503.3999938964844,1015.9,58.01,,10.68,169.4499969482422,1267.3199462890625,74.785
2005-12-17,,,,,,,,74.785
2005-12-18,,,,,,,,74.785
2005-12-19,503.6000061035156,1014.8,57.31,,11.38,171.91000366210938,1259.9200439453125,74.785
2005-12-20,494.6000061035156,1016.5,57.81,,11.19,172.0500030517578,1259.6199951171875,74.785
2005-12-21,493.0,1018.1,58.56,,10.81,173.9499969482422,1262.7900390625,74.785
2005-12-22,502.7000122070313,1016.05,58.08,,10.29,173.88999938964844,1268.1199951171875,74.785
2005-12-23,503.0,1013.5,58.08,,10.27,175.11000061035156,1268.6600341796875,74.785
2005-12-24,,,,,,,,74.785
2005-12-25,,,,,,,,74.785
2005-12-26,,,,,,176.27000427246094,,74.785
2005-12-27,508.0,1012.2,58.16,,11.57,177.1999969482422,1256.5400390625,74.785
2005-12-28,514.2000122070312,1013.05,59.81,,11.35,176.16000366210938,1258.1700439453125,74.785
2005-12-29,515.7000122070312,1009.0,60.26,,11.61,177.42999267578125,1254.4200439453125,74.785
2005-12-30,517.0999755859375,1010.0,61.06,,12.07,,1248.2900390625,74.785
2005-12-31,,,,,,,,74.785
2006-01-01,,,,,,,,75.231
2006-01-02,,,,,,178.2899932861328,,75.231
2006-01-03,530.7000122070312,1002.9,63.11,,11.14,178.80999755859375,1268.800048828125,75.231
2006-01-04,533.9000244140625,998.1,63.41,,11.37,179.91000366210938,1273.4599609375,75.231
2006-01-05,526.2999877929688,994.2,62.81,,11.31,178.82000732421875,1273.47998046875,75.231
2006-01-06,539.7000122070312,989.2,64.21,100.0241,11.0,180.8699951171875,1285.449951171875,75.231
2006-01-07,,,,100.0241,,,,75.231
2006-01-08,,,,100.0241,,,,75.231
2006-01-09,549.0999755859375,977.4,63.56,100.0241,11.13,180.3000030517578,1290.1500244140625,75.231
2006-01-10,544.2999877929688,981.8,63.41,100.0241,10.86,178.97999572753906,1289.68994140625,75.231
2006-01-11,548.7999877929688,977.4,63.91,100.0241,10.94,178.6699981689453,1294.1800537109375,75.231
2006-01-12,548.2999877929688,973.8,63.96,100.0241,11.2,179.64999389648438,1286.06005859375,75.231
2006-01-13,556.0999755859375,987.3,63.86,99.9675,11.23,181.7100067138672,1287.6099853515625,75.231
2006-01-14,,,,99.9675,,,,75.231
2006-01-15,,,,99.9675,,,,75.231
2006-01-16,,,,99.9675,,182.38999938964844,,75.231
2006-01-17,553.4000244140625,989.0,66.36,99.9675,11.91,178.27000427246094,1282.9300537109375,75.231
2006-01-18,543.7000122070312,991.9,65.76,99.9675,12.25,173.80999755859375,1277.9300537109375,75.231
2006-01-19,558.4000244140625,985.0,66.86,99.9675,11.98,174.92999267578125,1285.0400390625,75.231
2006-01-20,553.5,986.6,68.16,99.9017,14.56,170.60000610351562,1261.489990234375,75.231
2006-01-21,,,,99.9017,,,,75.231
2006-01-22,,,,99.9017,,,,75.231
2006-01-23,558.2999877929688,981.4,68.06,99.9017,13.93,168.0399932861328,1263.8199462890625,75.231
2006-01-24,557.7000122070312,975.5,66.83,99.9017,13.31,171.7899932861328,1266.8599853515625,75.231
2006-01-25,562.2000122070312,968.5,65.6,99.9017,12.87,173.52000427246094,1264.6800537109375,75.231
2006-01-26,559.7000122070312,968.8,65.8,99.9017,12.42,174.7100067138672,1273.8299560546875,75.231
2006-01-27,558.7000122070312,970.5,67.81,99.6433,11.97,178.63999938964844,1283.719970703125,75.231
2006-01-28,,,,99.6433,,,,75.231
2006-01-29,,,,99.6433,,,,75.231
2006-01-30,565.7999877929688,970.5,68.36,99.6433,12.39,,1285.18994140625,75.231
2006-01-31,570.7999877929688,958.9,67.86,99.6433,12.95,180.6499938964844,1280.0799560546875,75.231
2006-02-01,569.4000244140625,962.0,66.61,99.6433,12.36,178.07000732421875,1282.4599609375,75.381
2006-02-02,572.5,971.95,64.71,99.6433,13.23,177.9199981689453,1270.8399658203125,75.381
2006-02-03,567.4000244140625,969.9,65.41,100.118,12.96,172.6699981689453,1264.030029296875,75.381
2006-02-04,,,,100.118,,,,75.381
2006-02-05,,,,100.118,,,,75.381
2006-02-06,570.2000122070312,963.0,65.11,100.118,13.04,173.66000366210938,1265.02001953125,75.381
2006-02-07,551.0,967.3,63.01,100.118,13.59,172.38999938964844,1254.780029296875,75.381
2006-02-08,550.0999755859375,970.3,62.51,100.118,12.83,169.44000244140625,1265.6500244140625,75.381
2006-02-09,564.5,972.2,62.66,100.118,13.12,170.92999267578125,1263.780029296875,75.381
2006-02-10,550.2000122070312,967.6,62.01,100.322,12.87,172.67999267578125,1266.989990234375,75.381
2006-02-11,,,,100.322,,,,75.381
2006-02-12,,,,100.322,,,,75.381
2006-02-13,539.0,976.3,61.26,100.322,13.35,170.61000061035156,1262.8599853515625,75.381
2006-02-14,545.9000244140625,969.4,59.61,100.322,12.25,171.64999389648438,1275.530029296875,75.381
2006-02-15,539.7000122070312,973.5,57.61,100.322,12.31,168.30999755859375,1280.0,75.381
2006-02-16,546.0,974.1,58.61,100.322,11.48,169.8000030517578,1289.3800048828125,75.381
2006-02-17,551.7999877929688,972.3,59.76,100.3404,12.01,172.39999389648438,1287.239990234375,75.381
2006-02-18,,,,100.3404,,,,75.381
2006-02-19,,,,100.3404,,,,75.381
2006-02-20,,,,100.3404,,174.27999877929688,,75.381
2006-02-21,553.9000244140625,968.4,61.21,100.3404,12.41,174.0399932861328,1283.030029296875,75.381
2006-02-22,553.9000244140625,974.1,59.03,100.3404,11.88,173.25999450683594,1292.6700439453125,75.381
2006-02-23,548.4000244140625,969.1,58.03,100.3404,11.87,176.17999267578125,1287.7900390625,75.381
2006-02-24,558.7999877929688,966.3,61.46,100.2594,11.46,176.9600067138672,1289.4300537109375,75.381
2006-02-25,,,,100.2594,,,,75.381
2006-02-26,,,,100.2594,,,,75.381
2006-02-27,554.7000122070312,968.4,61.01,100.2594,11.59,178.10000610351562,1294.1199951171875,75.381
2006-02-28,561.5999755859375,970.9,61.37,100.2594,12.34,177.4499969482422,1280.6600341796875,75.381
2006-03-01,563.5,970.5,62.01,100.2594,11.54,,1291.239990234375,75.827
2006-03-02,568.2000122070312,968.7,63.36,100.2594,11.72,176.85000610351562,1289.1400146484375,75.827
2006-03-03,566.0,971.0,63.61,99.7024,11.96,171.6699981689453,1287.22998046875,75.827
2006-03-04,,,,99.7024,,,,75.827
2006-03-05,,,,99.7024,,,,75.827
2006-03-06,554.9000244140625,974.7,62.46,99.7024,12.74,173.86000061035156,1278.260009765625,75.827
2006-03-07,552.7000122070312,976.3,61.51,99.7024,12.66,170.1300048828125,1275.8800048828125,75.827
2006-03-08,542.5,981.95,60.06,99.7024,12.32,169.75999450683594,1278.469970703125,75.827
2006-03-09,545.5,981.8,60.51,99.7024,12.68,169.1699981689453,1272.22998046875,75.827
2006-03-10,539.9000244140625,979.9,59.91,100.9566,11.85,170.3699951171875,1281.4200439453125,75.827
2006-03-11,,,,100.9566,,,,75.827
2006-03-12,,,,100.9566,,,,75.827
2006-03-13,546.0999755859375,980.4,61.81,100.9566,11.37,172.82000732421875,1284.1300048828125,75.827
2006-03-14,551.7000122070312,976.7,63.01,100.9566,10.74,171.10000610351562,1297.47998046875,75.827
2006-03-15,553.0999755859375,974.5,62.11,100.9566,11.35,172.27999877929688,1303.02001953125,75.827
2006-03-16,554.4000244140625,974.8,63.46,100.9566,11.98,172.66000366210938,1305.3299560546875,75.827
2006-03-17,554.0999755859375,970.8,62.81,99.8614,12.12,173.47999572753906,1307.25,75.827
2006-03-18,,,,99.8614,,,,75.827
2006-03-19,,,,99.8614,,,,75.827
2006-03-20,555.2000122070312,966.8,60.31,99.8614,11.79,174.25999450683594,1305.0799560546875,75.827
2006-03-21,552.4000244140625,968.1,60.41,99.8614,11.62,172.8699951171875,1297.22998046875,75.827
2006-03-22,550.9000244140625,973.3,60.03,99.8614,11.21,169.27999877929688,1305.0400390625,75.827
2006-03-23,550.0999755859375,975.0,62.13,99.8614,11.17,169.67999267578125,1301.6700439453125,75.827
2006-03-24,560.0,979.2,63.9,100.7773,11.19,170.86000061035156,1302.949951171875,75.827
2006-03-25,,,,100.7773,,,,75.827
2006-03-26,,,,100.7773,,,,75.827
2006-03-27,567.0,975.4,63.75,100.7773,11.46,172.44000244140625,1301.6099853515625,75.827
2006-03-28,566.5999755859375,976.5,65.65,100.7773,11.58,172.77000427246094,1293.22998046875,75.827
2006-03-29,573.0,974.9,66.0,100.7773,10.95,172.9600067138672,1302.8900146484375,75.827
2006-03-30,586.7000122070312,975.7,66.7,100.7773,11.57,173.61000061035156,1300.25,75.827
2006-03-31,581.7999877929688,971.4,66.25,100.56,11.39,176.2100067138672,1294.8699951171875,75.827
2006-04-01,,,,100.56,,,,75.902
2006-04-02,,,,100.56,,,,75.902
2006-04-03,589.4000244140625,970.4,66.07,100.56,11.57,178.88999938964844,1297.81005859375,75.902
2006-04-04,586.0,962.8,65.75,100.56,11.14,179.77000427246094,1305.9300537109375,75.902
2006-04-05,587.9000244140625,957.1,66.76,100.56,11.13,179.97000122070312,1311.56005859375,75.902
2006-04-06,595.2000122070312,953.1,67.22,100.56,11.45,181.1000061035156,1309.0400390625,75.902
2006-04-07,588.4000244140625,952.8,67.02,100.4187,12.26,181.97000122070312,1295.5,75.902
2006-04-08,,,,100.4187,,,,75.902
2006-04-09,,,,100.4187,,,,75.902
2006-04-10,597.5999755859375,953.4,68.29,100.4187,12.19,181.3099975585937,1296.6199951171875,75.902
2006-04-11,595.2000122070312,954.6,69.03,100.4187,13.0,179.61000061035156,1286.5699462890625,75.902
2006-04-12,597.5,960.2,68.53,100.4187,12.76,179.1300048828125,1288.1199951171875,75.902
2006-04-13,596.5,961.2,69.53,100.4187,12.38,181.91000366210932,1289.1199951171875,75.902
2006-04-14,,957.9,,100.4697,,185.6699981689453,,75.902
2006-04-15,,,,100.4697,,,,75.902
2006-04-16,,,,100.4697,,,,75.902
2006-04-17,615.4000244140625,955.4,70.3,100.4697,12.58,184.3000030517578,1285.3299560546875,75.902
2006-04-18,620.0,953.4,71.28,100.4697,11.4,184.8999938964844,1307.280029296875,75.902
2006-04-19,632.5999755859375,945.2,72.07,100.4697,11.32,186.33999633789065,1309.9300537109375,75.902
2006-04-20,619.7999877929688,948.1,71.96,100.4697,11.64,185.8600006103516,1311.4599609375,75.902
2006-04-21,632.2000122070312,948.0,73.73,99.4345,11.59,188.1999969482422,1311.280029296875,75.902
2006-04-22,,,,99.4345,,,,75.902
2006-04-23,,,,99.4345,,,,75.902
2006-04-24,620.5999755859375,939.6,70.19,99.4345,11.75,185.41000366210932,1308.1099853515625,75.902
2006-04-25,631.0,944.9,67.43,99.4345,11.75,185.5399932861328,1301.739990234375,75.902
2006-04-26,638.7999877929688,946.4,71.71,99.4345,11.76,188.33999633789065,1305.4100341796875,75.902
2006-04-27,633.2999877929688,944.6,70.76,99.4345,11.84,188.3999938964844,1309.719970703125,75.902
2006-04-28,651.7999877929688,942.8,71.8,98.1412,11.59,184.1000061035156,1310.6099853515625,75.902
2006-04-29,,,,98.1412,,,,75.902
2006-04-30,,,,98.1412,,,,75.902
2006-05-01,657.5,942.7,73.75,98.1412,12.54,,1305.18994140625,76.05
2006-05-02,664.7000122070312,939.6,74.62,98.1412,11.99,186.1699981689453,1313.2099609375,76.05
2006-05-03,665.9000244140625,934.0,72.26,98.1412,11.99,186.02999877929688,1308.1199951171875,76.05
2006-05-04,674.2000122070312,939.4,69.98,98.1412,11.86,186.97999572753903,1312.25,76.05
2006-05-05,682.2000122070312,939.3,70.09,97.2585,11.62,,1325.760009765625,76.05
2006-05-06,,,,97.2585,,,,76.05
2006-05-07,,,,97.2585,,,,76.05
2006-05-08,677.7999877929688,927.4,69.75,97.2585,12.0,188.7899932861328,1324.6600341796875,76.05
2006-05-09,699.4000244140625,931.6,70.71,97.2585,11.99,188.509994506836,1325.1400146484375,76.05
2006-05-10,703.7000122070312,928.8,72.15,97.2585,11.78,188.6199951171875,1322.8499755859375,76.05
2006-05-11,719.7999877929688,935.2,73.0,97.2585,12.49,190.1999969482422,1305.9200439453125,76.05
2006-05-12,710.2999877929688,932.77,71.87,96.8788,14.19,187.2700042724609,1291.239990234375,76.05
2006-05-13,,,,96.8788,,,,76.05
2006-05-14,,,,96.8788,,,,76.05
2006-05-15,683.5999755859375,943.2,69.25,96.8788,13.57,183.0800018310547,1294.5,76.05
2006-05-16,691.5,944.8,69.4,96.8788,13.35,179.0,1292.0799560546875,76.05
2006-05-17,690.5,936.8,68.65,96.8788,16.26,181.69000244140625,1270.3199462890625,76.05
2006-05-18,679.5999755859375,946.5,69.63,96.8788,16.99,177.17999267578125,1261.81005859375,76.05
2006-05-19,656.7000122070312,946.0,68.44,97.933,17.18,177.94000244140625,1267.030029296875,76.05
2006-05-20,,,,97.933,,,,76.05
2006-05-21,,,,97.933,,,,76.05
2006-05-22,657.0,951.5,69.23,97.933,17.72,173.60000610351562,1262.0699462890625,76.05
2006-05-23,673.0,944.6,70.78,97.933,18.26,172.77999877929688,1256.5799560546875,76.05
2006-05-24,637.0,949.2,69.47,97.933,17.36,173.36000061035156,1258.5699462890625,76.05
2006-05-25,648.4000244140625,948.7,70.92,97.933,15.5,168.3300018310547,1272.8800048828125,76.05
2006-05-26,650.9000244140625,945.3,71.35,97.8995,14.26,171.8300018310547,1280.1600341796875,76.05
2006-05-27,,,,97.8995,,,,76.05
2006-05-28,,,,97.8995,,,,76.05
2006-05-29,,,,97.8995,,172.63999938964844,,76.05
2006-05-30,653.9000244140625,945.3,71.85,97.8995,18.66,171.00999450683594,1259.8699951171875,76.05
2006-05-31,642.5,945.3,71.42,97.8995,16.44,,1270.0899658203125,76.05
2006-06-01,627.5999755859375,946.9,70.11,97.8995,14.52,168.02999877929688,1285.7099609375,75.902
2006-06-02,635.5,947.9,72.73,97.5544,14.32,169.85000610351562,1288.219970703125,75.902
2006-06-03,,,,97.5544,,,,75.902
2006-06-04,,,,97.5544,,,,75.902
2006-06-05,643.2000122070312,942.7,72.5,97.5544,16.65,168.8300018310547,1265.2900390625,75.902
2006-06-06,629.4000244140625,942.8,72.43,97.5544,17.34,,1263.8499755859375,75.902
2006-06-07,627.4000244140625,948.0,70.9,97.5544,17.8,164.1699981689453,1256.1500244140625,75.902
2006-06-08,609.0999755859375,953.1,70.25,97.5544,18.35,158.11000061035156,1257.9300537109375,75.902
2006-06-09,608.2000122070312,954.2,71.62,98.5471,18.12,159.61000061035156,1252.300048828125,75.902
2006-06-10,,,,98.5471,,,,75.902
2006-06-11,,,,98.5471,,,,75.902
2006-06-12,606.7999877929688,956.6,70.28,98.5471,20.96,160.0500030517578,1237.43994140625,75.902
2006-06-13,562.5,961.4,68.48,98.5471,23.81,155.42999267578125,1223.68994140625,75.902
2006-06-14,562.2999877929688,961.8,69.12,98.5471,21.46,157.6999969482422,1230.0400390625,75.902
2006-06-15,566.5,959.3,69.78,98.5471,15.9,157.36000061035156,1256.1600341796875,75.902
2006-06-16,578.0,955.2,69.75,98.9127,17.25,163.0500030517578,1251.5400390625,75.902
2006-06-17,,,,98.9127,,,,75.902
2006-06-18,,,,98.9127,,,,75.902
2006-06-19,568.7999877929688,960.9,69.21,98.9127,17.83,161.7899932861328,1240.1300048828125,75.902
2006-06-20,576.9000244140625,956.5,69.3,98.9127,16.69,158.47999572753906,1240.1199951171875,75.902
2006-06-21,587.5,955.6,70.07,98.9127,15.52,158.6300048828125,1252.199951171875,75.902
2006-06-22,582.2000122070312,955.0,70.62,98.9127,15.88,160.1999969482422,1245.5999755859375,75.902
2006-06-23,584.7999877929688,955.8,70.5,99.4216,15.89,158.8800048828125,1244.5,75.902
2006-06-24,,,,99.4216,,,,75.902
2006-06-25,,,,99.4216,,,,75.902
2006-06-26,584.7999877929688,959.2,71.63,99.4216,15.62,160.17999267578125,1250.56005859375,75.902
2006-06-27,581.5999755859375,958.6,72.05,99.4216,16.4,161.36000061035156,1239.199951171875,75.902
2006-06-28,578.2999877929688,957.5,72.15,99.4216,15.79,160.17999267578125,1246.0,75.902
2006-06-29,586.5,960.4,73.5,99.4216,13.03,163.3000030517578,1272.8699951171875,75.902
2006-06-30,613.5,948.5,73.94,98.2483,13.08,167.4499969482422,1270.199951171875,75.902
2006-07-01,,,,98.2483,,,,76.199
2006-07-02,,,,98.2483,,,,76.199
2006-07-03,,944.5,,98.2483,13.05,167.3300018310547,1280.18994140625,76.199
2006-07-04,,,,98.2483,,166.14999389648438,,76.199
2006-07-05,627.2999877929688,946.6,75.2,98.2483,14.15,165.50999450683594,1270.9100341796875,76.199
2006-07-06,634.0999755859375,949.2,75.0,98.2483,13.65,163.47000122070312,1274.0799560546875,76.199
2006-07-07,632.7999877929688,947.6,73.76,97.7508,13.97,164.6999969482422,1265.47998046875,76.199
2006-07-08,,,,97.7508,,,,76.199
2006-07-09,,,,97.7508,,,,76.199
2006-07-10,624.0999755859375,941.6,73.5,97.7508,14.02,168.27000427246094,1267.3399658203125,76.199
2006-07-11,641.2000122070312,946.6,74.05,97.7508,13.14,168.4499969482422,1272.4300537109375,76.199
2006-07-12,649.4000244140625,948.5,74.99,97.7508,14.49,167.92999267578125,1258.5999755859375,76.199
2006-07-13,652.9000244140625,949.0,76.7,97.7508,17.79,166.35000610351562,1242.280029296875,76.199
2006-07-14,666.5999755859375,953.7,76.8,98.6814,18.05,162.3300018310547,1236.199951171875,76.199
2006-07-15,,,,98.6814,,,,76.199
2006-07-16,,,,98.6814,,,,76.199
2006-07-17,650.5999755859375,953.5,75.7,98.6814,18.64,,1234.489990234375,76.199
2006-07-18,628.2999877929688,958.3,73.87,98.6814,17.74,159.69000244140625,1236.8599853515625,76.199
2006-07-19,641.5999755859375,957.6,72.79,98.6814,15.55,159.75999450683594,1259.81005859375,76.199
2006-07-20,631.7000122070312,951.7,74.0,98.6814,16.21,165.11000061035156,1249.1300048828125,76.199
2006-07-21,619.5999755859375,949.7,73.52,98.5221,17.4,165.0,1240.2900390625,76.199
2006-07-22,,,,98.5221,,,,76.199
2006-07-23,,,,98.5221,,,,76.199
2006-07-24,612.7000122070312,951.4,74.29,98.5221,14.98,163.92999267578125,1260.9100341796875,76.199
2006-07-25,617.5999755859375,951.9,73.46,98.5221,14.85,166.25,1268.8800048828125,76.199
2006-07-26,621.5999755859375,954.3,73.82,98.5221,14.62,166.10000610351562,1268.4000244140625,76.199
2006-07-27,632.4000244140625,952.0,74.5,98.5221,14.94,168.52000427246094,1263.199951171875,76.199
2006-07-28,634.7999877929688,953.6,73.3,98.0539,14.33,168.5399932861328,1278.550048828125,76.199
2006-07-29,,,,98.0539,,,,76.199
2006-07-30,,,,98.0539,,,,76.199
2006-07-31,634.2000122070312,954.9,74.56,98.0539,14.95,168.50999450683594,1276.6600341796875,76.199
2006-08-01,646.2999877929688,955.7,74.93,98.0539,15.05,167.13999938964844,1270.9200439453125,76.645
2006-08-02,651.5999755859375,962.0,76.16,98.0539,14.34,168.27000427246094,1277.4100341796875,76.645
2006-08-03,644.9000244140625,965.4,75.59,98.0539,14.46,167.94000244140625,1280.27001953125,76.645
2006-08-04,644.0,964.6,74.78,97.6005,14.34,169.67999267578125,1279.3599853515625,76.645
2006-08-05,,,,97.6005,,,,76.645
2006-08-06,,,,97.6005,,,,76.645
2006-08-07,647.7999877929688,962.3,77.05,97.6005,15.23,167.61000061035156,1275.77001953125,76.645
2006-08-08,645.7000122070312,963.4,76.29,97.6005,15.23,170.67999267578125,1271.47998046875,76.645
2006-08-09,650.5,959.3,76.28,97.6005,15.2,171.11000061035156,1265.949951171875,76.645
2006-08-10,634.9000244140625,957.6,74.17,97.6005,14.46,169.44000244140625,1271.81005859375,76.645
2006-08-11,633.5,961.4,74.38,97.7863,14.3,167.64999389648438,1266.739990234375,76.645
2006-08-12,,,,97.7863,,,,76.645
2006-08-13,,,,97.7863,,,,76.645
2006-08-14,628.5,965.6,73.33,97.7863,14.26,168.19000244140625,1268.2099609375,76.645
2006-08-15,622.5,965.5,72.95,97.7863,13.42,,1285.5799560546875,76.645
2006-08-16,628.7000122070312,964.9,71.64,97.7863,12.41,171.00999450683594,1295.4300537109375,76.645
2006-08-17,615.4000244140625,960.6,70.12,97.7863,12.24,172.64999389648438,1297.47998046875,76.645
2006-08-18,612.0999755859375,958.3,70.93,97.7577,11.64,173.1699981689453,1302.300048828125,76.645
2006-08-19,,,,97.7577,,,,76.645
2006-08-20,,,,97.7577,,,,76.645
2006-08-21,625.7000122070312,956.4,72.45,97.7577,12.22,171.9600067138672,1297.52001953125,76.645
2006-08-22,624.5999755859375,956.1,72.55,97.7577,12.19,173.80999755859375,1298.8199462890625,76.645
2006-08-23,623.7000122070312,955.4,71.45,97.7577,12.4,172.3300018310547,1292.989990234375,76.645
2006-08-24,619.5,958.9,72.02,97.7577,12.4,171.0800018310547,1296.06005859375,76.645
2006-08-25,622.0,961.8,72.13,97.8827,12.31,172.9199981689453,1295.0899658203125,76.645
2006-08-26,,,,97.8827,,,,76.645
2006-08-27,,,,97.8827,,,,76.645
2006-08-28,615.2999877929688,963.7,70.47,97.8827,12.18,172.63999938964844,1301.780029296875,76.645
2006-08-29,610.7000122070312,960.8,69.74,97.8827,12.28,174.7899932861328,1304.280029296875,76.645
2006-08-30,617.7000122070312,961.1,70.2,97.8827,12.22,174.16000366210938,1305.3699951171875,76.645
2006-08-31,625.9000244140625,961.1,70.38,97.8827,12.31,175.44000244140625,1303.8199462890625,76.645
2006-09-01,624.4000244140625,960.3,69.24,97.5084,11.96,175.99000549316406,1311.010009765625,76.868
2006-09-02,,,,97.5084,,,,76.868
2006-09-03,,,,97.5084,,,,76.868
2006-09-04,624.4000244140625,,,97.5084,,176.32000732421875,,76.868
2006-09-05,638.5,956.5,68.7,97.5084,12.63,176.75,1313.25,76.868
2006-09-06,633.5,957.0,67.75,97.5084,13.74,176.19000244140625,1300.260009765625,76.868
2006-09-07,617.0,956.1,67.37,97.5084,13.88,175.42999267578125,1294.02001953125,76.868
2006-09-08,609.5999755859375,956.2,66.3,98.2119,13.16,175.77999877929688,1298.9200439453125,76.868
2006-09-09,,,,98.2119,,,,76.868
2006-09-10,,,,98.2119,,,,76.868
2006-09-11,590.0,957.3,65.42,98.2119,12.99,173.0,1299.5400390625,76.868
2006-09-12,586.9000244140625,959.2,63.81,98.2119,11.92,172.27999877929688,1313.0,76.868
2006-09-13,589.0999755859375,958.7,64.09,98.2119,11.18,172.92999267578125,1318.0699462890625,76.868
2006-09-14,579.2999877929688,957.4,63.27,98.2119,11.55,176.35000610351562,1316.280029296875,76.868
2006-09-15,576.4000244140625,956.2,63.3,98.2104,11.76,176.50999450683594,1319.6600341796875,76.868
2006-09-16,,,,98.2104,,,,76.868
2006-09-17,,,,98.2104,,,,76.868
2006-09-18,586.2000122070312,956.2,63.84,98.2104,11.78,178.27999877929688,1321.1800537109375,76.868
2006-09-19,576.7999877929688,951.8,61.77,98.2104,11.98,178.32000732421875,1317.6400146484375,76.868
2006-09-20,580.0,950.7,60.0,98.2104,11.39,177.33999633789062,1325.1800537109375,76.868
2006-09-21,582.2000122070312,944.1,61.62,98.2104,12.25,177.30999755859375,1318.030029296875,76.868
2006-09-22,589.4000244140625,946.7,59.79,97.8667,12.59,175.0,1314.780029296875,76.868
2006-09-23,,,,97.8667,,,,76.868
2006-09-24,,,,97.8667,,,,76.868
2006-09-25,589.9000244140625,943.7,60.74,97.8667,12.12,176.02999877929688,1326.3699951171875,76.868
2006-09-26,591.2000122070312,943.7,60.63,97.8667,11.53,174.5800018310547,1336.3499755859375,76.868
2006-09-27,597.2999877929688,943.4,62.96,97.8667,11.58,176.74000549316406,1336.5899658203125,76.868
2006-09-28,605.0,944.6,62.46,97.8667,11.72,178.2100067138672,1338.8800048828125,76.868
2006-09-29,598.5999755859375,946.0,62.9,98.1054,11.98,178.0500030517578,1335.8499755859375,76.868
2006-09-30,,,,98.1054,,,,76.868
2006-10-01,,,,98.1054,,,,76.496
2006-10-02,597.7000122070312,947.6,60.96,98.1054,12.57,178.4600067138672,1331.3199462890625,76.496
2006-10-03,576.2999877929688,947.6,58.64,98.1054,12.24,,1334.1099853515625,76.496
2006-10-04,562.0,948.9,59.53,98.1054,11.86,175.47999572753906,1350.199951171875,76.496
2006-10-05,571.0,948.9,60.02,98.1054,11.98,,1353.219970703125,76.496
2006-10-06,572.4000244140625,948.9,59.68,98.5619,11.56,,1349.5899658203125,76.496
2006-10-07,,,,98.5619,,,,76.496
2006-10-08,,,,98.5619,,,,76.496
2006-10-09,578.4000244140625,,59.93,98.5619,11.68,171.77999877929688,1350.6600341796875,76.496
2006-10-10,571.9000244140625,959.2,58.5,98.5619,11.52,172.77999877929688,1353.4200439453125,76.496
2006-10-11,572.2999877929688,957.9,57.56,98.5619,11.62,172.50999450683594,1349.949951171875,76.496
2006-10-12,576.2999877929688,957.6,58.23,98.5619,11.09,173.10000610351562,1362.8299560546875,76.496
2006-10-13,588.7999877929688,953.9,58.69,98.8002,10.75,175.4199981689453,1365.6199951171875,76.496
2006-10-14,,,,98.8002,,,,76.496
2006-10-15,,,,98.8002,,,,76.496
2006-10-16,594.7000122070312,955.2,59.91,98.8002,11.09,176.50999450683594,1369.06005859375,76.496
2006-10-17,589.7000122070312,954.2,58.91,98.8002,11.73,175.85000610351562,1364.050048828125,76.496
2006-10-18,588.9000244140625,955.2,57.66,98.8002,11.34,176.19000244140625,1365.800048828125,76.496
2006-10-19,599.0,957.1,58.55,98.8002,10.9,176.11000061035156,1366.9599609375,76.496
2006-10-20,593.0,957.1,57.35,98.1629,10.63,177.35000610351562,1368.5999755859375,76.496
2006-10-21,,,,98.1629,,,,76.496
2006-10-22,,,,98.1629,,,,76.496
2006-10-23,579.7000122070312,959.3,56.74,98.1629,11.08,177.36000061035156,1377.02001953125,76.496
2006-10-24,584.4000244140625,958.2,57.55,98.1629,10.78,177.49000549316406,1377.3800048828125,76.496
2006-10-25,587.5999755859375,955.5,59.09,98.1629,10.66,178.1999969482422,1382.219970703125,76.496
2006-10-26,596.7999877929688,949.5,60.27,98.1629,10.56,178.52999877929688,1389.0799560546875,76.496
2006-10-27,598.2000122070312,947.2,60.75,97.4914,10.8,177.85000610351562,1377.3399658203125,76.496
2006-10-28,,,,97.4914,,,,76.496
2006-10-29,,,,97.4914,,,,76.496
2006-10-30,604.7000122070312,944.3,58.41,97.4914,11.2,175.99000549316406,1377.9300537109375,76.496
2006-10-31,604.0999755859375,942.2,58.72,97.4914,11.1,176.83999633789062,1377.93994140625,76.496
2006-11-01,616.5999755859375,939.1,58.64,97.4914,11.51,177.94000244140625,1367.81005859375,76.125
2006-11-02,625.4000244140625,938.7,57.87,97.4914,11.42,179.22000122070312,1367.3399658203125,76.125
2006-11-03,626.9000244140625,937.0,59.13,97.7209,11.16,179.13999938964844,1364.300048828125,76.125
2006-11-04,,,,97.7209,,,,76.125
2006-11-05,,,,97.7209,,,,76.125
2006-11-06,625.7999877929688,942.1,60.11,97.7209,11.16,178.41000366210938,1379.780029296875,76.125
2006-11-07,625.7000122070312,938.2,58.94,97.7209,11.09,179.4499969482422,1382.8399658203125,76.125
2006-11-08,616.4000244140625,934.7,59.93,97.7209,10.75,178.61000061035156,1385.719970703125,76.125
2006-11-09,635.0,936.2,61.18,97.7209,11.01,181.3099975585937,1378.3299560546875,76.125
2006-11-10,628.4000244140625,933.7,59.66,97.4638,10.79,180.77999877929688,1380.9000244140625,76.125
2006-11-11,,,,97.4638,,,,76.125
2006-11-12,,,,97.4638,,,,76.125
2006-11-13,624.2000122070312,934.7,58.59,97.4638,10.86,180.92999267578125,1384.4200439453125,76.125
2006-11-14,623.7999877929688,936.7,58.28,97.4638,10.5,182.3000030517578,1393.219970703125,76.125
2006-11-15,622.5,941.1,58.79,97.4638,10.31,182.8999938964844,1396.5699462890625,76.125
2006-11-16,620.5999755859375,937.2,56.23,97.4638,10.16,182.69000244140625,1399.760009765625,76.125
2006-11-17,621.5,938.5,55.9,97.9855,10.05,182.94000244140625,1401.199951171875,76.125
2006-11-18,,,,97.9855,,,,76.125
2006-11-19,,,,97.9855,,,,76.125
2006-11-20,621.2000122070312,935.2,56.42,97.9855,9.97,181.6000061035156,1400.5,76.125
2006-11-21,628.2000122070312,935.0,58.01,97.9855,9.9,182.0599975585937,1402.81005859375,76.125
2006-11-22,628.7000122070312,933.6,57.28,97.9855,10.14,184.2400054931641,1406.0899658203125,76.125
2006-11-23,,,,97.9855,,183.7700042724609,,76.125
2006-11-24,628.7000122070312,931.8,,97.0657,10.73,183.91000366210932,1400.949951171875,76.125
2006-11-25,,,,97.0657,,,,76.125
2006-11-26,,,,97.0657,,,,76.125
2006-11-27,,930.3,60.3,97.0657,12.3,184.2700042724609,1381.9599609375,76.125
2006-11-28,637.2000122070312,930.5,60.97,97.0657,11.62,182.4199981689453,1386.719970703125,76.125
2006-11-29,635.5,930.4,62.45,97.0657,10.83,183.8000030517578,1399.47998046875,76.125
2006-11-30,646.9000244140625,929.0,62.97,97.0657,10.91,184.9600067138672,1400.6300048828125,76.125
2006-12-01,644.7000122070312,928.3,63.43,96.4585,11.66,185.27999877929688,1396.7099609375,76.348
2006-12-02,,,,96.4585,,,,76.348
2006-12-03,,,,96.4585,,,,76.348
2006-12-04,645.2000122070312,927.1,62.39,96.4585,11.23,184.3099975585937,1409.1199951171875,76.348
2006-12-05,642.2999877929688,924.1,62.4,96.4585,11.27,183.52999877929688,1414.760009765625,76.348
2006-12-06,630.5,915.7,62.2,96.4585,11.33,182.6000061035156,1412.9000244140625,76.348
2006-12-07,631.9000244140625,913.7,62.54,96.4585,12.67,182.19000244140625,1407.2900390625,76.348
2006-12-08,626.0999755859375,919.8,62.06,96.6123,12.07,179.49000549316406,1409.8399658203125,76.348
2006-12-09,,,,96.6123,,,,76.348
2006-12-10,,,,96.6123,,,,76.348
2006-12-11,630.0,925.4,61.26,96.6123,10.71,179.5,1413.0400390625,76.348
2006-12-12,627.0,922.3,61.06,96.6123,10.65,177.92999267578125,1411.56005859375,76.348
2006-12-13,627.9000244140625,922.1,61.34,96.6123,10.18,178.75,1413.2099609375,76.348
2006-12-14,626.5999755859375,920.5,62.48,96.6123,9.97,183.57000732421875,1425.489990234375,76.348
2006-12-15,615.0,922.8,63.4,96.9857,10.05,183.82000732421875,1427.0899658203125,76.348
2006-12-16,,,,96.9857,,,,76.348
2006-12-17,,,,96.9857,,,,76.348
2006-12-18,614.0,926.9,62.19,96.9857,10.6,185.3800048828125,1422.47998046875,76.348
2006-12-19,621.5999755859375,931.6,62.87,96.9857,10.3,184.6300048828125,1425.550048828125,76.348
2006-12-20,620.5999755859375,925.7,63.08,96.9857,10.26,186.5399932861328,1423.530029296875,76.348
2006-12-21,618.2000122070312,927.2,62.05,96.9857,10.53,185.8099975585937,1418.300048828125,76.348
2006-12-22,619.0999755859375,928.3,61.81,97.1113,11.36,185.97999572753903,1410.760009765625,76.348
2006-12-23,,,,97.1113,,,,76.348
2006-12-24,,,,97.1113,,,,76.348
2006-12-25,,,,97.1113,,,,76.348
2006-12-26,623.7000122070312,929.6,61.07,97.1113,11.26,185.6199951171875,1416.9000244140625,76.348
2006-12-27,627.2000122070312,929.1,60.31,97.1113,10.64,184.3000030517578,1426.8399658203125,76.348
2006-12-28,634.0999755859375,929.4,60.39,97.1113,10.99,185.38999938964844,1424.72998046875,76.348
2006-12-29,635.2000122070312,930.0,60.85,97.0312,11.56,,1418.300048828125,76.348
2006-12-30,,,,97.0312,,,,76.348
2006-12-31,,,,97.0312,,,,76.348
2007-01-01,,,,97.0312,,,,76.496
2007-01-02,635.2000122070312,925.4,60.77,97.0312,,185.6999969482422,,76.496
2007-01-03,627.0999755859375,926.0,58.31,97.0312,12.04,182.1300048828125,1416.5999755859375,76.496
2007-01-04,623.9000244140625,931.3,55.65,97.0312,11.51,180.5200042724609,1418.3399658203125,76.496
2007-01-05,604.9000244140625,934.1,56.29,97.7801,12.14,179.10000610351562,1409.7099609375,76.496
2007-01-06,,,,97.7801,,,,76.496
2007-01-07,,,,97.7801,,,,76.496
2007-01-08,607.5,937.9,56.08,97.7801,12.0,177.0800018310547,1412.8399658203125,76.496
2007-01-09,613.0999755859375,938.3,55.65,97.7801,11.91,177.52000427246094,1412.1099853515625,76.496
2007-01-10,611.5999755859375,937.7,53.95,97.7801,11.47,174.99000549316406,1414.8499755859375,76.496
2007-01-11,612.4000244140625,938.6,51.91,97.7801,10.87,176.25999450683594,1423.8199462890625,76.496
2007-01-12,625.5,939.6,52.96,97.921,10.15,179.36000061035156,1430.72998046875,76.496
2007-01-13,,,,97.921,,,,76.496
2007-01-14,,,,97.921,,,,76.496
2007-01-15,,,,97.921,,179.82000732421875,,76.496
2007-01-16,624.5999755859375,938.1,51.23,97.921,10.74,179.72999572753906,1431.9000244140625,76.496
2007-01-17,632.0999755859375,936.7,52.3,97.921,10.59,178.5,1430.6199951171875,76.496
2007-01-18,627.0999755859375,936.4,50.51,97.921,10.85,179.1199951171875,1426.3699951171875,76.496
2007-01-19,635.5,936.2,51.98,97.6868,10.4,176.22999572753906,1430.5,76.496
2007-01-20,,,,97.6868,,,,76.496
2007-01-21,,,,97.6868,,,,76.496
2007-01-22,633.2999877929688,940.5,51.11,97.6868,10.77,176.8300018310547,1422.949951171875,76.496
2007-01-23,645.2000122070312,940.0,53.61,97.6868,10.34,176.89999389648438,1427.989990234375,76.496
2007-01-24,647.5999755859375,935.5,54.24,97.6868,9.89,179.3699951171875,1440.1300048828125,76.496
2007-01-25,647.7999877929688,935.9,53.49,97.6868,11.22,179.1199951171875,1423.9000244140625,76.496
2007-01-26,644.5,940.5,55.38,98.1491,11.13,177.5800018310547,1422.1800537109375,76.496
2007-01-27,,,,98.1491,,,,76.496
2007-01-28,,,,98.1491,,,,76.496
2007-01-29,643.0999755859375,940.1,54.01,98.1491,11.45,176.41000366210938,1420.6199951171875,76.496
2007-01-30,644.2000122070312,942.2,57.03,98.1491,10.96,177.4499969482422,1428.8199462890625,76.496
2007-01-31,652.0,941.0,58.17,98.1491,10.42,175.99000549316406,1438.239990234375,76.496
2007-02-01,657.4000244140625,937.0,57.35,98.1491,10.31,179.10000610351562,1445.93994140625,77.017
2007-02-02,646.2000122070312,937.0,59.01,97.9743,10.08,183.1999969482422,1448.3900146484375,77.017
2007-02-03,,,,97.9743,,,,77.017
2007-02-04,,,,97.9743,,,,77.017
2007-02-05,650.9000244140625,935.5,58.69,97.9743,10.55,183.72999572753903,1446.989990234375,77.017
2007-02-06,653.5999755859375,932.5,58.91,97.9743,10.65,185.08999633789065,1448.0,77.017
2007-02-07,652.2999877929688,933.2,57.75,97.9743,10.32,184.6699981689453,1450.02001953125,77.017
2007-02-08,658.0,934.5,59.76,97.9743,10.44,184.25,1448.31005859375,77.017
2007-02-09,667.5,934.3,59.86,97.7076,11.1,184.72000122070312,1438.06005859375,77.017
2007-02-10,,,,97.7076,,,,77.017
2007-02-11,,,,97.7076,,,,77.017
2007-02-12,662.5999755859375,937.4,57.76,97.7076,11.61,182.8000030517578,1433.3699951171875,77.017
2007-02-13,663.9000244140625,939.4,58.98,97.7076,10.34,183.2899932861328,1444.260009765625,77.017
2007-02-14,667.4000244140625,938.2,58.0,97.7076,10.23,185.72000122070312,1455.300048828125,77.017
2007-02-15,667.2999877929688,934.2,57.92,97.7076,10.22,186.82000732421875,1456.81005859375,77.017
2007-02-16,668.7999877929688,936.0,59.38,97.164,10.02,187.57000732421875,1455.5400390625,77.017
2007-02-17,,,,97.164,,,,77.017
2007-02-18,,,,97.164,,,,77.017
2007-02-19,,,,97.164,,,,77.017
2007-02-20,657.0999755859375,938.2,58.32,97.164,10.24,188.1199951171875,1459.6800537109375,77.017
2007-02-21,680.2000122070312,938.2,59.4,97.164,10.2,187.8999938964844,1457.6300048828125,77.017
2007-02-22,679.4000244140625,938.7,60.28,97.164,10.18,189.72000122070312,1456.3800048828125,77.017
2007-02-23,683.0999755859375,937.5,60.28,97.1756,10.58,190.19000244140625,1451.18994140625,77.017
2007-02-24,,,,97.1756,,,,77.017
2007-02-25,,,,97.1756,,,,77.017
2007-02-26,686.5,938.5,61.41,97.1756,11.15,190.1199951171875,1449.3699951171875,77.017
2007-02-27,683.9000244140625,938.5,61.46,97.1756,18.31,188.1499938964844,1399.0400390625,77.017
2007-02-28,669.4000244140625,942.3,61.78,97.1756,15.42,183.1999969482422,1406.8199462890625,77.017
2007-03-01,662.2999877929688,941.4,61.97,97.1756,15.82,,1403.1700439453125,77.464
2007-03-02,641.5,947.4,61.58,97.3691,18.61,,1387.1700439453125,77.464
2007-03-03,,,,97.3691,,,,77.464
2007-03-04,,,,97.3691,,,,77.464
2007-03-05,636.7000122070312,949.1,60.05,97.3691,19.63,177.69000244140625,1374.1199951171875,77.464
2007-03-06,643.7999877929688,947.6,60.66,97.3691,15.96,181.22999572753903,1395.4100341796875,77.464
2007-03-07,650.5999755859375,947.1,61.85,97.3691,15.24,182.3600006103516,1391.969970703125,77.464
2007-03-08,653.4000244140625,945.6,61.63,97.3691,14.29,183.94000244140625,1401.8900146484375,77.464
2007-03-09,650.0,945.1,60.06,97.4559,14.09,183.8699951171875,1402.8399658203125,77.464
2007-03-10,,,,97.4559,,,,77.464
2007-03-11,,,,97.4559,,,,77.464
2007-03-12,648.4000244140625,943.8,58.94,97.4559,13.99,186.3600006103516,1406.5999755859375,77.464
2007-03-13,647.5999755859375,944.3,58.03,97.4559,18.13,185.72000122070312,1377.949951171875,77.464
2007-03-14,640.9000244140625,946.2,58.15,97.4559,17.27,181.8099975585937,1387.1700439453125,77.464
2007-03-15,645.7000122070312,944.1,57.52,97.4559,16.43,184.41000366210932,1392.280029296875,77.464
2007-03-16,652.5999755859375,944.6,57.06,97.0407,16.79,184.4199981689453,1386.949951171875,77.464
2007-03-17,,,,97.0407,,,,77.464
2007-03-18,,,,97.0407,,,,77.464
2007-03-19,653.0999755859375,943.6,56.65,97.0407,14.59,186.3099975585937,1402.06005859375,77.464
2007-03-20,657.9000244140625,941.3,56.41,97.0407,13.27,186.33999633789065,1410.93994140625,77.464
2007-03-21,659.0,937.7,56.98,97.0407,12.19,186.2400054931641,1435.0400390625,77.464
2007-03-22,663.4000244140625,937.9,60.21,97.0407,12.93,187.1499938964844,1434.5400390625,77.464
2007-03-23,656.7000122070312,937.2,61.07,96.5662,12.95,186.88999938964844,1436.1099853515625,77.464
2007-03-24,,,,96.5662,,,,77.464
2007-03-25,,,,96.5662,,,,77.464
2007-03-26,663.4000244140625,937.65,61.77,96.5662,13.16,187.19000244140625,1437.5,77.464
2007-03-27,662.0999755859375,940.7,62.98,96.5662,13.48,187.67999267578125,1428.6099853515625,77.464
2007-03-28,666.5,939.6,64.11,96.5662,14.98,185.9600067138672,1417.22998046875,77.464
2007-03-29,661.5,940.4,66.1,96.5662,15.14,187.44000244140625,1422.530029296875,77.464
2007-03-30,663.0,941.1,65.94,96.3183,14.64,187.6000061035156,1420.8599853515625,77.464
2007-03-31,,,,96.3183,,,,77.464
2007-04-01,,,,96.3183,,,,77.761
2007-04-02,665.7000122070312,937.0,66.03,96.3183,14.53,188.5599975585937,1424.550048828125,77.761
2007-04-03,664.0,936.4,64.59,96.3183,13.46,189.1199951171875,1437.77001953125,77.761
2007-04-04,672.0999755859375,936.1,64.4,96.3183,13.24,191.7700042724609,1439.3699951171875,77.761
2007-04-05,674.2000122070312,932.1,64.26,96.3183,13.23,191.41000366210932,1443.760009765625,77.761
2007-04-06,,931.6,,96.2526,,191.6300048828125,,77.761
2007-04-07,,,,96.2526,,,,77.761
2007-04-08,,,,96.2526,,,,77.761
2007-04-09,671.9000244140625,932.6,61.51,96.2526,13.14,193.8500061035156,1444.6099853515625,77.761
2007-04-10,676.5,933.6,61.92,96.2526,12.68,193.5500030517578,1448.3900146484375,77.761
2007-04-11,676.7999877929688,932.2,61.98,96.2526,13.49,195.2700042724609,1438.8699951171875,77.761
2007-04-12,675.0999755859375,931.6,63.87,96.2526,12.71,196.8099975585937,1447.800048828125,77.761
2007-04-13,685.4000244140625,929.0,63.63,95.711,12.2,195.8500061035156,1452.8499755859375,77.761
2007-04-14,,,,95.711,,,,77.761
2007-04-15,,,,95.711,,,,77.761
2007-04-16,690.0999755859375,931.4,63.63,95.711,11.98,197.1000061035156,1468.3299560546875,77.761
2007-04-17,688.2000122070312,928.6,63.14,95.711,12.14,196.57000732421875,1471.47998046875,77.761
2007-04-18,689.0999755859375,927.9,63.14,95.711,12.42,197.3099975585937,1472.5,77.761
2007-04-19,684.2999877929688,928.5,61.81,95.711,12.54,194.58999633789065,1470.72998046875,77.761
2007-04-20,692.0,927.4,63.56,95.1692,12.07,197.2400054931641,1484.3499755859375,77.761
2007-04-21,,,,95.1692,,,,77.761
2007-04-22,,,,95.1692,,,,77.761
2007-04-23,690.5999755859375,926.1,65.33,95.1692,13.04,198.6199951171875,1480.9300537109375,77.761
2007-04-24,684.2000122070312,927.25,64.1,95.1692,13.12,200.0200042724609,1480.4100341796875,77.761
2007-04-25,684.0999755859375,926.6,65.33,95.1692,13.21,198.42999267578125,1495.4200439453125,77.761
2007-04-26,674.9000244140625,928.55,65.08,95.1692,12.79,199.75,1494.25,77.761
2007-04-27,678.7000122070312,929.0,66.45,95.0103,12.45,198.27999877929688,1494.0699462890625,77.761
2007-04-28,,,,95.0103,,,,77.761
2007-04-29,,,,95.0103,,,,77.761
2007-04-30,680.5,931.0,65.78,95.0103,14.22,198.5500030517578,1482.3699951171875,77.761
2007-05-01,674.4000244140625,930.7,64.43,95.0103,13.51,,1486.300048828125,77.836
2007-05-02,672.2999877929688,929.8,63.78,95.0103,13.08,199.8600006103516,1495.9200439453125,77.836
2007-05-03,681.7999877929688,926.7,63.23,95.0103,13.09,200.6699981689453,1502.3900146484375,77.836
2007-05-04,687.2000122070312,927.3,61.89,94.9118,12.91,201.5599975585937,1505.6199951171875,77.836
2007-05-05,,,,94.9118,,,,77.836
2007-05-06,,,,94.9118,,,,77.836
2007-05-07,688.0,922.3,61.48,94.9118,13.15,203.57000732421875,1509.47998046875,77.836
2007-05-08,685.0999755859375,922.7,62.26,94.9118,13.21,203.509994506836,1507.719970703125,77.836
2007-05-09,680.2999877929688,923.2,61.54,94.9118,12.88,204.7700042724609,1512.5799560546875,77.836
2007-05-10,665.0999755859375,925.65,61.85,94.9118,13.6,205.509994506836,1491.469970703125,77.836
2007-05-11,670.5999755859375,926.1,62.35,95.0035,12.95,206.0599975585937,1505.8499755859375,77.836
2007-05-12,,,,95.0035,,,,77.836
2007-05-13,,,,95.0035,,,,77.836
2007-05-14,668.5,923.15,62.55,95.0035,13.96,206.27999877929688,1503.1500244140625,77.836
2007-05-15,673.0,924.2,63.16,95.0035,14.01,204.22000122070312,1501.18994140625,77.836
2007-05-16,660.2000122070312,923.6,62.57,95.0035,13.5,205.6199951171875,1514.1400146484375,77.836
2007-05-17,656.2000122070312,927.8,64.83,95.0035,13.51,207.3500061035156,1512.75,77.836
2007-05-18,661.0,934.0,64.93,94.6573,12.76,206.69000244140625,1522.75,77.836
2007-05-19,,,,94.6573,,,,77.836
2007-05-20,,,,94.6573,,,,77.836
2007-05-21,662.9000244140625,929.9,66.25,94.6573,13.3,208.7400054931641,1525.0999755859375,77.836
2007-05-22,659.0999755859375,931.7,64.91,94.6573,13.06,210.69000244140625,1524.1199951171875,77.836
2007-05-23,661.9000244140625,931.2,65.1,94.6573,13.24,211.1499938964844,1522.280029296875,77.836
2007-05-24,653.0,932.7,63.62,94.6573,14.08,,1507.510009765625,77.836
2007-05-25,655.0999755859375,928.0,64.59,94.5022,13.34,210.5399932861328,1515.72998046875,77.836
2007-05-26,,,,94.5022,,,,77.836
2007-05-27,,,,94.5022,,,,77.836
2007-05-28,,,,94.5022,,211.8800048828125,,77.836
2007-05-29,657.0999755859375,927.5,63.19,94.5022,13.53,212.0599975585937,1518.1099853515625,77.836
2007-05-30,653.0999755859375,930.8,63.47,94.5022,12.83,211.759994506836,1530.22998046875,77.836
2007-05-31,661.0,927.4,64.02,94.5022,13.05,216.4499969482422,1530.6199951171875,77.836
2007-06-01,671.2000122070312,928.1,65.09,94.132,12.78,218.7400054931641,1536.3399658203125,77.836
2007-06-02,,,,94.132,,,,77.836
2007-06-03,,,,94.132,,,,77.836
2007-06-04,670.7000122070312,927.3,66.17,94.132,13.29,221.8999938964844,1539.1800537109375,77.836
2007-06-05,669.5999755859375,926.5,65.63,94.132,13.63,222.3699951171875,1530.949951171875,77.836
2007-06-06,669.2999877929688,926.8,65.97,94.132,14.87,,1517.3800048828125,77.836
2007-06-07,660.0999755859375,926.5,66.93,94.132,17.06,223.1699981689453,1490.719970703125,77.836
2007-06-08,645.5,932.3,64.78,94.7599,14.84,219.8000030517578,1507.6700439453125,77.836
2007-06-09,,,,94.7599,,,,77.836
2007-06-10,,,,94.7599,,,,77.836
2007-06-11,654.2999877929688,931.7,65.93,94.7599,14.71,218.38999938964844,1509.1199951171875,77.836
2007-06-12,648.5,930.2,65.36,94.7599,16.67,219.94000244140625,1493.0,77.836
2007-06-13,648.2000122070312,931.5,66.17,94.7599,14.73,218.58999633789065,1515.6700439453125,77.836
2007-06-14,651.5999755859375,929.7,67.62,94.7599,13.64,224.4600067138672,1522.969970703125,77.836
2007-06-15,654.5,927.6,68.04,94.6228,13.94,224.6100006103516,1532.9100341796875,77.836
2007-06-16,,,,94.6228,,,,77.836
2007-06-17,,,,94.6228,,,,77.836
2007-06-18,655.7999877929688,928.4,69.06,94.6228,13.42,228.8000030517578,1531.050048828125,77.836
2007-06-19,660.7000122070312,927.6,69.15,94.6228,12.85,229.0399932861328,1533.699951171875,77.836
2007-06-20,656.0999755859375,927.6,68.5,94.6228,14.67,226.5800018310547,1512.8399658203125,77.836
2007-06-21,650.5999755859375,926.6,68.35,94.6228,14.21,227.8099975585937,1522.18994140625,77.836
2007-06-22,653.5,927.9,68.85,94.4371,15.75,224.9499969482422,1502.56005859375,77.836
2007-06-23,,,,94.4371,,,,77.836
2007-06-24,,,,94.4371,,,,77.836
2007-06-25,651.2999877929688,926.2,68.83,94.4371,16.65,223.3999938964844,1497.739990234375,77.836
2007-06-26,642.0999755859375,926.1,67.78,94.4371,18.89,222.42999267578125,1492.8900146484375,77.836
2007-06-27,641.7000122070312,927.4,68.98,94.4371,15.53,220.3500061035156,1506.3399658203125,77.836
2007-06-28,647.5,926.6,69.61,94.4371,15.54,222.6000061035156,1505.7099609375,77.836
2007-06-29,648.0999755859375,922.6,70.47,94.1393,16.23,221.3099975585937,1503.3499755859375,77.836
2007-06-30,,,,94.1393,,,,77.836
2007-07-01,,,,94.1393,,,,78.134
2007-07-02,656.5,921.3,71.11,94.1393,15.4,224.75,1519.4300537109375,78.134
2007-07-03,652.9000244140625,917.7,71.41,94.1393,14.92,229.2899932861328,1524.8699951171875,78.134
2007-07-04,,,,94.1393,,233.42999267578125,,78.134
2007-07-05,648.4000244140625,921.7,71.81,94.1393,15.48,234.75,1525.4000244140625,78.134
2007-07-06,652.7000122070312,919.4,72.8,93.5759,14.72,236.5200042724609,1530.43994140625,78.134
2007-07-07,,,,93.5759,,,,78.134
2007-07-08,,,,93.5759,,,,78.134
2007-07-09,660.5,920.9,72.14,93.5759,15.16,239.67999267578125,1531.8499755859375,78.134
2007-07-10,662.5,919.6,72.8,93.5759,17.57,241.0200042724609,1510.1199951171875,78.134
2007-07-11,660.2999877929688,919.1,72.58,93.5759,16.64,240.4600067138672,1518.760009765625,78.134
2007-07-12,666.7000122070312,918.4,72.55,93.5759,15.54,242.8600006103516,1547.699951171875,78.134
2007-07-13,665.7999877929688,916.4,73.89,93.0133,15.15,250.19000244140625,1552.5,78.134
2007-07-14,,,,93.0133,,,,78.134
2007-07-15,,,,93.0133,,,,78.134
2007-07-16,665.0,917.9,74.11,93.0133,15.59,247.91000366210932,1549.52001953125,78.134
2007-07-17,664.7000122070312,917.9,74.03,93.0133,15.63,,1549.3699951171875,78.134
2007-07-18,672.5999755859375,916.2,75.03,93.0133,16.0,244.9199981689453,1546.1700439453125,78.134
2007-07-19,677.2000122070312,915.7,75.9,93.0133,15.23,245.6999969482422,1553.0799560546875,78.134
2007-07-20,683.9000244140625,914.7,75.53,92.7179,16.95,251.4499969482422,1534.0999755859375,78.134
2007-07-21,,,,92.7179,,,,78.134
2007-07-22,,,,92.7179,,,,78.134
2007-07-23,680.7999877929688,914.9,74.65,92.7179,16.81,252.27999877929688,1541.5699462890625,78.134
2007-07-24,684.2000122070312,913.8,73.38,92.7179,18.55,252.6100006103516,1511.0400390625,78.134
2007-07-25,673.2999877929688,913.6,75.74,92.7179,18.1,253.92999267578125,1518.0899658203125,78.134
2007-07-26,662.5,917.9,74.96,92.7179,20.74,248.75,1482.6600341796875,78.134
2007-07-27,660.0,921.4,77.03,93.5485,24.17,238.33999633789065,1458.949951171875,78.134
2007-07-28,,,,93.5485,,,,78.134
2007-07-29,,,,93.5485,,,,78.134
2007-07-30,664.0999755859375,923.0,76.82,93.5485,20.87,241.38999938964844,1473.9100341796875,78.134
2007-07-31,666.9000244140625,919.0,78.2,93.5485,23.52,244.32000732421875,1455.27001953125,78.134
2007-08-01,663.5999755859375,924.9,76.49,93.5485,23.67,234.3600006103516,1465.81005859375,78.208
2007-08-02,664.5999755859375,922.6,76.84,93.5485,21.22,233.83999633789065,1472.199951171875,78.208
2007-08-03,672.5,922.5,75.41,93.1039,25.16,236.91000366210932,1433.06005859375,78.208
2007-08-04,,,,93.1039,,,,78.208
2007-08-05,,,,93.1039,,,,78.208
2007-08-06,671.5,923.1,72.03,93.1039,22.94,233.9199981689453,1467.6700439453125,78.208
2007-08-07,670.5999755859375,922.6,72.25,93.1039,21.56,234.5,1476.7099609375,78.208
2007-08-08,674.5,923.8,72.23,93.1039,21.45,240.07000732421875,1497.489990234375,78.208
2007-08-09,661.4000244140625,922.7,71.62,93.1039,26.48,241.0,1453.0899658203125,78.208
2007-08-10,670.2999877929688,931.5,71.49,93.5214,28.3,230.67999267578125,1453.6400146484375,78.208
2007-08-11,,,,93.5214,,,,78.208
2007-08-12,,,,93.5214,,,,78.208
2007-08-13,669.7000122070312,929.1,71.6,93.5214,26.57,233.8800048828125,1452.9200439453125,78.208
2007-08-14,668.5999755859375,932.2,72.4,93.5214,27.68,230.4499969482422,1426.5400390625,78.208
2007-08-15,668.9000244140625,932.0,73.36,93.5214,30.67,,1406.699951171875,78.208
2007-08-16,648.2999877929688,945.9,70.99,93.5214,30.83,215.6699981689453,1411.27001953125,78.208
2007-08-17,656.9000244140625,950.2,71.9,94.319,29.99,208.57000732421875,1445.93994140625,78.208
2007-08-18,,,,94.319,,,,78.208
2007-08-19,,,,94.319,,,,78.208
2007-08-20,656.7000122070312,942.6,71.12,94.319,26.33,219.72000122070312,1445.550048828125,78.208
2007-08-21,656.7000122070312,943.2,69.49,94.319,25.25,220.17999267578125,1447.1199951171875,78.208
2007-08-22,659.0999755859375,943.8,69.3,94.319,22.89,223.2400054931641,1464.0699462890625,78.208
2007-08-23,658.9000244140625,941.4,69.86,94.319,22.62,228.6000061035156,1462.5,78.208
2007-08-24,668.0,941.45,71.17,93.6863,20.72,227.17999267578125,1479.3699951171875,78.208
2007-08-25,,,,93.6863,,,,78.208
2007-08-26,,,,93.6863,,,,78.208
2007-08-27,666.7999877929688,938.3,71.98,93.6863,22.72,228.6499938964844,1466.7900390625,78.208
2007-08-28,664.4000244140625,939.4,71.79,93.6863,26.3,232.3800048828125,1432.3599853515625,78.208
2007-08-29,666.2999877929688,941.7,73.52,93.6863,23.81,232.32000732421875,1463.760009765625,78.208
2007-08-30,665.0,940.1,73.37,93.6863,25.06,234.22000122070312,1457.6400146484375,78.208
2007-08-31,673.0,938.1,73.98,93.6674,23.38,238.27999877929688,1473.989990234375,78.208
2007-09-01,,,,93.6674,,,,78.655
2007-09-02,,,,93.6674,,,,78.655
2007-09-03,,938.1,,93.6674,,238.72000122070312,,78.655
2007-09-04,682.5,938.8,75.07,93.6674,22.78,237.91000366210932,1489.4200439453125,78.655
2007-09-05,681.7000122070312,937.8,75.74,93.6674,24.58,236.6100006103516,1472.2900390625,78.655
2007-09-06,695.5999755859375,938.7,76.34,93.6674,23.99,239.6100006103516,1478.550048828125,78.655
2007-09-07,700.7999877929688,937.7,76.7,93.2939,26.23,238.9199981689453,1453.550048828125,78.655
2007-09-08,,,,93.2939,,,,78.655
2007-09-09,,,,93.2939,,,,78.655
2007-09-10,703.2999877929688,939.9,77.53,93.2939,27.38,232.44000244140625,1451.699951171875,78.655
2007-09-11,712.2000122070312,936.5,78.16,93.2939,25.27,234.1199951171875,1471.489990234375,78.655
2007-09-12,711.9000244140625,931.6,79.85,93.2939,24.96,229.44000244140625,1471.56005859375,78.655
2007-09-13,709.5,927.4,80.05,93.2939,24.76,233.8600006103516,1483.949951171875,78.655
2007-09-14,709.5999755859375,927.9,79.14,92.7083,24.92,236.5399932861328,1484.25,78.655
2007-09-15,,,,92.7083,,,,78.655
2007-09-16,,,,92.7083,,,,78.655
2007-09-17,715.7999877929688,929.4,80.55,92.7083,26.48,236.72000122070312,1476.6500244140625,78.655
2007-09-18,715.7999877929688,929.8,81.51,92.7083,20.35,232.4199981689453,1519.780029296875,78.655
2007-09-19,722.0,924.8,81.99,92.7083,20.03,241.0800018310547,1529.030029296875,78.655
2007-09-20,732.4000244140625,918.7,83.85,92.7083,20.45,242.4199981689453,1518.75,78.655
2007-09-21,731.4000244140625,920.7,83.38,91.4854,19.0,243.4499969482422,1525.75,78.655
2007-09-22,,,,91.4854,,,,78.655
2007-09-23,,,,91.4854,,,,78.655
2007-09-24,732.0999755859375,919.1,82.51,91.4854,19.37,,1517.72998046875,78.655
2007-09-25,731.5999755859375,920.7,81.2,91.4854,18.6,,1517.2099609375,78.655
2007-09-26,728.2999877929688,920.8,80.31,91.4854,17.63,,1525.4200439453125,78.655
2007-09-27,732.7000122070312,919.9,82.86,91.4854,17.0,247.1000061035156,1531.3800048828125,78.655
2007-09-28,742.7999877929688,913.6,81.64,90.9446,18.0,247.1999969482422,1526.75,78.655
2007-09-29,,,,90.9446,,,,78.655
2007-09-30,,,,90.9446,,,,78.655
2007-10-01,747.2000122070312,914.5,80.31,90.9446,17.84,249.3000030517578,1547.0400390625,78.803
2007-10-02,729.7999877929688,915.7,80.0,90.9446,18.49,256.79998779296875,1546.6300048828125,78.803
2007-10-03,729.2999877929688,915.5,79.97,90.9446,18.8,,1539.5899658203125,78.803
2007-10-04,737.7999877929688,916.3,81.48,90.9446,18.44,254.9199981689453,1542.8399658203125,78.803
2007-10-05,741.2999877929688,915.9,81.2,90.7393,16.91,253.6300048828125,1557.5899658203125,78.803
2007-10-06,,,,90.7393,,,,78.803
2007-10-07,,,,90.7393,,,,78.803
2007-10-08,732.7999877929688,915.9,78.97,90.7393,17.46,255.8699951171875,1552.5799560546875,78.803
2007-10-09,737.4000244140625,918.2,80.23,90.7393,16.12,256.19000244140625,1565.1500244140625,78.803
2007-10-10,740.4000244140625,919.3,81.3,90.7393,16.67,259.7900085449219,1562.469970703125,78.803
2007-10-11,751.2999877929688,915.5,83.05,90.7393,18.88,261.82000732421875,1554.4100341796875,78.803
2007-10-12,748.7000122070312,917.6,83.73,90.5945,17.73,257.3099975585937,1561.800048828125,78.803
2007-10-13,,,,90.5945,,,,78.803
2007-10-14,,,,90.5945,,,,78.803
2007-10-15,757.0999755859375,916.7,86.19,90.5945,19.25,257.67999267578125,1548.7099609375,78.803
2007-10-16,757.0,917.5,87.58,90.5945,20.02,253.42999267578125,1538.530029296875,78.803
2007-10-17,757.5,917.3,87.19,90.5945,18.54,250.47999572753903,1541.239990234375,78.803
2007-10-18,764.0999755859375,916.0,89.48,90.5945,18.5,252.6000061035156,1540.0799560546875,78.803
2007-10-19,764.0,915.5,88.58,90.1014,22.96,248.3500061035156,1500.6300048828125,78.803
2007-10-20,,,,90.1014,,,,78.803
2007-10-21,,,,90.1014,,,,78.803
2007-10-22,755.7999877929688,916.8,87.6,90.1014,21.64,239.94000244140625,1506.3299560546875,78.803
2007-10-23,759.0,918.0,86.45,90.1014,20.41,244.8999938964844,1519.5899658203125,78.803
2007-10-24,761.5999755859375,917.5,88.3,90.1014,20.8,243.3099975585937,1515.8800048828125,78.803
2007-10-25,767.2999877929688,915.0,92.09,90.1014,21.17,248.8000030517578,1514.4000244140625,78.803
2007-10-26,783.9000244140625,908.9,91.73,89.6508,19.56,255.6499938964844,1535.280029296875,78.803
2007-10-27,,,,89.6508,,,,78.803
2007-10-28,,,,89.6508,,,,78.803
2007-10-29,789.0999755859375,910.2,93.45,89.6508,19.87,260.3999938964844,1540.97998046875,78.803
2007-10-30,784.2999877929688,906.7,90.33,89.6508,21.07,258.8699951171875,1531.02001953125,78.803
2007-10-31,792.0,903.2,94.16,89.6508,18.53,260.4200134277344,1549.3800048828125,78.803
2007-11-01,790.7000122070312,907.0,93.53,89.6508,23.21,260.760009765625,1508.43994140625,78.803
2007-11-02,805.7000122070312,908.0,95.81,88.8924,23.01,254.7400054931641,1509.6500244140625,78.803
2007-11-03,,,,88.8924,,,,78.803
2007-11-04,,,,88.8924,,,,78.803
2007-11-05,808.0999755859375,907.5,94.06,88.8924,24.31,253.91000366210932,1502.1700439453125,78.803
2007-11-06,820.7999877929688,906.2,96.65,88.8924,21.39,259.239990234375,1520.27001953125,78.803
2007-11-07,831.0,905.2,96.46,88.8924,26.49,258.739990234375,1475.6199951171875,78.803
2007-11-08,835.2000122070312,907.0,95.51,88.8924,26.16,249.97000122070312,1474.77001953125,78.803
2007-11-09,832.5,910.4,96.36,88.4615,28.5,252.2100067138672,1453.699951171875,78.803
2007-11-10,,,,88.4615,,,,78.803
2007-11-11,,,,88.4615,,,,78.803
2007-11-12,805.7999877929688,,94.4,88.4615,31.09,243.88999938964844,1439.1800537109375,78.803
2007-11-13,797.2000122070312,914.6,91.18,88.4615,24.1,244.72999572753903,1481.050048828125,78.803
2007-11-14,813.0,913.1,94.02,88.4615,25.94,250.2100067138672,1470.5799560546875,78.803
2007-11-15,785.9000244140625,919.1,93.37,88.4615,28.06,247.38999938964844,1451.1500244140625,78.803
2007-11-16,785.7000122070312,917.3,94.81,89.3182,25.49,244.1300048828125,1458.739990234375,78.803
2007-11-17,,,,89.3182,,,,78.803
2007-11-18,,,,89.3182,,,,78.803
2007-11-19,776.7999877929688,920.5,95.75,89.3182,26.01,239.77999877929688,1433.27001953125,78.803
2007-11-20,790.2999877929688,921.8,99.16,89.3182,24.88,236.91000366210932,1439.699951171875,78.803
2007-11-21,797.5999755859375,932.8,98.57,89.3182,26.84,228.83999633789065,1416.77001953125,78.803
2007-11-22,,932.8,,89.3182,,228.1000061035156,,78.803
2007-11-23,824.0,930.5,98.24,89.2384,25.61,225.5399932861328,1440.699951171875,78.803
2007-11-24,,,,89.2384,,,,78.803
2007-11-25,,,,89.2384,,,,78.803
2007-11-26,826.0,929.0,97.66,89.2384,28.91,236.009994506836,1407.219970703125,78.803
2007-11-27,813.7000122070312,931.8,94.39,89.2384,26.28,236.3800048828125,1428.22998046875,78.803
2007-11-28,800.0999755859375,931.2,90.71,89.2384,24.11,232.8699951171875,1469.02001953125,78.803
2007-11-29,795.2999877929688,928.3,90.98,89.2384,23.97,238.67999267578125,1469.719970703125,78.803
2007-11-30,782.2000122070312,920.9,88.6,89.6212,22.87,241.91000366210932,1481.1400146484375,78.803
2007-12-01,,,,89.6212,,,,79.101
2007-12-02,,,,89.6212,,,,79.101
2007-12-03,788.2999877929688,923.8,89.29,89.6212,23.61,241.6100006103516,1472.4200439453125,79.101
2007-12-04,801.2999877929688,922.3,88.31,89.6212,23.79,244.0399932861328,1462.7900390625,79.101
2007-12-05,797.5,923.0,87.45,89.6212,22.53,247.02999877929688,1485.010009765625,79.101
2007-12-06,801.2000122070312,921.8,90.25,89.6212,20.96,249.6300048828125,1507.3399658203125,79.101
2007-12-07,794.4000244140625,918.9,88.23,89.74,20.85,247.3800048828125,1504.6600341796875,79.101
2007-12-08,,,,89.74,,,,79.101
2007-12-09,,,,89.74,,,,79.101
2007-12-10,807.7000122070312,923.3,87.72,89.74,20.74,244.25,1515.9599609375,79.101
2007-12-11,811.4000244140625,923.7,90.12,89.74,23.59,246.8500061035156,1477.6500244140625,79.101
2007-12-12,813.5,926.1,94.41,89.74,22.47,247.1499938964844,1486.5899658203125,79.101
2007-12-13,799.0,925.25,92.35,89.74,22.56,245.2100067138672,1488.4100341796875,79.101
2007-12-14,793.2999877929688,929.8,91.31,90.4345,23.27,241.5,1467.949951171875,79.101
2007-12-15,,,,90.4345,,,,79.101
2007-12-16,,,,90.4345,,,,79.101
2007-12-17,794.7999877929688,933.4,90.69,90.4345,24.52,234.3300018310547,1445.9000244140625,79.101
2007-12-18,803.0,938.35,89.93,90.4345,22.64,236.6499938964844,1454.97998046875,79.101
2007-12-19,801.0999755859375,939.2,91.11,90.4345,21.68,,1453.0,79.101
2007-12-20,799.2000122070312,943.4,90.88,90.4345,20.58,234.3999938964844,1460.1199951171875,79.101
2007-12-21,811.5999755859375,940.3,93.19,90.3672,18.47,239.6000061035156,1484.4599609375,79.101
2007-12-22,,,,90.3672,,,,79.101
2007-12-23,,,,90.3672,,,,79.101
2007-12-24,812.7999877929688,939.2,94.0,90.3672,18.6,245.13999938964844,1496.449951171875,79.101
2007-12-25,,,,90.3672,,,,79.101
2007-12-26,826.0,938.7,95.89,90.3672,18.66,243.47999572753903,1497.6600341796875,79.101
2007-12-27,828.5999755859375,940.0,96.63,90.3672,20.26,243.3800048828125,1476.27001953125,79.101
2007-12-28,839.5999755859375,935.6,96.03,89.4069,20.74,241.2700042724609,1478.489990234375,79.101
2007-12-29,,,,89.4069,,,,79.101
2007-12-30,,,,89.4069,,,,79.101
2007-12-31,834.9000244140625,935.8,95.95,89.4069,22.5,,1468.3599853515625,79.101
2008-01-01,,,,89.4069,,,,79.472
2008-01-02,857.0,936.6,99.64,89.4069,23.17,235.3000030517578,1447.1600341796875,79.472
2008-01-03,866.4000244140625,936.2,99.17,89.4069,22.49,234.6699981689453,1447.1600341796875,79.472
2008-01-04,863.0999755859375,938.1,97.9,89.2467,23.94,235.7700042724609,1411.6300048828125,79.472
2008-01-05,,,,89.2467,,,,79.472
2008-01-06,,,,89.2467,,,,79.472
2008-01-07,859.5999755859375,940.0,95.08,89.2467,23.79,231.0,1416.1800537109375,79.472
2008-01-08,878.0,939.0,96.43,89.2467,25.43,230.33999633789065,1390.18994140625,79.472
2008-01-09,879.5,937.1,95.64,89.2467,24.12,232.52999877929688,1409.1300048828125,79.472
2008-01-10,891.7000122070312,937.2,93.92,89.2467,23.45,229.47000122070312,1420.3299560546875,79.472
2008-01-11,896.0999755859375,937.2,92.74,89.5215,23.68,224.41000366210932,1401.02001953125,79.472
2008-01-12,,,,89.5215,,,,79.472
2008-01-13,,,,89.5215,,,,79.472
2008-01-14,901.5999755859376,937.0,94.23,89.5215,22.9,222.8099975585937,1416.25,79.472
2008-01-15,901.0,935.2,91.87,89.5215,23.34,220.91000366210932,1380.949951171875,79.472
2008-01-16,880.5999755859375,942.5,90.8,89.5215,24.38,215.8699951171875,1373.199951171875,79.472
2008-01-17,879.5,945.7,90.11,89.5215,28.46,218.8300018310547,1333.25,79.472
2008-01-18,880.7999877929688,945.9,90.55,89.8993,27.18,219.8699951171875,1325.18994140625,79.472
2008-01-19,,,,89.8993,,,,79.472
2008-01-20,,,,89.8993,,,,79.472
2008-01-21,,,,89.8993,,213.6000061035156,,79.472
2008-01-22,889.5999755859375,946.9,89.64,89.8993,31.01,204.5500030517578,1310.5,79.472
2008-01-23,882.5,953.2,87.65,89.8993,29.02,207.22999572753903,1338.5999755859375,79.472
2008-01-24,905.5,948.6,89.98,89.8993,27.78,211.1999969482422,1352.0699462890625,79.472
2008-01-25,910.5,948.2,90.37,89.2184,29.08,215.0599975585937,1330.6099853515625,79.472
2008-01-26,,,,89.2184,,,,79.472
2008-01-27,,,,89.2184,,,,79.472
2008-01-28,927.0999755859376,948.7,90.99,89.2184,27.78,206.5200042724609,1353.9599609375,79.472
2008-01-29,925.0999755859376,941.5,91.66,89.2184,27.32,208.8000030517578,1362.300048828125,79.472
2008-01-30,920.5999755859376,945.0,92.34,89.2184,27.62,203.5,1355.81005859375,79.472
2008-01-31,922.7000122070312,943.4,91.67,89.2184,26.2,207.7700042724609,1378.550048828125,79.472
2008-02-01,908.7000122070312,944.5,89.03,88.4824,24.02,209.0800018310547,1395.4200439453125,79.771
2008-02-02,,,,88.4824,,,,79.771
2008-02-03,,,,88.4824,,,,79.771
2008-02-04,904.9000244140624,941.3,90.07,88.4824,25.99,216.22999572753903,1380.8199462890625,79.771
2008-02-05,885.9000244140625,943.1,88.32,88.4824,28.24,216.91000366210932,1336.6400146484375,79.771
2008-02-06,900.7000122070312,941.4,87.16,88.4824,28.97,,1326.449951171875,79.771
2008-02-07,906.0999755859376,941.3,88.07,88.4824,27.66,,1336.9100341796875,79.771
2008-02-08,918.4000244140624,944.6,91.77,89.2226,28.01,,1331.2900390625,79.771
2008-02-09,,,,89.2226,,,,79.771
2008-02-10,,,,89.2226,,,,79.771
2008-02-11,922.9000244140624,945.0,93.56,89.2226,27.6,208.9199981689453,1339.1300048828125,79.771
2008-02-12,907.4000244140624,943.9,92.82,89.2226,26.33,209.009994506836,1348.8599853515625,79.771
2008-02-13,906.5,945.3,93.28,89.2226,24.88,207.5599975585937,1367.2099609375,79.771
2008-02-14,907.4000244140624,944.3,95.42,89.2226,25.54,216.1999969482422,1348.8599853515625,79.771
2008-02-15,902.7999877929688,944.6,95.57,88.9006,25.02,215.3800048828125,1349.989990234375,79.771
2008-02-16,,,,88.9006,,,,79.771
2008-02-17,,,,88.9006,,,,79.771
2008-02-18,,,,88.9006,,215.4600067138672,,79.771
2008-02-19,926.5999755859376,944.1,99.99,88.9006,25.59,218.3699951171875,1348.780029296875,79.771
2008-02-20,934.5999755859376,947.5,100.86,88.9006,24.4,213.83999633789065,1360.030029296875,79.771
2008-02-21,946.0999755859376,948.2,98.57,88.9006,25.12,216.3800048828125,1342.530029296875,79.771
2008-02-22,944.7000122070312,948.2,99.03,88.7082,24.06,213.72999572753903,1353.1099853515625,79.771
2008-02-23,,,,88.7082,,,,79.771
2008-02-24,,,,88.7082,,,,79.771
2008-02-25,937.5999755859376,948.2,99.4,88.7082,23.03,217.07000732421875,1371.800048828125,79.771
2008-02-26,946.0999755859376,946.5,100.83,88.7082,21.9,217.22000122070312,1381.2900390625,79.771
2008-02-27,958.2000122070312,938.1,99.59,88.7082,22.69,218.8699951171875,1380.02001953125,79.771
2008-02-28,964.5,937.2,102.6,88.7082,23.53,220.58999633789065,1367.6800537109375,79.771
2008-02-29,972.0999755859376,942.8,101.78,87.1654,26.54,216.8500061035156,1330.6300048828125,79.771
2008-03-01,,,,87.1654,,,,80.515
2008-03-02,,,,87.1654,,,,80.515
2008-03-03,981.5,947.1,102.42,87.1654,26.28,211.72999572753903,1331.3399658203125,80.515
2008-03-04,963.9000244140624,947.45,99.72,87.1654,25.52,212.13999938964844,1326.75,80.515
2008-03-05,986.2000122070312,948.15,104.45,87.1654,24.6,212.13999938964844,1333.699951171875,80.515
2008-03-06,975.0,952.7,105.51,87.1654,27.55,214.9199981689453,1304.3399658203125,80.515
2008-03-07,972.2000122070312,956.8,105.12,87.1258,27.49,210.57000732421875,1293.3699951171875,80.515
2008-03-08,,,,87.1258,,,,80.515
2008-03-09,,,,87.1258,,,,80.515
2008-03-10,969.9000244140624,966.1,107.9,87.1258,29.38,206.2899932861328,1273.3699951171875,80.515
2008-03-11,974.2000122070312,966.4,108.73,87.1258,26.36,208.0599975585937,1320.6500244140625,80.515
2008-03-12,978.7999877929688,969.3,109.86,87.1258,27.22,210.4900054931641,1308.77001953125,80.515
2008-03-13,992.2999877929688,982.1,110.21,87.1258,27.29,204.4199981689453,1315.47998046875,80.515
2008-03-14,998.2000122070312,997.1,110.03,86.4301,31.16,202.6300048828125,1288.1400146484375,80.515
2008-03-15,,,,86.4301,,,,80.515
2008-03-16,,,,86.4301,,,,80.515
2008-03-17,1001.4000244140624,1021.45,105.74,86.4301,32.24,199.67999267578125,1276.5999755859375,80.515
2008-03-18,1003.2000122070312,1008.4,109.57,86.4301,25.79,201.7899932861328,1330.739990234375,80.515
2008-03-19,944.7000122070312,1008.55,103.25,86.4301,29.84,206.47999572753903,1298.4200439453125,80.515
2008-03-20,919.5999755859376,1009.15,102.57,86.4301,26.62,206.6199951171875,1329.510009765625,80.515
2008-03-21,,1002.0,,87.2111,,209.69000244140625,,80.515
2008-03-22,,,,87.2111,,,,80.515
2008-03-23,,,,87.2111,,,,80.515
2008-03-24,918.2999877929688,993.7,101.7,87.2111,25.73,211.0,1349.8800048828125,80.515
2008-03-25,934.5999755859376,975.8,101.78,87.2111,25.72,213.72999572753903,1352.989990234375,80.515
2008-03-26,949.0,993.1,105.83,87.2111,26.08,214.41000366210932,1341.1300048828125,80.515
2008-03-27,948.7999877929688,990.08,107.56,87.2111,25.88,213.8500061035156,1325.760009765625,80.515
2008-03-28,930.5999755859376,992.4,105.59,86.6369,25.71,217.22000122070312,1315.219970703125,80.515
2008-03-29,,,,86.6369,,,,80.515
2008-03-30,,,,86.6369,,,,80.515
2008-03-31,916.2000122070312,988.6,101.54,86.6369,25.61,217.6499938964844,1322.699951171875,80.515
2008-04-01,882.9000244140625,979.0,100.92,86.6369,22.68,217.8099975585937,1370.1800537109375,80.962
2008-04-02,895.2000122070312,975.7,104.83,86.6369,23.43,223.759994506836,1367.530029296875,80.962
2008-04-03,905.0,977.2,103.92,86.6369,23.21,226.9900054931641,1369.31005859375,80.962
2008-04-04,909.0,973.5,106.09,86.5108,22.45,226.9499969482422,1370.4000244140625,80.962
2008-04-05,,,,86.5108,,,,80.962
2008-04-06,,,,86.5108,,,,80.962
2008-04-07,922.7000122070312,974.6,108.91,86.5108,22.42,227.7899932861328,1372.5400390625,80.962
2008-04-08,914.0,975.7,108.54,86.5108,22.36,225.1000061035156,1365.5400390625,80.962
2008-04-09,933.5999755859376,975.7,110.89,86.5108,22.81,,1354.489990234375,80.962
2008-04-10,928.2999877929688,975.0,110.07,86.5108,21.98,226.44000244140625,1360.550048828125,80.962
2008-04-11,923.5999755859376,975.8,110.14,86.5029,23.46,228.8000030517578,1332.8299560546875,80.962
2008-04-12,,,,86.5029,,,,80.962
2008-04-13,,,,86.5029,,,,80.962
2008-04-14,925.4000244140624,979.3,111.71,86.5029,23.82,224.5399932861328,1328.3199462890625,80.962
2008-04-15,928.7000122070312,991.3,113.77,86.5029,22.78,223.509994506836,1334.4300537109375,80.962
2008-04-16,945.0999755859376,989.1,114.8,86.5029,20.53,225.3600006103516,1364.7099609375,80.962
2008-04-17,939.7999877929688,991.6,114.8,86.5029,20.37,226.97999572753903,1365.56005859375,80.962
2008-04-18,912.2000122070312,1000.0,116.56,86.5277,20.13,227.25,1390.3299560546875,80.962
2008-04-19,,,,86.5277,,,,80.962
2008-04-20,,,,86.5277,,,,80.962
2008-04-21,914.7000122070312,997.5,117.48,86.5277,20.5,231.1100006103516,1388.1700439453125,80.962
2008-04-22,922.2999877929688,996.8,119.17,86.5277,20.87,229.22000122070312,1375.93994140625,80.962
2008-04-23,906.2000122070312,990.7,119.28,86.5277,20.26,230.5599975585937,1379.9300537109375,80.962
2008-04-24,886.7999877929688,995.65,117.1,86.5277,20.06,230.7700042724609,1388.8199462890625,80.962
2008-04-25,887.2000122070312,994.0,119.64,86.8337,19.59,234.5599975585937,1397.8399658203125,80.962
2008-04-26,,,,86.8337,,,,80.962
2008-04-27,,,,86.8337,,,,80.962
2008-04-28,892.9000244140625,996.3,118.78,86.8337,19.64,234.97000122070312,1396.3699951171875,80.962
2008-04-29,874.2000122070312,1001.55,115.67,86.8337,20.24,233.2400054931641,1390.93994140625,80.962
2008-04-30,862.7999877929688,1005.0,113.7,86.8337,20.79,235.0,1385.5899658203125,80.962
2008-05-01,848.9000244140625,1004.0,112.6,86.8337,18.88,,1409.3399658203125,81.63
2008-05-02,856.0999755859375,1009.0,116.36,87.2311,18.18,238.17999267578125,1413.9000244140625,81.63
2008-05-03,,,,87.2311,,,,81.63
2008-05-04,,,,87.2311,,,,81.63
2008-05-05,872.2999877929688,1007.8,119.94,87.2311,18.9,,1407.489990234375,81.63
2008-05-06,876.0,1015.0,121.82,87.2311,18.21,239.52999877929688,1418.260009765625,81.63
2008-05-07,869.5999755859375,1030.0,123.56,87.2311,19.73,238.66000366210932,1392.5699462890625,81.63
2008-05-08,880.5999755859375,1040.5,123.77,87.2311,19.4,237.3699951171875,1397.6800537109375,81.63
2008-05-09,884.5,1044.0,125.94,87.2528,19.41,233.97999572753903,1388.280029296875,81.63
2008-05-10,,,,87.2528,,,,81.63
2008-05-11,,,,87.2528,,,,81.63
2008-05-12,883.7000122070312,1043.0,124.02,87.2528,17.79,,1403.5799560546875,81.63
2008-05-13,868.5,1047.0,125.83,87.2528,17.98,237.0200042724609,1403.0400390625,81.63
2008-05-14,865.4000244140625,1047.0,124.21,87.2528,17.66,237.0399932861328,1408.6600341796875,81.63
2008-05-15,879.0,1043.0,124.25,87.2528,16.3,243.1100006103516,1423.5699462890625,81.63
2008-05-16,899.0,1037.0,126.5,86.7855,16.47,243.5399932861328,1425.3499755859375,81.63
2008-05-17,,,,86.7855,,,,81.63
2008-05-18,,,,86.7855,,,,81.63
2008-05-19,905.0,1041.0,127.15,86.7855,17.01,242.6699981689453,1426.6300048828125,81.63
2008-05-20,919.5,1047.0,128.93,86.7855,17.58,240.6199951171875,1413.4000244140625,81.63
2008-05-21,928.0,1039.0,132.99,86.7855,18.59,237.1499938964844,1390.7099609375,81.63
2008-05-22,917.9000244140624,1044.0,130.04,86.7855,18.05,235.3099975585937,1394.3499755859375,81.63
2008-05-23,925.5999755859376,1045.5,131.58,86.1922,19.55,234.13999938964844,1375.9300537109375,81.63
2008-05-24,,,,86.1922,,,,81.63
2008-05-25,,,,86.1922,,,,81.63
2008-05-26,,,,86.1922,,230.42999267578125,,81.63
2008-05-27,907.7000122070312,1041.0,128.81,86.1922,19.64,233.97000122070312,1385.3499755859375,81.63
2008-05-28,900.5,1033.5,131.0,86.1922,19.07,231.1699981689453,1390.8399658203125,81.63
2008-05-29,877.2000122070312,1030.0,126.7,86.1922,18.14,236.38999938964844,1398.260009765625,81.63
2008-05-30,887.2999877929688,1028.5,127.35,86.5504,17.83,237.4600067138672,1400.3800048828125,81.63
2008-05-31,,,,86.5504,,,,81.63
2008-06-01,,,,86.5504,,,,82.151
2008-06-02,892.9000244140625,1022.3,127.75,86.5504,19.83,236.77999877929688,1385.6700439453125,82.151
2008-06-03,881.5999755859375,1016.8,124.33,86.5504,20.24,233.13999938964844,1377.6500244140625,82.151
2008-06-04,879.9000244140625,1019.0,122.3,86.5504,20.8,235.08999633789065,1377.199951171875,82.151
2008-06-05,871.7999877929688,1023.0,127.93,86.5504,18.63,234.759994506836,1404.050048828125,82.151
2008-06-06,895.4000244140625,1030.5,138.51,86.8028,23.56,,1360.6800537109375,82.151
2008-06-07,,,,86.8028,,,,82.151
2008-06-08,,,,86.8028,,,,82.151
2008-06-09,894.7000122070312,1032.0,134.44,86.8028,23.12,231.3500061035156,1361.760009765625,82.151
2008-06-10,867.9000244140625,1027.5,131.38,86.8028,23.18,226.5599975585937,1358.43994140625,82.151
2008-06-11,879.7000122070312,1030.3,136.43,86.8028,24.12,227.4199981689453,1335.489990234375,82.151
2008-06-12,869.2000122070312,1033.3,136.91,86.8028,23.33,221.1699981689453,1339.8699951171875,82.151
2008-06-13,870.2999877929688,1044.0,134.84,87.7622,21.22,222.7899932861328,1360.030029296875,82.151
2008-06-14,,,,87.7622,,,,82.151
2008-06-15,,,,87.7622,,,,82.151
2008-06-16,883.5999755859375,1038.5,134.52,87.7622,20.95,224.91000366210932,1360.1400146484375,82.151
2008-06-17,884.2999877929688,1021.8,133.99,87.7622,21.13,223.66000366210932,1350.9300537109375,82.151
2008-06-18,890.9000244140625,1029.25,136.54,87.7622,22.24,226.6000061035156,1337.81005859375,82.151
2008-06-19,901.7000122070312,1028.0,131.88,87.7622,21.58,222.02999877929688,1342.8299560546875,82.151
2008-06-20,901.2999877929688,1031.5,134.78,86.9036,22.87,220.57000732421875,1317.9300537109375,82.151
2008-06-21,,,,86.9036,,,,82.151
2008-06-22,,,,86.9036,,,,82.151
2008-06-23,884.7999877929688,1036.8,135.98,86.9036,22.64,218.509994506836,1318.0,82.151
2008-06-24,889.2000122070312,1032.5,136.49,86.9036,22.42,217.97000122070312,1314.2900390625,82.151
2008-06-25,880.0,1034.3,133.92,86.9036,21.14,218.9499969482422,1321.969970703125,82.151
2008-06-26,913.0999755859376,1041.3,138.91,86.9036,23.93,219.1199951171875,1283.1500244140625,82.151
2008-06-27,929.2999877929688,1041.75,139.69,86.643,23.44,214.58999633789065,1278.3800048828125,82.151
2008-06-28,,,,86.643,,,,82.151
2008-06-29,,,,86.643,,,,82.151
2008-06-30,926.2000122070312,1046.8,139.96,86.643,23.95,213.5200042724609,1280.0,82.151
2008-07-01,942.5,1050.5,141.06,86.643,23.65,213.0200042724609,1284.9100341796875,82.747
2008-07-02,944.7999877929688,1036.5,143.74,86.643,25.92,207.9600067138672,1261.52001953125,82.747
2008-07-03,931.9000244140624,1044.5,145.31,86.643,24.79,205.7100067138672,1262.9000244140625,82.747
2008-07-04,,,,86.8781,,201.7400054931641,,82.747
2008-07-05,,,,86.8781,,,,82.747
2008-07-06,,,,86.8781,,,,82.747
2008-07-07,927.2999877929688,1044.5,141.38,86.8781,25.78,202.33999633789065,1252.31005859375,82.747
2008-07-08,921.9000244140624,1026.25,136.06,86.8781,23.15,196.5200042724609,1273.699951171875,82.747
2008-07-09,927.2999877929688,1000.0,135.88,86.8781,25.23,194.6100006103516,1244.68994140625,82.747
2008-07-10,940.9000244140624,998.2,141.47,86.8781,25.59,196.33999633789065,1253.3900146484375,82.747
2008-07-11,959.5,1000.3,144.96,86.221,27.49,200.1199951171875,1239.489990234375,82.747
2008-07-12,,,,86.221,,,,82.747
2008-07-13,,,,86.221,,,,82.747
2008-07-14,972.7000122070312,1003.8,145.16,86.221,28.48,199.1199951171875,1228.300048828125,82.747
2008-07-15,977.7000122070312,1006.3,138.68,86.221,28.54,193.009994506836,1214.9100341796875,82.747
2008-07-16,961.7999877929688,1006.75,134.63,86.221,25.1,192.47999572753903,1245.3599853515625,82.747
2008-07-17,970.0,1011.0,129.43,86.221,25.01,194.88999938964844,1260.3199462890625,82.747
2008-07-18,957.2999877929688,1013.0,128.94,86.0735,24.05,192.8600006103516,1260.6800537109375,82.747
2008-07-19,,,,86.0735,,,,82.747
2008-07-20,,,,86.0735,,,,82.747
2008-07-21,963.0999755859376,1017.0,131.43,86.0735,23.05,200.0,1260.0,82.747
2008-07-22,948.0,1014.0,127.25,86.0735,21.18,199.7700042724609,1277.0,82.747
2008-07-23,922.4000244140624,1009.0,123.73,86.0735,21.31,203.63999938964844,1282.18994140625,82.747
2008-07-24,922.0,1006.8,124.62,86.0735,23.44,208.33999633789065,1252.5400390625,82.747
2008-07-25,926.5999755859376,1007.0,122.59,86.3916,22.91,204.2700042724609,1257.760009765625,82.747
2008-07-26,,,,86.3916,,,,82.747
2008-07-27,,,,86.3916,,,,82.747
2008-07-28,927.5999755859376,1006.0,124.72,86.3916,24.23,203.97000122070312,1234.3699951171875,82.747
2008-07-29,916.4000244140624,1006.0,122.21,86.3916,22.03,199.8999938964844,1263.199951171875,82.747
2008-07-30,902.9000244140624,1012.3,126.74,86.3916,21.21,201.82000732421875,1284.260009765625,82.747
2008-07-31,913.9000244140624,1011.5,124.17,86.3916,22.94,204.1199951171875,1267.3800048828125,82.747
2008-08-01,909.0,1015.75,125.03,86.8257,22.57,201.42999267578125,1260.31005859375,82.598
2008-08-02,,,,86.8257,,,,82.598
2008-08-03,,,,86.8257,,,,82.598
2008-08-04,900.0999755859375,1016.75,121.45,86.8257,23.49,197.5599975585937,1249.010009765625,82.598
2008-08-05,878.5999755859375,1017.0,118.71,86.8257,21.14,196.44000244140625,1284.8800048828125,82.598
2008-08-06,875.5999755859375,1015.5,118.57,86.8257,20.23,202.27999877929688,1289.18994140625,82.598
2008-08-07,870.7000122070312,1016.0,119.84,86.8257,21.15,200.3099975585937,1266.0699462890625,82.598
2008-08-08,857.7999877929688,1028.0,115.42,88.8939,20.66,200.759994506836,1296.3199462890625,82.598
2008-08-09,,,,88.8939,,,,82.598
2008-08-10,,,,88.8939,,,,82.598
2008-08-11,821.5,1030.0,114.44,88.8939,20.12,202.4199981689453,1305.3199462890625,82.598
2008-08-12,808.2000122070312,1034.2,113.1,88.8939,21.17,202.1199951171875,1289.5899658203125,82.598
2008-08-13,825.0,1039.5,115.96,88.8939,21.55,200.259994506836,1285.8299560546875,82.598
2008-08-14,808.2000122070312,1039.5,115.05,88.8939,20.34,201.5,1292.9300537109375,82.598
2008-08-15,786.0,1039.3,113.46,89.7244,19.58,,1298.199951171875,82.598
2008-08-16,,,,89.7244,,,,82.598
2008-08-17,,,,89.7244,,,,82.598
2008-08-18,799.7000122070312,1042.8,112.92,89.7244,20.98,200.97000122070312,1278.5999755859375,82.598
2008-08-19,811.0999755859375,1051.3,114.39,89.7244,21.28,197.5599975585937,1266.68994140625,82.598
2008-08-20,810.2999877929688,1047.3,115.48,89.7244,20.42,197.3500061035156,1274.5400390625,82.598
2008-08-21,833.0,1053.6,121.23,89.7244,19.82,193.8500061035156,1277.719970703125,82.598
2008-08-22,827.4000244140625,1062.3,114.48,89.2381,18.81,192.0399932861328,1292.199951171875,82.598
2008-08-23,,,,89.2381,,,,82.598
2008-08-24,,,,89.2381,,,,82.598
2008-08-25,819.7999877929688,1077.8,114.85,89.2381,20.97,192.9900054931641,1266.8399658203125,82.598
2008-08-26,822.2000122070312,1087.5,116.31,89.2381,20.49,191.3600006103516,1271.510009765625,82.598
2008-08-27,828.0999755859375,1084.0,118.17,89.2381,19.76,191.6000061035156,1281.6600341796875,82.598
2008-08-28,830.9000244140625,1081.3,115.58,89.2381,19.43,188.75,1300.6800537109375,82.598
2008-08-29,829.2999877929688,1089.0,115.55,90.0567,20.65,188.9600067138672,1282.8299560546875,82.598
2008-08-30,,,,90.0567,,,,82.598
2008-08-31,,,,90.0567,,,,82.598
2008-09-01,,,,90.0567,,182.1300048828125,,82.673
2008-09-02,805.0,1134.45,109.63,90.0567,21.99,182.41000366210932,1277.5799560546875,82.673
2008-09-03,802.7000122070312,1147.9,109.38,90.0567,21.43,184.3600006103516,1274.97998046875,82.673
2008-09-04,797.9000244140625,1130.3,107.99,90.0567,24.03,183.57000732421875,1236.8299560546875,82.673
2008-09-05,797.5999755859375,1117.8,106.47,91.341,23.06,180.4900054931641,1242.31005859375,82.673
2008-09-06,,,,91.341,,,,82.673
2008-09-07,,,,91.341,,,,82.673
2008-09-08,797.5,1081.2,106.35,91.341,22.64,189.97000122070312,1267.7900390625,82.673
2008-09-09,787.0999755859375,1099.5,103.23,91.341,25.47,186.9900054931641,1224.510009765625,82.673
2008-09-10,757.9000244140625,1091.3,102.66,91.341,24.52,188.5,1232.0400390625,82.673
2008-09-11,741.2999877929688,1110.0,100.95,91.341,24.39,185.2700042724609,1249.050048828125,82.673
2008-09-12,760.2999877929688,1106.5,101.19,91.4706,25.66,189.8999938964844,1251.699951171875,82.673
2008-09-13,,,,91.4706,,,,82.673
2008-09-14,,,,91.4706,,,,82.673
2008-09-15,783.0999755859375,1117.85,95.52,91.4706,31.7,,1192.699951171875,82.673
2008-09-16,776.5,1159.75,91.49,91.4706,30.3,179.0,1213.5999755859375,82.673
2008-09-17,846.5999755859375,1115.5,97.39,91.4706,36.22,183.5399932861328,1156.3900146484375,82.673
2008-09-18,892.7000122070312,1152.4,97.5,91.4706,33.1,179.25,1206.510009765625,82.673
2008-09-19,860.5999755859375,1139.5,104.05,91.0014,32.07,188.3099975585937,1255.0799560546875,82.673
2008-09-20,,,,91.0014,,,,82.673
2008-09-21,,,,91.0014,,,,82.673
2008-09-22,903.9000244140624,1127.3,122.61,91.0014,33.85,189.16000366210932,1207.0899658203125,82.673
2008-09-23,885.5,1146.5,107.85,91.0014,35.72,191.5800018310547,1188.219970703125,82.673
2008-09-24,889.0,1153.5,106.84,91.0014,35.19,193.17999267578125,1185.8699951171875,82.673
2008-09-25,877.7000122070312,1148.8,111.54,91.0014,32.82,193.8699951171875,1209.1800537109375,82.673
2008-09-26,882.9000244140625,1160.1,106.77,90.6872,34.74,190.6000061035156,1213.27001953125,82.673
2008-09-27,,,,90.6872,,,,82.673
2008-09-28,,,,90.6872,,,,82.673
2008-09-29,888.2000122070312,1185.75,96.29,90.6872,46.72,188.1000061035156,1106.4200439453125,82.673
2008-09-30,874.2000122070312,1206.3,100.7,90.6872,39.39,186.6199951171875,1166.3599853515625,82.673
2008-10-01,880.7000122070312,1194.85,98.23,90.6872,39.81,185.5200042724609,1161.06005859375,82.598
2008-10-02,839.0,1222.9,93.84,90.6872,45.26,182.6999969482422,1114.280029296875,82.598
2008-10-03,828.9000244140625,1220.9,93.91,93.5414,45.14,,1099.22998046875,82.598
2008-10-04,,,,93.5414,,,,82.598
2008-10-05,,,,93.5414,,,,82.598
2008-10-06,862.7000122070312,1267.4,88.15,93.5414,52.05,175.02999877929688,1056.8900146484375,82.598
2008-10-07,878.4000244140625,1328.4,90.18,93.5414,53.68,176.4600067138672,996.22998046875,82.598
2008-10-08,903.0999755859376,1415.25,88.94,93.5414,57.53,167.16000366210938,984.9400024414062,82.598
2008-10-09,883.0999755859375,1381.4,86.5,93.5414,63.92,168.86000061035156,909.9199829101562,82.598
2008-10-10,855.4000244140625,1306.4,77.44,97.999,69.95,162.0500030517578,899.219970703125,82.598
2008-10-11,,,,97.999,,,,82.598
2008-10-12,,,,97.999,,,,82.598
2008-10-13,838.9000244140625,,81.17,97.999,54.99,167.91000366210938,1003.3499755859376,82.598
2008-10-14,836.2999877929688,1207.25,78.69,97.999,55.13,178.14999389648438,998.010009765625,82.598
2008-10-15,835.5,1237.5,74.38,97.999,69.25,174.27999877929688,907.8400268554688,82.598
2008-10-16,801.5,1369.5,69.81,97.999,67.61,157.6300048828125,946.4299926757812,82.598
2008-10-17,785.0999755859375,1333.3,71.9,97.7255,70.33,153.05999755859375,940.5499877929688,82.598
2008-10-18,,,,97.7255,,,,82.598
2008-10-19,,,,97.7255,,,,82.598
2008-10-20,787.5999755859375,1315.0,74.08,97.7255,52.97,157.50999450683594,985.4000244140624,82.598
2008-10-21,766.0999755859375,1320.1,71.29,97.7255,53.11,155.8000030517578,955.0499877929688,82.598
2008-10-22,733.2999877929688,1418.5,66.92,97.7255,69.65,148.1300048828125,896.780029296875,82.598
2008-10-23,713.2999877929688,1408.7,67.17,97.7255,67.8,137.47000122070312,908.1099853515624,82.598
2008-10-24,729.0999755859375,1430.8,63.34,101.8442,79.13,123.2699966430664,876.77001953125,82.598
2008-10-25,,,,101.8442,,,,82.598
2008-10-26,,,,101.8442,,,,82.598
2008-10-27,741.7000122070312,1441.7,61.92,101.8442,80.06,125.93000030517578,848.9199829101562,82.598
2008-10-28,739.2999877929688,1467.7,62.8,101.8442,66.96,132.4199981689453,940.510009765625,82.598
2008-10-29,752.7999877929688,1426.9,67.45,101.8442,69.96,128.67999267578125,930.0900268554688,82.598
2008-10-30,737.2000122070312,1250.18,65.79,101.8442,62.9,144.4199981689453,954.0900268554688,82.598
2008-10-31,716.7999877929688,1277.5,68.1,99.7662,59.89,147.5,968.75,82.598
2008-11-01,,,,99.7662,,,,82.375
2008-11-02,,,,99.7662,,,,82.375
2008-11-03,725.4000244140625,1262.0,63.93,99.7662,53.68,148.80999755859375,966.2999877929688,82.375
2008-11-04,756.0,1287.9,70.41,99.7662,47.73,151.6300048828125,1005.75,82.375
2008-11-05,741.2999877929688,1266.3,65.41,99.7662,54.56,154.92999267578125,952.77001953125,82.375
2008-11-06,731.2000122070312,1330.8,60.72,99.7662,63.68,143.3699951171875,904.8800048828124,82.375
2008-11-07,733.2000122070312,1310.0,61.06,99.3944,56.1,148.44000244140625,930.989990234375,82.375
2008-11-08,,,,99.3944,,,,82.375
2008-11-09,,,,99.3944,,,,82.375
2008-11-10,745.5999755859375,1326.18,62.19,99.3944,59.98,150.83999633789062,919.2100219726562,82.375
2008-11-11,732.0,,59.38,99.3944,61.44,147.6699981689453,898.9500122070312,82.375
2008-11-12,717.7000122070312,1354.5,55.95,99.3944,66.46,147.27000427246094,852.2999877929688,82.375
2008-11-13,704.9000244140625,1392.5,58.31,99.3944,59.83,142.6999969482422,911.2899780273438,82.375
2008-11-14,742.4000244140625,1399.3,57.18,100.9705,66.31,142.25999450683594,873.2899780273438,82.375
2008-11-15,,,,100.9705,,,,82.375
2008-11-16,,,,100.9705,,,,82.375
2008-11-17,741.9000244140625,1410.0,55.14,100.9705,69.15,140.57000732421875,850.75,82.375
2008-11-18,732.5999755859375,1447.4,54.42,100.9705,67.64,134.8800048828125,859.1199951171875,82.375
2008-11-19,735.9000244140625,1445.9,53.64,100.9705,74.26,132.3300018310547,806.5800170898438,82.375
2008-11-20,748.5999755859375,1496.0,48.86,100.9705,80.86,123.54000091552734,752.4400024414062,82.375
2008-11-21,791.7000122070312,1493.3,49.22,103.6289,72.67,130.75999450683594,800.030029296875,82.375
2008-11-22,,,,103.6289,,,,82.375
2008-11-23,,,,103.6289,,,,82.375
2008-11-24,819.4000244140625,1507.9,53.63,103.6289,64.7,126.0199966430664,851.8099975585938,82.375
2008-11-25,818.4000244140625,1501.4,50.02,103.6289,60.9,128.00999450683594,857.3900146484375,82.375
2008-11-26,808.5,1477.3,54.2,103.6289,54.92,134.5,887.6799926757812,82.375
2008-11-27,,,,103.6289,,139.1699981689453,,82.375
2008-11-28,816.2000122070312,1468.0,55.21,101.6468,55.84,140.66000366210938,896.239990234375,82.375
2008-11-29,,,,101.6468,,,,82.375
2008-11-30,,,,101.6468,,,,82.375
2008-12-01,774.5999755859375,1439.4,49.34,101.6468,68.51,138.3300018310547,816.2100219726562,82.375
2008-12-02,781.2999877929688,1463.5,47.05,101.6468,62.98,133.6999969482422,848.8099975585938,82.375
2008-12-03,768.7999877929688,1467.8,46.79,101.6468,60.72,133.6199951171875,870.739990234375,82.375
2008-12-04,763.7999877929688,1479.0,43.8,101.6468,63.64,131.42999267578125,845.219970703125,82.375
2008-12-05,750.5,1475.6,41.01,103.4902,59.93,134.3300018310547,876.0700073242188,82.375
2008-12-06,,,,103.4902,,,,82.375
2008-12-07,,,,103.4902,,,,82.375
2008-12-08,767.4000244140625,1445.0,43.69,103.4902,58.49,144.88999938964844,909.7000122070312,82.375
2008-12-09,772.4000244140625,1439.0,42.0,103.4902,58.91,145.1999969482422,888.6699829101562,82.375
2008-12-10,807.0999755859375,1393.0,43.1,103.4902,55.73,150.72999572753906,899.239990234375,82.375
2008-12-11,824.9000244140625,1354.5,47.77,103.4902,55.78,151.92999267578125,873.5900268554688,82.375
2008-12-12,818.9000244140625,1369.0,46.27,100.319,54.28,144.3800048828125,879.72998046875,82.375
2008-12-13,,,,100.319,,,,82.375
2008-12-14,,,,100.319,,,,82.375
2008-12-15,835.4000244140625,1360.9,44.61,100.319,56.76,151.42999267578125,868.5700073242188,82.375
2008-12-16,841.7000122070312,1347.4,43.84,100.319,52.37,151.35000610351562,913.1799926757812,82.375
2008-12-17,867.5,1324.0,40.17,100.319,49.84,152.6199951171875,904.4199829101562,82.375
2008-12-18,859.5999755859375,1285.0,36.73,100.319,47.34,153.24000549316406,885.280029296875,82.375
2008-12-19,836.4000244140625,1287.9,33.17,98.1278,44.93,154.10000610351562,887.8800048828125,82.375
2008-12-20,,,,98.1278,,,,82.375
2008-12-21,,,,98.1278,,,,82.375
2008-12-22,846.2000122070312,1308.0,31.1,98.1278,44.56,153.97999572753906,871.6300048828125,82.375
2008-12-23,837.2000122070312,1331.0,30.28,98.1278,45.02,148.92999267578125,863.1599731445312,82.375
2008-12-24,847.0999755859375,1304.3,32.94,98.1278,44.21,147.02000427246094,868.1500244140625,82.375
2008-12-25,,,,98.1278,,,,82.375
2008-12-26,870.4000244140625,1298.9,37.58,98.2594,43.38,145.80999755859375,872.7999877929688,82.375
2008-12-27,,,,98.2594,,,,82.375
2008-12-28,,,,98.2594,,,,82.375
2008-12-29,874.5999755859375,1262.0,39.89,98.2594,43.9,145.72000122070312,869.4199829101562,82.375
2008-12-30,869.2999877929688,1257.4,38.95,98.2594,41.63,146.35000610351562,890.6400146484375,82.375
2008-12-31,883.5999755859375,1262.0,44.6,98.2594,40.0,,903.25,82.375
2009-01-01,,,,98.2594,,,,82.45
2009-01-02,878.7999877929688,1318.3,46.17,98.6008,39.19,151.14999389648438,931.7999877929688,82.45
2009-01-03,,,,98.6008,,,,82.45
2009-01-04,,,,98.6008,,,,82.45
2009-01-05,857.2000122070312,1313.5,48.61,98.6008,39.08,153.8300018310547,927.4500122070312,82.45
2009-01-06,865.4000244140625,1307.0,48.56,98.6008,38.56,156.7899932861328,934.7000122070312,82.45
2009-01-07,841.0999755859375,1292.3,42.75,98.6008,43.39,161.36000061035156,906.6500244140624,82.45
2009-01-08,853.9000244140625,1328.25,41.68,98.6008,42.56,157.75999450683594,909.72998046875,82.45
2009-01-09,854.2999877929688,1347.5,40.69,98.8752,42.82,154.1699981689453,890.3499755859375,82.45
2009-01-10,,,,98.8752,,,,82.45
2009-01-11,,,,98.8752,,,,82.45
2009-01-12,820.2999877929688,1349.0,37.65,98.8752,45.84,151.00999450683594,870.260009765625,82.45
2009-01-13,820.0999755859375,1353.0,37.77,98.8752,43.27,152.4499969482422,871.7899780273438,82.45
2009-01-14,808.2000122070312,1353.0,37.43,98.8752,49.14,154.5,842.6199951171875,82.45
2009-01-15,806.7000122070312,1391.5,35.41,98.8752,51.0,145.0500030517578,843.739990234375,82.45
2009-01-16,839.2999877929688,1351.5,35.38,100.711,46.11,148.02999877929688,850.1199951171875,82.45
2009-01-17,,,,100.711,,,,82.45
2009-01-18,,,,100.711,,,,82.45
2009-01-19,,,,100.711,,150.02000427246094,,82.45
2009-01-20,854.5999755859375,1351.5,38.57,100.711,56.65,146.5500030517578,805.219970703125,82.45
2009-01-21,849.5999755859375,1368.0,42.56,100.711,46.42,143.2899932861328,840.239990234375,82.45
2009-01-22,858.2000122070312,1374.0,42.33,100.711,47.29,145.11000061035156,827.5,82.45
2009-01-23,895.2999877929688,1390.8,45.12,102.1096,47.27,141.75,831.9500122070312,82.45
2009-01-24,,,,102.1096,,,,82.45
2009-01-25,,,,102.1096,,,,82.45
2009-01-26,908.5,1390.8,46.5,102.1096,45.69,,836.5700073242188,82.45
2009-01-27,899.2000122070312,1390.0,41.67,102.1096,42.25,,845.7100219726562,82.45
2009-01-28,888.0999755859375,1369.0,42.04,102.1096,39.66,151.0399932861328,874.0900268554688,82.45
2009-01-29,905.0999755859376,1369.0,41.58,102.1096,42.63,152.2899932861328,845.1400146484375,82.45
2009-01-30,927.2999877929688,1380.0,41.73,102.1169,44.84,151.3300018310547,825.8800048828125,82.45
2009-01-31,,,,102.1169,,,,82.45
2009-02-01,,,,102.1169,,,,83.045
2009-02-02,906.7000122070312,1390.0,41.35,102.1169,45.52,149.0,825.4400024414062,83.045
2009-02-03,892.0,1394.5,40.87,102.1169,43.06,151.4199981689453,838.510009765625,83.045
2009-02-04,901.5999755859376,1378.4,40.27,102.1169,43.85,155.99000549316406,832.22998046875,83.045
2009-02-05,913.5999755859376,1384.2,41.15,102.1169,43.73,154.0,845.8499755859375,83.045
2009-02-06,913.9000244140624,1368.7,40.24,101.7455,43.37,158.89999389648438,868.5999755859375,83.045
2009-02-07,,,,101.7455,,,,83.045
2009-02-08,,,,101.7455,,,,83.045
2009-02-09,892.4000244140625,1374.0,39.58,101.7455,43.64,157.6999969482422,869.8900146484375,83.045
2009-02-10,913.7000122070312,1388.0,37.54,101.7455,46.67,156.83999633789062,827.1599731445312,83.045
2009-02-11,943.7999877929688,1390.0,35.93,101.7455,44.53,155.25999450683594,833.739990234375,83.045
2009-02-12,948.5,1394.0,34.03,101.7455,41.25,153.66000366210938,835.1900024414062,83.045
2009-02-13,941.5,1403.5,37.63,102.2958,42.93,155.19000244140625,826.8400268554688,83.045
2009-02-14,,,,102.2958,,,,83.045
2009-02-15,,,,102.2958,,,,83.045
2009-02-16,,,,102.2958,,152.66000366210938,,83.045
2009-02-17,967.0,1454.8,34.96,102.2958,48.66,146.60000610351562,789.1699829101562,83.045
2009-02-18,977.7000122070312,1459.0,34.67,102.2958,48.46,144.2100067138672,788.4199829101562,83.045
2009-02-19,976.0999755859376,1480.7,39.6,102.2958,47.08,143.60000610351562,778.9400024414062,83.045
2009-02-20,1001.7999877929688,1519.5,39.35,104.0244,49.3,138.30999755859375,770.0499877929688,83.045
2009-02-21,,,,104.0244,,,,83.045
2009-02-22,,,,104.0244,,,,83.045
2009-02-23,994.5999755859376,1495.5,37.66,104.0244,52.62,142.77999877929688,743.3300170898438,83.045
2009-02-24,969.0999755859376,1516.0,38.86,104.0244,45.49,137.82000732421875,773.1400146484375,83.045
2009-02-25,965.7000122070312,1515.7,41.64,104.0244,44.67,138.64999389648438,764.9000244140625,83.045
2009-02-26,941.7999877929688,1512.8,43.18,104.0244,44.66,136.97999572753906,752.8300170898438,83.045
2009-02-27,941.5,1532.8,44.15,104.9284,46.35,138.07000732421875,735.0900268554688,83.045
2009-02-28,,,,104.9284,,,,83.045
2009-03-01,,,,104.9284,,,,83.64
2009-03-02,939.0,1570.1,40.07,104.9284,52.65,132.47000122070312,700.8200073242188,83.64
2009-03-03,912.9000244140624,1551.2,41.57,104.9284,50.93,133.77999877929688,696.3300170898438,83.64
2009-03-04,906.0,1550.95,45.28,104.9284,47.56,138.2100067138672,712.8699951171875,83.64
2009-03-05,927.0,1567.1,43.54,104.9284,50.17,138.25,682.5499877929688,83.64
2009-03-06,942.0999755859376,1549.6,45.43,105.3937,49.33,137.8300018310547,683.3800048828125,83.64
2009-03-07,,,,105.3937,,,,83.64
2009-03-08,,,,105.3937,,,,83.64
2009-03-09,917.7000122070312,1541.0,47.01,105.3937,49.68,140.0,676.530029296875,83.64
2009-03-10,895.5999755859375,1501.0,45.68,105.3937,44.37,142.72999572753906,719.5999755859375,83.64
2009-03-11,910.4000244140624,1466.0,42.46,105.3937,43.61,147.60000610351562,721.3599853515625,83.64
2009-03-12,923.7000122070312,1494.75,46.91,105.3937,41.18,148.02000427246094,750.739990234375,83.64
2009-03-13,929.7999877929688,1481.2,46.22,104.1106,42.36,147.2899932861328,756.5499877929688,83.64
2009-03-14,,,,104.1106,,,,83.64
2009-03-15,,,,104.1106,,,,83.64
2009-03-16,921.5999755859376,1435.0,47.33,104.1106,43.74,147.0,753.8900146484375,83.64
2009-03-17,916.4000244140624,1415.75,48.97,104.1106,40.8,152.1699981689453,778.1199951171875,83.64
2009-03-18,888.7000122070312,1409.0,48.12,104.1106,40.06,152.88999938964844,794.3499755859375,83.64
2009-03-19,958.2999877929688,1388.5,51.46,104.1106,43.68,151.50999450683594,784.0399780273438,83.64
2009-03-20,955.7999877929688,1396.5,51.55,101.0581,45.89,152.5800018310547,768.5399780273438,83.64
2009-03-21,,,,101.0581,,,,83.64
2009-03-22,,,,101.0581,,,,83.64
2009-03-23,952.0999755859376,1382.9,53.05,101.0581,43.23,156.4199981689453,822.9199829101562,83.64
2009-03-24,923.2999877929688,1378.9,53.36,101.0581,42.93,159.55999755859375,806.1199951171875,83.64
2009-03-25,935.4000244140624,1362.2,52.24,101.0581,42.25,160.27999877929688,813.8800048828125,83.64
2009-03-26,939.5999755859376,1334.8,53.87,101.0581,40.36,162.22000122070312,832.8599853515625,83.64
2009-03-27,923.0,1350.9,52.41,101.8388,41.04,161.66000366210938,815.9400024414062,83.64
2009-03-28,,,,101.8388,,,,83.64
2009-03-29,,,,101.8388,,,,83.64
2009-03-30,915.5,1391.9,48.49,101.8388,45.54,156.22999572753906,787.530029296875,83.64
2009-03-31,922.5999755859376,1372.3,49.64,101.8388,44.14,157.00999450683594,797.8699951171875,83.64
2009-04-01,926.0999755859376,1378.25,48.46,101.8388,42.28,160.4600067138672,811.0800170898438,83.862
2009-04-02,907.4000244140624,1329.5,52.61,101.8388,42.04,166.17999267578125,834.3800048828125,83.862
2009-04-03,895.5999755859375,1335.5,52.52,100.6429,39.7,167.11000061035156,842.5,83.862
2009-04-04,,,,100.6429,,,,83.862
2009-04-05,,,,100.6429,,,,83.862
2009-04-06,871.5,1304.5,51.1,100.6429,40.93,168.6199951171875,835.47998046875,83.862
2009-04-07,882.2000122070312,1317.5,49.13,100.6429,40.39,168.33999633789062,815.5499877929688,83.862
2009-04-08,884.7999877929688,1349.5,49.37,100.6429,38.85,162.67999267578125,825.1599731445312,83.862
2009-04-09,882.2000122070312,1316.0,52.24,100.6429,36.53,169.47999572753906,856.5599975585938,83.862
2009-04-10,,1328.0,,100.7597,,,,83.862
2009-04-11,,,,100.7597,,,,83.862
2009-04-12,,,,100.7597,,,,83.862
2009-04-13,894.7000122070312,1328.9,50.22,100.7597,37.81,171.69000244140625,858.72998046875,83.862
2009-04-14,890.9000244140625,1319.5,49.51,100.7597,37.67,172.02999877929688,841.5,83.862
2009-04-15,892.7999877929688,1333.0,49.26,100.7597,36.17,171.2100067138672,852.0599975585938,83.862
2009-04-16,879.2999877929688,1331.0,49.97,100.7597,35.79,171.72999572753906,865.2999877929688,83.862
2009-04-17,867.4000244140625,1327.0,50.36,100.5719,33.94,171.3300018310547,869.5999755859375,83.862
2009-04-18,,,,100.5719,,,,83.862
2009-04-19,,,,100.5719,,,,83.862
2009-04-20,887.0,1330.0,45.82,100.5719,39.18,172.3000030517578,832.3900146484375,83.862
2009-04-21,882.0999755859375,1349.0,46.65,100.5719,37.14,171.9600067138672,850.0800170898438,83.862
2009-04-22,891.7999877929688,1345.5,47.41,100.5719,38.1,174.39999389648438,843.5499877929688,83.862
2009-04-23,905.9000244140624,1343.0,48.46,100.5719,37.15,176.13999938964844,851.9199829101562,83.862
2009-04-24,913.5999755859376,1338.2,50.65,100.0244,36.82,174.1300048828125,866.22998046875,83.862
2009-04-25,,,,100.0244,,,,83.862
2009-04-26,,,,100.0244,,,,83.862
2009-04-27,907.4000244140624,1338.4,49.29,100.0244,38.32,172.1300048828125,857.510009765625,83.862
2009-04-28,892.7999877929688,1351.8,49.01,100.0244,37.95,167.24000549316406,855.1599731445312,83.862
2009-04-29,899.7999877929688,1335.7,50.19,100.0244,36.08,172.0800018310547,873.6400146484375,83.862
2009-04-30,890.7000122070312,1277.0,50.35,100.0244,36.5,176.0,872.8099975585938,83.862
2009-05-01,887.5999755859375,1277.0,52.18,100.0057,35.3,,877.52001953125,83.862
2009-05-02,,,,100.0057,,,,83.862
2009-05-03,,,,100.0057,,,,83.862
2009-05-04,901.5999755859376,1267.5,54.45,100.0057,34.53,179.69000244140625,907.239990234375,83.862
2009-05-05,903.7000122070312,1267.5,53.81,100.0057,33.36,,903.7999877929688,83.862
2009-05-06,910.5,1272.0,56.29,100.0057,32.45,178.82000732421875,919.530029296875,83.862
2009-05-07,915.0,1257.3,56.67,100.0057,33.44,179.74000549316406,907.3900146484376,83.862
2009-05-08,914.4000244140624,1242.25,58.58,98.1269,32.05,181.0399932861328,929.22998046875,83.862
2009-05-09,,,,98.1269,,,,83.862
2009-05-10,,,,98.1269,,,,83.862
2009-05-11,913.0,1232.9,57.79,98.1269,32.87,181.3500061035156,909.239990234375,83.862
2009-05-12,923.5,1238.0,58.81,98.1269,31.8,179.72999572753906,908.3499755859376,83.862
2009-05-13,925.5,1239.0,58.0,98.1269,33.65,181.13999938964844,883.9199829101562,83.862
2009-05-14,928.0,1264.0,58.58,98.1269,31.37,,893.0700073242188,83.862
2009-05-15,930.9000244140624,1252.0,56.52,98.1063,33.12,177.8000030517578,882.8800048828125,83.862
2009-05-16,,,,98.1063,,,,83.862
2009-05-17,,,,98.1063,,,,83.862
2009-05-18,921.2999877929688,1260.5,58.99,98.1063,30.24,177.25999450683594,909.7100219726562,83.862
2009-05-19,926.2999877929688,1244.5,59.52,98.1063,28.8,182.759994506836,908.1300048828124,83.862
2009-05-20,937.0,1246.0,61.45,98.1063,29.03,183.8000030517578,903.469970703125,83.862
2009-05-21,950.7999877929688,1245.0,60.49,98.1063,31.35,181.82000732421875,888.3300170898438,83.862
2009-05-22,958.5,1242.0,61.15,95.8788,32.63,179.00999450683594,887.0,83.862
2009-05-23,,,,95.8788,,,,83.862
2009-05-24,,,,95.8788,,,,83.862
2009-05-25,,,,95.8788,,178.57000732421875,,83.862
2009-05-26,953.0999755859376,1264.25,62.48,95.8788,30.62,174.77000427246094,910.3300170898438,83.862
2009-05-27,953.2000122070312,1264.4,63.41,95.8788,32.36,173.75,893.0599975585938,83.862
2009-05-28,961.5,1261.8,65.09,95.8788,31.67,178.19000244140625,906.8300170898438,83.862
2009-05-29,978.7999877929688,1249.0,66.31,95.268,28.92,178.6999969482422,919.1400146484376,83.862
2009-05-30,,,,95.268,,,,83.862
2009-05-31,,,,95.268,,,,83.862
2009-06-01,978.5999755859376,1232.7,68.59,95.268,30.04,180.8999938964844,942.8699951171876,83.788
2009-06-02,983.2000122070312,1234.2,68.58,95.268,29.63,180.47000122070312,944.739990234375,83.788
2009-06-03,964.5,1232.1,66.14,95.268,31.02,180.3099975585937,931.760009765625,83.788
2009-06-04,981.2000122070312,1246.25,68.8,95.268,30.18,175.75,942.4600219726562,83.788
2009-06-05,961.7000122070312,1247.5,68.43,96.0412,29.62,177.77000427246094,940.0900268554688,83.788
2009-06-06,,,,96.0412,,,,83.788
2009-06-07,,,,96.0412,,,,83.788
2009-06-08,951.7000122070312,1247.4,68.05,96.0412,29.77,177.6699981689453,939.1400146484376,83.788
2009-06-09,954.0,1258.5,70.02,96.0412,28.27,174.91000366210938,942.4299926757812,83.788
2009-06-10,954.0,1253.5,71.38,96.0412,28.46,180.91000366210932,939.1500244140624,83.788
2009-06-11,961.2999877929688,1248.7,72.69,96.0412,28.11,181.42999267578125,944.8900146484376,83.788
2009-06-12,940.0999755859376,1246.0,72.13,95.836,28.15,182.69000244140625,946.2100219726562,83.788
2009-06-13,,,,95.836,,,,83.788
2009-06-14,,,,95.836,,,,83.788
2009-06-15,926.9000244140624,1257.0,70.54,95.836,30.81,180.66000366210932,923.719970703125,83.788
2009-06-16,931.5999755859376,1255.7,70.47,95.836,32.68,178.8800048828125,911.969970703125,83.788
2009-06-17,935.4000244140624,1269.0,71.07,95.836,31.54,177.8000030517578,910.7100219726562,83.788
2009-06-18,934.0,1263.5,71.42,95.836,30.03,175.5399932861328,918.3699951171876,83.788
2009-06-19,935.5999755859376,1264.2,69.6,96.0325,27.99,176.6300048828125,921.22998046875,83.788
2009-06-20,,,,96.0325,,,,83.788
2009-06-21,,,,96.0325,,,,83.788
2009-06-22,920.5999755859376,1278.6,67.09,96.0325,31.17,179.02000427246094,893.0399780273438,83.788
2009-06-23,923.9000244140624,1281.7,68.81,96.0325,30.58,174.32000732421875,895.0999755859375,83.788
2009-06-24,934.0999755859376,1273.0,68.14,96.0325,29.05,175.0800018310547,900.9400024414062,83.788
2009-06-25,939.0999755859376,1285.1,69.7,96.0325,26.36,178.86000061035156,920.260009765625,83.788
2009-06-26,940.7000122070312,1278.3,69.16,96.1935,25.93,179.27999877929688,918.9000244140624,83.788
2009-06-27,,,,96.1935,,,,83.788
2009-06-28,,,,96.1935,,,,83.788
2009-06-29,940.4000244140624,1278.0,71.47,96.1935,25.35,178.80999755859375,927.22998046875,83.788
2009-06-30,927.0999755859376,1273.5,69.82,96.1935,26.35,178.99000549316406,919.3200073242188,83.788
2009-07-01,941.0,1256.9,69.32,96.1935,26.22,181.9499969482422,923.3300170898438,84.086
2009-07-02,930.7000122070312,1270.7,66.68,96.1935,27.95,181.8500061035156,896.4199829101562,84.086
2009-07-03,,1265.7,,96.3216,,182.9199981689453,,84.086
2009-07-04,,,,96.3216,,,,84.086
2009-07-05,,,,96.3216,,,,84.086
2009-07-06,924.0,1267.0,64.06,96.3216,29.0,184.5,898.719970703125,84.086
2009-07-07,928.7999877929688,1268.7,62.88,96.3216,30.85,185.1100006103516,881.030029296875,84.086
2009-07-08,909.0,1277.5,60.15,96.3216,31.3,184.72999572753903,879.5599975585938,84.086
2009-07-09,915.9000244140624,1277.7,60.36,96.3216,29.78,184.72000122070312,882.6799926757812,84.086
2009-07-10,912.2000122070312,1288.4,59.93,97.0819,29.02,184.5599975585937,879.1300048828125,84.086
2009-07-11,,,,97.0819,,,,84.086
2009-07-12,,,,97.0819,,,,84.086
2009-07-13,922.2000122070312,1309.0,59.69,97.0819,26.31,178.14999389648438,901.0499877929688,84.086
2009-07-14,922.5,1294.2,59.62,97.0819,25.02,179.42999267578125,905.8400268554688,84.086
2009-07-15,939.0999755859376,1270.6,61.49,97.0819,25.89,184.259994506836,932.6799926757812,84.086
2009-07-16,935.0999755859376,1266.0,62.07,97.0819,25.42,186.22000122070312,940.739990234375,84.086
2009-07-17,937.2000122070312,1254.5,63.56,95.6036,24.34,187.16000366210932,940.3800048828124,84.086
2009-07-18,,,,95.6036,,,,84.086
2009-07-19,,,,95.6036,,,,84.086
2009-07-20,948.5,1244.0,63.93,95.6036,24.4,192.25,951.1300048828124,84.086
2009-07-21,946.5999755859376,1245.5,64.81,95.6036,23.87,193.6199951171875,954.5800170898438,84.086
2009-07-22,953.0,1251.1,64.58,95.6036,23.47,194.2899932861328,954.0700073242188,84.086
2009-07-23,954.5,1244.8,66.1,95.6036,23.43,194.3999938964844,976.2899780273438,84.086
2009-07-24,952.7999877929688,1245.0,66.96,94.7046,23.09,195.1300048828125,979.260009765625,84.086
2009-07-25,,,,94.7046,,,,84.086
2009-07-26,,,,94.7046,,,,84.086
2009-07-27,953.2999877929688,1242.4,68.34,94.7046,24.28,198.07000732421875,982.1799926757812,84.086
2009-07-28,939.0,1236.3,67.24,94.7046,25.01,198.5200042724609,979.6199951171876,84.086
2009-07-29,927.2000122070312,1243.8,63.42,94.7046,25.61,198.2400054931641,975.1500244140624,84.086
2009-07-30,934.9000244140624,1230.5,66.9,94.7046,25.4,199.8800048828125,986.75,84.086
2009-07-31,953.7000122070312,1222.2,69.26,94.2526,25.92,202.9600067138672,987.47998046875,84.086
2009-08-01,,,,94.2526,,,,84.384
2009-08-02,,,,94.2526,,,,84.384
2009-08-03,956.5999755859376,1214.0,71.59,94.2526,25.56,203.8099975585937,1002.6300048828124,84.384
2009-08-04,967.5,1219.9,71.4,94.2526,24.89,204.1000061035156,1005.6500244140624,84.384
2009-08-05,964.2000122070312,1225.5,71.97,94.2526,24.9,203.19000244140625,1002.719970703125,84.384
2009-08-06,960.7000122070312,1225.0,71.96,94.2526,25.67,203.7400054931641,997.0800170898438,84.384
2009-08-07,957.2999877929688,1224.0,70.97,94.4692,24.76,204.9499969482422,1010.47998046875,84.384
2009-08-08,,,,94.4692,,,,84.384
2009-08-09,,,,94.4692,,,,84.384
2009-08-10,945.0,1227.6,70.59,94.4692,24.99,204.7700042724609,1007.0999755859376,84.384
2009-08-11,945.7999877929688,1242.7,69.46,94.4692,25.99,204.9600067138672,994.3499755859376,84.384
2009-08-12,950.7000122070312,1242.0,70.08,94.4692,25.45,202.6699981689453,1005.8099975585938,84.384
2009-08-13,954.7000122070312,1237.2,70.57,94.4692,24.71,202.4600067138672,1012.72998046875,84.384
2009-08-14,947.0,1239.5,67.51,94.475,24.27,206.4600067138672,1004.0900268554688,84.384
2009-08-15,,,,94.475,,,,84.384
2009-08-16,,,,94.475,,,,84.384
2009-08-17,934.2999877929688,1258.5,66.72,94.475,27.89,200.5200042724609,979.72998046875,84.384
2009-08-18,937.7000122070312,1246.4,69.22,94.475,26.18,201.3300018310547,989.6699829101562,84.384
2009-08-19,943.2999877929688,1251.4,72.54,94.475,26.26,201.0800018310547,996.4600219726562,84.384
2009-08-20,940.2999877929688,1245.5,72.4,94.475,25.09,205.22000122070312,1007.3699951171876,84.384
2009-08-21,953.2000122070312,1242.5,73.12,94.0103,25.01,206.259994506836,1026.1300048828125,84.384
2009-08-22,,,,94.0103,,,,84.384
2009-08-23,,,,94.0103,,,,84.384
2009-08-24,942.2999877929688,1240.5,73.68,94.0103,25.14,210.6000061035156,1025.5699462890625,84.384
2009-08-25,944.5,1247.8,71.6,94.0103,24.92,209.1199951171875,1028.0,84.384
2009-08-26,944.2999877929688,1248.8,71.38,94.0103,24.95,210.6199951171875,1028.1199951171875,84.384
2009-08-27,945.5,1247.3,72.49,94.0103,24.68,208.6199951171875,1030.97998046875,84.384
2009-08-28,957.0,1244.8,72.72,94.4489,24.76,209.7400054931641,1028.9300537109375,84.384
2009-08-29,,,,94.4489,,,,84.384
2009-08-30,,,,94.4489,,,,84.384
2009-08-31,951.7000122070312,1248.0,69.97,94.4489,26.01,207.44000244140625,1020.6199951171876,84.384
2009-09-01,954.7000122070312,1245.0,68.11,94.4489,29.15,211.88999938964844,998.0399780273438,84.459
2009-09-02,976.5999755859376,1246.2,68.03,94.4489,28.9,210.509994506836,994.75,84.459
2009-09-03,995.7999877929688,1244.0,67.9,94.4489,27.1,210.6000061035156,1003.239990234375,84.459
2009-09-04,994.9000244140624,1237.3,67.95,94.5811,25.26,209.8099975585937,1016.4000244140624,84.459
2009-09-05,,,,94.5811,,,,84.459
2009-09-06,,,,94.5811,,,,84.459
2009-09-07,,,,94.5811,,,,84.459
2009-09-08,997.9000244140624,1228.2,71.08,94.5811,25.62,211.3999938964844,1025.3900146484375,84.459
2009-09-09,995.2999877929688,1220.5,71.27,94.5811,24.32,210.08999633789065,1033.3699951171875,84.459
2009-09-10,995.4000244140624,1223.0,71.95,94.5811,23.55,214.9199981689453,1044.1400146484375,84.459
2009-09-11,1004.9000244140624,1221.0,69.34,93.3225,24.15,215.8099975585937,1042.72998046875,84.459
2009-09-12,,,,93.3225,,,,84.459
2009-09-13,,,,93.3225,,,,84.459
2009-09-14,999.9000244140624,1220.5,68.86,93.3225,23.86,213.4199981689453,1049.3399658203125,84.459
2009-09-15,1005.0,1217.4,70.81,93.3225,23.42,216.13999938964844,1052.6300048828125,84.459
2009-09-16,1018.9000244140624,1205.5,72.5,93.3225,23.69,220.52999877929688,1068.760009765625,84.459
2009-09-17,1012.2999877929688,1206.0,72.48,93.3225,23.65,222.3099975585937,1065.489990234375,84.459
2009-09-18,1009.2000122070312,1207.0,71.95,93.1233,23.92,222.33999633789065,1068.300048828125,84.459
2009-09-19,,,,93.1233,,,,84.459
2009-09-20,,,,93.1233,,,,84.459
2009-09-21,1003.7000122070312,1202.35,69.74,93.1233,24.06,221.8500061035156,1064.6600341796875,84.459
2009-09-22,1014.2000122070312,1201.75,71.5,93.1233,23.08,225.2700042724609,1071.6600341796875,84.459
2009-09-23,1013.0,1194.0,68.74,93.1233,23.49,224.69000244140625,1060.8699951171875,84.459
2009-09-24,997.5,1190.7,65.74,93.1233,24.95,222.3500061035156,1050.780029296875,84.459
2009-09-25,990.2000122070312,1184.25,65.91,93.5535,25.61,221.82000732421875,1044.3800048828125,84.459
2009-09-26,,,,93.5535,,,,84.459
2009-09-27,,,,93.5535,,,,84.459
2009-09-28,992.5,1192.0,66.69,93.5535,24.88,219.66000366210932,1062.97998046875,84.459
2009-09-29,993.0999755859376,1187.5,66.56,93.5535,25.19,221.58999633789065,1060.6099853515625,84.459
2009-09-30,1008.0,1175.0,70.46,93.5535,25.61,219.75,1057.0799560546875,84.459
2009-10-01,999.5,1173.35,70.67,93.5535,28.27,215.94000244140625,1029.8499755859375,84.235
2009-10-02,1003.2000122070312,1182.0,69.8,93.6756,28.68,,1025.2099609375,84.235
2009-10-03,,,,93.6756,,,,84.235
2009-10-04,,,,93.6756,,,,84.235
2009-10-05,1016.7000122070312,1165.25,70.26,93.6756,26.84,210.3800048828125,1040.4599609375,84.235
2009-10-06,1038.5999755859375,1166.0,70.71,93.6756,25.7,209.25,1054.719970703125,84.235
2009-10-07,1043.300048828125,1167.0,69.6,93.6756,24.68,208.94000244140625,1057.5799560546875,84.235
2009-10-08,1055.4000244140625,1166.25,71.69,93.6756,24.18,211.009994506836,1065.47998046875,84.235
2009-10-09,1047.800048828125,1164.3,71.75,92.2984,23.12,215.57000732421875,1071.489990234375,84.235
2009-10-10,,,,92.2984,,,,84.235
2009-10-11,,,,92.2984,,,,84.235
2009-10-12,1056.699951171875,,73.24,92.2984,23.01,214.22999572753903,1076.18994140625,84.235
2009-10-13,1064.199951171875,1166.0,74.1,92.2984,22.99,213.1000061035156,1073.18994140625,84.235
2009-10-14,1063.9000244140625,1157.5,75.2,92.2984,22.86,215.8999938964844,1092.02001953125,84.235
2009-10-15,1049.800048828125,1158.0,77.55,92.2984,21.72,217.47000122070312,1096.56005859375,84.235
2009-10-16,1050.699951171875,1155.0,78.54,91.6541,21.43,214.91000366210932,1087.6800537109375,84.235
2009-10-17,,,,91.6541,,,,84.235
2009-10-18,,,,91.6541,,,,84.235
2009-10-19,1057.300048828125,1166.0,79.47,91.6541,21.49,216.19000244140625,1097.9100341796875,84.235
2009-10-20,1057.800048828125,1182.0,78.87,91.6541,20.9,217.52999877929688,1091.06005859375,84.235
2009-10-21,1063.699951171875,1179.9,81.03,91.6541,22.22,216.63999938964844,1081.4000244140625,84.235
2009-10-22,1057.800048828125,1188.0,80.82,91.6541,20.69,213.25,1092.9100341796875,84.235
2009-10-23,1055.5999755859375,1189.0,80.11,91.7331,22.27,214.72999572753903,1079.5999755859375,84.235
2009-10-24,,,,91.7331,,,,84.235
2009-10-25,,,,91.7331,,,,84.235
2009-10-26,1042.0999755859375,1178.4,78.61,91.7331,24.31,217.4499969482422,1066.949951171875,84.235
2009-10-27,1034.699951171875,1190.0,79.45,91.7331,24.83,216.47000122070312,1063.4100341796875,84.235
2009-10-28,1029.9000244140625,1185.4,77.39,91.7331,27.91,211.02999877929688,1042.6300048828125,84.235
2009-10-29,1046.4000244140625,1187.2,79.84,91.7331,24.76,207.67999267578125,1066.1099853515625,84.235
2009-10-30,1039.699951171875,1182.0,77.04,92.6207,30.69,206.8099975585937,1036.18994140625,84.235
2009-10-31,,,,92.6207,,,,84.235
2009-11-01,,,,92.6207,,,,84.384
2009-11-02,1053.4000244140625,1181.0,78.08,92.6207,29.78,204.25,1042.8800048828125,84.384
2009-11-03,1084.300048828125,1188.1,79.58,92.6207,28.81,203.1300048828125,1045.4100341796875,84.384
2009-11-04,1086.699951171875,1172.7,80.3,92.6207,27.72,207.17999267578125,1046.5,84.384
2009-11-05,1088.699951171875,1174.8,79.64,92.6207,25.43,203.5200042724609,1066.6300048828125,84.384
2009-11-06,1095.0999755859375,1167.6,77.4,92.3848,24.19,206.52999877929688,1069.300048828125,84.384
2009-11-07,,,,92.3848,,,,84.384
2009-11-08,,,,92.3848,,,,84.384
2009-11-09,1100.800048828125,1154.6,79.44,92.3848,23.15,207.2899932861328,1093.0799560546875,84.384
2009-11-10,1101.9000244140625,1161.1,79.01,92.3848,22.84,208.22999572753903,1093.010009765625,84.384
2009-11-11,1114.0,,79.16,92.3848,23.04,210.0800018310547,1098.510009765625,84.384
2009-11-12,1106.0,1160.5,77.25,92.3848,24.24,206.6699981689453,1087.239990234375,84.384
2009-11-13,1116.0999755859375,1156.3,76.34,91.5754,23.36,206.83999633789065,1093.47998046875,84.384
2009-11-14,,,,91.5754,,,,84.384
2009-11-15,,,,91.5754,,,,84.384
2009-11-16,1138.5999755859375,1152.0,78.91,91.5754,22.89,209.8999938964844,1109.300048828125,84.384
2009-11-17,1138.800048828125,1155.0,79.08,91.5754,22.41,209.0,1110.3199462890625,84.384
2009-11-18,1140.699951171875,1153.5,79.55,91.5754,21.63,211.5599975585937,1109.800048828125,84.384
2009-11-19,1141.4000244140625,1161.5,77.47,91.5754,22.63,213.88999938964844,1094.9000244140625,84.384
2009-11-20,1146.4000244140625,1157.9,76.83,91.9906,22.19,213.759994506836,1091.3800048828125,84.384
2009-11-21,,,,91.9906,,,,84.384
2009-11-22,,,,91.9906,,,,84.384
2009-11-23,1164.300048828125,1152.0,76.49,91.9906,21.16,213.72000122070312,1106.239990234375,84.384
2009-11-24,1165.5,1154.5,74.88,91.9906,20.47,211.9199981689453,1105.6500244140625,84.384
2009-11-25,1186.9000244140625,1153.0,77.25,91.9906,20.48,212.6100006103516,1110.6300048828125,84.384
2009-11-26,,,,91.9906,,,,84.384
2009-11-27,1174.199951171875,1173.4,75.95,91.5272,24.85,200.72999572753903,1091.489990234375,84.384
2009-11-28,,,,91.5272,,,,84.384
2009-11-29,,,,91.5272,,,,84.384
2009-11-30,1181.0999755859375,1164.4,77.19,91.5272,24.51,204.75,1095.6300048828125,84.384
2009-12-01,1199.0999755859375,1154.0,78.39,91.5272,21.92,207.07000732421875,1108.8599853515625,84.682
2009-12-02,1212.0,1149.0,76.62,91.5272,21.12,210.25,1109.239990234375,84.682
2009-12-03,1217.4000244140625,1150.0,76.42,91.5272,22.46,213.3099975585937,1099.9200439453125,84.682
2009-12-04,1168.800048828125,1151.0,75.41,91.3806,21.25,214.5,1105.97998046875,84.682
2009-12-05,,,,91.3806,,,,84.682
2009-12-06,,,,91.3806,,,,84.682
2009-12-07,1163.4000244140625,1152.45,73.89,91.3806,22.1,215.5500030517578,1103.25,84.682
2009-12-08,1142.800048828125,1151.22,72.59,91.3806,23.69,214.91000366210932,1091.93994140625,84.682
2009-12-09,1120.4000244140625,1160.0,70.67,91.3806,22.66,215.75,1095.949951171875,84.682
2009-12-10,1125.699951171875,1165.0,70.54,91.3806,22.32,218.72999572753903,1102.3499755859375,84.682
2009-12-11,1119.4000244140625,1162.5,69.86,92.2946,21.59,218.7700042724609,1106.4100341796875,84.682
2009-12-12,,,,92.2946,,,,84.682
2009-12-13,,,,92.2946,,,,84.682
2009-12-14,1123.300048828125,1156.0,69.48,92.2946,21.15,219.509994506836,1114.1099853515625,84.682
2009-12-15,1122.4000244140625,1156.5,70.62,92.2946,21.49,219.6000061035156,1107.9300537109375,84.682
2009-12-16,1135.5,1160.3,72.64,92.2946,20.54,219.32000732421875,1109.1800537109375,84.682
2009-12-17,1106.800048828125,1172.9,72.58,92.2946,22.51,216.8999938964844,1096.0799560546875,84.682
2009-12-18,1110.800048828125,1171.2,73.3,93.1632,21.68,216.67999267578125,1102.469970703125,84.682
2009-12-19,,,,93.1632,,,,84.682
2009-12-20,,,,93.1632,,,,84.682
2009-12-21,1095.4000244140625,1185.4,72.71,93.1632,20.49,216.1999969482422,1114.050048828125,84.682
2009-12-22,1086.0,1179.0,73.48,93.1632,19.54,217.8699951171875,1118.02001953125,84.682
2009-12-23,1093.300048828125,1182.0,76.03,93.1632,19.71,218.9499969482422,1120.5899658203125,84.682
2009-12-24,1104.0999755859375,1173.07,76.83,93.1632,19.47,221.6699981689453,1126.47998046875,84.682
2009-12-25,,,,92.8694,,,,84.682
2009-12-26,,,,92.8694,,,,84.682
2009-12-27,,,,92.8694,,,,84.682
2009-12-28,1107.199951171875,1168.0,78.67,92.8694,19.93,222.02999877929688,1127.780029296875,84.682
2009-12-29,1097.0,1166.0,78.87,92.8694,20.01,220.33999633789065,1126.199951171875,84.682
2009-12-30,1091.5,1163.65,79.35,92.8694,19.96,221.8600006103516,1126.4200439453125,84.682
2009-12-31,1095.199951171875,1163.65,79.39,92.8694,21.68,,1115.0999755859375,84.682
2010-01-01,,,,92.9124,,,,85.351
2010-01-02,,,,92.9124,,,,85.351
2010-01-03,,,,92.9124,,,,85.351
2010-01-04,1117.699951171875,1149.0,81.52,92.9124,20.04,223.4900054931641,1132.989990234375,85.351
2010-01-05,1118.0999755859375,1138.2,81.74,92.9124,19.35,222.83999633789065,1136.52001953125,85.351
2010-01-06,1135.9000244140625,1130.0,83.12,92.9124,19.16,224.6699981689453,1137.1400146484375,85.351
2010-01-07,1133.0999755859375,1135.0,82.6,92.9124,19.06,221.3099975585937,1141.68994140625,85.351
2010-01-08,1138.199951171875,1127.75,82.74,92.1485,18.13,222.66000366210932,1144.97998046875,85.351
2010-01-09,,,,92.1485,,,,85.351
2010-01-10,,,,92.1485,,,,85.351
2010-01-11,1150.699951171875,1120.0,82.54,92.1485,17.55,222.22999572753903,1146.97998046875,85.351
2010-01-12,1128.9000244140625,1120.25,80.79,92.1485,18.25,223.0399932861328,1136.219970703125,85.351
2010-01-13,1136.4000244140625,1122.0,79.66,92.1485,17.85,219.1699981689453,1145.6800537109375,85.351
2010-01-14,1142.5999755859375,1122.5,79.35,92.1485,17.63,221.19000244140625,1148.4599609375,85.351
2010-01-15,1130.0999755859375,1123.0,77.96,91.7668,17.91,223.2100067138672,1136.030029296875,85.351
2010-01-16,,,,91.7668,,,,85.351
2010-01-17,,,,91.7668,,,,85.351
2010-01-18,,,,91.7668,,224.3800048828125,,85.351
2010-01-19,1139.699951171875,1129.3,78.98,91.7668,17.58,224.1300048828125,1150.22998046875,85.351
2010-01-20,1112.300048828125,1133.5,77.42,91.7668,18.68,224.8300018310547,1138.0400390625,85.351
2010-01-21,1102.699951171875,1141.0,75.84,91.7668,22.27,226.16000366210932,1116.47998046875,85.351
2010-01-22,1089.199951171875,1153.0,74.25,92.943,27.31,220.67999267578125,1091.760009765625,85.351
2010-01-23,,,,92.943,,,,85.351
2010-01-24,,,,92.943,,,,85.351
2010-01-25,1095.199951171875,1146.0,74.9,92.943,25.41,219.3300018310547,1096.780029296875,85.351
2010-01-26,1097.9000244140625,1163.1,74.67,92.943,24.55,214.88999938964844,1092.1700439453125,85.351
2010-01-27,1084.4000244140625,1162.0,73.64,92.943,23.14,213.0200042724609,1097.5,85.351
2010-01-28,1083.5999755859375,1151.4,73.62,92.943,23.73,215.6699981689453,1084.530029296875,85.351
2010-01-29,1083.0,1158.7,72.85,93.7638,24.62,210.33999633789065,1073.8699951171875,85.351
2010-01-30,,,,93.7638,,,,85.351
2010-01-31,,,,93.7638,,,,85.351
2010-02-01,1104.300048828125,1165.75,74.41,93.7638,22.59,210.759994506836,1089.18994140625,85.523
2010-02-02,1117.4000244140625,1158.95,77.21,93.7638,21.48,209.2700042724609,1103.3199462890625,85.523
2010-02-03,1111.4000244140625,1148.1,76.96,93.7638,21.6,211.8600006103516,1097.280029296875,85.523
2010-02-04,1062.4000244140625,1145.9,73.13,93.7638,26.08,211.72000122070312,1063.1099853515625,85.523
2010-02-05,1052.199951171875,1168.95,71.15,94.6218,26.11,205.0599975585937,1066.18994140625,85.523
2010-02-06,,,,94.6218,,,,85.523
2010-02-07,,,,94.6218,,,,85.523
2010-02-08,1065.699951171875,1170.0,71.87,94.6218,26.51,203.3699951171875,1056.739990234375,85.523
2010-02-09,1076.699951171875,1158.0,73.71,94.6218,26.0,206.009994506836,1070.52001953125,85.523
2010-02-10,1075.800048828125,1161.0,74.48,94.6218,25.4,205.94000244140625,1068.1300048828125,85.523
2010-02-11,1094.199951171875,1156.2,75.23,94.6218,23.96,209.72999572753903,1078.469970703125,85.523
2010-02-12,1089.5,1151.0,74.11,93.9976,22.73,208.7400054931641,1075.510009765625,85.523
2010-02-13,,,,93.9976,,,,85.523
2010-02-14,,,,93.9976,,,,85.523
2010-02-15,,,,93.9976,,,,85.523
2010-02-16,1119.300048828125,1147.0,76.98,93.9976,22.25,209.72999572753903,1094.8699951171875,85.523
2010-02-17,1119.5,1144.0,77.27,93.9976,21.72,213.44000244140625,1099.510009765625,85.523
2010-02-18,1118.0,1144.2,78.97,93.9976,20.63,212.5500030517578,1106.75,85.523
2010-02-19,1121.300048828125,1153.0,79.77,93.9569,20.02,208.6999969482422,1109.1700439453125,85.523
2010-02-20,,,,93.9569,,,,85.523
2010-02-21,,,,93.9569,,,,85.523
2010-02-22,1112.5999755859375,1149.2,80.04,93.9569,19.94,,1108.010009765625,85.523
2010-02-23,1102.699951171875,1155.0,78.61,93.9569,21.37,213.4499969482422,1094.5999755859375,85.523
2010-02-24,1096.5,1156.0,79.75,93.9569,20.27,210.9199981689453,1105.239990234375,85.523
2010-02-25,1107.800048828125,1166.2,77.99,93.9569,20.1,207.5599975585937,1102.93994140625,85.523
2010-02-26,1118.300048828125,1159.0,79.72,93.6602,19.5,208.3600006103516,1104.489990234375,85.523
2010-02-27,,,,93.6602,,,,85.523
2010-02-28,,,,93.6602,,,,85.523
2010-03-01,1117.800048828125,1153.0,78.71,93.6602,19.26,,1115.7099609375,85.696
2010-03-02,1136.9000244140625,1147.0,79.62,93.6602,19.06,211.44000244140625,1118.31005859375,85.696
2010-03-03,1142.699951171875,1141.0,80.91,93.6602,18.83,212.3600006103516,1118.7900390625,85.696
2010-03-04,1132.5999755859375,1145.5,80.21,93.6602,18.72,211.91000366210932,1122.969970703125,85.696
2010-03-05,1134.800048828125,1139.5,81.5,93.2623,17.42,214.0500030517578,1138.699951171875,85.696
2010-03-06,,,,93.2623,,,,85.696
2010-03-07,,,,93.2623,,,,85.696
2010-03-08,1123.5999755859375,1131.5,81.85,93.2623,17.79,217.72999572753903,1138.5,85.696
2010-03-09,1122.0,1135.15,81.5,93.2623,17.92,217.82000732421875,1140.449951171875,85.696
2010-03-10,1107.800048828125,1128.1,82.07,93.2623,18.57,217.82000732421875,1145.6099853515625,85.696
2010-03-11,1108.0,1133.43,82.1,93.2623,18.06,216.759994506836,1150.239990234375,85.696
2010-03-12,1101.5,1128.33,81.26,92.6616,17.58,217.3500061035156,1149.989990234375,85.696
2010-03-13,,,,92.6616,,,,85.696
2010-03-14,,,,92.6616,,,,85.696
2010-03-15,1105.0999755859375,1134.5,79.79,92.6616,18.0,215.4900054931641,1150.510009765625,85.696
2010-03-16,1122.199951171875,1133.0,81.75,92.6616,17.69,215.25,1159.4599609375,85.696
2010-03-17,1124.0,1128.0,82.93,92.6616,16.91,220.27999877929688,1166.2099609375,85.696
2010-03-18,1127.4000244140625,1131.5,82.16,92.6616,16.62,219.0200042724609,1165.8299560546875,85.696
2010-03-19,1107.4000244140625,1133.58,80.58,93.0407,16.97,220.47999572753903,1159.9000244140625,85.696
2010-03-20,,,,93.0407,,,,85.696
2010-03-21,,,,93.0407,,,,85.696
2010-03-22,1099.300048828125,1135.5,81.26,93.0407,16.87,218.5200042724609,1165.81005859375,85.696
2010-03-23,1103.5,1136.8,81.68,93.0407,16.35,220.08999633789065,1174.1700439453125,85.696
2010-03-24,1088.5999755859375,1137.0,80.29,93.0407,17.55,220.08999633789065,1167.719970703125,85.696
2010-03-25,1092.699951171875,1142.3,80.25,93.0407,18.4,221.07000732421875,1165.72998046875,85.696
2010-03-26,1104.199951171875,1138.0,79.75,93.6873,17.77,222.25,1166.5899658203125,85.696
2010-03-27,,,,93.6873,,,,85.696
2010-03-28,,,,93.6873,,,,85.696
2010-03-29,1110.300048828125,1135.0,81.92,93.6873,17.59,221.6000061035156,1173.219970703125,85.696
2010-03-30,1104.5,1131.0,82.14,93.6873,17.13,222.47999572753903,1173.27001953125,85.696
2010-03-31,1113.300048828125,1131.2,83.45,93.6873,17.59,221.5800018310547,1169.4300537109375,85.696
2010-04-01,1125.0999755859375,1126.3,84.53,93.6873,17.47,225.47000122070312,1178.0999755859375,86.041
2010-04-02,,1125.9,,92.9057,,226.69000244140625,,86.041
2010-04-03,,,,92.9057,,,,86.041
2010-04-04,,,,92.9057,,,,86.041
2010-04-05,1132.9000244140625,1122.8,86.36,92.9057,17.02,227.47999572753903,1187.43994140625,86.041
2010-04-06,1135.0999755859375,1123.9,86.54,92.9057,16.23,227.509994506836,1189.43994140625,86.041
2010-04-07,1152.300048828125,1120.0,85.64,92.9057,16.62,227.3099975585937,1182.449951171875,86.041
2010-04-08,1152.199951171875,1123.0,85.17,92.9057,16.48,228.2700042724609,1186.43994140625,86.041
2010-04-09,1161.0999755859375,1117.0,84.6,92.4772,16.14,226.8099975585937,1194.3699951171875,86.041
2010-04-10,,,,92.4772,,,,86.041
2010-04-11,,,,92.4772,,,,86.041
2010-04-12,1161.5999755859375,1114.0,84.07,92.4772,15.58,224.58999633789065,1196.47998046875,86.041
2010-04-13,1152.800048828125,1123.7,83.8,92.4772,16.2,224.69000244140625,1197.300048828125,86.041
2010-04-14,1159.0,1111.5,85.62,92.4772,15.59,228.0800018310547,1210.6500244140625,86.041
2010-04-15,1159.699951171875,1107.0,85.25,92.4772,15.89,229.1699981689453,1211.6700439453125,86.041
2010-04-16,1136.300048828125,1110.0,82.97,92.5253,18.36,227.69000244140625,1192.1300048828125,86.041
2010-04-17,,,,92.5253,,,,86.041
2010-04-18,,,,92.5253,,,,86.041
2010-04-19,1135.199951171875,1118.1,81.52,92.5253,17.34,223.6499938964844,1197.52001953125,86.041
2010-04-20,1138.5999755859375,1117.8,82.98,92.5253,15.73,225.1300048828125,1207.1700439453125,86.041
2010-04-21,1148.199951171875,1107.6,82.78,92.5253,16.32,229.08999633789065,1205.93994140625,86.041
2010-04-22,1142.300048828125,1108.2,82.89,92.5253,16.47,227.759994506836,1208.6700439453125,86.041
2010-04-23,1153.0999755859375,1108.5,84.34,92.6622,16.62,227.3600006103516,1217.280029296875,86.041
2010-04-24,,,,92.6622,,,,86.041
2010-04-25,,,,92.6622,,,,86.041
2010-04-26,1153.5,1104.0,84.2,92.6622,17.47,229.63999938964844,1212.050048828125,86.041
2010-04-27,1161.699951171875,1110.0,82.43,92.6622,22.81,229.27999877929688,1183.7099609375,86.041
2010-04-28,1171.300048828125,1118.0,83.22,92.6622,21.08,226.97999572753903,1191.3599853515625,86.041
2010-04-29,1168.4000244140625,1114.8,85.17,92.6622,18.44,226.1100006103516,1206.780029296875,86.041
2010-04-30,1180.0999755859375,1108.0,86.07,92.8423,22.05,227.9499969482422,1186.68994140625,86.041
2010-05-01,,,,92.8423,,,,86.128
2010-05-02,,,,92.8423,,,,86.128
2010-05-03,1182.699951171875,1118.4,86.19,92.8423,20.19,225.1000061035156,1202.260009765625,86.128
2010-05-04,1168.5999755859375,1115.0,82.73,92.8423,23.84,224.759994506836,1173.5999755859375,86.128
2010-05-05,1174.5999755859375,1115.0,80.0,92.8423,24.91,,1165.8699951171875,86.128
2010-05-06,1196.9000244140625,1140.9,77.18,92.8423,32.8,220.2100067138672,1128.1500244140625,86.128
2010-05-07,1210.0,1155.3,75.1,95.2952,40.95,215.08999633789065,1110.8800048828125,86.128
2010-05-08,,,,95.2952,,,,86.128
2010-05-09,,,,95.2952,,,,86.128
2010-05-10,1200.4000244140625,1131.8,76.89,95.2952,28.84,219.1000061035156,1159.72998046875,86.128
2010-05-11,1219.9000244140625,1133.75,76.37,95.2952,28.32,217.6300048828125,1155.7900390625,86.128
2010-05-12,1242.699951171875,1144.02,75.65,95.2952,25.52,216.77999877929688,1171.6700439453125,86.128
2010-05-13,1228.800048828125,1129.2,74.38,95.2952,26.68,220.8000030517578,1157.43994140625,86.128
2010-05-14,1227.4000244140625,1130.0,71.61,95.3746,31.24,221.0800018310547,1135.6800537109375,86.128
2010-05-15,,,,95.3746,,,,86.128
2010-05-16,,,,95.3746,,,,86.128
2010-05-17,1227.699951171875,1152.75,70.08,95.3746,30.84,215.3600006103516,1136.93994140625,86.128
2010-05-18,1214.300048828125,1146.0,69.38,95.3746,33.55,214.4199981689453,1120.800048828125,86.128
2010-05-19,1192.5999755859375,1163.9,69.91,95.3746,35.32,212.42999267578125,1115.050048828125,86.128
2010-05-20,1187.800048828125,1193.5,68.28,95.3746,45.79,208.77999877929688,1071.5899658203125,86.128
2010-05-21,1175.699951171875,1193.0,68.03,96.2911,40.1,,1087.68994140625,86.128
2010-05-22,,,,96.2911,,,,86.128
2010-05-23,,,,96.2911,,,,86.128
2010-05-24,1193.800048828125,1213.65,68.23,96.2911,38.32,210.2700042724609,1073.6500244140625,86.128
2010-05-25,1197.800048828125,1250.0,64.78,96.2911,34.61,204.8300018310547,1074.030029296875,86.128
2010-05-26,1213.300048828125,1253.2,71.52,96.2911,35.02,206.6199951171875,1067.949951171875,86.128
2010-05-27,1211.9000244140625,1222.95,74.56,96.2911,29.68,209.8300018310547,1103.06005859375,86.128
2010-05-28,1212.199951171875,1194.5,74.0,96.3062,32.07,212.1000061035156,1089.4100341796875,86.128
2010-05-29,,,,96.3062,,,,86.128
2010-05-30,,,,96.3062,,,,86.128
2010-05-31,,,,96.3062,,214.33999633789065,,86.128
2010-06-01,1224.800048828125,1216.0,72.7,96.3062,35.54,213.0200042724609,1070.7099609375,86.041
2010-06-02,1220.5999755859375,1216.5,72.88,96.3062,30.17,,1098.3800048828125,86.041
2010-06-03,1208.300048828125,1198.5,74.62,96.3062,29.46,217.5800018310547,1102.8299560546875,86.041
2010-06-04,1216.199951171875,1201.5,71.43,97.1688,35.48,218.02999877929688,1064.8800048828125,86.041
2010-06-05,,,,97.1688,,,,86.041
2010-06-06,,,,97.1688,,,,86.041
2010-06-07,1239.300048828125,1235.61,71.55,97.1688,36.57,214.3800048828125,1050.469970703125,86.041
2010-06-08,1244.0,1233.99,71.88,97.1688,33.7,216.0800018310547,1062.0,86.041
2010-06-09,1228.5,1247.3,74.38,97.1688,33.73,215.259994506836,1055.68994140625,86.041
2010-06-10,1220.800048828125,1250.4,75.48,97.1688,30.57,215.72999572753903,1086.8399658203125,86.041
2010-06-11,1228.9000244140625,1245.9,73.89,96.5616,28.79,219.22000122070312,1091.5999755859375,86.041
2010-06-12,,,,96.5616,,,,86.041
2010-06-13,,,,96.5616,,,,86.041
2010-06-14,1223.300048828125,1221.2,74.99,96.5616,28.58,221.42999267578125,1089.6300048828125,86.041
2010-06-15,1233.199951171875,1229.0,76.84,96.5616,25.87,221.33999633789065,1115.22998046875,86.041
2010-06-16,1229.300048828125,1211.0,77.67,96.5616,25.92,223.33999633789065,1114.6099853515625,86.041
2010-06-17,1247.5,1212.8,76.82,96.5616,25.05,223.4499969482422,1116.0400390625,86.041
2010-06-18,1257.199951171875,1202.55,77.18,95.2981,23.95,223.7700042724609,1117.510009765625,86.041
2010-06-19,,,,95.2981,,,,86.041
2010-06-20,,,,95.2981,,,,86.041
2010-06-21,1239.699951171875,1173.6,77.84,95.2981,24.88,227.69000244140625,1113.199951171875,86.041
2010-06-22,1239.9000244140625,1182.95,77.15,95.2981,27.05,226.4499969482422,1095.31005859375,86.041
2010-06-23,1234.0999755859375,1187.1,75.9,95.2981,26.91,225.58999633789065,1092.0400390625,86.041
2010-06-24,1245.5,1188.9,75.96,95.2981,29.74,227.4499969482422,1073.68994140625,86.041
2010-06-25,1255.800048828125,1215.1,78.45,95.4582,28.53,225.6300048828125,1076.760009765625,86.041
2010-06-26,,,,95.4582,,,,86.041
2010-06-27,,,,95.4582,,,,86.041
2010-06-28,1238.199951171875,1202.85,78.26,95.4582,29.0,225.5500030517578,1074.5699462890625,86.041
2010-06-29,1242.0,1216.85,75.93,95.4582,34.13,,1041.239990234375,86.041
2010-06-30,1245.5,1220.85,75.59,95.4582,34.54,220.8500061035156,1030.7099609375,86.041
2010-07-01,1206.300048828125,1227.0,72.95,95.4582,32.86,218.6499938964844,1027.3699951171875,86.214
2010-07-02,1207.4000244140625,1228.5,72.06,95.6345,30.12,217.009994506836,1022.5800170898438,86.214
2010-07-03,,,,95.6345,,,,86.214
2010-07-04,,,,95.6345,,,,86.214
2010-07-05,,,,95.6345,,,,86.214
2010-07-06,1194.800048828125,1222.0,71.96,95.6345,29.65,219.1199951171875,1028.06005859375,86.214
2010-07-07,1198.5999755859375,1221.55,74.05,95.6345,26.84,217.4499969482422,1060.27001953125,86.214
2010-07-08,1195.800048828125,1209.4,75.46,95.6345,25.71,220.77999877929688,1070.25,86.214
2010-07-09,1209.5999755859375,1197.5,76.08,94.683,24.98,224.44000244140625,1077.9599609375,86.214
2010-07-10,,,,94.683,,,,86.214
2010-07-11,,,,94.683,,,,86.214
2010-07-12,1198.5,1203.35,74.93,94.683,24.43,225.8600006103516,1078.75,86.214
2010-07-13,1213.300048828125,1212.5,77.16,94.683,24.56,226.13999938964844,1095.3399658203125,86.214
2010-07-14,1206.800048828125,1201.55,77.02,94.683,24.89,229.2700042724609,1095.1700439453125,86.214
2010-07-15,1208.0999755859375,1201.5,76.67,94.683,25.14,228.38999938964844,1096.47998046875,86.214
2010-07-16,1188.0,1202.5,75.96,94.5061,26.25,226.33999633789065,1064.8800048828125,86.214
2010-07-17,,,,94.5061,,,,86.214
2010-07-18,,,,94.5061,,,,86.214
2010-07-19,1181.699951171875,1216.0,76.53,94.5061,25.97,225.32000732421875,1071.25,86.214
2010-07-20,1191.5,1206.4,77.32,94.5061,23.93,225.83999633789065,1083.47998046875,86.214
2010-07-21,1191.5999755859375,1203.5,76.27,94.5061,25.64,227.8800048828125,1069.5899658203125,86.214
2010-07-22,1195.5,1202.95,79.01,94.5061,24.63,226.22999572753903,1093.6700439453125,86.214
2010-07-23,1187.699951171875,1198.5,78.68,94.1431,23.47,229.5,1102.6600341796875,86.214
2010-07-24,,,,94.1431,,,,86.214
2010-07-25,,,,94.1431,,,,86.214
2010-07-26,1183.0,1191.0,78.93,94.1431,22.73,230.8699951171875,1115.010009765625,86.214
2010-07-27,1158.0,1181.95,77.46,94.1431,23.19,230.92999267578125,1113.8399658203125,86.214
2010-07-28,1160.4000244140625,1185.0,77.06,94.1431,24.25,231.5599975585937,1106.1300048828125,86.214
2010-07-29,1168.4000244140625,1185.35,78.3,94.1431,24.13,231.16000366210932,1101.530029296875,86.214
2010-07-30,1181.699951171875,1182.0,78.85,93.2793,23.5,229.25,1101.5999755859375,86.214
2010-07-31,,,,93.2793,,,,86.214
2010-08-01,,,,93.2793,,,,86.647
2010-08-02,1183.4000244140625,1172.5,81.25,93.2793,22.01,232.22000122070312,1125.8599853515625,86.647
2010-08-03,1185.199951171875,1167.2,82.52,93.2793,22.63,233.3800048828125,1120.4599609375,86.647
2010-08-04,1193.699951171875,1167.25,82.49,93.2793,22.21,233.13999938964844,1127.239990234375,86.647
2010-08-05,1197.199951171875,1166.0,82.0,93.2793,22.1,232.38999938964844,1125.81005859375,86.647
2010-08-06,1203.4000244140625,1161.0,80.67,92.5915,21.74,232.3500061035156,1121.6400146484375,86.647
2010-08-07,,,,92.5915,,,,86.647
2010-08-08,,,,92.5915,,,,86.647
2010-08-09,1200.699951171875,1160.0,81.46,92.5915,22.14,233.13999938964844,1127.7900390625,86.647
2010-08-10,1196.199951171875,1168.6,80.24,92.5915,22.37,232.0399932861328,1121.06005859375,86.647
2010-08-11,1197.5,1182.0,78.09,92.5915,25.39,228.97999572753903,1089.469970703125,86.647
2010-08-12,1214.800048828125,1185.9,75.68,92.5915,25.73,223.9600067138672,1083.6099853515625,86.647
2010-08-13,1214.9000244140625,1183.7,75.39,94.0457,26.24,227.009994506836,1079.25,86.647
2010-08-14,,,,94.0457,,,,86.647
2010-08-15,,,,94.0457,,,,86.647
2010-08-16,1224.5,1186.9,75.17,94.0457,26.1,226.509994506836,1079.3800048828125,86.647
2010-08-17,1226.5999755859375,1176.0,75.76,94.0457,24.33,227.9600067138672,1092.5400390625,86.647
2010-08-18,1229.699951171875,1174.0,75.39,94.0457,24.59,228.8999938964844,1094.1600341796875,86.647
2010-08-19,1233.800048828125,1172.15,74.45,94.0457,26.44,231.8800048828125,1075.6300048828125,86.647
2010-08-20,1227.199951171875,1183.2,73.45,94.2087,25.49,231.1699981689453,1071.68994140625,86.647
2010-08-21,,,,94.2087,,,,86.647
2010-08-22,,,,94.2087,,,,86.647
2010-08-23,1226.9000244140625,1181.6,72.71,94.2087,25.66,230.1999969482422,1067.3599853515625,86.647
2010-08-24,1231.800048828125,1191.0,71.24,94.2087,27.46,229.4199981689453,1051.8699951171875,86.647
2010-08-25,1239.5,1196.15,72.07,94.2087,26.7,225.9900054931641,1055.3299560546875,86.647
2010-08-26,1235.4000244140625,1190.1,73.36,94.2087,27.37,225.38999938964844,1047.219970703125,86.647
2010-08-27,1236.0,1195.1,75.17,94.3462,24.45,225.5200042724609,1064.5899658203125,86.647
2010-08-28,,,,94.3462,,,,86.647
2010-08-29,,,,94.3462,,,,86.647
2010-08-30,1237.0999755859375,1191.0,74.69,94.3462,27.21,229.6300048828125,1048.9200439453125,86.647
2010-08-31,1248.300048828125,1198.0,71.93,94.3462,26.05,226.8099975585937,1049.3299560546875,86.647
2010-09-01,1246.300048828125,1184.0,73.97,94.3462,23.89,229.41000366210932,1080.2900390625,87.337
2010-09-02,1251.5,1178.0,74.99,94.3462,23.19,230.66000366210932,1090.0999755859375,87.337
2010-09-03,1249.199951171875,1173.0,74.52,93.6952,21.31,231.0399932861328,1104.510009765625,87.337
2010-09-04,,,,93.6952,,,,87.337
2010-09-05,,,,93.6952,,,,87.337
2010-09-06,,,,93.6952,,,,87.337
2010-09-07,1257.300048828125,1177.0,73.98,93.6952,23.8,232.4499969482422,1091.8399658203125,87.337
2010-09-08,1255.5999755859375,1171.5,74.65,93.6952,23.25,230.94000244140625,1098.8699951171875,87.337
2010-09-09,1248.9000244140625,1166.75,74.25,93.6952,22.81,231.52999877929688,1104.1800537109375,87.337
2010-09-10,1244.5,1164.85,76.4,93.6768,21.99,233.92999267578125,1109.550048828125,87.337
2010-09-11,,,,93.6768,,,,87.337
2010-09-12,,,,93.6768,,,,87.337
2010-09-13,1245.0999755859375,1159.0,77.17,93.6768,21.21,236.33999633789065,1121.9000244140625,87.337
2010-09-14,1269.699951171875,1159.5,76.78,93.6768,21.56,235.97999572753903,1121.0999755859375,87.337
2010-09-15,1266.699951171875,1158.0,75.92,93.6768,22.1,237.13999938964844,1125.0699462890625,87.337
2010-09-16,1271.9000244140625,1161.0,74.58,93.6768,21.72,235.3699951171875,1124.6600341796875,87.337
2010-09-17,1275.5999755859375,1160.0,73.63,92.9418,22.01,237.63999938964844,1125.5899658203125,87.337
2010-09-18,,,,92.9418,,,,87.337
2010-09-19,,,,92.9418,,,,87.337
2010-09-20,1279.0,1160.5,74.81,92.9418,21.5,238.2899932861328,1142.7099609375,87.337
2010-09-21,1272.4000244140625,1160.0,72.96,92.9418,22.35,,1139.780029296875,87.337
2010-09-22,1290.199951171875,1150.0,72.98,92.9418,22.51,,1134.280029296875,87.337
2010-09-23,1294.300048828125,1150.65,73.4,92.9418,23.87,,1124.8299560546875,87.337
2010-09-24,1296.0,1154.2,74.63,91.5996,21.71,239.8000030517578,1148.6700439453125,87.337
2010-09-25,,,,91.5996,,,,87.337
2010-09-26,,,,91.5996,,,,87.337
2010-09-27,1296.699951171875,1146.0,76.51,91.5996,22.54,241.3800048828125,1142.1600341796875,87.337
2010-09-28,1306.5999755859375,1145.5,76.15,91.5996,22.6,240.58999633789065,1147.699951171875,87.337
2010-09-29,1308.5,1139.0,77.85,91.5996,23.25,242.2700042724609,1144.72998046875,87.337
2010-09-30,1307.800048828125,1140.1,79.95,91.5996,23.7,242.9499969482422,1141.199951171875,87.337
2010-10-01,1316.0999755859375,1130.25,81.57,90.836,22.5,243.4900054931641,1146.239990234375,87.337
2010-10-02,,,,90.836,,,,87.337
2010-10-03,,,,90.836,,,,87.337
2010-10-04,1315.4000244140625,1122.25,81.43,90.836,23.53,243.9900054931641,1137.030029296875,87.337
2010-10-05,1338.9000244140625,1129.85,82.83,90.836,21.76,244.22000122070312,1160.75,87.337
2010-10-06,1346.4000244140625,1117.4,83.21,90.836,21.49,247.6999969482422,1159.969970703125,87.337
2010-10-07,1333.9000244140625,1114.0,81.34,90.836,21.56,247.22000122070312,1158.06005859375,87.337
2010-10-08,1344.199951171875,1120.7,82.66,90.1133,20.71,246.509994506836,1165.1500244140625,87.337
2010-10-09,,,,90.1133,,,,87.337
2010-10-10,,,,90.1133,,,,87.337
2010-10-11,1353.300048828125,,82.18,90.1133,18.96,245.44000244140625,1165.3199462890625,87.337
2010-10-12,1345.699951171875,1130.15,81.67,90.1133,18.93,242.3500061035156,1169.77001953125,87.337
2010-10-13,1369.5,1119.0,83.03,90.1133,19.07,242.9900054931641,1178.0999755859375,87.337
2010-10-14,1376.699951171875,1110.4,82.71,90.1133,19.88,246.25,1173.81005859375,87.337
2010-10-15,1371.0999755859375,1109.6,81.23,89.6815,19.03,246.5599975585937,1176.18994140625,87.337
2010-10-16,,,,89.6815,,,,87.337
2010-10-17,,,,89.6815,,,,87.337
2010-10-18,1371.199951171875,1115.0,83.06,89.6815,19.09,242.63999938964844,1184.7099609375,87.337
2010-10-19,1335.0999755859375,1126.7,79.57,89.6815,20.63,240.1100006103516,1165.9000244140625,87.337
2010-10-20,1343.300048828125,1124.9,81.93,89.6815,19.79,241.7899932861328,1178.1700439453125,87.337
2010-10-21,1324.699951171875,1128.4,80.03,89.6815,19.27,242.52999877929688,1180.260009765625,87.337
2010-10-22,1324.4000244140625,1125.6,81.15,90.4063,18.78,245.83999633789065,1183.0799560546875,87.337
2010-10-23,,,,90.4063,,,,87.337
2010-10-24,,,,90.4063,,,,87.337
2010-10-25,1338.300048828125,1115.6,82.0,90.4063,19.85,248.16000366210932,1185.6199951171875,87.337
2010-10-26,1338.0,1122.0,82.6,90.4063,20.22,248.3800048828125,1185.6400146484375,87.337
2010-10-27,1322.199951171875,1130.0,81.9,90.4063,20.71,246.6100006103516,1182.449951171875,87.337
2010-10-28,1342.0999755859375,1123.0,82.2,90.4063,20.88,246.41000366210932,1183.780029296875,87.337
2010-10-29,1357.0999755859375,1124.0,81.45,90.0935,21.2,242.97999572753903,1183.260009765625,87.337
2010-10-30,,,,90.0935,,,,87.337
2010-10-31,,,,90.0935,,,,87.337
2010-11-01,1350.199951171875,1116.73,82.94,90.0935,21.83,247.41000366210932,1184.3800048828125,86.906
2010-11-02,1356.4000244140625,1111.0,83.91,90.0935,21.57,247.92999267578125,1193.5699462890625,86.906
2010-11-03,1337.0999755859375,1109.8,84.45,90.0935,19.56,249.9900054931641,1197.9599609375,86.906
2010-11-04,1382.699951171875,1106.53,86.49,90.0935,18.52,251.1199951171875,1221.06005859375,86.906
2010-11-05,1397.300048828125,1107.7,86.85,89.2441,18.26,251.22000122070312,1225.8499755859375,86.906
2010-11-06,,,,89.2441,,,,86.906
2010-11-07,,,,89.2441,,,,86.906
2010-11-08,1402.800048828125,1114.0,87.07,89.2441,18.29,251.72999572753903,1223.25,86.906
2010-11-09,1409.800048828125,1111.4,87.04,89.2441,19.08,252.07000732421875,1213.4000244140625,86.906
2010-11-10,1399.0999755859375,1109.6,87.77,89.2441,18.47,255.1300048828125,1218.7099609375,86.906
2010-11-11,1403.0999755859375,,87.77,89.2441,18.64,247.509994506836,1213.5400390625,86.906
2010-11-12,1365.4000244140625,1127.2,84.89,90.1701,20.61,248.3500061035156,1199.2099609375,86.906
2010-11-13,,,,90.1701,,,,86.906
2010-11-14,,,,90.1701,,,,86.906
2010-11-15,1368.4000244140625,1134.7,84.88,90.1701,20.2,249.22000122070312,1197.75,86.906
2010-11-16,1338.300048828125,1129.8,82.33,90.1701,22.58,247.83999633789065,1178.3399658203125,86.906
2010-11-17,1336.800048828125,1143.75,80.43,90.1701,21.76,,1178.5899658203125,86.906
2010-11-18,1352.9000244140625,1129.9,81.88,90.1701,18.75,251.1499938964844,1196.68994140625,86.906
2010-11-19,1352.199951171875,1131.15,81.65,90.6986,18.04,253.0399932861328,1199.72998046875,86.906
2010-11-20,,,,90.6986,,,,86.906
2010-11-21,,,,90.6986,,,,86.906
2010-11-22,1357.699951171875,1126.0,81.24,90.6986,18.37,254.0,1197.8399658203125,86.906
2010-11-23,1377.5,1162.0,80.79,90.6986,20.63,252.1199951171875,1180.72998046875,86.906
2010-11-24,1372.9000244140625,1146.0,83.21,90.6986,19.56,252.3800048828125,1198.3499755859375,86.906
2010-11-25,,,,90.6986,,,,86.906
2010-11-26,1362.300048828125,1153.95,83.87,91.8152,22.22,249.3099975585937,1189.4000244140625,86.906
2010-11-27,,,,91.8152,,,,86.906
2010-11-28,,,,91.8152,,,,86.906
2010-11-29,1366.0,1164.05,85.73,91.8152,21.53,248.9199981689453,1187.760009765625,86.906
2010-11-30,1385.0,1157.2,84.12,91.8152,23.54,249.63999938964844,1180.550048828125,86.906
2010-12-01,1387.300048828125,1149.0,86.75,91.8152,21.36,252.8000030517578,1206.0699462890625,87.251
2010-12-02,1388.5,1148.0,87.98,91.8152,19.39,256.0199890136719,1221.530029296875,87.251
2010-12-03,1405.4000244140625,1136.5,89.18,90.8788,18.01,257.6499938964844,1224.7099609375,87.251
2010-12-04,,,,90.8788,,,,87.251
2010-12-05,,,,90.8788,,,,87.251
2010-12-06,1415.300048828125,1136.7,89.33,90.8788,18.02,257.32000732421875,1223.1199951171875,87.251
2010-12-07,1408.300048828125,1130.0,88.69,90.8788,17.99,258.6300048828125,1223.75,87.251
2010-12-08,1382.5,1142.5,88.3,90.8788,17.74,257.510009765625,1228.280029296875,87.251
2010-12-09,1392.0999755859375,1140.0,88.35,90.8788,17.25,262.32000732421875,1233.0,87.251
2010-12-10,1384.300048828125,1143.0,87.81,91.2831,17.61,261.739990234375,1240.4000244140625,87.251
2010-12-11,,,,91.2831,,,,87.251
2010-12-12,,,,91.2831,,,,87.251
2010-12-13,1397.300048828125,1144.9,88.62,91.2831,17.55,263.3099975585937,1240.4599609375,87.251
2010-12-14,1403.5999755859375,1139.0,88.33,91.2831,17.61,265.1300048828125,1241.5899658203125,87.251
2010-12-15,1385.5,1154.95,88.66,91.2831,17.94,265.95001220703125,1235.22998046875,87.251
2010-12-16,1370.4000244140625,1155.0,87.71,91.2831,17.39,264.9200134277344,1242.8699951171875,87.251
2010-12-17,1378.5999755859375,1155.05,88.02,91.5555,16.11,267.6700134277344,1243.9100341796875,87.251
2010-12-18,,,,91.5555,,,,87.251
2010-12-19,,,,91.5555,,,,87.251
2010-12-20,1385.5,1154.1,88.68,91.5555,16.41,267.4200134277344,1247.0799560546875,87.251
2010-12-21,1388.199951171875,1155.15,89.3,91.5555,16.49,269.3099975585937,1254.5999755859375,87.251
2010-12-22,1386.800048828125,1153.9,89.83,91.5555,15.45,269.6000061035156,1258.8399658203125,87.251
2010-12-23,1380.0,1151.9,90.84,91.5555,16.47,269.6199951171875,1256.77001953125,87.251
2010-12-24,,,,91.3013,,268.5,,87.251
2010-12-25,,,,91.3013,,,,87.251
2010-12-26,,,,91.3013,,,,87.251
2010-12-27,1382.4000244140625,1148.9,90.99,91.3013,17.67,267.3500061035156,1257.5400390625,87.251
2010-12-28,1405.199951171875,1143.0,91.48,91.3013,17.52,269.0400085449219,1258.510009765625,87.251
2010-12-29,1413.0999755859375,1143.0,91.13,91.3013,17.28,270.44000244140625,1259.780029296875,87.251
2010-12-30,1405.5999755859375,1130.6,89.85,91.3013,17.52,271.19000244140625,1257.8800048828125,87.251
2010-12-31,1421.0999755859375,,91.38,90.5146,17.75,,1257.6400146484375,87.251
2011-01-01,,,,90.5146,,,,88.288
2011-01-02,,,,90.5146,,,,88.288
2011-01-03,1422.5999755859375,1124.3,91.59,90.5146,17.61,273.8099975585937,1271.8699951171875,88.288
2011-01-04,1378.5,1124.2,89.39,90.5146,17.38,275.7799987792969,1270.199951171875,88.288
2011-01-05,1373.4000244140625,1127.3,90.3,90.5146,17.02,275.3500061035156,1276.56005859375,88.288
2011-01-06,1371.4000244140625,1121.0,88.37,90.5146,17.4,274.7200012207031,1273.8499755859375,88.288
2011-01-07,1368.5,1120.2,88.07,91.0001,17.14,275.6099853515625,1271.5,88.288
2011-01-08,,,,91.0001,,,,88.288
2011-01-09,,,,91.0001,,,,88.288
2011-01-10,1373.699951171875,1128.1,89.24,91.0001,17.54,273.989990234375,1269.75,88.288
2011-01-11,1384.0,1124.0,91.11,91.0001,16.89,275.1000061035156,1274.47998046875,88.288
2011-01-12,1385.699951171875,1111.6,91.85,91.0001,16.24,276.1700134277344,1285.9599609375,88.288
2011-01-13,1386.9000244140625,1111.2,91.39,91.0001,16.39,275.5199890136719,1283.760009765625,88.288
2011-01-14,1360.4000244140625,1114.55,91.53,90.0461,15.46,278.1700134277344,1293.239990234375,88.288
2011-01-15,,,,90.0461,,,,88.288
2011-01-16,,,,90.0461,,,,88.288
2011-01-17,,,,90.0461,,277.04998779296875,,88.288
2011-01-18,1368.0999755859375,1111.0,91.38,90.0461,15.87,276.6000061035156,1295.02001953125,88.288
2011-01-19,1370.199951171875,1113.2,90.85,90.0461,17.31,279.25,1281.9200439453125,88.288
2011-01-20,1346.5,1124.1,88.56,90.0461,17.99,277.75,1280.260009765625,88.288
2011-01-21,1341.0,1118.0,88.22,89.7204,18.47,272.6700134277344,1283.3499755859375,88.288
2011-01-22,,,,89.7204,,,,88.288
2011-01-23,,,,89.7204,,,,88.288
2011-01-24,1344.5,1118.0,86.74,89.7204,17.65,274.5,1290.8399658203125,88.288
2011-01-25,1332.300048828125,1121.6,85.08,89.7204,17.59,275.17999267578125,1291.1800537109375,88.288
2011-01-26,1333.0,1116.0,86.15,89.7204,16.64,278.8099975585937,1296.6300048828125,88.288
2011-01-27,1318.4000244140625,1114.3,84.45,89.7204,16.15,279.20001220703125,1299.5400390625,88.288
2011-01-28,1340.699951171875,1115.6,88.15,89.8189,20.04,278.45001220703125,1276.3399658203125,88.288
2011-01-29,,,,89.8189,,,,88.288
2011-01-30,,,,89.8189,,,,88.288
2011-01-31,1333.800048828125,1119.1,90.99,89.8189,19.53,273.1199951171875,1286.1199951171875,88.288
2011-02-01,1339.5999755859375,1113.6,89.54,89.8189,17.63,273.45001220703125,1307.5899658203125,88.892
2011-02-02,1331.5,1113.6,89.78,89.8189,17.3,,1304.030029296875,88.892
2011-02-03,1352.300048828125,1113.6,89.42,89.8189,16.69,,1307.0999755859375,88.892
2011-02-04,1348.300048828125,1113.6,87.87,89.391,15.93,,1310.8699951171875,88.892
2011-02-05,,,,89.391,,,,88.892
2011-02-06,,,,89.391,,,,88.892
2011-02-07,1347.5999755859375,1103.6,86.3,89.391,16.28,274.8999938964844,1319.050048828125,88.892
2011-02-08,1363.4000244140625,1100.9,85.85,89.391,15.81,273.1600036621094,1324.5699462890625,88.892
2011-02-09,1364.800048828125,1107.4,85.59,89.391,15.87,269.8999938964844,1320.8800048828125,88.892
2011-02-10,1361.9000244140625,1120.9,85.44,89.391,16.09,264.57000732421875,1321.8699951171875,88.892
2011-02-11,1359.9000244140625,1126.3,84.39,89.8784,15.69,260.3999938964844,1329.1500244140625,88.892
2011-02-12,,,,89.8784,,,,88.892
2011-02-13,,,,89.8784,,,,88.892
2011-02-14,1364.5999755859375,1125.9,83.66,89.8784,15.95,,1332.3199462890625,88.892
2011-02-15,1373.5999755859375,1121.3,83.13,89.8784,16.37,265.3999938964844,1328.010009765625,88.892
2011-02-16,1374.699951171875,1115.3,83.8,89.8784,16.72,262.5599975585937,1336.3199462890625,88.892
2011-02-17,1384.699951171875,1114.5,85.05,89.8784,16.59,261.2300109863281,1340.4300537109375,88.892
2011-02-18,1388.199951171875,1111.0,85.03,89.1974,16.43,265.79998779296875,1343.010009765625,88.892
2011-02-19,,,,89.1974,,,,88.892
2011-02-20,,,,89.1974,,,,88.892
2011-02-21,,,,89.1974,,,,88.892
2011-02-22,1400.5,1125.35,92.65,89.1974,20.8,260.1300048828125,1315.43994140625,88.892
2011-02-23,1413.4000244140625,1125.2,96.04,89.1974,22.13,259.2099914550781,1307.4000244140625,88.892
2011-02-24,1415.300048828125,1130.55,95.83,89.1974,21.32,257.69000244140625,1306.0999755859375,88.892
2011-02-25,1408.699951171875,1125.0,96.52,89.1664,19.22,259.2799987792969,1319.8800048828125,88.892
2011-02-26,,,,89.1664,,,,88.892
2011-02-27,,,,89.1664,,,,88.892
2011-02-28,1409.300048828125,1123.7,97.1,89.1664,18.35,256.3599853515625,1327.219970703125,88.892
2011-03-01,1430.699951171875,1123.5,99.63,89.1664,21.01,,1306.3299560546875,89.238
2011-03-02,1437.199951171875,1121.0,102.27,89.1664,20.7,254.9600067138672,1308.43994140625,89.238
2011-03-03,1416.0,1115.4,101.92,89.1664,18.6,260.4800109863281,1330.969970703125,89.238
2011-03-04,1428.199951171875,1117.5,104.34,88.4898,19.06,265.4200134277344,1321.1500244140625,89.238
2011-03-05,,,,88.4898,,,,89.238
2011-03-06,,,,88.4898,,,,89.238
2011-03-07,1434.0999755859375,1115.35,105.37,88.4898,20.66,261.44000244140625,1310.1300048828125,89.238
2011-03-08,1426.9000244140625,1115.0,105.06,88.4898,19.82,,1321.8199462890625,89.238
2011-03-09,1429.300048828125,1114.45,104.39,88.4898,20.22,263.79998779296875,1320.02001953125,89.238
2011-03-10,1412.199951171875,1123.7,102.73,88.4898,21.88,260.5899963378906,1295.1099853515625,89.238
2011-03-11,1421.5,1126.0,101.14,88.691,20.08,256.8299865722656,1304.280029296875,89.238
2011-03-12,,,,88.691,,,,89.238
2011-03-13,,,,88.691,,,,89.238
2011-03-14,1424.5999755859375,1127.0,101.2,88.691,21.13,260.69000244140625,1296.3900146484375,89.238
2011-03-15,1392.5999755859375,1135.6,97.23,88.691,24.32,254.2899932861328,1281.8699951171875,89.238
2011-03-16,1396.0,1132.6,97.99,88.691,29.4,259.44000244140625,1256.8800048828125,89.238
2011-03-17,1404.0,1133.1,101.47,88.691,26.37,259.79998779296875,1273.719970703125,89.238
2011-03-18,1415.9000244140625,1126.0,101.06,88.5221,24.44,262.3900146484375,1279.2099609375,89.238
2011-03-19,,,,88.5221,,,,89.238
2011-03-20,,,,88.5221,,,,89.238
2011-03-21,1426.199951171875,1121.5,102.36,88.5221,20.61,264.8900146484375,1298.3800048828125,89.238
2011-03-22,1427.5,1120.6,104.53,88.5221,20.21,266.04998779296875,1293.77001953125,89.238
2011-03-23,1437.9000244140625,1124.1,105.21,88.5221,19.17,265.6700134277344,1297.5400390625,89.238
2011-03-24,1434.800048828125,1118.6,105.04,88.5221,18.0,268.92999267578125,1309.6600341796875,89.238
2011-03-25,1426.0999755859375,1110.7,104.89,88.1716,17.91,271.6600036621094,1313.800048828125,89.238
2011-03-26,,,,88.1716,,,,89.238
2011-03-27,,,,88.1716,,,,89.238
2011-03-28,1419.800048828125,1111.5,103.54,88.1716,19.44,272.1300048828125,1310.18994140625,89.238
2011-03-29,1416.0,1112.2,104.34,88.1716,18.16,274.2200012207031,1319.43994140625,89.238
2011-03-30,1423.800048828125,1100.5,103.8,88.1716,17.71,277.0400085449219,1328.260009765625,89.238
2011-03-31,1438.9000244140625,1097.25,106.19,88.1716,17.74,278.8699951171875,1325.8299560546875,89.238
2011-04-01,1428.0999755859375,1086.7,107.55,87.7993,17.4,280.7300109863281,1332.4100341796875,89.325
2011-04-02,,,,87.7993,,,,89.325
2011-04-03,,,,87.7993,,,,89.325
2011-04-04,1432.199951171875,1086.45,108.14,87.7993,17.5,280.010009765625,1332.8699951171875,89.325
2011-04-05,1451.800048828125,1086.5,107.82,87.7993,17.25,282.0299987792969,1332.6300048828125,89.325
2011-04-06,1457.699951171875,1084.0,108.38,87.7993,16.9,281.3500061035156,1335.5400390625,89.325
2011-04-07,1458.5,1088.6,109.82,87.7993,17.11,280.45001220703125,1333.510009765625,89.325
2011-04-08,1473.4000244140625,1082.0,112.27,87.1493,17.87,281.04998779296875,1328.1700439453125,89.325
2011-04-09,,,,87.1493,,,,89.325
2011-04-10,,,,87.1493,,,,89.325
2011-04-11,1467.4000244140625,1085.5,109.5,87.1493,16.59,280.489990234375,1324.4599609375,89.325
2011-04-12,1452.9000244140625,1091.8,105.75,87.1493,17.09,276.1300048828125,1314.1600341796875,89.325
2011-04-13,1454.9000244140625,1086.3,106.6,87.1493,16.92,280.67999267578125,1314.4100341796875,89.325
2011-04-14,1471.699951171875,1086.55,107.73,87.1493,16.27,283.1499938964844,1314.52001953125,89.325
2011-04-15,1485.300048828125,1087.0,109.17,87.005,15.32,282.79998779296875,1319.6800537109375,89.325
2011-04-16,,,,87.005,,,,89.325
2011-04-17,,,,87.005,,,,89.325
2011-04-18,1492.300048828125,1088.0,106.7,87.005,16.96,282.1400146484375,1305.1400146484375,89.325
2011-04-19,1494.5,1085.7,107.18,87.005,15.83,280.42999267578125,1312.6199951171875,89.325
2011-04-20,1498.300048828125,1076.5,110.84,87.005,15.07,287.19000244140625,1330.3599853515625,89.325
2011-04-21,1503.199951171875,1079.5,111.72,87.005,14.69,291.1600036621094,1337.3800048828125,89.325
2011-04-22,,1080.8,,86.3742,,290.8399963378906,,89.325
2011-04-23,,,,86.3742,,,,89.325
2011-04-24,,,,86.3742,,,,89.325
2011-04-25,1508.5999755859375,1081.1,111.68,86.3742,15.77,292.69000244140625,1335.25,89.325
2011-04-26,1503.0,1083.6,111.72,86.3742,15.62,291.3800048828125,1347.239990234375,89.325
2011-04-27,1516.699951171875,1078.8,112.31,86.3742,15.35,292.0799865722656,1355.6600341796875,89.325
2011-04-28,1530.800048828125,1072.9,112.38,86.3742,14.62,292.1499938964844,1360.47998046875,89.325
2011-04-29,1556.0,1068.4,113.39,85.5999,14.75,290.3900146484375,1363.6099853515625,89.325
2011-04-30,,,,85.5999,,,,89.325
2011-05-01,,,,85.5999,,,,89.497
2011-05-02,1556.699951171875,1065.5,113.03,85.5999,15.99,295.3500061035156,1361.219970703125,89.497
2011-05-03,1540.0999755859375,1071.3,110.6,85.5999,16.7,291.6499938964844,1356.6199951171875,89.497
2011-05-04,1514.9000244140625,1076.3,108.79,85.5999,17.08,288.4599914550781,1347.3199462890625,89.497
2011-05-05,1480.9000244140625,1081.3,99.89,85.5999,18.2,,1335.0999755859375,89.497
2011-05-06,1491.199951171875,1085.1,96.87,86.4575,18.4,283.67999267578125,1340.199951171875,89.497
2011-05-07,,,,86.4575,,,,89.497
2011-05-08,,,,86.4575,,,,89.497
2011-05-09,1502.9000244140625,1081.0,100.32,86.4575,17.16,282.5899963378906,1346.2900390625,89.497
2011-05-10,1516.5999755859375,1082.2,103.39,86.4575,15.91,,1357.1600341796875,89.497
2011-05-11,1501.0999755859375,1076.0,97.88,86.4575,16.95,286.29998779296875,1342.0799560546875,89.497
2011-05-12,1506.5999755859375,1088.0,98.53,86.4575,16.03,280.0199890136719,1348.6500244140625,89.497
2011-05-13,1493.4000244140625,1086.8,99.21,87.4176,17.07,279.5899963378906,1337.77001953125,89.497
2011-05-14,,,,87.4176,,,,89.497
2011-05-15,,,,87.4176,,,,89.497
2011-05-16,1490.4000244140625,1091.7,96.91,87.4176,18.24,277.2200012207031,1329.469970703125,89.497
2011-05-17,1479.800048828125,1088.3,96.4,87.4176,17.55,277.1499938964844,1328.97998046875,89.497
2011-05-18,1495.5999755859375,1087.6,99.52,87.4176,16.23,281.760009765625,1340.6800537109375,89.497
2011-05-19,1492.199951171875,1086.0,97.99,87.4176,15.52,276.4700012207031,1343.5999755859375,89.497
2011-05-20,1508.800048828125,1082.7,99.15,87.3044,17.43,278.5899963378906,1333.27001953125,89.497
2011-05-21,,,,87.3044,,,,89.497
2011-05-22,,,,87.3044,,,,89.497
2011-05-23,1515.300048828125,1097.8,97.06,87.3044,18.27,271.19000244140625,1317.3699951171875,89.497
2011-05-24,1523.199951171875,1093.2,99.13,87.3044,17.82,271.7799987792969,1316.280029296875,89.497
2011-05-25,1526.5999755859375,1101.6,100.78,87.3044,17.07,268.6199951171875,1320.469970703125,89.497
2011-05-26,1522.800048828125,1089.0,100.18,87.3044,16.09,276.3299865722656,1325.68994140625,89.497
2011-05-27,1536.300048828125,1082.2,100.58,86.9525,15.98,277.3500061035156,1331.0999755859375,89.497
2011-05-28,,,,86.9525,,,,89.497
2011-05-29,,,,86.9525,,,,89.497
2011-05-30,,,,86.9525,,,,89.497
2011-05-31,1535.9000244140625,1078.0,102.7,86.9525,15.45,282.760009765625,1345.199951171875,89.497
2011-06-01,1542.4000244140625,1076.2,100.3,86.9525,18.3,282.75,1314.550048828125,89.67
2011-06-02,1532.0,1081.4,100.41,86.9525,18.09,278.760009765625,1312.93994140625,89.67
2011-06-03,1541.699951171875,1077.0,100.28,86.4234,17.95,278.8399963378906,1300.1600341796875,89.67
2011-06-04,,,,86.4234,,,,89.67
2011-06-05,,,,86.4234,,,,89.67
2011-06-06,1546.5,1078.55,99.07,86.4234,18.49,,1286.1700439453125,89.67
2011-06-07,1543.300048828125,1081.8,99.18,86.4234,18.07,276.9700012207031,1284.93994140625,89.67
2011-06-08,1538.0999755859375,1080.0,100.77,86.4234,18.79,274.4599914550781,1279.56005859375,89.67
2011-06-09,1542.0999755859375,1082.8,101.95,86.4234,17.77,272.44000244140625,1289.0,89.67
2011-06-10,1528.5999755859375,1084.0,99.3,87.042,18.86,269.0400085449219,1270.97998046875,89.67
2011-06-11,,,,87.042,,,,89.67
2011-06-12,,,,87.042,,,,89.67
2011-06-13,1515.0,1085.2,97.2,87.042,19.61,269.7900085449219,1271.8299560546875,89.67
2011-06-14,1523.800048828125,1082.4,99.37,87.042,18.26,273.6700134277344,1287.8699951171875,89.67
2011-06-15,1525.5999755859375,1083.0,94.83,87.042,21.32,274.5299987792969,1265.4200439453125,89.67
2011-06-16,1529.300048828125,1091.15,94.95,87.042,22.73,268.8800048828125,1267.6400146484375,89.67
2011-06-17,1538.5999755859375,1085.8,93.02,87.2179,21.85,266.2200012207031,1271.5,89.67
2011-06-18,,,,87.2179,,,,89.67
2011-06-19,,,,87.2179,,,,89.67
2011-06-20,1541.5,1082.25,93.23,87.2179,19.99,264.3900146484375,1278.3599853515625,89.67
2011-06-21,1546.0,1078.45,93.7,87.2179,18.86,268.6499938964844,1295.52001953125,89.67
2011-06-22,1552.9000244140625,1073.85,94.96,87.2179,18.52,270.7099914550781,1287.1400146484375,89.67
2011-06-23,1520.0999755859375,1082.85,90.7,87.2179,19.29,269.3399963378906,1283.5,89.67
2011-06-24,1500.5,1078.7,90.89,87.5014,21.1,274.3099975585937,1268.449951171875,89.67
2011-06-25,,,,87.5014,,,,89.67
2011-06-26,,,,87.5014,,,,89.67
2011-06-27,1496.0,1084.95,90.65,87.5014,20.56,271.44000244140625,1280.0999755859375,89.67
2011-06-28,1499.699951171875,1080.3,92.9,87.5014,19.17,270.4100036621094,1296.6700439453125,89.67
2011-06-29,1509.9000244140625,1073.0,94.85,87.5014,17.27,274.6099853515625,1307.4100341796875,89.67
2011-06-30,1502.300048828125,1066.3,95.3,87.5014,16.52,275.1700134277344,1320.6400146484375,89.67
2011-07-01,1482.300048828125,1065.05,94.81,86.3613,15.87,278.7699890136719,1339.6700439453125,90.102
2011-07-02,,,,86.3613,,,,90.102
2011-07-03,,,,86.3613,,,,90.102
2011-07-04,,,,86.3613,,,,90.102
2011-07-05,1512.300048828125,1065.0,96.92,86.3613,16.06,283.8800048828125,1337.8800048828125,90.102
2011-07-06,1528.699951171875,1066.5,96.67,86.3613,16.34,285.1199951171875,1339.219970703125,90.102
2011-07-07,1530.199951171875,1063.9,98.7,86.3613,15.95,286.07000732421875,1353.219970703125,90.102
2011-07-08,1541.199951171875,1056.9,96.2,86.615,15.95,286.04998779296875,1343.800048828125,90.102
2011-07-09,,,,86.615,,,,90.102
2011-07-10,,,,86.615,,,,90.102
2011-07-11,1548.800048828125,1057.6,95.16,86.615,18.39,282.4599914550781,1319.489990234375,90.102
2011-07-12,1561.9000244140625,1064.05,97.41,86.615,19.87,275.8999938964844,1313.6400146484375,90.102
2011-07-13,1585.199951171875,1055.1,98.04,86.615,19.91,278.32000732421875,1317.719970703125,90.102
2011-07-14,1589.0,1055.55,95.75,86.615,20.8,278.0299987792969,1308.8699951171875,90.102
2011-07-15,1589.800048828125,1058.0,97.24,86.5169,19.53,279.5899963378906,1316.1400146484375,90.102
2011-07-16,,,,86.5169,,,,90.102
2011-07-17,,,,86.5169,,,,90.102
2011-07-18,1602.0999755859375,1061.85,95.94,86.5169,20.95,276.7099914550781,1305.43994140625,90.102
2011-07-19,1600.9000244140625,1059.6,97.49,86.5169,19.21,276.5799865722656,1326.72998046875,90.102
2011-07-20,1596.699951171875,1053.95,98.11,86.5169,19.09,280.4100036621094,1325.8399658203125,90.102
2011-07-21,1586.800048828125,1054.5,98.96,86.5169,17.56,279.20001220703125,1343.800048828125,90.102
2011-07-22,1601.300048828125,1050.25,99.53,85.8623,17.52,282.5899963378906,1345.02001953125,90.102
2011-07-23,,,,85.8623,,,,90.102
2011-07-24,,,,85.8623,,,,90.102
2011-07-25,1612.0,1053.45,98.97,85.8623,19.35,279.6600036621094,1337.4300537109375,90.102
2011-07-26,1616.5999755859375,1049.2,99.61,85.8623,20.23,282.0400085449219,1331.93994140625,90.102
2011-07-27,1615.0,1052.5,97.4,85.8623,22.98,282.70001220703125,1304.8900146484375,90.102
2011-07-28,1613.4000244140625,1051.55,97.48,85.8623,23.74,280.0400085449219,1300.6700439453125,90.102
2011-07-29,1628.300048828125,1054.0,95.68,85.7282,25.25,277.1099853515625,1292.280029296875,90.102
2011-07-30,,,,85.7282,,,,90.102
2011-07-31,,,,85.7282,,,,90.102
2011-08-01,1619.0,1051.3,94.98,85.7282,23.66,282.3599853515625,1286.93994140625,90.707
2011-08-02,1641.9000244140625,1052.4,93.78,85.7282,24.79,275.3999938964844,1254.050048828125,90.707
2011-08-03,1663.4000244140625,1058.85,91.87,85.7282,23.38,267.79998779296875,1260.3399658203125,90.707
2011-08-04,1656.199951171875,1061.5,86.75,85.7282,31.66,261.5400085449219,1200.0699462890625,90.707
2011-08-05,1648.800048828125,1067.2,86.89,87.1084,32.0,251.8999938964844,1199.3800048828125,90.707
2011-08-06,,,,87.1084,,,,90.707
2011-08-07,,,,87.1084,,,,90.707
2011-08-08,1710.199951171875,1082.9,81.27,87.1084,48.0,242.4499969482422,1119.4599609375,90.707
2011-08-09,1740.0,1087.45,79.32,87.1084,35.06,233.5200042724609,1172.530029296875,90.707
2011-08-10,1781.300048828125,1080.1,83.05,87.1084,42.99,,1120.760009765625,90.707
2011-08-11,1748.800048828125,1078.2,85.48,87.1084,39.0,234.13999938964844,1172.6400146484375,90.707
2011-08-12,1740.199951171875,1078.9,85.19,87.177,36.36,230.3800048828125,1178.81005859375,90.707
2011-08-13,,,,87.177,,,,90.707
2011-08-14,,,,87.177,,,,90.707
2011-08-15,1755.5,1078.8,87.88,87.177,31.87,,1204.489990234375,90.707
2011-08-16,1782.4000244140625,1068.05,86.65,87.177,32.85,242.22999572753903,1192.760009765625,90.707
2011-08-17,1791.199951171875,1068.55,87.58,87.177,31.58,243.42999267578125,1193.8900146484375,90.707
2011-08-18,1818.9000244140625,1076.75,82.38,87.177,42.67,238.3099975585937,1140.6500244140625,90.707
2011-08-19,1848.9000244140625,1087.2,82.33,86.8286,43.05,222.97999572753903,1123.530029296875,90.707
2011-08-20,,,,86.8286,,,,90.707
2011-08-21,,,,86.8286,,,,90.707
2011-08-22,1888.699951171875,1083.15,84.42,86.8286,42.44,219.1499938964844,1123.8199462890625,90.707
2011-08-23,1858.300048828125,1077.2,85.35,86.8286,36.27,228.1199951171875,1162.3499755859375,90.707
2011-08-24,1754.0999755859375,1083.65,84.99,86.8286,35.9,225.13999938964844,1177.5999755859375,90.707
2011-08-25,1759.800048828125,1088.25,85.15,86.8286,39.76,227.0200042724609,1159.27001953125,90.707
2011-08-26,1794.0999755859375,1079.5,85.37,87.0751,35.59,229.0,1176.800048828125,90.707
2011-08-27,,,,87.0751,,,,90.707
2011-08-28,,,,87.0751,,,,90.707
2011-08-29,1788.4000244140625,1073.45,87.27,87.0751,32.28,235.77999877929688,1210.0799560546875,90.707
2011-08-30,1826.699951171875,1072.15,88.9,87.0751,32.89,237.63999938964844,1212.9200439453125,90.707
2011-08-31,1828.5,1063.9,88.81,87.0751,31.62,242.16000366210932,1218.8900146484375,90.707
2011-09-01,1826.0,1061.4,88.93,87.0751,31.82,242.3699951171875,1204.4200439453125,90.62
2011-09-02,1873.699951171875,1064.85,86.45,87.1797,33.92,240.16000366210932,1173.969970703125,90.62
2011-09-03,,,,87.1797,,,,90.62
2011-09-04,,,,87.1797,,,,90.62
2011-09-05,,,,87.1797,,228.88999938964844,,90.62
2011-09-06,1869.9000244140625,1076.9,85.99,87.1797,37.0,226.6499938964844,1165.239990234375,90.62
2011-09-07,1814.199951171875,1070.65,89.34,87.1797,33.38,236.1199951171875,1198.6199951171875,90.62
2011-09-08,1854.4000244140625,1075.3,89.05,87.1797,34.32,238.47000122070312,1185.9000244140625,90.62
2011-09-09,1856.4000244140625,1077.1,87.24,88.9514,38.52,233.3999938964844,1154.22998046875,90.62
2011-09-10,,,,88.9514,,,,90.62
2011-09-11,,,,88.9514,,,,90.62
2011-09-12,1809.9000244140625,1076.75,88.19,88.9514,38.59,,1162.27001953125,90.62
2011-09-13,1826.800048828125,1076.75,90.21,88.9514,36.91,,1172.8699951171875,90.62
2011-09-14,1823.5,1107.45,88.91,88.9514,34.6,225.1499938964844,1188.6800537109375,90.62
2011-09-15,1778.5,1113.25,89.4,88.9514,31.97,228.5800018310547,1209.1099853515625,90.62
2011-09-16,1812.0999755859373,1112.4,87.96,89.1108,30.98,237.5,1216.010009765625,90.62
2011-09-17,,,,89.1108,,,,90.62
2011-09-18,,,,89.1108,,,,90.62
2011-09-19,1776.4000244140625,1139.4,85.7,89.1108,32.73,235.32000732421875,1204.0899658203125,90.62
2011-09-20,1806.5999755859373,1140.0,86.92,89.1108,32.86,237.52999877929688,1202.0899658203125,90.62
2011-09-21,1805.5,1152.4,85.77,89.1108,37.32,239.509994506836,1166.760009765625,90.62
2011-09-22,1739.199951171875,1179.7,80.29,89.1108,41.35,232.0500030517578,1129.56005859375,90.62
2011-09-23,1637.5,1164.9,79.58,91.6904,41.25,218.6199951171875,1136.4300537109375,90.62
2011-09-24,,,,91.6904,,,,90.62
2011-09-25,,,,91.6904,,,,90.62
2011-09-26,1592.5,1181.0,79.97,91.6904,39.02,214.17999267578125,1162.949951171875,90.62
2011-09-27,1650.5999755859375,1164.5,84.18,91.6904,37.71,225.2899932861328,1175.3800048828125,90.62
2011-09-28,1616.300048828125,1171.9,80.94,91.6904,41.08,223.82000732421875,1151.06005859375,90.62
2011-09-29,1615.5,1172.6,81.87,91.6904,38.84,230.3699951171875,1160.4000244140625,90.62
2011-09-30,1620.4000244140625,1180.9,78.93,91.9998,42.96,230.41000366210932,1131.4200439453125,90.62
2011-10-01,,,,91.9998,,,,90.448
2011-10-02,,,,91.9998,,,,90.448
2011-10-03,1656.0,1180.0,77.34,91.9998,45.45,,1099.22998046875,90.448
2011-10-04,1614.699951171875,1197.5,75.4,91.9998,40.82,221.92999267578125,1123.949951171875,90.448
2011-10-05,1640.300048828125,1186.5,79.41,91.9998,37.81,217.33999633789065,1144.030029296875,90.448
2011-10-06,1651.9000244140625,1184.0,82.32,91.9998,36.27,223.94000244140625,1164.969970703125,90.448
2011-10-07,1634.5,1170.5,82.7,91.2469,36.2,230.2700042724609,1155.4599609375,90.448
2011-10-08,,,,91.2469,,,,90.448
2011-10-09,,,,91.2469,,,,90.448
2011-10-10,1669.5999755859375,,85.14,91.2469,33.02,230.82000732421875,1194.8900146484375,90.448
2011-10-11,1659.699951171875,1171.15,85.54,91.2469,32.86,234.8000030517578,1195.5400390625,90.448
2011-10-12,1681.300048828125,1164.5,85.3,91.2469,31.26,236.66000366210932,1207.25,90.448
2011-10-13,1667.300048828125,1157.75,83.96,91.2469,30.7,238.08999633789065,1203.6600341796875,90.448
2011-10-14,1681.800048828125,1156.0,86.8,90.2116,28.24,239.6699981689453,1224.5799560546875,90.448
2011-10-15,,,,90.2116,,,,90.448
2011-10-16,,,,90.2116,,,,90.448
2011-10-17,1675.5,1148.35,86.38,90.2116,33.39,243.4900054931641,1200.8599853515625,90.448
2011-10-18,1651.699951171875,1149.5,88.34,90.2116,31.56,239.88999938964844,1225.3800048828125,90.448
2011-10-19,1646.0,1133.5,86.11,90.2116,34.44,242.1100006103516,1209.8800048828125,90.448
2011-10-20,1611.9000244140625,1147.0,86.07,90.2116,34.78,235.57000732421875,1215.3900146484375,90.448
2011-10-21,1635.0999755859375,1147.2,87.19,90.279,31.32,240.0200042724609,1238.25,90.448
2011-10-22,,,,90.279,,,,90.448
2011-10-23,,,,90.279,,,,90.448
2011-10-24,1651.5,1133.2,91.12,90.279,29.26,248.2100067138672,1254.18994140625,90.448
2011-10-25,1699.5999755859375,1131.25,92.98,90.279,32.22,247.1999969482422,1229.050048828125,90.448
2011-10-26,1722.699951171875,1134.65,90.2,90.279,29.86,247.5599975585937,1242.0,90.448
2011-10-27,1746.699951171875,1106.6,93.96,90.279,25.46,,1284.5899658203125,90.448
2011-10-28,1746.199951171875,1102.5,93.32,88.6382,24.53,252.47000122070312,1285.0899658203125,90.448
2011-10-29,,,,88.6382,,,,90.448
2011-10-30,,,,88.6382,,,,90.448
2011-10-31,1724.199951171875,1112.05,93.19,88.6382,29.96,249.8800048828125,1253.300048828125,90.448
2011-11-01,1711.0,1122.05,92.19,88.6382,34.77,249.9199981689453,1218.280029296875,90.534
2011-11-02,1728.699951171875,1120.65,92.51,88.6382,32.74,248.02999877929688,1237.9000244140625,90.534
2011-11-03,1764.199951171875,1127.4,94.07,88.6382,30.5,244.08999633789065,1261.1500244140625,90.534
2011-11-04,1755.300048828125,1110.6,94.26,90.3154,30.16,252.33999633789065,1253.22998046875,90.534
2011-11-05,,,,90.3154,,,,90.534
2011-11-06,,,,90.3154,,,,90.534
2011-11-07,1790.300048828125,1117.3,95.52,90.3154,29.85,250.77999877929688,1261.1199951171875,90.534
2011-11-08,1798.4000244140625,1118.1,96.8,90.3154,27.48,248.32000732421875,1275.9200439453125,90.534
2011-11-09,1790.9000244140625,1118.85,95.74,90.3154,36.16,249.22999572753903,1229.0999755859375,90.534
2011-11-10,1758.9000244140625,1131.85,97.78,90.3154,32.81,236.0200042724609,1239.699951171875,90.534
2011-11-11,1787.5,,98.99,90.8588,30.04,242.9900054931641,1263.8499755859375,90.534
2011-11-12,,,,90.8588,,,,90.534
2011-11-13,,,,90.8588,,,,90.534
2011-11-14,1777.800048828125,1126.05,98.14,90.8588,31.13,248.2700042724609,1251.780029296875,90.534
2011-11-15,1781.699951171875,1128.5,99.37,90.8588,31.22,246.2100067138672,1257.81005859375,90.534
2011-11-16,1773.800048828125,1134.15,102.59,90.8588,33.51,241.97999572753903,1236.9100341796875,90.534
2011-11-17,1719.800048828125,1132.15,98.82,90.8588,34.51,244.6000061035156,1216.1300048828125,90.534
2011-11-18,1724.699951171875,1138.5,97.67,91.3676,32.0,239.42999267578125,1215.6500244140625,90.534
2011-11-19,,,,91.3676,,,,90.534
2011-11-20,,,,91.3676,,,,90.534
2011-11-21,1678.300048828125,1143.0,96.73,91.3676,32.91,,1192.97998046875,90.534
2011-11-22,1702.199951171875,1146.65,97.76,91.3676,31.97,237.8000030517578,1188.0400390625,90.534
2011-11-23,1695.699951171875,1159.7,96.16,91.3676,33.98,231.67999267578125,1161.7900390625,90.534
2011-11-24,,,,91.3676,,,,90.534
2011-11-25,1685.5,1162.0,96.91,93.1455,34.47,231.02999877929688,1158.6700439453125,90.534
2011-11-26,,,,93.1455,,,,90.534
2011-11-27,,,,93.1455,,,,90.534
2011-11-28,1710.800048828125,1152.5,98.21,93.1455,32.13,236.58999633789065,1192.550048828125,90.534
2011-11-29,1713.4000244140625,1139.5,99.79,93.1455,30.64,242.5,1195.18994140625,90.534
2011-11-30,1745.5,1140.05,100.36,93.1455,27.8,241.19000244140625,1246.9599609375,90.534
2011-12-01,1735.300048828125,1126.55,100.2,93.1455,27.41,251.5200042724609,1244.5799560546875,90.879
2011-12-02,1747.0,1128.0,100.97,91.3532,27.52,251.19000244140625,1244.280029296875,90.879
2011-12-03,,,,91.3532,,,,90.879
2011-12-04,,,,91.3532,,,,90.879
2011-12-05,1730.699951171875,1124.5,100.94,91.3532,27.84,252.22000122070312,1257.0799560546875,90.879
2011-12-06,1727.9000244140625,1128.5,101.25,91.3532,28.13,249.47999572753903,1258.469970703125,90.879
2011-12-07,1740.9000244140625,1129.05,100.45,91.3532,28.67,251.57000732421875,1261.010009765625,90.879
2011-12-08,1709.800048828125,1133.55,98.35,91.3532,30.59,250.3099975585937,1234.3499755859375,90.879
2011-12-09,1712.800048828125,1146.6,99.4,91.6122,26.38,244.92999267578125,1255.18994140625,90.879
2011-12-10,,,,91.6122,,,,90.879
2011-12-11,,,,91.6122,,,,90.879
2011-12-12,1664.199951171875,1149.2,97.77,91.6122,25.67,248.5500030517578,1236.469970703125,90.879
2011-12-13,1659.9000244140625,1157.0,100.24,91.6122,25.41,243.47999572753903,1225.72998046875,90.879
2011-12-14,1584.300048828125,1158.3,94.92,91.6122,26.04,242.3500061035156,1211.8199462890625,90.879
2011-12-15,1574.5999755859375,1156.95,93.84,91.6122,25.11,236.72000122070312,1215.75,90.879
2011-12-16,1595.5999755859375,1158.5,93.55,92.8252,24.29,239.82000732421875,1219.6600341796875,90.879
2011-12-17,,,,92.8252,,,,90.879
2011-12-18,,,,92.8252,,,,90.879
2011-12-19,1594.4000244140625,1175.5,93.86,92.8252,24.92,231.7400054931641,1205.3499755859375,90.879
2011-12-20,1615.5999755859375,1157.0,97.16,92.8252,23.22,233.8300018310547,1241.300048828125,90.879
2011-12-21,1611.9000244140625,1150.8,98.54,92.8252,21.43,241.509994506836,1243.719970703125,90.879
2011-12-22,1608.9000244140625,1154.0,99.42,92.8252,21.16,241.3999938964844,1254.0,90.879
2011-12-23,1604.699951171875,1149.0,99.72,92.3897,20.73,244.22000122070312,1265.3299560546875,90.879
2011-12-24,,,,92.3897,,,,90.879
2011-12-25,,,,92.3897,,,,90.879
2011-12-26,,,,92.3897,,,,90.879
2011-12-27,1594.199951171875,1155.65,101.29,92.3897,21.91,240.7899932861328,1265.4300537109375,90.879
2011-12-28,1562.9000244140625,1157.0,99.44,92.3897,23.52,238.1499938964844,1249.6400146484375,90.879
2011-12-29,1539.9000244140625,1156.5,99.68,92.3897,22.65,238.0800018310547,1263.02001953125,90.879
2011-12-30,1565.800048828125,1158.5,98.83,92.4262,23.4,,1257.5999755859375,90.879
2011-12-31,,,,92.4262,,,,90.879
2012-01-01,,,,92.4262,,,,91.242
2012-01-02,,,,92.4262,,,,91.242
2012-01-03,1599.699951171875,1143.7,102.96,92.4262,22.97,245.82000732421875,1277.06005859375,91.242
2012-01-04,1611.9000244140625,1147.35,103.22,92.4262,22.22,244.2400054931641,1277.300048828125,91.242
2012-01-05,1619.4000244140625,1155.55,101.81,92.4262,21.48,243.5599975585937,1281.06005859375,91.242
2012-01-06,1616.0999755859375,1160.0,101.56,92.7183,20.63,240.57000732421875,1277.81005859375,91.242
2012-01-07,,,,92.7183,,,,91.242
2012-01-08,,,,92.7183,,,,91.242
2012-01-09,1607.5,1158.8,101.31,92.7183,21.07,238.0200042724609,1280.699951171875,91.242
2012-01-10,1631.0,1153.55,102.24,92.7183,20.69,241.69000244140625,1292.0799560546875,91.242
2012-01-11,1639.199951171875,1159.55,100.89,92.7183,21.05,240.8300018310547,1292.47998046875,91.242
2012-01-12,1647.300048828125,1151.25,99.03,92.7183,20.47,243.4600067138672,1295.5,91.242
2012-01-13,1630.4000244140625,1150.35,98.69,92.5385,20.91,245.27999877929688,1289.0899658203125,91.242
2012-01-14,,,,92.5385,,,,91.242
2012-01-15,,,,92.5385,,,,91.242
2012-01-16,,,,92.5385,,,,91.242
2012-01-17,1655.199951171875,1142.85,100.7,92.5385,22.2,247.8099975585937,1293.6700439453125,91.242
2012-01-18,1659.5,1139.0,100.61,92.5385,20.89,247.82000732421875,1308.0400390625,91.242
2012-01-19,1654.0999755859375,1133.6,100.32,92.5385,19.87,251.2700042724609,1314.5,91.242
2012-01-20,1663.699951171875,1133.0,98.15,91.3661,18.28,256.6099853515625,1315.3800048828125,91.242
2012-01-21,,,,91.3661,,,,91.242
2012-01-22,,,,91.3661,,,,91.242
2012-01-23,1678.0,1125.4,99.47,91.3661,18.67,,1316.0,91.242
2012-01-24,1664.199951171875,1129.25,98.84,91.3661,18.91,,1314.6500244140625,91.242
2012-01-25,1699.800048828125,1129.05,99.23,91.3661,18.31,257.1400146484375,1326.06005859375,91.242
2012-01-26,1726.300048828125,1120.1,99.76,91.3661,18.57,257.5199890136719,1318.4300537109375,91.242
2012-01-27,1731.800048828125,1120.5,99.47,90.2559,18.53,258.6499938964844,1316.3299560546875,91.242
2012-01-28,,,,90.2559,,,,91.242
2012-01-29,,,,90.2559,,,,91.242
2012-01-30,1731.0,1128.0,98.75,90.2559,19.4,255.2100067138672,1313.010009765625,91.242
2012-01-31,1737.800048828125,1125.7,98.46,90.2559,19.44,256.8999938964844,1312.4100341796875,91.242
2012-02-01,1747.0999755859375,1126.35,97.63,90.2559,18.55,257.0599975585937,1324.0899658203125,91.588
2012-02-02,1756.800048828125,1115.65,96.36,90.2559,17.98,260.3500061035156,1325.5400390625,91.588
2012-02-03,1737.9000244140625,1116.0,97.8,89.8491,17.1,258.5299987792969,1344.9000244140625,91.588
2012-02-04,,,,89.8491,,,,91.588
2012-02-05,,,,89.8491,,,,91.588
2012-02-06,1722.800048828125,1121.0,96.89,89.8491,17.76,258.92999267578125,1344.3299560546875,91.588
2012-02-07,1746.4000244140625,1117.0,98.55,89.8491,17.65,259.79998779296875,1347.050048828125,91.588
2012-02-08,1729.300048828125,1116.4,98.8,89.8491,18.16,262.94000244140625,1349.9599609375,91.588
2012-02-09,1739.0,1118.55,99.88,89.8491,18.63,264.5,1351.949951171875,91.588
2012-02-10,1723.300048828125,1123.0,98.68,90.1024,20.79,261.1700134277344,1342.6400146484375,91.588
2012-02-11,,,,90.1024,,,,91.588
2012-02-12,,,,90.1024,,,,91.588
2012-02-13,1723.0,1119.95,100.39,90.1024,19.04,262.75,1351.77001953125,91.588
2012-02-14,1715.9000244140625,1126.55,100.82,90.1024,19.54,262.3800048828125,1350.5,91.588
2012-02-15,1726.300048828125,1124.65,101.82,90.1024,21.14,265.8800048828125,1343.22998046875,91.588
2012-02-16,1726.800048828125,1128.65,102.33,90.1024,19.22,261.8900146484375,1358.0400390625,91.588
2012-02-17,1724.5,1126.25,103.27,90.23,17.78,265.82000732421875,1361.22998046875,91.588
2012-02-18,,,,90.23,,,,91.588
2012-02-19,,,,90.23,,,,91.588
2012-02-20,,,,90.23,,265.95001220703125,,91.588
2012-02-21,1757.0999755859375,1124.25,105.88,90.23,18.19,265.8900146484375,1362.2099609375,91.588
2012-02-22,1770.0,1126.45,105.99,90.23,18.19,266.6300048828125,1357.6600341796875,91.588
2012-02-23,1784.9000244140625,1128.9,107.44,90.23,16.8,263.5799865722656,1363.4599609375,91.588
2012-02-24,1775.0999755859375,1124.0,109.39,89.9104,17.31,265.20001220703125,1365.739990234375,91.588
2012-02-25,,,,89.9104,,,,91.588
2012-02-26,,,,89.9104,,,,91.588
2012-02-27,1773.5999755859375,1127.25,108.49,89.9104,18.19,261.29998779296875,1367.5899658203125,91.588
2012-02-28,1787.0,1125.85,106.59,89.9104,17.96,263.45001220703125,1372.1800537109375,91.588
2012-02-29,1709.9000244140625,1117.1,107.08,89.9104,18.43,267.1300048828125,1365.6800537109375,91.588
2012-03-01,1721.0999755859375,1116.0,108.76,89.9104,17.26,,1374.0899658203125,91.614
2012-03-02,1708.800048828125,1116.5,106.68,90.135,17.29,267.45001220703125,1369.6300048828125,91.614
2012-03-03,,,,90.135,,,,91.614
2012-03-04,,,,90.135,,,,91.614
2012-03-05,1703.0,1116.0,106.7,90.135,18.05,264.75,1364.3299560546875,91.614
2012-03-06,1671.4000244140625,1122.64,104.71,90.135,20.87,262.8500061035156,1343.3599853515625,91.614
2012-03-07,1683.300048828125,1123.7,106.16,90.135,19.07,260.3500061035156,1352.6300048828125,91.614
2012-03-08,1698.0999755859375,1117.2,106.65,90.135,17.95,262.8500061035156,1365.9100341796875,91.614
2012-03-09,1710.9000244140625,1116.0,107.4,90.4341,17.11,265.6199951171875,1370.8699951171875,91.614
2012-03-10,,,,90.4341,,,,91.614
2012-03-11,,,,90.4341,,,,91.614
2012-03-12,1699.199951171875,1124.15,106.34,90.4341,15.64,263.739990234375,1371.0899658203125,91.614
2012-03-13,1693.699951171875,1123.45,106.7,90.4341,14.8,266.8999938964844,1395.949951171875,91.614
2012-03-14,1642.5,1126.1,105.49,90.4341,15.31,269.8500061035156,1394.280029296875,91.614
2012-03-15,1659.0999755859375,1124.85,105.19,90.4341,15.42,269.760009765625,1402.5999755859375,91.614
2012-03-16,1655.5,1125.7,107.03,90.5245,14.47,268.2699890136719,1404.1700439453125,91.614
2012-03-17,,,,90.5245,,,,91.614
2012-03-18,,,,90.5245,,,,91.614
2012-03-19,1666.9000244140625,1120.35,108.09,90.5245,15.04,270.2699890136719,1409.75,91.614
2012-03-20,1646.699951171875,1128.05,105.68,90.5245,15.58,269.67999267578125,1405.52001953125,91.614
2012-03-21,1650.0,1130.25,106.87,90.5245,15.13,267.7900085449219,1402.8900146484375,91.614
2012-03-22,1642.300048828125,1134.6,104.98,90.5245,15.57,267.9800109863281,1392.780029296875,91.614
2012-03-23,1662.300048828125,1135.0,106.43,90.6156,14.82,267.95001220703125,1397.1099853515625,91.614
2012-03-24,,,,90.6156,,,,91.614
2012-03-25,,,,90.6156,,,,91.614
2012-03-26,1685.5,1133.35,107.07,90.6156,14.26,267.4100036621094,1416.510009765625,91.614
2012-03-27,1684.800048828125,1134.4,107.32,90.6156,15.59,270.7099914550781,1412.52001953125,91.614
2012-03-28,1657.9000244140625,1136.3,105.4,90.6156,15.47,269.6400146484375,1405.5400390625,91.614
2012-03-29,1652.199951171875,1139.75,102.79,90.6156,15.48,267.1300048828125,1403.280029296875,91.614
2012-03-30,1669.300048828125,1131.4,103.03,90.4593,15.5,266.5799865722656,1408.469970703125,91.614
2012-03-31,,,,90.4593,,,,91.614
2012-04-01,,,,90.4593,,,,91.605
2012-04-02,1677.5,1125.75,105.25,90.4593,15.64,268.989990234375,1419.0400390625,91.605
2012-04-03,1670.0,1122.35,104.02,90.4593,15.66,272.4599914550781,1413.3800048828125,91.605
2012-04-04,1612.300048828125,1131.25,101.53,90.4593,16.44,268.3299865722656,1398.9599609375,91.605
2012-04-05,1628.5,1129.5,103.29,90.4593,16.7,,1398.0799560546875,91.605
2012-04-06,,1131.75,,90.9375,,,,91.605
2012-04-07,,,,90.9375,,,,91.605
2012-04-08,,,,90.9375,,,,91.605
2012-04-09,1642.5,1138.1,102.45,90.9375,18.81,,1382.199951171875,91.605
2012-04-10,1659.5,1139.5,101.12,90.9375,20.39,265.3800048828125,1358.5899658203125,91.605
2012-04-11,1659.0,1143.35,102.66,90.9375,20.02,,1368.7099609375,91.605
2012-04-12,1679.5,1137.4,103.69,90.9375,17.2,263.95001220703125,1387.5699462890625,91.605
2012-04-13,1659.0999755859375,1134.2,102.84,91.0558,19.55,266.8599853515625,1370.260009765625,91.605
2012-04-14,,,,91.0558,,,,91.605
2012-04-15,,,,91.0558,,,,91.605
2012-04-16,1648.699951171875,1138.0,102.92,91.0558,19.55,264.489990234375,1369.5699462890625,91.605
2012-04-17,1650.300048828125,1134.75,104.23,91.0558,18.46,263.32000732421875,1390.780029296875,91.605
2012-04-18,1638.800048828125,1139.35,102.65,91.0558,18.64,266.2200012207031,1385.1400146484375,91.605
2012-04-19,1640.5999755859375,1138.2,102.38,91.0558,18.36,265.5799865722656,1376.9200439453125,91.605
2012-04-20,1642.0999755859375,1138.1,103.58,90.8066,17.44,261.8399963378906,1378.530029296875,91.605
2012-04-21,,,,90.8066,,,,91.605
2012-04-22,,,,90.8066,,,,91.605
2012-04-23,1631.9000244140625,1142.5,102.68,90.8066,18.97,261.6600036621094,1366.93994140625,91.605
2012-04-24,1643.0,1138.4,103.1,90.8066,18.1,260.760009765625,1371.969970703125,91.605
2012-04-25,1641.4000244140625,1139.0,103.72,90.8066,16.82,260.82000732421875,1390.68994140625,91.605
2012-04-26,1659.5999755859375,1133.0,104.56,90.8066,16.24,261.510009765625,1399.97998046875,91.605
2012-04-27,1664.0,1131.0,104.86,90.3269,16.32,263.42999267578125,1403.3599853515625,91.605
2012-04-28,,,,90.3269,,,,91.605
2012-04-29,,,,90.3269,,,,91.605
2012-04-30,1663.4000244140625,1130.05,104.89,90.3269,17.15,264.3500061035156,1397.9100341796875,91.605
2012-05-01,1661.699951171875,1128.35,106.17,90.3269,16.6,,1405.8199462890625,91.769
2012-05-02,1653.4000244140625,1129.1,105.25,90.3269,16.88,266.6099853515625,1402.31005859375,91.769
2012-05-03,1634.199951171875,1130.4,102.56,90.3269,17.56,266.04998779296875,1391.5699462890625,91.769
2012-05-04,1644.699951171875,1134.25,98.49,91.0497,19.16,264.3999938964844,1369.0999755859375,91.769
2012-05-05,,,,91.0497,,,,91.769
2012-05-06,,,,91.0497,,,,91.769
2012-05-07,1638.5999755859375,1138.0,97.86,91.0497,18.94,259.7300109863281,1369.5799560546875,91.769
2012-05-08,1604.0,1138.46,97.13,91.0497,19.05,261.1199951171875,1363.719970703125,91.769
2012-05-09,1593.699951171875,1143.95,96.8,91.0497,20.08,258.7900085449219,1354.5799560546875,91.769
2012-05-10,1595.0999755859375,1142.15,97.1,91.0497,18.83,257.8900146484375,1357.989990234375,91.769
2012-05-11,1583.5999755859375,1146.15,96.03,91.7306,19.89,254.0,1353.3900146484375,91.769
2012-05-12,,,,91.7306,,,,91.769
2012-05-13,,,,91.7306,,,,91.769
2012-05-14,1560.5999755859375,1153.5,94.75,91.7306,21.87,254.1100006103516,1338.3499755859375,91.769
2012-05-15,1556.800048828125,1156.1,93.97,91.7306,21.97,252.32000732421875,1330.6600341796875,91.769
2012-05-16,1536.199951171875,1166.25,92.78,91.7306,22.27,243.92999267578125,1324.800048828125,91.769
2012-05-17,1574.5,1165.75,92.53,91.7306,24.49,244.47999572753903,1304.8599853515625,91.769
2012-05-18,1591.5999755859375,1170.0,91.51,93.1395,25.1,235.8500061035156,1295.219970703125,91.769
2012-05-19,,,,93.1395,,,,91.769
2012-05-20,,,,93.1395,,,,91.769
2012-05-21,1588.4000244140625,1167.0,92.57,93.1395,22.01,238.6199951171875,1315.989990234375,91.769
2012-05-22,1576.300048828125,1165.0,91.44,93.1395,22.48,242.66000366210932,1316.6300048828125,91.769
2012-05-23,1548.0999755859375,1174.85,89.4,93.1395,22.33,239.759994506836,1318.8599853515625,91.769
2012-05-24,1557.300048828125,1176.72,90.36,93.1395,21.54,240.509994506836,1320.6800537109375,91.769
2012-05-25,1568.800048828125,1185.0,90.64,93.9488,21.76,241.6000061035156,1317.8199462890625,91.769
2012-05-26,,,,93.9488,,,,91.769
2012-05-27,,,,93.9488,,,,91.769
2012-05-28,,,,93.9488,,,,91.769
2012-05-29,1548.5999755859375,1175.82,90.75,93.9488,21.03,245.259994506836,1332.4200439453125,91.769
2012-05-30,1563.4000244140625,1180.41,87.79,93.9488,24.14,244.67999267578125,1313.3199462890625,91.769
2012-05-31,1562.5999755859375,1180.0,86.52,93.9488,24.06,244.0500030517578,1310.3299560546875,91.769
2012-06-01,1620.5,1182.0,83.17,94.6979,26.66,242.97999572753903,1278.0400390625,91.639
2012-06-02,,,,94.6979,,,,91.639
2012-06-03,,,,94.6979,,,,91.639
2012-06-04,1612.199951171875,1178.99,83.95,94.6979,26.12,236.3000030517578,1278.1800537109375,91.639
2012-06-05,1615.199951171875,1177.08,84.31,94.6979,24.68,238.7899932861328,1285.5,91.639
2012-06-06,1632.800048828125,1173.89,85.05,94.6979,22.16,,1315.1300048828125,91.639
2012-06-07,1586.5999755859375,1162.75,84.78,94.6979,21.72,245.509994506836,1314.989990234375,91.639
2012-06-08,1590.0999755859375,1173.59,84.08,94.2024,21.23,243.69000244140625,1325.6600341796875,91.639
2012-06-09,,,,94.2024,,,,91.639
2012-06-10,,,,94.2024,,,,91.639
2012-06-11,1595.5,1171.0,82.58,94.2024,23.56,248.3000030517578,1308.9300537109375,91.639
2012-06-12,1612.699951171875,1168.5,83.35,94.2024,22.09,246.42999267578125,1324.1800537109375,91.639
2012-06-13,1618.0999755859375,1166.23,82.56,94.2024,24.27,247.0800018310547,1314.8800048828125,91.639
2012-06-14,1618.4000244140625,1163.78,83.83,94.2024,21.68,248.6199951171875,1329.0999755859375,91.639
2012-06-15,1627.0,1164.25,84.03,93.5203,21.11,246.57000732421875,1342.8399658203125,91.639
2012-06-16,,,,93.5203,,,,91.639
2012-06-17,,,,93.5203,,,,91.639
2012-06-18,1625.699951171875,1157.0,83.26,93.5203,18.32,251.3699951171875,1344.780029296875,91.639
2012-06-19,1622.199951171875,1153.0,83.99,93.5203,18.38,251.3099975585937,1357.97998046875,91.639
2012-06-20,1614.800048828125,1151.37,81.06,93.5203,17.24,252.9199981689453,1355.68994140625,91.639
2012-06-21,1564.5,1153.75,77.91,93.5203,20.08,250.4600067138672,1325.510009765625,91.639
2012-06-22,1566.0,1158.34,79.33,93.9205,18.11,244.1499938964844,1335.02001953125,91.639
2012-06-23,,,,93.9205,,,,91.639
2012-06-24,,,,93.9205,,,,91.639
2012-06-25,1587.5,1163.25,78.76,93.9205,20.38,240.75,1313.719970703125,91.639
2012-06-26,1574.0,1157.6,79.34,93.9205,19.72,239.67999267578125,1319.989990234375,91.639
2012-06-27,1577.5,1156.01,80.27,93.9205,19.45,239.8500061035156,1331.8499755859375,91.639
2012-06-28,1549.699951171875,1157.61,77.72,93.9205,19.71,239.97999572753903,1329.0400390625,91.639
2012-06-29,1603.5,1141.17,85.04,92.9096,17.08,244.8999938964844,1362.1600341796875,91.639
2012-06-30,,,,92.9096,,,,91.639
2012-07-01,,,,92.9096,,,,91.432
2012-07-02,1597.199951171875,1143.4,83.72,92.9096,16.8,244.4600067138672,1365.510009765625,91.432
2012-07-03,1621.300048828125,1133.0,87.74,92.9096,16.66,246.8000030517578,1374.02001953125,91.432
2012-07-04,,,,92.9096,,,,91.432
2012-07-05,1608.9000244140625,1133.54,87.11,92.9096,17.5,247.6699981689453,1367.5799560546875,91.432
2012-07-06,1578.4000244140625,1140.3,84.37,93.7087,17.1,245.07000732421875,1354.6800537109375,91.432
2012-07-07,,,,93.7087,,,,91.432
2012-07-08,,,,93.7087,,,,91.432
2012-07-09,1588.5999755859375,1141.88,85.93,93.7087,17.98,241.72999572753903,1352.4599609375,91.432
2012-07-10,1579.300048828125,1140.63,83.92,93.7087,18.72,240.8800048828125,1341.469970703125,91.432
2012-07-11,1575.199951171875,1140.5,85.88,93.7087,17.95,240.33999633789065,1341.449951171875,91.432
2012-07-12,1564.9000244140625,1154.04,86.02,93.7087,18.33,234.66000366210932,1334.760009765625,91.432
2012-07-13,1591.5999755859375,1147.53,87.15,93.5515,16.74,238.7700042724609,1356.780029296875,91.432
2012-07-14,,,,93.5515,,,,91.432
2012-07-15,,,,93.5515,,,,91.432
2012-07-16,1591.199951171875,1146.18,88.41,93.5515,17.11,239.38999938964844,1353.6400146484375,91.432
2012-07-17,1589.0999755859375,1144.83,89.07,93.5515,16.48,240.19000244140625,1363.6700439453125,91.432
2012-07-18,1570.4000244140625,1141.34,89.88,93.5515,16.16,236.4199981689453,1372.780029296875,91.432
2012-07-19,1580.0999755859375,1138.3,92.78,93.5515,15.45,240.44000244140625,1376.510009765625,91.432
2012-07-20,1582.5,1142.0,91.56,93.3653,16.27,240.3500061035156,1362.6600341796875,91.432
2012-07-21,,,,93.3653,,,,91.432
2012-07-22,,,,93.3653,,,,91.432
2012-07-23,1577.0999755859375,1151.03,87.77,93.3653,18.62,235.75,1350.52001953125,91.432
2012-07-24,1576.0,1148.78,88.28,93.3653,20.47,236.6499938964844,1338.31005859375,91.432
2012-07-25,1608.0,1148.89,88.8,93.3653,19.34,233.4900054931641,1337.8900146484375,91.432
2012-07-26,1615.0,1146.17,89.4,93.3653,17.53,235.3300018310547,1360.02001953125,91.432
2012-07-27,1617.9000244140625,1138.01,90.13,92.9333,16.7,242.22999572753903,1385.969970703125,91.432
2012-07-28,,,,92.9333,,,,91.432
2012-07-29,,,,92.9333,,,,91.432
2012-07-30,1619.699951171875,1137.22,89.8,92.9333,18.03,,1385.300048828125,91.432
2012-07-31,1610.5,1130.27,88.08,92.9333,18.93,250.0800018310547,1379.3199462890625,91.432
2012-08-01,1603.699951171875,1126.56,88.99,92.9333,18.96,249.6000061035156,1375.3199462890625,91.855
2012-08-02,1587.4000244140625,1131.58,87.22,92.9333,17.57,247.8999938964844,1365.0,91.855
2012-08-03,1606.0,1134.25,91.4,92.6048,15.64,244.8099975585937,1390.989990234375,91.855
2012-08-04,,,,92.6048,,,,91.855
2012-08-05,,,,92.6048,,,,91.855
2012-08-06,1612.9000244140625,1127.93,92.3,92.6048,15.95,250.3600006103516,1394.22998046875,91.855
2012-08-07,1609.699951171875,1128.7,93.68,92.6048,15.99,250.38999938964844,1401.3499755859375,91.855
2012-08-08,1612.9000244140625,1129.77,93.39,92.6048,15.32,252.83999633789065,1402.219970703125,91.855
2012-08-09,1617.0999755859375,1126.0,93.39,92.6048,15.28,258.0799865722656,1402.800048828125,91.855
2012-08-10,1619.699951171875,1130.75,92.94,92.5129,14.74,258.9100036621094,1405.8699951171875,91.855
2012-08-11,,,,92.5129,,,,91.855
2012-08-12,,,,92.5129,,,,91.855
2012-08-13,1609.5999755859375,1128.73,92.76,92.5129,13.7,256.6499938964844,1404.1099853515625,91.855
2012-08-14,1599.4000244140625,1130.24,93.4,92.5129,14.85,260.1099853515625,1403.9300537109375,91.855
2012-08-15,1603.699951171875,1130.08,94.35,92.5129,14.63,,1405.530029296875,91.855
2012-08-16,1616.0999755859375,1133.19,95.66,92.5129,14.29,260.0799865722656,1415.510009765625,91.855
2012-08-17,1616.300048828125,1134.72,96.0,92.711,13.45,258.20001220703125,1418.1600341796875,91.855
2012-08-18,,,,92.711,,,,91.855
2012-08-19,,,,92.711,,,,91.855
2012-08-20,1620.0999755859375,1134.93,96.03,92.711,14.02,258.0299987792969,1418.1300048828125,91.855
2012-08-21,1639.9000244140625,1130.37,96.55,92.711,15.02,257.5,1413.1700439453125,91.855
2012-08-22,1637.4000244140625,1135.56,96.89,92.711,15.11,256.2099914550781,1413.489990234375,91.855
2012-08-23,1669.5999755859375,1131.35,95.87,92.711,15.96,257.2799987792969,1402.0799560546875,91.855
2012-08-24,1669.800048828125,1134.15,95.78,92.2785,15.18,253.72999572753903,1411.1300048828125,91.855
2012-08-25,,,,92.2785,,,,91.855
2012-08-26,,,,92.2785,,,,91.855
2012-08-27,1672.4000244140625,1134.49,95.54,92.2785,16.35,252.7700042724609,1410.43994140625,91.855
2012-08-28,1666.5,1134.45,96.3,92.2785,16.49,252.57000732421875,1409.300048828125,91.855
2012-08-29,1659.800048828125,1134.97,95.5,92.2785,17.06,254.22000122070312,1410.489990234375,91.855
2012-08-30,1653.5,1134.18,94.61,92.2785,17.83,250.9600067138672,1399.47998046875,91.855
2012-08-31,1684.5999755859375,1133.2,96.47,92.1677,17.47,250.5599975585937,1406.5799560546875,91.855
2012-09-01,,,,92.1677,,,,92.512
2012-09-02,,,,92.1677,,,,92.512
2012-09-03,,,,92.1677,,,,92.512
2012-09-04,1692.9000244140625,1133.23,95.34,92.1677,17.98,250.5599975585937,1404.93994140625,92.512
2012-09-05,1690.800048828125,1135.96,95.37,92.1677,17.74,245.75,1403.43994140625,92.512
2012-09-06,1702.5999755859375,1133.45,95.58,92.1677,15.6,246.7899932861328,1432.1199951171875,92.512
2012-09-07,1737.5,1129.85,96.41,91.3469,14.38,254.0200042724609,1437.9200439453125,92.512
2012-09-08,,,,91.3469,,,,92.512
2012-09-09,,,,91.3469,,,,92.512
2012-09-10,1728.699951171875,1128.55,96.52,91.3469,16.28,253.3800048828125,1429.0799560546875,92.512
2012-09-11,1731.800048828125,1127.94,97.03,91.3469,16.41,252.72999572753903,1433.56005859375,92.512
2012-09-12,1730.5999755859375,1126.6,97.02,91.3469,15.8,256.95001220703125,1436.56005859375,92.512
2012-09-13,1769.0999755859375,1128.49,98.3,91.3469,14.05,256.8699951171875,1459.989990234375,92.512
2012-09-14,1769.800048828125,1116.65,98.94,90.1436,14.51,265.0199890136719,1465.77001953125,92.512
2012-09-15,,,,90.1436,,,,92.512
2012-09-16,,,,90.1436,,,,92.512
2012-09-17,1767.699951171875,1116.39,96.51,90.1436,14.59,263.9700012207031,1461.18994140625,92.512
2012-09-18,1768.4000244140625,1117.95,95.25,90.1436,14.18,264.25,1459.3199462890625,92.512
2012-09-19,1769.0,1115.74,91.97,90.1436,13.88,264.44000244140625,1461.050048828125,92.512
2012-09-20,1767.699951171875,1121.25,92.14,90.1436,14.07,261.8699951171875,1460.260009765625,92.512
2012-09-21,1775.5,1118.7,92.64,90.5342,13.98,263.4100036621094,1460.1500244140625,92.512
2012-09-22,,,,90.5342,,,,92.512
2012-09-23,,,,90.5342,,,,92.512
2012-09-24,1762.0999755859375,1120.34,91.68,90.5342,14.15,263.5599975585937,1456.8900146484375,92.512
2012-09-25,1763.800048828125,1119.3,91.07,90.5342,15.43,262.0299987792969,1441.5899658203125,92.512
2012-09-26,1750.5999755859375,1119.2,89.92,90.5342,16.81,260.4200134277344,1433.3199462890625,92.512
2012-09-27,1777.5999755859375,1116.03,91.89,90.5342,14.84,261.6199951171875,1447.1500244140625,92.512
2012-09-28,1771.0999755859375,1111.21,92.18,90.8342,15.73,262.489990234375,1440.6700439453125,92.512
2012-09-29,,,,90.8342,,,,92.512
2012-09-30,,,,90.8342,,,,92.512
2012-10-01,1780.5,1112.29,92.44,90.8342,16.32,,1444.489990234375,92.339
2012-10-02,1772.699951171875,1112.5,91.88,90.8342,15.71,262.4800109863281,1445.75,92.339
2012-10-03,1777.300048828125,1112.88,88.19,90.8342,15.43,,1450.989990234375,92.339
2012-10-04,1794.0999755859375,1111.6,91.69,90.8342,14.55,261.9200134277344,1461.4000244140625,92.339
2012-10-05,1778.5999755859375,1107.0,89.87,90.2851,14.33,262.07000732421875,1460.9300537109375,92.339
2012-10-06,,,,90.2851,,,,92.339
2012-10-07,,,,90.2851,,,,92.339
2012-10-08,1773.5,,89.43,90.2851,15.11,260.1099853515625,1455.8800048828125,92.339
2012-10-09,1763.0,1111.22,92.42,90.2851,16.37,259.6600036621094,1441.47998046875,92.339
2012-10-10,1763.199951171875,1114.61,91.24,90.2851,16.29,255.1499938964844,1432.56005859375,92.339
2012-10-11,1768.800048828125,1112.07,92.19,90.2851,15.59,252.83999633789065,1432.8399658203125,92.339
2012-10-12,1758.0,1110.5,91.83,90.6833,16.14,252.44000244140625,1428.5899658203125,92.339
2012-10-13,,,,90.6833,,,,92.339
2012-10-14,,,,90.6833,,,,92.339
2012-10-15,1736.0,1110.24,91.84,90.6833,15.27,251.44000244140625,1440.1300048828125,92.339
2012-10-16,1744.699951171875,1106.1,92.07,90.6833,15.22,253.97999572753903,1454.9200439453125,92.339
2012-10-17,1751.5,1104.74,92.04,90.6833,15.07,256.0599975585937,1460.9100341796875,92.339
2012-10-18,1743.300048828125,1104.66,92.0,90.6833,15.03,257.2699890136719,1457.3399658203125,92.339
2012-10-19,1722.800048828125,1105.51,90.0,90.8107,17.06,254.7899932861328,1433.18994140625,92.339
2012-10-20,,,,90.8107,,,,92.339
2012-10-21,,,,90.8107,,,,92.339
2012-10-22,1725.0999755859375,1103.98,88.3,90.8107,16.62,254.22000122070312,1433.8199462890625,92.339
2012-10-23,1708.300048828125,1103.1,86.65,90.8107,18.83,251.8600006103516,1413.1099853515625,92.339
2012-10-24,1700.5,1103.12,85.39,90.8107,18.33,249.8000030517578,1408.75,92.339
2012-10-25,1712.0,1098.0,85.59,90.8107,18.12,251.72000122070312,1412.969970703125,92.339
2012-10-26,1710.9000244140625,1097.03,85.84,91.1411,17.81,247.17999267578125,1411.93994140625,92.339
2012-10-27,,,,91.1411,,,,92.339
2012-10-28,,,,91.1411,,,,92.339
2012-10-29,,1095.76,85.52,91.1411,,247.66000366210932,,92.339
2012-10-30,,1091.33,85.65,91.1411,,248.5200042724609,,92.339
2012-10-31,1717.5,1090.17,86.23,91.1411,18.6,250.17999267578125,1412.1600341796875,92.339
2012-11-01,1714.0999755859375,1090.27,87.05,91.1411,16.69,247.8300018310547,1427.5899658203125,92.011
2012-11-02,1674.0999755859375,1090.7,84.9,91.281,17.59,251.0399932861328,1414.199951171875,92.011
2012-11-03,,,,91.281,,,,92.011
2012-11-04,,,,91.281,,,,92.011
2012-11-05,1682.199951171875,1091.0,85.64,91.281,18.42,249.5,1417.260009765625,92.011
2012-11-06,1714.0999755859375,1090.19,88.62,91.281,17.58,252.3000030517578,1428.3900146484375,92.011
2012-11-07,1713.199951171875,1086.5,84.5,91.281,19.08,253.6999969482422,1394.530029296875,92.011
2012-11-08,1725.4000244140625,1089.23,85.07,91.281,18.49,250.1300048828125,1377.510009765625,92.011
2012-11-09,1730.300048828125,1087.76,86.08,91.6871,18.61,248.69000244140625,1379.8499755859375,92.011
2012-11-10,,,,91.6871,,,,92.011
2012-11-11,,,,91.6871,,,,92.011
2012-11-12,1730.300048828125,,85.56,91.6871,16.68,248.17999267578125,1380.030029296875,92.011
2012-11-13,1724.199951171875,1089.44,85.38,91.6871,16.65,246.8999938964844,1374.530029296875,92.011
2012-11-14,1729.5,1086.0,86.32,91.6871,17.92,247.8000030517578,1355.489990234375,92.011
2012-11-15,1713.300048828125,1088.5,85.45,91.6871,17.99,244.63999938964844,1353.3299560546875,92.011
2012-11-16,1714.300048828125,1091.77,86.62,92.0095,16.41,243.4499969482422,1359.8800048828125,92.011
2012-11-17,,,,92.0095,,,,92.011
2012-11-18,,,,92.0095,,,,92.011
2012-11-19,1734.0,1085.97,89.05,92.0095,15.24,245.82000732421875,1386.8900146484375,92.011
2012-11-20,1723.199951171875,1082.58,86.46,92.0095,15.08,247.72000122070312,1387.81005859375,92.011
2012-11-21,1727.9000244140625,1082.0,87.08,92.0095,15.31,247.0200042724609,1391.030029296875,92.011
2012-11-22,,,,92.0095,,,,92.011
2012-11-23,1751.300048828125,1085.0,87.01,91.2616,15.14,251.44000244140625,1409.1500244140625,92.011
2012-11-24,,,,91.2616,,,,92.011
2012-11-25,,,,91.2616,,,,92.011
2012-11-26,1749.5,1085.62,87.28,91.2616,15.5,250.72999572753903,1406.2900390625,92.011
2012-11-27,1742.199951171875,1086.25,86.81,91.2616,15.92,253.41000366210932,1398.93994140625,92.011
2012-11-28,1716.5,1085.35,86.1,91.2616,15.51,251.72000122070312,1409.9300537109375,92.011
2012-11-29,1727.199951171875,1083.17,87.64,91.2616,15.06,254.72999572753903,1415.949951171875,92.011
2012-11-30,1710.9000244140625,1081.75,88.54,91.1038,15.87,254.25,1416.1800537109375,92.011
2012-12-01,,,,91.1038,,,,92.175
2012-12-02,,,,91.1038,,,,92.175
2012-12-03,1719.5999755859375,1082.65,88.69,91.1038,16.64,255.57000732421875,1409.4599609375,92.175
2012-12-04,1694.4000244140625,1083.69,88.04,91.1038,17.12,254.8300018310547,1407.050048828125,92.175
2012-12-05,1692.4000244140625,1081.99,87.36,91.1038,16.46,256.6300048828125,1409.280029296875,92.175
2012-12-06,1700.300048828125,1083.3,85.47,91.1038,16.58,257.2699890136719,1413.93994140625,92.175
2012-12-07,1704.0,1081.56,85.45,91.0437,15.9,258.7799987792969,1418.0699462890625,92.175
2012-12-08,,,,91.0437,,,,92.175
2012-12-09,,,,91.0437,,,,92.175
2012-12-10,1713.0,1077.43,85.14,91.0437,16.05,259.0299987792969,1418.550048828125,92.175
2012-12-11,1708.199951171875,1074.85,85.36,91.0437,15.57,260.1199951171875,1427.8399658203125,92.175
2012-12-12,1716.5999755859375,1073.35,86.35,91.0437,15.95,261.6700134277344,1428.47998046875,92.175
2012-12-13,1695.5999755859375,1073.9,85.39,91.0437,16.56,265.7900085449219,1419.449951171875,92.175
2012-12-14,1695.800048828125,1074.74,86.32,90.7156,17.0,264.5599975585937,1413.5799560546875,92.175
2012-12-15,,,,90.7156,,,,92.175
2012-12-16,,,,90.7156,,,,92.175
2012-12-17,1697.0,1072.3,86.71,90.7156,16.34,262.760009765625,1430.3599853515625,92.175
2012-12-18,1669.5,1072.75,87.46,90.7156,15.57,264.2300109863281,1446.7900390625,92.175
2012-12-19,1666.5,1071.4,89.09,90.7156,17.36,,1435.81005859375,92.175
2012-12-20,1644.9000244140625,1074.3,89.76,90.7156,17.67,264.7799987792969,1443.68994140625,92.175
2012-12-21,1659.0999755859375,1075.4,88.2,90.9597,17.84,261.8900146484375,1430.1500244140625,92.175
2012-12-22,,,,90.9597,,,,92.175
2012-12-23,,,,90.9597,,,,92.175
2012-12-24,1658.5999755859375,1073.24,88.29,90.9597,17.84,262.1099853515625,1426.6600341796875,92.175
2012-12-25,,,,90.9597,,,,92.175
2012-12-26,1659.800048828125,1072.29,90.71,90.9597,19.48,,1419.8299560546875,92.175
2012-12-27,1662.5999755859375,1071.67,90.91,90.9597,19.47,262.67999267578125,1418.0999755859375,92.175
2012-12-28,1654.9000244140625,1070.4,90.66,91.0419,22.72,263.9200134277344,1402.4300537109375,92.175
2012-12-29,,,,91.0419,,,,92.175
2012-12-30,,,,91.0419,,,,92.175
2012-12-31,1674.800048828125,1063.24,91.83,91.0419,18.02,,1426.18994140625,92.175
2013-01-01,,,,91.0419,,,,92.728
2013-01-02,1687.9000244140625,1063.3,93.14,91.0419,14.68,269.1600036621094,1462.4200439453125,92.728
2013-01-03,1673.699951171875,1062.95,92.97,91.0419,14.56,267.5199890136719,1459.3699951171875,92.728
2013-01-04,1648.0999755859375,1062.0,93.12,91.1025,13.83,266.1400146484375,1466.469970703125,92.728
2013-01-05,,,,91.1025,,,,92.728
2013-01-06,,,,91.1025,,,,92.728
2013-01-07,1645.5,1062.5,93.2,91.1025,13.79,265.9700012207031,1461.8900146484375,92.728
2013-01-08,1661.5,1063.5,93.21,91.1025,13.62,263.95001220703125,1457.1500244140625,92.728
2013-01-09,1654.800048828125,1060.1,93.08,91.1025,13.81,262.8999938964844,1461.02001953125,92.728
2013-01-10,1677.300048828125,1058.12,93.81,91.1025,13.49,264.95001220703125,1472.1199951171875,92.728
2013-01-11,1660.0,1056.09,93.6,90.5352,13.36,263.32000732421875,1472.050048828125,92.728
2013-01-12,,,,90.5352,,,,92.728
2013-01-13,,,,90.5352,,,,92.728
2013-01-14,1668.9000244140625,1056.0,94.27,90.5352,13.52,264.79998779296875,1470.6800537109375,92.728
2013-01-15,1683.4000244140625,1057.62,93.26,90.5352,13.55,261.42999267578125,1472.3399658203125,92.728
2013-01-16,1682.699951171875,1058.35,94.28,90.5352,13.42,260.489990234375,1472.6300048828125,92.728
2013-01-17,1690.4000244140625,1057.82,95.49,90.5352,13.57,260.1000061035156,1480.93994140625,92.728
2013-01-18,1686.5999755859375,1058.4,95.61,90.8697,12.46,261.7099914550781,1485.97998046875,92.728
2013-01-19,,,,90.8697,,,,92.728
2013-01-20,,,,90.8697,,,,92.728
2013-01-21,,,,90.8697,,261.29998779296875,,92.728
2013-01-22,1692.800048828125,1062.95,96.09,90.8697,12.43,262.9100036621094,1492.56005859375,92.728
2013-01-23,1686.300048828125,1067.02,95.06,90.8697,12.46,261.1000061035156,1494.81005859375,92.728
2013-01-24,1669.5,1067.95,95.35,90.8697,12.69,258.739990234375,1494.8199462890625,92.728
2013-01-25,1656.4000244140625,1075.33,95.15,91.0868,12.89,256.0599975585937,1502.9599609375,92.728
2013-01-26,,,,91.0868,,,,92.728
2013-01-27,,,,91.0868,,,,92.728
2013-01-28,1652.4000244140625,1091.22,95.95,91.0868,13.57,254.66000366210932,1500.1800537109375,92.728
2013-01-29,1660.699951171875,1082.4,97.62,91.0868,13.31,257.2200012207031,1507.8399658203125,92.728
2013-01-30,1679.9000244140625,1085.85,97.98,91.0868,14.32,258.4700012207031,1501.9599609375,92.728
2013-01-31,1660.5999755859375,1087.46,97.65,91.0868,14.28,258.07000732421875,1498.1099853515625,92.728
2013-02-01,1669.4000244140625,1094.79,97.46,90.6923,12.9,257.6400146484375,1513.1700439453125,93.038
2013-02-02,,,,90.6923,,,,93.038
2013-02-03,,,,90.6923,,,,93.038
2013-02-04,1675.300048828125,1089.35,96.21,90.6923,14.67,256.8900146484375,1495.7099609375,93.038
2013-02-05,1672.4000244140625,1086.17,96.68,90.6923,13.72,254.82000732421875,1511.2900390625,93.038
2013-02-06,1677.699951171875,1089.0,96.44,90.6923,13.41,254.3099975585937,1512.1199951171875,93.038
2013-02-07,1670.4000244140625,1090.15,95.84,90.6923,13.5,254.0,1509.3900146484375,93.038
2013-02-08,1666.0,1095.65,95.71,91.3056,13.02,257.0899963378906,1517.9300537109375,93.038
2013-02-09,,,,91.3056,,,,93.038
2013-02-10,,,,91.3056,,,,93.038
2013-02-11,1648.199951171875,1095.5,97.01,91.3056,12.94,,1517.010009765625,93.038
2013-02-12,1648.699951171875,1093.13,97.48,91.3056,12.64,256.6499938964844,1519.4300537109375,93.038
2013-02-13,1644.199951171875,1085.72,97.03,91.3056,12.98,260.9200134277344,1520.3299560546875,93.038
2013-02-14,1634.699951171875,1085.14,97.3,91.3056,12.66,261.44000244140625,1521.3800048828125,93.038
2013-02-15,1608.800048828125,1078.22,95.95,91.4551,12.46,261.6099853515625,1519.7900390625,93.038
2013-02-16,,,,91.4551,,,,93.038
2013-02-17,,,,91.4551,,,,93.038
2013-02-18,,,,91.4551,,261.6300048828125,,93.038
2013-02-19,1603.5999755859375,1079.65,96.69,91.4551,12.31,,1530.93994140625,93.038
2013-02-20,1577.5999755859375,1079.85,94.92,91.4551,14.68,268.07000732421875,1511.949951171875,93.038
2013-02-21,1578.199951171875,1086.8,92.79,91.4551,15.22,266.8500061035156,1502.4200439453125,93.038
2013-02-22,1572.4000244140625,1085.03,93.12,92.1197,14.17,267.1499938964844,1515.5999755859375,93.038
2013-02-23,,,,92.1197,,,,93.038
2013-02-24,,,,92.1197,,,,93.038
2013-02-25,1586.199951171875,1086.0,92.74,92.1197,18.99,266.010009765625,1487.8499755859375,93.038
2013-02-26,1615.199951171875,1089.82,92.63,92.1197,16.87,264.67999267578125,1496.93994140625,93.038
2013-02-27,1595.199951171875,1084.99,92.84,92.1197,14.73,265.0400085449219,1515.989990234375,93.038
2013-02-28,1577.699951171875,1083.9,92.03,92.1197,15.51,268.010009765625,1514.6800537109375,93.038
2013-03-01,1571.9000244140625,1083.9,90.71,92.6177,15.36,,1518.199951171875,92.952
2013-03-02,,,,92.6177,,,,92.952
2013-03-03,,,,92.6177,,,,92.952
2013-03-04,1572.0999755859375,1090.8,90.13,92.6177,14.01,266.1400146484375,1525.199951171875,92.952
2013-03-05,1574.5999755859375,1086.58,90.88,92.6177,13.48,266.5400085449219,1539.7900390625,92.952
2013-03-06,1574.5999755859375,1084.36,90.47,92.6177,13.53,267.25,1541.4599609375,92.952
2013-03-07,1574.800048828125,1087.49,91.53,92.6177,13.06,264.7799987792969,1544.260009765625,92.952
2013-03-08,1576.5999755859375,1089.15,92.01,92.6252,12.59,264.57000732421875,1551.1800537109375,92.952
2013-03-09,,,,92.6252,,,,92.952
2013-03-10,,,,92.6252,,,,92.952
2013-03-11,1577.800048828125,1093.9,92.07,92.6252,11.56,264.1499938964844,1556.219970703125,92.952
2013-03-12,1591.5,1095.28,92.44,92.6252,12.27,262.42999267578125,1552.47998046875,92.952
2013-03-13,1588.300048828125,1098.42,92.47,92.6252,11.83,263.3299865722656,1554.52001953125,92.952
2013-03-14,1590.5999755859375,1107.49,93.03,92.6252,11.3,263.3699951171875,1563.22998046875,92.952
2013-03-15,1592.5,1110.62,93.49,92.128,11.3,260.8399963378906,1560.699951171875,92.952
2013-03-16,,,,92.128,,,,92.952
2013-03-17,,,,92.128,,,,92.952
2013-03-18,1604.5999755859375,1114.19,93.71,92.128,13.36,258.29998779296875,1552.0999755859375,92.952
2013-03-19,1611.300048828125,1112.93,92.44,92.128,14.39,259.7900085449219,1548.3399658203125,92.952
2013-03-20,1607.5,1115.62,93.21,92.128,12.67,257.0400085449219,1558.7099609375,92.952
2013-03-21,1613.800048828125,1115.41,92.46,92.128,13.99,255.82000732421875,1545.800048828125,92.952
2013-03-22,1606.199951171875,1119.2,93.41,92.2051,13.57,255.3300018310547,1556.8900146484375,92.952
2013-03-23,,,,92.2051,,,,92.952
2013-03-24,,,,92.2051,,,,92.952
2013-03-25,1604.5999755859375,1110.88,94.55,92.2051,13.74,259.5799865722656,1551.68994140625,92.952
2013-03-26,1595.800048828125,1107.36,95.99,92.2051,12.77,260.5400085449219,1563.77001953125,92.952
2013-03-27,1606.199951171875,1111.09,96.53,92.2051,13.15,261.8599853515625,1562.8499755859375,92.952
2013-03-28,1594.800048828125,1113.14,97.24,92.2051,12.7,261.8599853515625,1569.18994140625,92.952
2013-03-29,,1112.48,,92.302,,,,92.952
2013-03-30,,,,92.302,,,,92.952
2013-03-31,,,,92.302,,,,92.952
2013-04-01,1600.0,1114.38,97.1,92.302,13.58,,1562.1700439453125,92.823
2013-04-02,1575.0999755859375,1117.87,97.23,92.302,12.78,260.7900085449219,1570.25,92.823
2013-04-03,1552.800048828125,1116.68,95.02,92.302,14.21,260.3599853515625,1553.68994140625,92.823
2013-04-04,1551.800048828125,1123.57,93.26,92.302,13.89,257.04998779296875,1559.97998046875,92.823
2013-04-05,1575.4000244140625,1136.82,92.76,92.1043,13.92,252.7700042724609,1553.280029296875,92.823
2013-04-06,,,,92.1043,,,,92.823
2013-04-07,,,,92.1043,,,,92.823
2013-04-08,1572.0,1140.34,93.36,92.1043,13.19,252.38999938964844,1563.0699462890625,92.823
2013-04-09,1586.199951171875,1139.19,94.18,92.1043,12.84,252.52999877929688,1568.6099853515625,92.823
2013-04-10,1558.300048828125,1135.35,94.59,92.1043,12.36,254.33999633789065,1587.72998046875,92.823
2013-04-11,1564.300048828125,1128.85,93.44,92.1043,12.24,256.17999267578125,1593.3699951171875,92.823
2013-04-12,1501.0,1129.24,91.23,91.7967,12.06,252.0,1588.8499755859375,92.823
2013-04-13,,,,91.7967,,,,92.823
2013-04-14,,,,91.7967,,,,92.823
2013-04-15,1360.5999755859375,1119.0,88.75,91.7967,17.27,251.509994506836,1552.3599853515625,92.823
2013-04-16,1386.800048828125,1114.0,88.73,91.7967,13.96,251.77999877929688,1574.5699462890625,92.823
2013-04-17,1382.199951171875,1121.0,86.65,91.7967,16.51,251.509994506836,1552.010009765625,92.823
2013-04-18,1392.0,1119.48,87.83,91.7967,17.56,247.8500061035156,1541.6099853515625,92.823
2013-04-19,1395.300048828125,1119.03,88.04,92.2166,14.97,248.7700042724609,1555.25,92.823
2013-04-20,,,,92.2166,,,,92.823
2013-04-21,,,,92.2166,,,,92.823
2013-04-22,1421.0,1119.51,88.81,92.2166,14.39,251.4600067138672,1562.5,92.823
2013-04-23,1408.5999755859375,1119.53,89.21,92.2166,13.48,250.009994506836,1578.780029296875,92.823
2013-04-24,1423.4000244140625,1117.94,91.07,92.2166,13.61,252.0,1578.7900390625,92.823
2013-04-25,1461.800048828125,1111.35,93.27,92.2166,13.62,254.4900054931641,1585.1600341796875,92.823
2013-04-26,1453.5999755859375,1111.1,92.63,91.9012,13.61,253.0399932861328,1582.239990234375,92.823
2013-04-27,,,,91.9012,,,,92.823
2013-04-28,,,,91.9012,,,,92.823
2013-04-29,1467.4000244140625,1104.0,94.09,91.9012,13.71,,1593.6099853515625,92.823
2013-04-30,1472.199951171875,1101.52,93.22,91.9012,13.52,255.72000122070312,1597.5699462890625,92.823
2013-05-01,1446.300048828125,1100.35,90.74,91.9012,14.49,,1582.699951171875,92.823
2013-05-02,1467.699951171875,1101.4,93.7,91.9012,13.59,254.9199981689453,1597.5899658203125,92.823
2013-05-03,1464.300048828125,1096.67,95.25,91.5087,12.85,256.0199890136719,1614.4200439453125,92.823
2013-05-04,,,,91.5087,,,,92.823
2013-05-05,,,,91.5087,,,,92.823
2013-05-06,1468.0999755859375,1094.34,95.8,91.5087,12.66,255.1999969482422,1617.5,92.823
2013-05-07,1449.0,1090.0,95.28,91.5087,12.83,253.83999633789065,1625.9599609375,92.823
2013-05-08,1473.9000244140625,1086.0,96.24,91.5087,12.66,254.0200042724609,1632.68994140625,92.823
2013-05-09,1468.800048828125,1091.12,96.09,91.5087,13.13,257.5299987792969,1626.6700439453125,92.823
2013-05-10,1436.800048828125,1106.0,95.81,92.2527,12.59,252.72000122070312,1633.699951171875,92.823
2013-05-11,,,,92.2527,,,,92.823
2013-05-12,,,,92.2527,,,,92.823
2013-05-13,1434.5,1113.12,94.76,92.2527,12.55,253.2899932861328,1633.77001953125,92.823
2013-05-14,1424.699951171875,1109.62,93.96,92.2527,12.77,256.2900085449219,1650.3399658203125,92.823
2013-05-15,1396.5,1114.62,93.95,92.2527,12.81,256.6000061035156,1658.780029296875,92.823
2013-05-16,1387.0999755859375,1117.54,94.85,92.2527,13.07,258.989990234375,1650.469970703125,92.823
2013-05-17,1364.9000244140625,1117.3,95.72,93.1617,12.45,,1667.469970703125,92.823
2013-05-18,,,,93.1617,,,,92.823
2013-05-19,,,,93.1617,,,,92.823
2013-05-20,1384.300048828125,1118.19,96.29,93.1617,13.02,258.6000061035156,1666.2900390625,92.823
2013-05-21,1377.800048828125,1110.62,95.55,93.1617,13.37,258.17999267578125,1669.1600341796875,92.823
2013-05-22,1367.5999755859375,1113.85,93.98,93.1617,13.82,260.19000244140625,1655.3499755859375,92.823
2013-05-23,1392.0,1128.35,94.12,93.1617,14.07,256.6600036621094,1650.510009765625,92.823
2013-05-24,1386.800048828125,1126.4,93.84,93.2768,13.99,257.32000732421875,1649.5999755859375,92.823
2013-05-25,,,,93.2768,,,,92.823
2013-05-26,,,,93.2768,,,,92.823
2013-05-27,,,,93.2768,,,,92.823
2013-05-28,1379.0999755859375,1128.07,94.65,93.2768,14.48,258.5899963378906,1660.06005859375,92.823
2013-05-29,1391.300048828125,1132.08,93.13,93.2768,14.83,,1648.3599853515625,92.823
2013-05-30,1411.5,1127.9,93.57,93.2768,14.53,261.2099914550781,1654.4100341796875,92.823
2013-05-31,1392.5999755859375,1129.34,91.93,93.6076,16.3,261.4700012207031,1630.739990234375,92.823
2013-06-01,,,,93.6076,,,,92.71
2013-06-02,,,,93.6076,,,,92.71
2013-06-03,1411.699951171875,1127.18,93.41,93.6076,16.28,260.2900085449219,1640.4200439453125,92.71
2013-06-04,1397.0999755859375,1122.31,93.36,93.6076,16.27,260.5400085449219,1631.3800048828125,92.71
2013-06-05,1398.4000244140625,1118.55,93.66,93.6076,17.5,256.510009765625,1608.9000244140625,92.71
2013-06-06,1415.699951171875,1118.9,94.71,93.6076,16.63,,1622.56005859375,92.71
2013-06-07,1383.0,1117.17,96.11,92.6056,15.14,251.1999969482422,1643.3800048828125,92.71
2013-06-08,,,,92.6056,,,,92.71
2013-06-09,,,,92.6056,,,,92.71
2013-06-10,1386.199951171875,1127.38,95.82,92.6056,15.44,252.1999969482422,1642.81005859375,92.71
2013-06-11,1377.0,1133.0,95.5,92.6056,17.07,250.19000244140625,1626.1300048828125,92.71
2013-06-12,1391.800048828125,1127.76,95.98,92.6056,18.59,248.5,1612.52001953125,92.71
2013-06-13,1377.5999755859375,1129.07,96.66,92.6056,16.41,244.4900054931641,1636.3599853515625,92.71
2013-06-14,1387.300048828125,1127.2,97.83,92.1886,17.15,245.3600006103516,1626.72998046875,92.71
2013-06-15,,,,92.1886,,,,92.71
2013-06-16,,,,92.1886,,,,92.71
2013-06-17,1382.800048828125,1127.0,97.86,92.1886,16.8,244.7700042724609,1639.0400390625,92.71
2013-06-18,1366.5999755859375,1134.24,98.46,92.1886,16.61,247.1300048828125,1651.81005859375,92.71
2013-06-19,1373.5999755859375,1130.25,98.24,92.1886,16.64,245.44000244140625,1628.9300537109375,92.71
2013-06-20,1285.9000244140625,1145.9,94.89,92.1886,20.49,240.259994506836,1588.18994140625,92.71
2013-06-21,1291.5999755859375,1156.0,93.81,94.4243,18.9,236.57000732421875,1592.4300537109375,92.71
2013-06-22,,,,94.4243,,,,92.71
2013-06-23,,,,94.4243,,,,92.71
2013-06-24,1276.800048828125,1161.34,95.07,94.4243,20.11,233.47000122070312,1573.0899658203125,92.71
2013-06-25,1274.800048828125,1152.78,95.25,94.4243,18.47,231.75,1588.030029296875,92.71
2013-06-26,1229.5999755859375,1155.0,95.47,94.4243,17.21,231.5200042724609,1603.260009765625,92.71
2013-06-27,1211.4000244140625,1147.69,97.0,94.4243,16.86,,1613.199951171875,92.71
2013-06-28,1223.800048828125,1141.45,96.36,94.3047,16.86,242.2700042724609,1606.280029296875,92.71
2013-06-29,,,,94.3047,,,,92.71
2013-06-30,,,,94.3047,,,,92.71
2013-07-01,1255.9000244140625,1135.27,97.94,94.3047,16.37,241.0500030517578,1614.9599609375,92.909
2013-07-02,1243.5999755859375,1133.8,99.65,94.3047,16.44,240.8000030517578,1614.0799560546875,92.909
2013-07-03,1252.0999755859375,1140.95,101.92,94.3047,16.2,236.6300048828125,1615.4100341796875,92.909
2013-07-04,,,,94.3047,,,,92.909
2013-07-05,1212.9000244140625,1141.65,103.09,95.0639,14.89,237.27999877929688,1631.8900146484375,92.909
2013-07-06,,,,95.0639,,,,92.909
2013-07-07,,,,95.0639,,,,92.909
2013-07-08,1234.9000244140625,1147.94,103.03,95.0639,14.78,235.1199951171875,1640.4599609375,92.909
2013-07-09,1245.9000244140625,1141.25,103.46,95.0639,14.35,236.94000244140625,1652.3199462890625,92.909
2013-07-10,1247.4000244140625,1134.66,106.41,95.0639,14.21,236.22999572753903,1652.6199951171875,92.909
2013-07-11,1280.0999755859375,1124.21,104.77,95.0639,14.01,243.8800048828125,1675.02001953125,92.909
2013-07-12,1277.800048828125,1123.85,105.85,94.0029,13.84,242.72000122070312,1680.18994140625,92.909
2013-07-13,,,,94.0029,,,,92.909
2013-07-14,,,,94.0029,,,,92.909
2013-07-15,1283.800048828125,1121.06,106.2,94.0029,13.79,243.42999267578125,1682.5,92.909
2013-07-16,1290.800048828125,1114.65,105.88,94.0029,14.42,242.0200042724609,1676.260009765625,92.909
2013-07-17,1277.9000244140625,1116.86,106.39,94.0029,13.78,244.82000732421875,1680.9100341796875,92.909
2013-07-18,1284.5999755859375,1124.08,107.94,94.0029,13.77,242.9199981689453,1689.3699951171875,92.909
2013-07-19,1293.300048828125,1120.43,108.0,93.4759,12.54,242.02999877929688,1692.0899658203125,92.909
2013-07-20,,,,93.4759,,,,92.909
2013-07-21,,,,93.4759,,,,92.909
2013-07-22,1336.4000244140625,1118.46,106.61,93.4759,12.29,243.17999267578125,1695.530029296875,92.909
2013-07-23,1335.0999755859375,1116.66,107.13,93.4759,12.66,246.6300048828125,1692.3900146484375,92.909
2013-07-24,1319.699951171875,1115.52,105.41,93.4759,13.18,247.83999633789065,1685.93994140625,92.909
2013-07-25,1329.0,1116.15,105.47,93.4759,12.97,247.7100067138672,1690.25,92.909
2013-07-26,1321.699951171875,1112.55,104.76,93.1695,12.72,247.8000030517578,1691.6500244140625,92.909
2013-07-27,,,,93.1695,,,,92.909
2013-07-28,,,,93.1695,,,,92.909
2013-07-29,1328.4000244140625,1112.21,104.61,93.1695,13.39,246.52999877929688,1685.3299560546875,92.909
2013-07-30,1324.0,1115.79,103.14,93.1695,13.39,248.77999877929688,1685.9599609375,92.909
2013-07-31,1312.4000244140625,1122.66,105.1,93.1695,13.45,247.9900054931641,1685.72998046875,92.909
2013-08-01,1311.0,1122.99,107.93,93.1695,12.94,248.88999938964844,1706.8699951171875,93.238
2013-08-02,1310.5999755859375,1123.85,106.94,93.5789,11.98,249.3300018310547,1709.6700439453125,93.238
2013-08-03,,,,93.5789,,,,93.238
2013-08-04,,,,93.5789,,,,93.238
2013-08-05,1302.5999755859375,1113.5,106.61,93.5789,11.84,248.25,1707.1400146484375,93.238
2013-08-06,1283.199951171875,1113.81,105.32,93.5789,12.72,246.8000030517578,1697.3699951171875,93.238
2013-08-07,1286.0999755859375,1117.05,104.41,93.5789,12.98,242.75,1690.9100341796875,93.238
2013-08-08,1310.699951171875,1112.25,103.45,93.5789,12.73,243.38999938964844,1697.47998046875,93.238
2013-08-09,1312.9000244140625,1111.16,106.04,92.8394,13.41,243.1300048828125,1691.4200439453125,93.238
2013-08-10,,,,92.8394,,,,93.238
2013-08-11,,,,92.8394,,,,93.238
2013-08-12,1334.699951171875,1113.97,106.19,92.8394,12.81,243.77999877929688,1689.469970703125,93.238
2013-08-13,1321.199951171875,1118.22,106.78,92.8394,12.31,248.1999969482422,1694.1600341796875,93.238
2013-08-14,1334.0,1117.9,106.89,92.8394,13.04,249.82000732421875,1685.3900146484375,93.238
2013-08-15,1361.5999755859375,1118.0,107.43,92.8394,14.73,,1661.3199462890625,93.238
2013-08-16,1371.699951171875,1113.04,107.58,93.4255,14.37,249.22999572753903,1655.8299560546875,93.238
2013-08-17,,,,93.4255,,,,93.238
2013-08-18,,,,93.4255,,,,93.238
2013-08-19,1366.199951171875,1117.88,107.14,93.4255,15.1,248.88999938964844,1646.06005859375,93.238
2013-08-20,1373.0999755859375,1120.6,104.9,93.4255,14.91,245.1300048828125,1652.3499755859375,93.238
2013-08-21,1370.5999755859375,1116.86,103.93,93.4255,15.94,242.4900054931641,1642.800048828125,93.238
2013-08-22,1371.199951171875,1120.92,104.93,93.4255,14.76,240.3699951171875,1656.9599609375,93.238
2013-08-23,1395.699951171875,1113.48,106.48,93.9466,13.98,243.3699951171875,1663.5,93.238
2013-08-24,,,,93.9466,,,,93.238
2013-08-25,,,,93.9466,,,,93.238
2013-08-26,1393.0,1112.6,105.88,93.9466,14.99,245.7100067138672,1656.780029296875,93.238
2013-08-27,1420.5999755859375,1116.78,109.11,93.9466,16.77,245.7100067138672,1630.47998046875,93.238
2013-08-28,1419.0,1114.25,110.17,93.9466,16.49,245.6699981689453,1634.9599609375,93.238
2013-08-29,1412.9000244140625,1112.19,108.51,93.9466,16.81,248.8600006103516,1638.1700439453125,93.238
2013-08-30,1396.0999755859375,1109.42,107.98,94.7541,17.01,251.7400054931641,1632.969970703125,93.238
2013-08-31,,,,94.7541,,,,93.238
2013-09-01,,,,94.7541,,,,93.419
2013-09-02,,,,94.7541,,,,93.419
2013-09-03,1412.0,1097.75,108.67,94.7541,16.61,252.0500030517578,1639.77001953125,93.419
2013-09-04,1389.9000244140625,1093.77,107.29,94.7541,15.88,252.1499938964844,1653.0799560546875,93.419
2013-09-05,1373.0999755859375,1096.8,108.5,94.7541,15.77,254.6199951171875,1655.0799560546875,93.419
2013-09-06,1386.699951171875,1091.9,110.62,94.2487,15.85,255.25,1655.1700439453125,93.419
2013-09-07,,,,94.2487,,,,93.419
2013-09-08,,,,94.2487,,,,93.419
2013-09-09,1386.800048828125,1086.8,109.62,94.2487,15.63,258.1199951171875,1671.7099609375,93.419
2013-09-10,1364.0999755859375,1085.43,107.48,94.2487,14.53,261.20001220703125,1683.989990234375,93.419
2013-09-11,1363.9000244140625,1085.76,107.65,94.2487,13.82,262.3800048828125,1689.1300048828125,93.419
2013-09-12,1330.4000244140625,1082.77,108.72,94.2487,14.29,262.32000732421875,1683.4200439453125,93.419
2013-09-13,1308.4000244140625,1085.88,108.31,93.6666,14.16,260.8299865722656,1687.989990234375,93.419
2013-09-14,,,,93.6666,,,,93.419
2013-09-15,,,,93.6666,,,,93.419
2013-09-16,1317.9000244140625,1081.34,106.54,93.6666,14.38,263.8599853515625,1697.5999755859375,93.419
2013-09-17,1309.5,1082.15,105.36,93.6666,14.53,262.5599975585937,1704.760009765625,93.419
2013-09-18,1307.800048828125,1081.4,108.23,93.6666,13.59,,1725.52001953125,93.419
2013-09-19,1369.4000244140625,1070.88,106.26,93.6666,13.16,,1722.3399658203125,93.419
2013-09-20,1332.5,1076.02,104.7,92.6049,13.12,,1709.9100341796875,93.419
2013-09-21,,,,92.6049,,,,93.419
2013-09-22,,,,92.6049,,,,93.419
2013-09-23,1326.9000244140625,1073.9,103.62,92.6049,14.31,263.0199890136719,1701.8399658203125,93.419
2013-09-24,1316.0,1074.35,103.22,92.6049,14.08,262.8299865722656,1697.4200439453125,93.419
2013-09-25,1335.9000244140625,1076.42,102.68,92.6049,14.01,261.45001220703125,1692.77001953125,93.419
2013-09-26,1323.5999755859375,1075.2,103.1,92.6049,14.06,262.67999267578125,1698.6700439453125,93.419
2013-09-27,1338.4000244140625,1074.38,102.86,92.9747,15.46,262.94000244140625,1691.75,93.419
2013-09-28,,,,92.9747,,,,93.419
2013-09-29,,,,92.9747,,,,93.419
2013-09-30,1326.5,1073.33,102.36,92.9747,16.6,260.9100036621094,1681.550048828125,93.419
2013-10-01,1286.0,1072.9,102.09,92.9747,15.54,261.4800109863281,1695.0,93.134
2013-10-02,1320.5999755859375,1074.02,104.15,92.9747,16.6,261.8699951171875,1693.8699951171875,93.134
2013-10-03,1317.4000244140625,1074.02,103.29,92.9747,17.67,,1678.6600341796875,93.134
2013-10-04,1309.699951171875,1070.0,103.83,92.6469,16.74,261.7799987792969,1690.5,93.134
2013-10-05,,,,92.6469,,,,93.134
2013-10-06,,,,92.6469,,,,93.134
2013-10-07,1324.800048828125,1071.29,103.07,92.6469,19.41,261.8500061035156,1676.1199951171875,93.134
2013-10-08,1324.199951171875,1074.15,103.54,92.6469,20.34,263.1400146484375,1655.449951171875,93.134
2013-10-09,1306.9000244140625,1075.48,101.63,92.6469,19.6,,1656.4000244140625,93.134
2013-10-10,1296.5999755859375,1071.19,103.08,92.6469,16.48,262.8999938964844,1692.56005859375,93.134
2013-10-11,1268.0,1071.55,102.17,92.854,15.72,266.3500061035156,1703.199951171875,93.134
2013-10-12,,,,92.854,,,,93.134
2013-10-13,,,,92.854,,,,93.134
2013-10-14,1276.4000244140625,,102.46,92.854,16.07,265.8099975585937,1710.1400146484375,93.134
2013-10-15,1273.0,1064.33,101.15,92.854,18.66,269.0199890136719,1698.06005859375,93.134
2013-10-16,1282.0,1066.0,102.34,92.854,14.71,268.25,1721.5400390625,93.134
2013-10-17,1322.699951171875,1062.38,100.72,92.854,13.48,269.5899963378906,1733.1500244140625,93.134
2013-10-18,1314.4000244140625,1060.02,100.87,91.9989,13.04,271.239990234375,1744.5,93.134
2013-10-19,,,,91.9989,,,,93.134
2013-10-20,,,,91.9989,,,,93.134
2013-10-21,1315.699951171875,1060.93,99.28,91.9989,13.16,271.2200012207031,1744.6600341796875,93.134
2013-10-22,1342.5,1057.5,97.63,91.9989,13.33,271.1099853515625,1754.6700439453125,93.134
2013-10-23,1333.9000244140625,1057.45,96.9,91.9989,13.42,268.0299987792969,1746.3800048828125,93.134
2013-10-24,1350.199951171875,1061.5,96.65,91.9989,13.2,269.3599853515625,1752.0699462890625,93.134
2013-10-25,1352.4000244140625,1062.3,97.4,92.1623,13.09,267.510009765625,1759.77001953125,93.134
2013-10-26,,,,92.1623,,,,93.134
2013-10-27,,,,92.1623,,,,93.134
2013-10-28,1352.0,1060.7,98.74,92.1623,13.31,269.739990234375,1762.1099853515625,93.134
2013-10-29,1345.199951171875,1061.92,98.29,92.1623,13.41,270.2799987792969,1771.949951171875,93.134
2013-10-30,1349.0,1058.4,96.81,92.1623,13.65,271.44000244140625,1763.31005859375,93.134
2013-10-31,1323.5999755859375,1060.83,96.29,92.1623,13.75,266.9100036621094,1756.5400390625,93.134
2013-11-01,1313.0999755859375,1060.91,94.56,93.155,13.28,268.6300048828125,1761.6400146484375,93.116
2013-11-02,,,,93.155,,,,93.116
2013-11-03,,,,93.155,,,,93.116
2013-11-04,1314.5999755859375,1062.38,94.58,93.155,12.93,266.5899963378906,1767.9300537109375,93.116
2013-11-05,1308.0,1061.03,93.4,93.155,13.27,264.9599914550781,1762.969970703125,93.116
2013-11-06,1317.699951171875,1059.77,94.74,93.155,12.67,264.6199951171875,1770.489990234375,93.116
2013-11-07,1308.4000244140625,1062.78,94.25,93.155,13.91,263.3399963378906,1747.1500244140625,93.116
2013-11-08,1284.5,1062.12,94.56,93.6619,12.9,260.5299987792969,1770.6099853515625,93.116
2013-11-09,,,,93.6619,,,,93.116
2013-11-10,,,,93.6619,,,,93.116
2013-11-11,1281.0,,95.13,93.6619,12.53,260.1499938964844,1771.8900146484375,93.116
2013-11-12,1271.0999755859375,1072.65,93.12,93.6619,12.82,262.8099975585937,1767.68994140625,93.116
2013-11-13,1268.300048828125,1070.56,93.91,93.6619,12.52,258.0400085449219,1782.0,93.116
2013-11-14,1286.199951171875,1068.21,93.76,93.6619,12.37,258.44000244140625,1790.6199951171875,93.116
2013-11-15,1287.300048828125,1062.35,93.8,93.2854,12.19,264.20001220703125,1798.1800537109375,93.116
2013-11-16,,,,93.2854,,,,93.116
2013-11-17,,,,93.2854,,,,93.116
2013-11-18,1272.199951171875,1054.84,93.03,93.2854,13.1,265.0299987792969,1791.530029296875,93.116
2013-11-19,1273.4000244140625,1054.86,93.35,93.2854,13.39,267.8099975585937,1787.8699951171875,93.116
2013-11-20,1257.9000244140625,1056.28,93.34,93.2854,13.4,265.6199951171875,1781.3699951171875,93.116
2013-11-21,1243.5,1061.9,95.35,93.2854,12.66,262.20001220703125,1795.8499755859375,93.116
2013-11-22,1244.0,1060.99,94.53,93.4198,12.26,263.8599853515625,1804.760009765625,93.116
2013-11-23,,,,93.4198,,,,93.116
2013-11-24,,,,93.4198,,,,93.116
2013-11-25,1241.0999755859375,1059.35,93.86,93.4198,12.79,265.2099914550781,1802.47998046875,93.116
2013-11-26,1241.4000244140625,1060.07,93.41,93.4198,12.81,266.260009765625,1802.75,93.116
2013-11-27,1237.800048828125,1060.9,92.05,93.4198,12.98,267.1499938964844,1807.22998046875,93.116
2013-11-28,,,,93.4198,,269.70001220703125,,93.116
2013-11-29,1250.5999755859375,1057.76,92.55,93.6291,13.7,269.57000732421875,1805.81005859375,93.116
2013-11-30,,,,93.6291,,,,93.116
2013-12-01,,,,93.6291,,,,93.229
2013-12-02,1222.300048828125,1058.0,93.61,93.6291,14.23,267.5799865722656,1800.9000244140625,93.229
2013-12-03,1221.699951171875,1059.97,95.83,93.6291,14.55,264.8399963378906,1795.1500244140625,93.229
2013-12-04,1248.199951171875,1061.02,96.97,93.6291,14.7,261.4800109863281,1792.81005859375,93.229
2013-12-05,1233.199951171875,1058.27,97.14,93.6291,15.08,261.1000061035156,1785.030029296875,93.229
2013-12-06,1230.300048828125,1056.0,97.48,93.4045,13.79,260.7099914550781,1805.0899658203125,93.229
2013-12-07,,,,93.4045,,,,93.229
2013-12-08,,,,93.4045,,,,93.229
2013-12-09,1235.300048828125,1050.05,97.1,93.4045,13.49,263.70001220703125,1808.3699951171875,93.229
2013-12-10,1262.4000244140625,1052.0,98.32,93.4045,13.91,262.67999267578125,1802.6199951171875,93.229
2013-12-11,1258.5,1051.5,97.25,93.4045,15.42,260.54998779296875,1782.219970703125,93.229
2013-12-12,1226.0,1050.75,97.21,93.4045,15.54,259.04998779296875,1775.5,93.229
2013-12-13,1235.699951171875,1052.9,96.27,93.3568,15.76,258.0400085449219,1775.3199462890625,93.229
2013-12-14,,,,93.3568,,,,93.229
2013-12-15,,,,93.3568,,,,93.229
2013-12-16,1245.5,1052.6,97.18,93.3568,16.03,257.8999938964844,1786.5400390625,93.229
2013-12-17,1231.199951171875,1050.65,96.99,93.3568,16.21,258.7200012207031,1781.0,93.229
2013-12-18,1236.0999755859375,1051.75,97.59,93.3568,13.8,259.9800109863281,1810.6500244140625,93.229
2013-12-19,1195.0,1059.28,98.4,93.3568,14.15,260.20001220703125,1809.5999755859373,93.229
2013-12-20,1205.0999755859375,1061.35,99.11,93.7211,13.79,261.2699890136719,1818.3199462890625,93.229
2013-12-21,,,,93.7211,,,,93.229
2013-12-22,,,,93.7211,,,,93.229
2013-12-23,1198.4000244140625,1060.4,98.62,93.7211,13.04,263.239990234375,1827.989990234375,93.229
2013-12-24,1205.0999755859375,1059.25,98.87,93.7211,12.48,263.5799865722656,1833.3199462890625,93.229
2013-12-25,,,,93.7211,,,,93.229
2013-12-26,1214.0999755859375,1059.1,99.18,93.7211,12.33,263.1499938964844,1842.02001953125,93.229
2013-12-27,1216.0999755859375,1053.72,99.94,93.7018,12.46,263.32000732421875,1841.4000244140625,93.229
2013-12-28,,,,93.7018,,,,93.229
2013-12-29,,,,93.7018,,,,93.229
2013-12-30,1203.0999755859375,1054.52,98.9,93.7018,13.56,264.239990234375,1841.0699462890625,93.229
2013-12-31,1201.9000244140625,1055.25,98.17,93.7018,13.72,,1848.3599853515625,93.229
2014-01-01,,,,93.7018,,,,93.73
2014-01-02,1225.0,1050.3,95.14,93.7018,14.23,257.6400146484375,1831.97998046875,93.73
2014-01-03,1238.4000244140625,1055.0,93.66,93.853,13.76,254.47999572753903,1831.3699951171875,93.73
2014-01-04,,,,93.853,,,,93.73
2014-01-05,,,,93.853,,,,93.73
2014-01-06,1237.800048828125,1065.01,93.12,93.853,13.55,255.41000366210932,1826.77001953125,93.73
2014-01-07,1229.4000244140625,1068.5,93.31,93.853,12.92,255.97999572753903,1837.8800048828125,93.73
2014-01-08,1225.300048828125,1065.45,91.9,93.853,12.87,255.759994506836,1837.489990234375,93.73
2014-01-09,1229.300048828125,1062.89,91.36,93.853,12.89,253.6300048828125,1838.1300048828125,93.73
2014-01-10,1246.699951171875,1061.32,92.39,94.0045,12.14,252.47999572753903,1842.3699951171875,93.73
2014-01-11,,,,94.0045,,,,93.73
2014-01-12,,,,94.0045,,,,93.73
2014-01-13,1250.9000244140625,1056.7,91.45,94.0045,13.28,254.0800018310547,1819.199951171875,93.73
2014-01-14,1245.199951171875,1059.43,92.15,94.0045,12.28,253.97000122070312,1838.8800048828125,93.73
2014-01-15,1238.0999755859375,1062.6,93.78,94.0045,12.28,254.72999572753903,1848.3800048828125,93.73
2014-01-16,1240.0,1063.0,93.54,94.0045,12.53,255.3600006103516,1845.8900146484373,93.73
2014-01-17,1251.699951171875,1060.8,93.96,94.5846,12.44,253.4600067138672,1838.699951171875,93.73
2014-01-18,,,,94.5846,,,,93.73
2014-01-19,,,,94.5846,,,,93.73
2014-01-20,,,,94.5846,,254.8099975585937,,93.73
2014-01-21,1242.300048828125,1065.05,94.51,94.5846,12.87,256.3399963378906,1843.800048828125,93.73
2014-01-22,1239.0,1067.3,96.35,94.5846,12.84,257.0799865722656,1844.8599853515625,93.73
2014-01-23,1262.5999755859375,1073.1,97.23,94.5846,13.77,253.7400054931641,1828.4599609375,93.73
2014-01-24,1264.5,1080.1,96.66,94.8555,18.14,252.88999938964844,1790.2900390625,93.73
2014-01-25,,,,94.8555,,,,93.73
2014-01-26,,,,94.8555,,,,93.73
2014-01-27,1263.5999755859375,1083.7,95.82,94.8555,17.42,248.9499969482422,1781.56005859375,93.73
2014-01-28,1251.0,1079.14,97.49,94.8555,15.8,249.91000366210932,1792.5,93.73
2014-01-29,1262.199951171875,1069.8,97.34,94.8555,17.35,252.88999938964844,1774.199951171875,93.73
2014-01-30,1242.199951171875,1080.11,98.25,94.8555,17.29,,1794.18994140625,93.73
2014-01-31,1240.0999755859375,1080.36,97.55,95.1774,18.41,,1782.5899658203125,93.73
2014-02-01,,,,95.1774,,,,93.98
2014-02-02,,,,95.1774,,,,93.98
2014-02-03,1260.4000244140625,1084.25,96.44,95.1774,21.44,250.009994506836,1741.8900146484375,93.98
2014-02-04,1251.699951171875,1083.7,97.24,95.1774,19.11,245.3000030517578,1755.199951171875,93.98
2014-02-05,1257.300048828125,1077.6,97.4,95.1774,19.95,246.0399932861328,1751.6400146484375,93.98
2014-02-06,1257.5999755859375,1078.8,97.84,95.1774,17.23,248.5599975585937,1773.4300537109375,93.98
2014-02-07,1263.300048828125,1073.83,99.98,94.7457,15.29,250.509994506836,1797.02001953125,93.98
2014-02-08,,,,94.7457,,,,93.98
2014-02-09,,,,94.7457,,,,93.98
2014-02-10,1274.800048828125,1072.3,100.12,94.7457,15.26,250.47000122070312,1799.8399658203125,93.98
2014-02-11,1290.0999755859375,1070.8,99.96,94.7457,14.51,251.8699951171875,1819.75,93.98
2014-02-12,1295.300048828125,1062.14,100.38,94.7457,14.3,252.3099975585937,1819.260009765625,93.98
2014-02-13,1300.4000244140625,1066.2,100.27,94.7457,14.14,250.97000122070312,1829.8299560546875,93.98
2014-02-14,1319.0,1062.9,100.31,94.2711,13.57,252.7400054931641,1838.6300048828125,93.98
2014-02-15,,,,94.2711,,,,93.98
2014-02-16,,,,94.2711,,,,93.98
2014-02-17,,,,94.2711,,253.63999938964844,,93.98
2014-02-18,1324.699951171875,1065.54,102.54,94.2711,13.87,253.66000366210932,1840.760009765625,93.98
2014-02-19,1320.5999755859375,1065.25,103.46,94.2711,15.5,252.9199981689453,1828.75,93.98
2014-02-20,1317.0999755859375,1072.0,103.2,94.2711,14.79,250.9499969482422,1839.780029296875,93.98
2014-02-21,1323.9000244140625,1072.15,102.53,94.6571,14.68,255.22000122070312,1836.25,93.98
2014-02-22,,,,94.6571,,,,93.98
2014-02-23,,,,94.6571,,,,93.98
2014-02-24,1338.300048828125,1074.0,103.17,94.6571,14.23,254.009994506836,1847.6099853515625,93.98
2014-02-25,1343.0,1072.78,102.2,94.6571,13.67,256.239990234375,1845.1199951171875,93.98
2014-02-26,1328.199951171875,1065.72,102.93,94.6571,14.35,257.3099975585937,1845.1600341796875,93.98
2014-02-27,1331.5999755859375,1068.85,102.68,94.6571,14.04,258.2799987792969,1854.2900390625,93.98
2014-02-28,1321.4000244140625,1066.01,102.88,94.3879,14.0,258.4100036621094,1859.449951171875,93.98
2014-03-01,,,,94.3879,,,,94.153
2014-03-02,,,,94.3879,,,,94.153
2014-03-03,1350.0999755859375,1069.9,105.34,94.3879,16.0,256.2900085449219,1845.72998046875,94.153
2014-03-04,1337.800048828125,1071.2,103.64,94.3879,14.1,254.77999877929688,1873.9100341796875,94.153
2014-03-05,1340.199951171875,1070.85,101.75,94.3879,13.89,257.29998779296875,1873.81005859375,94.153
2014-03-06,1351.699951171875,1064.1,101.82,94.3879,14.21,257.6300048828125,1877.030029296875,94.153
2014-03-07,1338.0999755859375,1064.2,102.82,94.2532,14.11,257.3500061035156,1878.0400390625,94.153
2014-03-08,,,,94.2532,,,,94.153
2014-03-09,,,,94.2532,,,,94.153
2014-03-10,1341.4000244140625,1066.5,101.39,94.2532,14.2,254.47999572753903,1877.1700439453125,94.153
2014-03-11,1346.5,1065.13,100.29,94.2532,14.8,255.4900054931641,1867.6300048828125,94.153
2014-03-12,1370.300048828125,1070.2,98.29,94.2532,14.47,251.1100006103516,1868.199951171875,94.153
2014-03-13,1372.199951171875,1068.35,98.57,94.2532,16.22,251.08999633789065,1846.3399658203125,94.153
2014-03-14,1379.0,1071.33,99.23,94.243,17.82,249.0200042724609,1841.1300048828125,94.153
2014-03-15,,,,94.243,,,,94.153
2014-03-16,,,,94.243,,,,94.153
2014-03-17,1372.9000244140625,1067.15,98.43,94.243,15.64,250.1499938964844,1858.8299560546875,94.153
2014-03-18,1359.0,1068.5,100.08,94.243,14.52,251.8699951171875,1872.25,94.153
2014-03-19,1341.4000244140625,1070.53,100.71,94.243,15.12,251.32000732421875,1860.77001953125,94.153
2014-03-20,1330.5,1076.28,99.68,94.243,14.52,248.67999267578125,1872.010009765625,94.153
2014-03-21,1336.0,1079.6,99.97,94.8547,15.0,250.67999267578125,1866.52001953125,94.153
2014-03-22,,,,94.8547,,,,94.153
2014-03-23,,,,94.8547,,,,94.153
2014-03-24,1311.199951171875,1077.7,100.05,94.8547,15.09,252.3099975585937,1857.43994140625,94.153
2014-03-25,1311.4000244140625,1078.67,99.66,94.8547,14.02,251.5599975585937,1865.6199951171875,94.153
2014-03-26,1303.4000244140625,1074.97,100.61,94.8547,14.93,255.0800018310547,1852.56005859375,94.153
2014-03-27,1294.699951171875,1071.65,101.25,94.8547,14.62,257.260009765625,1849.0400390625,94.153
2014-03-28,1293.800048828125,1068.85,101.73,94.3683,14.41,257.44000244140625,1857.6199951171875,94.153
2014-03-29,,,,94.3683,,,,94.153
2014-03-30,,,,94.3683,,,,94.153
2014-03-31,1283.4000244140625,1064.65,101.57,94.3683,13.88,258.1099853515625,1872.3399658203125,94.153
2014-04-01,1279.5999755859375,1058.3,99.69,94.3683,13.1,258.95001220703125,1885.52001953125,94.214
2014-04-02,1290.5,1057.2,99.6,94.3683,13.09,259.70001220703125,1890.9000244140625,94.214
2014-04-03,1284.4000244140625,1057.5,100.29,94.3683,13.37,259.3399963378906,1888.77001953125,94.214
2014-04-04,1303.199951171875,1053.85,101.16,94.2191,13.96,259.4700012207031,1865.0899658203125,94.214
2014-04-05,,,,94.2191,,,,94.214
2014-04-06,,,,94.2191,,,,94.214
2014-04-07,1298.0,1055.17,100.43,94.2191,15.57,259.8900146484375,1845.0400390625,94.214
2014-04-08,1308.699951171875,1052.1,102.57,94.2191,14.89,260.4700012207031,1851.9599609375,94.214
2014-04-09,1305.5,1041.25,103.55,94.2191,13.82,261.2099914550781,1872.1800537109373,94.214
2014-04-10,1320.0999755859375,1039.9,103.37,94.2191,15.89,262.4100036621094,1833.0799560546875,94.214
2014-04-11,1318.699951171875,1035.4,103.68,93.6395,17.03,260.5299987792969,1815.68994140625,94.214
2014-04-12,,,,93.6395,,,,94.214
2014-04-13,,,,93.6395,,,,94.214
2014-04-14,1327.199951171875,1039.29,104.05,93.6395,16.11,260.510009765625,1830.6099853515625,94.214
2014-04-15,1300.0,1041.07,103.7,93.6395,15.61,259.739990234375,1842.97998046875,94.214
2014-04-16,1303.0999755859375,1038.2,103.71,93.6395,14.18,259.8299865722656,1862.31005859375,94.214
2014-04-17,1293.4000244140625,1038.0,104.33,93.6395,13.36,259.6600036621094,1864.8499755859373,94.214
2014-04-18,,1037.35,,93.9629,,,,94.214
2014-04-19,,,,93.9629,,,,94.214
2014-04-20,,,,93.9629,,,,94.214
2014-04-21,1288.0,1038.56,104.35,93.9629,13.25,260.8999938964844,1871.8900146484373,94.214
2014-04-22,1280.5999755859375,1037.45,101.69,93.9629,13.19,261.54998779296875,1879.550048828125,94.214
2014-04-23,1284.199951171875,1039.35,101.47,93.9629,13.27,261.20001220703125,1875.3900146484373,94.214
2014-04-24,1290.5,1039.5,102.2,93.9629,13.32,261.0799865722656,1878.6099853515625,94.214
2014-04-25,1300.699951171875,1040.95,100.85,94.1623,14.06,257.4200134277344,1863.4000244140625,94.214
2014-04-26,,,,94.1623,,,,94.214
2014-04-27,,,,94.1623,,,,94.214
2014-04-28,1298.9000244140625,1034.9,101.13,94.1623,13.97,256.79998779296875,1869.4300537109373,94.214
2014-04-29,1296.0,1029.83,101.56,94.1623,13.71,255.8000030517578,1878.3299560546875,94.214
2014-04-30,1295.5999755859375,1032.85,100.07,94.1623,13.41,255.3300018310547,1883.949951171875,94.214
2014-05-01,1283.0999755859375,1032.75,99.69,94.1623,13.25,,1883.6800537109373,94.369
2014-05-02,1302.5999755859375,1029.55,100.09,93.8182,12.91,255.07000732421875,1881.1400146484373,94.369
2014-05-03,,,,93.8182,,,,94.369
2014-05-04,,,,93.8182,,,,94.369
2014-05-05,1309.0,1029.5,99.74,93.8182,13.29,,1884.6600341796875,94.369
2014-05-06,1308.300048828125,1029.5,99.81,93.8182,13.8,,1867.719970703125,94.369
2014-05-07,1288.5999755859375,1022.46,101.06,93.8182,13.4,252.3500061035156,1878.2099609375,94.369
2014-05-08,1287.4000244140625,1022.6,100.52,93.8182,13.43,253.83999633789065,1875.6300048828125,94.369
2014-05-09,1287.300048828125,1024.23,100.32,93.6614,12.92,254.3099975585937,1878.47998046875,94.369
2014-05-10,,,,93.6614,,,,94.369
2014-05-11,,,,93.6614,,,,94.369
2014-05-12,1295.5999755859375,1024.29,100.89,93.6614,12.23,255.8000030517578,1896.6500244140625,94.369
2014-05-13,1294.5999755859375,1021.85,102.01,93.6614,12.13,258.3999938964844,1897.449951171875,94.369
2014-05-14,1305.699951171875,1027.5,102.63,93.6614,12.17,262.42999267578125,1888.530029296875,94.369
2014-05-15,1293.5,1025.1,101.74,93.6614,13.17,262.3999938964844,1870.8499755859373,94.369
2014-05-16,1293.300048828125,1023.42,102.31,93.6073,12.44,262.9700012207031,1877.8599853515625,94.369
2014-05-17,,,,93.6073,,,,94.369
2014-05-18,,,,93.6073,,,,94.369
2014-05-19,1293.699951171875,1021.87,102.95,93.6073,12.42,263.4200134277344,1885.0799560546875,94.369
2014-05-20,1294.5,1025.0,102.8,93.6073,12.96,263.0400085449219,1872.8299560546875,94.369
2014-05-21,1288.0,1026.7,104.31,93.6073,11.91,262.3999938964844,1888.030029296875,94.369
2014-05-22,1294.9000244140625,1024.3,104.03,93.6073,12.03,263.3299865722656,1892.489990234375,94.369
2014-05-23,1291.5999755859375,1024.45,105.01,93.7042,11.36,263.4200134277344,1900.530029296875,94.369
2014-05-24,,,,93.7042,,,,94.369
2014-05-25,,,,93.7042,,,,94.369
2014-05-26,,,,93.7042,,262.3299865722656,,94.369
2014-05-27,1265.4000244140625,1022.95,104.78,93.7042,11.51,260.3599853515625,1911.9100341796875,94.369
2014-05-28,1259.300048828125,1021.7,103.37,93.7042,11.68,263.010009765625,1909.780029296875,94.369
2014-05-29,1256.300048828125,1020.5,104.26,93.7042,11.57,262.57000732421875,1920.030029296875,94.369
2014-05-30,1245.5999755859375,1020.3,103.4,93.7606,11.4,259.94000244140625,1923.5699462890625,94.369
2014-05-31,,,,93.7606,,,,94.369
2014-06-01,,,,93.7606,,,,94.248
2014-06-02,1243.699951171875,1024.0,103.07,93.7606,11.58,261.3999938964844,1924.969970703125,94.248
2014-06-03,1244.300048828125,1023.0,103.34,93.7606,11.87,262.2200012207031,1924.239990234375,94.248
2014-06-04,1244.0,1023.0,103.27,93.7606,12.08,,1927.8800048828125,94.248
2014-06-05,1253.0,1019.7,103.17,93.7606,11.68,260.5599975585937,1940.4599609375,94.248
2014-06-06,1252.0999755859375,1019.7,103.32,93.9069,10.73,,1949.43994140625,94.248
2014-06-07,,,,93.9069,,,,94.248
2014-06-08,,,,93.9069,,,,94.248
2014-06-09,1253.5,1016.35,105.09,93.9069,11.15,259.67999267578125,1951.27001953125,94.248
2014-06-10,1259.800048828125,1016.95,105.02,93.9069,10.99,262.6400146484375,1950.7900390625,94.248
2014-06-11,1260.800048828125,1015.6,105.04,93.9069,11.6,262.6199951171875,1943.8900146484373,94.248
2014-06-12,1273.5999755859375,1017.6,107.2,93.9069,12.56,262.010009765625,1930.1099853515625,94.248
2014-06-13,1273.699951171875,1017.8,107.49,93.9168,12.18,258.75,1936.1600341796875,94.248
2014-06-14,,,,93.9168,,,,94.248
2014-06-15,,,,93.9168,,,,94.248
2014-06-16,1274.9000244140625,1020.0,107.52,93.9168,12.65,259.42999267578125,1937.780029296875,94.248
2014-06-17,1271.699951171875,1022.3,106.95,93.9168,12.06,260.42999267578125,1941.989990234375,94.248
2014-06-18,1272.4000244140625,1021.85,106.64,93.9168,10.61,258.70001220703125,1956.97998046875,94.248
2014-06-19,1313.699951171875,1018.37,107.08,93.9168,10.62,258.8299865722656,1959.47998046875,94.248
2014-06-20,1316.199951171875,1020.81,107.95,93.7591,10.85,255.3099975585937,1962.8699951171875,94.248
2014-06-21,,,,93.7591,,,,94.248
2014-06-22,,,,93.7591,,,,94.248
2014-06-23,1318.0,1018.1,106.83,93.7591,10.98,256.7699890136719,1962.6099853515625,94.248
2014-06-24,1320.9000244140625,1018.05,106.64,93.7591,12.13,259.75,1949.97998046875,94.248
2014-06-25,1322.199951171875,1019.55,107.04,93.7591,11.59,258.1600036621094,1959.530029296875,94.248
2014-06-26,1316.0999755859375,1016.0,106.49,93.7591,11.63,260.0299987792969,1957.219970703125,94.248
2014-06-27,1319.0,1013.3,106.46,93.3983,11.26,258.7799987792969,1960.9599609375,94.248
2014-06-28,,,,93.3983,,,,94.248
2014-06-29,,,,93.3983,,,,94.248
2014-06-30,1321.800048828125,1011.6,106.07,93.3983,11.57,260.5599975585937,1960.22998046875,94.248
2014-07-01,1326.4000244140625,1010.7,106.06,93.3983,11.15,259.739990234375,1973.3199462890625,94.386
2014-07-02,1330.699951171875,1009.1,105.18,93.3983,10.82,262.0400085449219,1974.6199951171875,94.386
2014-07-03,1320.4000244140625,1008.85,104.76,93.3983,10.32,261.1300048828125,1985.43994140625,94.386
2014-07-04,,,,93.3149,,260.6300048828125,,94.386
2014-07-05,,,,93.3149,,,,94.386
2014-07-06,,,,93.3149,,,,94.386
2014-07-07,1316.5,1011.1,104.19,93.3149,11.33,259.95001220703125,1977.6500244140625,94.386
2014-07-08,1316.0,1011.5,104.06,93.3149,11.98,259.92999267578125,1963.7099609375,94.386
2014-07-09,1323.800048828125,1012.1,102.93,93.3149,11.65,258.8699951171875,1972.8299560546875,94.386
2014-07-10,1338.699951171875,1013.1,103.61,93.3149,12.59,259.1700134277344,1964.6800537109373,94.386
2014-07-11,1337.0,1018.6,101.48,93.4171,12.08,256.7200012207031,1967.5699462890625,94.386
2014-07-12,,,,93.4171,,,,94.386
2014-07-13,,,,93.4171,,,,94.386
2014-07-14,1306.300048828125,1018.95,101.73,93.4171,11.82,257.2699890136719,1977.0999755859373,94.386
2014-07-15,1296.9000244140625,1026.75,100.56,93.4171,11.96,260.3999938964844,1973.280029296875,94.386
2014-07-16,1299.5999755859375,1031.9,101.88,93.4171,11.0,260.82000732421875,1981.5699462890625,94.386
2014-07-17,1316.699951171875,1028.95,103.84,93.4171,14.54,261.92999267578125,1958.1199951171875,94.386
2014-07-18,1309.199951171875,1029.1,103.83,93.6608,12.06,261.6600036621094,1978.219970703125,94.386
2014-07-19,,,,93.6608,,,,94.386
2014-07-20,,,,93.6608,,,,94.386
2014-07-21,1313.699951171875,1026.65,105.34,93.6608,12.81,261.510009765625,1973.6300048828125,94.386
2014-07-22,1306.0999755859375,1024.2,104.59,93.6608,12.24,262.8599853515625,1983.530029296875,94.386
2014-07-23,1304.5,1023.5,103.81,93.6608,11.52,262.5599975585937,1987.010009765625,94.386
2014-07-24,1290.5999755859375,1029.05,102.76,93.6608,11.84,262.7200012207031,1987.97998046875,94.386
2014-07-25,1303.0999755859375,1025.6,105.23,93.8294,12.69,263.4700012207031,1978.3399658203125,94.386
2014-07-26,,,,93.8294,,,,94.386
2014-07-27,,,,93.8294,,,,94.386
2014-07-28,1303.300048828125,1026.1,105.68,93.8294,12.56,265.5299987792969,1978.9100341796875,94.386
2014-07-29,1298.300048828125,1024.65,104.91,93.8294,13.28,268.010009765625,1969.949951171875,94.386
2014-07-30,1294.9000244140625,1024.55,104.29,93.8294,13.33,271.1700134277344,1970.0699462890625,94.386
2014-07-31,1281.300048828125,1027.75,98.23,93.8294,16.95,269.67999267578125,1930.6700439453125,94.386
2014-08-01,1293.5999755859375,1036.85,97.86,94.4754,17.03,268.5599975585937,1925.1500244140625,94.551
2014-08-02,,,,94.4754,,,,94.551
2014-08-03,,,,94.4754,,,,94.551
2014-08-04,1287.699951171875,1032.95,98.26,94.4754,15.12,269.6499938964844,1938.989990234375,94.551
2014-08-05,1284.0,1027.9,97.34,94.4754,16.87,267.6300048828125,1920.2099609375,94.551
2014-08-06,1306.699951171875,1033.75,96.93,94.4754,16.37,266.6000061035156,1920.239990234375,94.551
2014-08-07,1310.800048828125,1036.75,97.34,94.4754,16.66,265.6400146484375,1909.5699462890625,94.551
2014-08-08,1308.9000244140625,1036.4,97.61,94.6027,15.77,262.0199890136719,1931.5899658203125,94.551
2014-08-09,,,,94.6027,,,,94.551
2014-08-10,,,,94.6027,,,,94.551
2014-08-11,1308.5,1029.8,98.09,94.6027,14.23,263.32000732421875,1936.9200439453125,94.551
2014-08-12,1308.800048828125,1026.9,97.36,94.6027,14.13,263.3399963378906,1933.75,94.551
2014-08-13,1312.800048828125,1029.35,97.57,94.6027,12.9,265.9100036621094,1946.719970703125,94.551
2014-08-14,1313.9000244140625,1026.9,95.54,94.6027,12.42,265.8800048828125,1955.1800537109373,94.551
2014-08-15,1304.5,1020.95,97.3,94.2941,13.15,,1955.06005859375,94.551
2014-08-16,,,,94.2941,,,,94.551
2014-08-17,,,,94.2941,,,,94.551
2014-08-18,1297.699951171875,1017.35,96.44,94.2941,12.32,264.239990234375,1971.739990234375,94.551
2014-08-19,1295.0999755859375,1017.35,94.35,94.2941,12.21,266.6199951171875,1981.5999755859373,94.551
2014-08-20,1293.4000244140625,1022.6,96.4,94.2941,11.78,266.7900085449219,1986.510009765625,94.551
2014-08-21,1273.699951171875,1023.4,93.97,94.2941,11.76,262.5299987792969,1992.3699951171875,94.551
2014-08-22,1278.5999755859375,1017.8,93.61,94.8012,11.47,264.260009765625,1988.4000244140625,94.551
2014-08-23,,,,94.8012,,,,94.551
2014-08-24,,,,94.8012,,,,94.551
2014-08-25,1277.300048828125,1019.65,95.39,94.8012,11.7,264.4599914550781,1997.9200439453125,94.551
2014-08-26,1283.800048828125,1016.25,95.78,94.8012,11.63,265.1400146484375,2000.02001953125,94.551
2014-08-27,1281.9000244140625,1013.95,95.82,94.8012,11.78,265.8800048828125,2000.1199951171875,94.551
2014-08-28,1288.699951171875,1014.85,96.44,94.8012,12.05,266.19000244140625,1996.739990234375,94.551
2014-08-29,1285.800048828125,1013.85,97.86,94.7251,11.98,265.4100036621094,2003.3699951171875,94.551
2014-08-30,,,,94.7251,,,,94.551
2014-08-31,,,,94.7251,,,,94.551
2014-09-01,,,,94.7251,,265.2699890136719,,94.49
2014-09-02,1263.699951171875,1018.2,92.92,94.7251,12.25,262.6099853515625,2002.280029296875,94.49
2014-09-03,1268.9000244140625,1019.55,95.5,94.7251,12.36,262.2699890136719,2000.719970703125,94.49
2014-09-04,1265.0999755859375,1018.7,94.51,94.7251,12.64,263.19000244140625,1997.6500244140625,94.49
2014-09-05,1265.800048828125,1024.25,93.32,95.2203,12.09,262.0899963378906,2007.7099609375,94.49
2014-09-06,,,,95.2203,,,,94.49
2014-09-07,,,,95.2203,,,,94.49
2014-09-08,1252.699951171875,1024.0,92.64,95.2203,12.66,,2001.5400390625,94.49
2014-09-09,1246.800048828125,1034.05,92.73,95.2203,13.5,,1988.43994140625,94.49
2014-09-10,1243.5,1034.2,91.71,95.2203,12.88,,1995.68994140625,94.49
2014-09-11,1237.4000244140625,1035.9,92.89,95.2203,12.8,259.79998779296875,1997.449951171875,94.49
2014-09-12,1229.9000244140625,1034.9,92.18,96.0748,13.31,261.3900146484375,1985.5400390625,94.49
2014-09-13,,,,96.0748,,,,94.49
2014-09-14,,,,96.0748,,,,94.49
2014-09-15,1233.5999755859375,1037.8,92.86,96.0748,14.12,260.5599975585937,1984.1300048828125,94.49
2014-09-16,1235.199951171875,1035.95,94.91,96.0748,12.73,261.45001220703125,1998.97998046875,94.49
2014-09-17,1234.4000244140625,1034.55,94.33,96.0748,12.65,264.010009765625,2001.5699462890625,94.49
2014-09-18,1225.699951171875,1043.3,93.07,96.0748,12.03,261.7200012207031,2011.3599853515625,94.49
2014-09-19,1215.300048828125,1043.55,92.43,96.3417,12.11,262.3099975585937,2010.4000244140625,94.49
2014-09-20,,,,96.3417,,,,94.49
2014-09-21,,,,96.3417,,,,94.49
2014-09-22,1216.800048828125,1040.75,91.46,96.3417,13.69,260.1499938964844,1994.2900390625,94.49
2014-09-23,1221.0,1039.9,91.55,96.3417,14.93,258.489990234375,1982.77001953125,94.49
2014-09-24,1218.5999755859375,1039.77,93.6,96.3417,13.27,258.8800048828125,1998.300048828125,94.49
2014-09-25,1221.199951171875,1042.6,93.59,96.3417,15.64,258.4599914550781,1965.989990234375,94.49
2014-09-26,1214.0999755859375,1044.1,95.55,97.208,14.85,258.3299865722656,1982.8499755859373,94.49
2014-09-27,,,,97.208,,,,94.49
2014-09-28,,,,97.208,,,,94.49
2014-09-29,1217.5,1053.15,94.53,97.208,15.98,257.95001220703125,1977.800048828125,94.49
2014-09-30,1210.5,1054.55,91.17,97.208,16.31,256.7699890136719,1972.2900390625,94.49
2014-10-01,1214.5999755859375,1062.7,90.74,97.208,16.71,252.8099975585937,1946.1600341796875,94.205
2014-10-02,1214.199951171875,1061.1,91.02,97.208,16.16,250.0599975585937,1946.1700439453125,94.205
2014-10-03,1192.199951171875,1061.1,89.76,97.9846,14.55,,1967.9000244140625,94.205
2014-10-04,,,,97.9846,,,,94.205
2014-10-05,,,,97.9846,,,,94.205
2014-10-06,1206.699951171875,1068.75,90.33,97.9846,15.46,249.19000244140625,1964.8199462890625,94.205
2014-10-07,1211.699951171875,1069.4,88.89,97.9846,17.2,249.92999267578125,1935.0999755859373,94.205
2014-10-08,1205.300048828125,1074.4,87.29,97.9846,15.11,248.3600006103516,1968.8900146484373,94.205
2014-10-09,1224.5999755859375,1062.6,85.76,97.9846,18.76,,1928.2099609375,94.205
2014-10-10,1221.0,1073.1,85.87,97.4144,21.24,245.0599975585937,1906.1300048828125,94.205
2014-10-11,,,,97.4144,,,,94.205
2014-10-12,,,,97.4144,,,,94.205
2014-10-13,1229.300048828125,,85.73,97.4144,24.64,244.17999267578125,1874.739990234375,94.205
2014-10-14,1233.5999755859375,1064.62,81.72,97.4144,22.79,244.47000122070312,1877.699951171875,94.205
2014-10-15,1244.0999755859375,1058.9,81.82,97.4144,26.25,243.8699951171875,1862.489990234375,94.205
2014-10-16,1240.5,1060.16,82.33,97.4144,25.2,242.7899932861328,1862.760009765625,94.205
2014-10-17,1238.300048828125,1063.62,82.8,97.3067,21.99,239.83999633789065,1886.760009765625,94.205
2014-10-18,,,,97.3067,,,,94.205
2014-10-19,,,,97.3067,,,,94.205
2014-10-20,1244.0,1057.58,82.76,97.3067,18.57,243.8999938964844,1904.010009765625,94.205
2014-10-21,1251.0,1054.69,83.25,97.3067,16.08,241.47999572753903,1941.280029296875,94.205
2014-10-22,1244.800048828125,1052.47,80.52,97.3067,17.87,244.1199951171875,1927.1099853515625,94.205
2014-10-23,1228.5,1057.87,82.81,97.3067,16.53,243.3800048828125,1950.8199462890625,94.205
2014-10-24,1231.199951171875,1055.58,81.27,97.4772,16.11,242.91000366210932,1964.5799560546875,94.205
2014-10-25,,,,97.4772,,,,94.205
2014-10-26,,,,97.4772,,,,94.205
2014-10-27,1229.0999755859375,1050.99,81.26,97.4772,16.04,243.88999938964844,1961.6300048828125,94.205
2014-10-28,1229.199951171875,1047.0,81.36,97.4772,14.39,243.3000030517578,1985.050048828125,94.205
2014-10-29,1224.300048828125,1043.89,82.25,97.4772,15.15,248.63999938964844,1982.300048828125,94.205
2014-10-30,1198.0999755859375,1053.8,81.06,97.4772,14.52,248.83999633789065,1994.6500244140625,94.205
2014-10-31,1171.0999755859375,1073.07,80.53,98.1163,14.03,250.4499969482422,2018.050048828125,94.205
2014-11-01,,,,98.1163,,,,94.015
2014-11-02,,,,98.1163,,,,94.015
2014-11-03,1169.4000244140625,1077.63,78.77,98.1163,14.73,248.69000244140625,2017.81005859375,94.015
2014-11-04,1167.4000244140625,1076.99,77.15,98.1163,14.89,246.509994506836,2012.0999755859373,94.015
2014-11-05,1145.4000244140625,1089.38,78.71,98.1163,14.17,245.8600006103516,2023.5699462890625,94.015
2014-11-06,1142.300048828125,1084.0,77.87,98.1163,13.67,247.19000244140625,2031.2099609375,94.015
2014-11-07,1169.5999755859375,1086.5,78.71,99.0236,13.12,247.38999938964844,2031.9200439453125,94.015
2014-11-08,,,,99.0236,,,,94.015
2014-11-09,,,,99.0236,,,,94.015
2014-11-10,1159.5999755859375,1089.28,77.43,99.0236,12.67,250.63999938964844,2038.260009765625,94.015
2014-11-11,1162.800048828125,,77.85,99.0236,12.92,250.4499969482422,2039.6800537109373,94.015
2014-11-12,1158.9000244140625,1093.62,77.16,99.0236,13.02,251.259994506836,2038.25,94.015
2014-11-13,1161.0999755859375,1093.61,74.13,99.0236,13.79,250.1100006103516,2039.3299560546875,94.015
2014-11-14,1185.0,1102.23,75.91,99.0917,13.31,248.17999267578125,2039.8199462890625,94.015
2014-11-15,,,,99.0917,,,,94.015
2014-11-16,,,,99.0917,,,,94.015
2014-11-17,1183.0,1098.12,75.64,99.0917,13.99,248.3000030517578,2041.3199462890625,94.015
2014-11-18,1196.699951171875,1096.64,74.55,99.0917,13.86,250.6499938964844,2051.800048828125,94.015
2014-11-19,1193.5999755859375,1112.04,74.55,99.0917,13.96,250.3300018310547,2048.719970703125,94.015
2014-11-20,1190.699951171875,1111.96,75.63,99.0917,13.58,248.9600067138672,2052.75,94.015
2014-11-21,1197.5,1111.05,76.52,99.2894,12.9,249.8999938964844,2063.5,94.015
2014-11-22,,,,99.2894,,,,94.015
2014-11-23,,,,99.2894,,,,94.015
2014-11-24,1195.5,1114.66,75.74,99.2894,12.62,252.33999633789065,2069.409912109375,94.015
2014-11-25,1197.0999755859375,1108.68,74.04,99.2894,12.25,251.72000122070312,2067.030029296875,94.015
2014-11-26,1196.5999755859375,1103.26,73.7,99.2894,12.07,252.0,2072.830078125,94.015
2014-11-27,,,,99.2894,,253.3000030517578,,94.015
2014-11-28,1175.199951171875,1112.06,65.94,100.0719,13.33,253.6999969482422,2067.56005859375,94.015
2014-11-29,,,,100.0719,,,,94.015
2014-11-30,,,,100.0719,,,,94.015
2014-12-01,1218.0,1108.36,68.98,100.0719,14.29,251.58999633789065,2053.43994140625,94.006
2014-12-02,1199.199951171875,1115.35,66.99,100.0719,12.85,251.41000366210932,2066.550048828125,94.006
2014-12-03,1208.5,1114.57,67.3,100.0719,12.47,251.6499938964844,2074.330078125,94.006
2014-12-04,1207.5,1110.89,66.73,100.0719,12.38,254.0599975585937,2071.919921875,94.006
2014-12-05,1190.0999755859375,1117.74,65.89,101.0989,11.82,254.2400054931641,2075.3701171875,94.006
2014-12-06,,,,101.0989,,,,94.006
2014-12-07,,,,101.0989,,,,94.006
2014-12-08,1194.699951171875,1112.52,63.13,101.0989,14.21,253.7100067138672,2060.31005859375,94.006
2014-12-09,1231.5,1102.31,63.74,101.0989,14.89,253.2100067138672,2059.820068359375,94.006
2014-12-10,1228.9000244140625,1103.75,60.99,101.0989,18.53,249.3500061035156,2026.1400146484373,94.006
2014-12-11,1225.0999755859375,1101.83,60.01,101.0989,20.08,245.5399932861328,2035.3299560546875,94.006
2014-12-12,1222.0,1103.01,57.81,101.3735,21.08,246.44000244140625,2002.3299560546875,94.006
2014-12-13,,,,101.3735,,,,94.006
2014-12-14,,,,101.3735,,,,94.006
2014-12-15,1207.199951171875,1098.24,55.96,101.3735,20.42,246.2700042724609,1989.6300048828125,94.006
2014-12-16,1193.9000244140625,1080.83,55.97,101.3735,23.57,244.42999267578125,1972.739990234375,94.006
2014-12-17,1194.300048828125,1094.59,56.43,101.3735,19.44,243.72000122070312,2012.8900146484373,94.006
2014-12-18,1194.699951171875,1101.75,54.18,101.3735,16.81,243.82000732421875,2061.22998046875,94.006
2014-12-19,1195.9000244140625,1099.21,56.91,102.0483,16.49,247.9600067138672,2070.64990234375,94.006
2014-12-20,,,,102.0483,,,,94.006
2014-12-21,,,,102.0483,,,,94.006
2014-12-22,1179.699951171875,1097.77,55.25,102.0483,15.25,249.6999969482422,2078.5400390625,94.006
2014-12-23,1177.9000244140625,1104.84,56.78,102.0483,14.8,249.0599975585937,2082.169921875,94.006
2014-12-24,1173.5,1103.22,55.7,102.0483,14.37,250.07000732421875,2081.8798828125,94.006
2014-12-25,,,,102.0483,,,,94.006
2014-12-26,1195.300048828125,,54.59,102.3028,14.5,250.0500030517578,2088.77001953125,94.006
2014-12-27,,,,102.3028,,,,94.006
2014-12-28,,,,102.3028,,,,94.006
2014-12-29,1181.699951171875,1097.34,53.46,102.3028,15.06,246.3000030517578,2090.570068359375,94.006
2014-12-30,1200.199951171875,1096.06,54.14,102.3028,15.92,244.0500030517578,2080.35009765625,94.006
2014-12-31,1183.9000244140625,1090.89,53.45,102.3028,19.2,,2058.89990234375,94.006
2015-01-01,,,,102.3028,,,,94.643
2015-01-02,1186.0,1103.73,52.72,102.9027,17.79,244.7899932861328,2058.199951171875,94.643
2015-01-03,,,,102.9027,,,,94.643
2015-01-04,,,,102.9027,,,,94.643
2015-01-05,1203.9000244140625,1109.07,50.05,102.9027,19.92,244.259994506836,2020.5799560546875,94.643
2015-01-06,1219.300048828125,1098.14,47.98,102.9027,21.12,239.92999267578125,2002.6099853515625,94.643
2015-01-07,1210.5999755859375,1101.51,48.69,102.9027,19.31,240.52999877929688,2025.9000244140625,94.643
2015-01-08,1208.4000244140625,1096.19,48.8,102.9027,17.01,243.94000244140625,2062.139892578125,94.643
2015-01-09,1216.0,1086.14,48.35,103.1213,17.55,246.0500030517578,2044.81005859375,94.643
2015-01-10,,,,103.1213,,,,94.643
2015-01-11,,,,103.1213,,,,94.643
2015-01-12,1232.699951171875,1083.25,46.06,103.1213,19.6,245.6999969482422,2028.260009765625,94.643
2015-01-13,1234.300048828125,1080.42,45.92,103.1213,20.56,246.2899932861328,2023.030029296875,94.643
2015-01-14,1234.4000244140625,1080.45,48.49,103.1213,21.48,245.9900054931641,2011.27001953125,94.643
2015-01-15,1264.699951171875,1077.94,46.37,103.1213,22.39,245.759994506836,1992.6700439453125,94.643
2015-01-16,1276.9000244140625,1076.68,48.49,103.2189,20.95,242.22000122070312,2019.4200439453125,94.643
2015-01-17,,,,103.2189,,,,94.643
2015-01-18,,,,103.2189,,,,94.643
2015-01-19,,,,103.2189,,244.77999877929688,,94.643
2015-01-20,1294.199951171875,1087.17,46.79,103.2189,19.89,247.2400054931641,2022.550048828125,94.643
2015-01-21,1293.699951171875,1081.94,47.85,103.2189,18.85,248.58999633789065,2032.1199951171875,94.643
2015-01-22,1300.699951171875,1081.75,45.93,103.2189,16.4,248.47000122070312,2063.14990234375,94.643
2015-01-23,1292.5999755859375,1075.75,45.26,104.3676,16.66,250.32000732421875,2051.820068359375,94.643
2015-01-24,,,,104.3676,,,,94.643
2015-01-25,,,,104.3676,,,,94.643
2015-01-26,1279.4000244140625,1079.42,44.8,104.3676,15.52,250.13999938964844,2057.090087890625,94.643
2015-01-27,1291.699951171875,1075.31,45.84,104.3676,17.22,252.1999969482422,2029.550048828125,94.643
2015-01-28,1285.9000244140625,1084.84,44.08,104.3676,20.44,252.2100067138672,2002.1600341796875,94.643
2015-01-29,1254.5999755859375,1098.6,44.12,104.3676,18.76,250.4600067138672,2021.25,94.643
2015-01-30,1278.5,1104.3,47.79,105.5884,20.97,249.8800048828125,1994.989990234375,94.643
2015-01-31,,,,105.5884,,,,94.643
2015-02-01,,,,105.5884,,,,94.587
2015-02-02,1276.199951171875,1099.61,49.25,105.5884,19.43,250.6100006103516,2020.8499755859373,94.587
2015-02-03,1259.699951171875,1096.06,53.04,105.5884,17.33,250.3800048828125,2050.030029296875,94.587
2015-02-04,1263.800048828125,1086.79,48.45,105.5884,18.33,251.6000061035156,2041.510009765625,94.587
2015-02-05,1262.0,1087.05,50.48,105.5884,16.85,249.77999877929688,2062.52001953125,94.587
2015-02-06,1233.9000244140625,1097.26,51.66,105.1283,17.29,250.16000366210932,2055.469970703125,94.587
2015-02-07,,,,105.1283,,,,94.587
2015-02-08,,,,105.1283,,,,94.587
2015-02-09,1240.800048828125,1096.4,52.99,105.1283,18.55,249.259994506836,2046.739990234375,94.587
2015-02-10,1231.5999755859375,1098.61,50.06,105.1283,17.23,247.66000366210932,2068.590087890625,94.587
2015-02-11,1219.0,1108.19,48.8,105.1283,16.96,248.3999938964844,2068.530029296875,94.587
2015-02-12,1220.0999755859375,1100.87,51.17,105.1283,15.34,247.7100067138672,2088.47998046875,94.587
2015-02-13,1226.5,1097.2,52.66,104.8452,14.69,249.759994506836,2096.989990234375,94.587
2015-02-14,,,,104.8452,,,,94.587
2015-02-15,,,,104.8452,,,,94.587
2015-02-16,,,,104.8452,,249.8099975585937,,94.587
2015-02-17,1208.0999755859375,1107.33,53.56,104.8452,15.8,250.3699951171875,2100.340087890625,94.587
2015-02-18,1199.699951171875,1112.82,52.13,104.8452,15.45,,2099.679931640625,94.587
2015-02-19,1207.0999755859375,1110.69,51.12,104.8452,15.29,,2097.449951171875,94.587
2015-02-20,1204.4000244140625,1110.06,49.95,105.3387,14.3,,2110.300048828125,94.587
2015-02-21,,,,105.3387,,,,94.587
2015-02-22,,,,105.3387,,,,94.587
2015-02-23,1200.300048828125,1108.25,49.56,105.3387,14.56,250.8000030517578,2109.659912109375,94.587
2015-02-24,1196.9000244140625,1108.05,48.48,105.3387,13.69,251.27999877929688,2115.47998046875,94.587
2015-02-25,1201.0,1101.53,50.25,105.3387,13.84,252.9600067138672,2113.860107421875,94.587
2015-02-26,1209.5999755859375,1100.33,47.65,105.3387,13.91,252.92999267578125,2110.739990234375,94.587
2015-02-27,1212.5999755859375,1100.65,49.84,105.5981,13.34,251.4600067138672,2104.5,94.587
2015-02-28,,,,105.5981,,,,94.587
2015-03-01,,,,105.5981,,,,94.596
2015-03-02,1207.699951171875,1101.46,49.59,105.5981,13.04,253.6499938964844,2117.389892578125,94.596
2015-03-03,1204.0,1095.65,50.43,105.5981,13.86,254.5,2107.780029296875,94.596
2015-03-04,1200.5999755859375,1100.2,51.53,105.5981,14.23,254.3099975585937,2098.530029296875,94.596
2015-03-05,1195.9000244140625,1100.11,50.76,105.5981,14.04,254.16000366210932,2101.0400390625,94.596
2015-03-06,1164.0999755859375,1110.36,49.61,107.4337,15.2,255.9600067138672,2071.260009765625,94.596
2015-03-07,,,,107.4337,,,,94.596
2015-03-08,,,,107.4337,,,,94.596
2015-03-09,1166.4000244140625,1114.18,49.95,107.4337,15.06,252.7700042724609,2079.429931640625,94.596
2015-03-10,1160.0999755859375,1123.32,48.42,107.4337,16.69,251.75,2044.1600341796875,94.596
2015-03-11,1150.699951171875,1131.33,48.06,107.4337,16.87,252.16000366210932,2040.239990234375,94.596
2015-03-12,1152.0999755859375,1120.13,47.12,107.4337,15.42,250.27999877929688,2065.949951171875,94.596
2015-03-13,1152.5999755859375,1135.7,44.88,108.9174,16.0,252.17999267578125,2053.39990234375,94.596
2015-03-14,,,,108.9174,,,,94.596
2015-03-15,,,,108.9174,,,,94.596
2015-03-16,1153.300048828125,1129.62,43.93,108.9174,15.61,252.44000244140625,2081.18994140625,94.596
2015-03-17,1148.300048828125,1127.69,43.39,108.9174,15.66,258.17999267578125,2074.280029296875,94.596
2015-03-18,1151.4000244140625,1127.09,44.63,108.9174,13.97,258.2200012207031,2099.5,94.596
2015-03-19,1169.0999755859375,1121.21,44.02,108.9174,14.07,258.989990234375,2089.27001953125,94.596
2015-03-20,1184.800048828125,1113.87,46.0,107.1671,13.02,258.70001220703125,2108.10009765625,94.596
2015-03-21,,,,107.1671,,,,94.596
2015-03-22,,,,107.1671,,,,94.596
2015-03-23,1188.0,1106.68,47.4,107.1671,13.41,258.95001220703125,2104.419921875,94.596
2015-03-24,1191.699951171875,1104.2,47.03,107.1671,13.62,259.1600036621094,2091.5,94.596
2015-03-25,1197.300048828125,1099.72,48.75,107.1671,15.44,258.94000244140625,2061.050048828125,94.596
2015-03-26,1205.0999755859375,1103.59,51.41,107.1671,15.8,255.9900054931641,2056.14990234375,94.596
2015-03-27,1199.800048828125,1103.6,48.83,106.8916,15.07,255.5399932861328,2061.02001953125,94.596
2015-03-28,,,,106.8916,,,,94.596
2015-03-29,,,,106.8916,,,,94.596
2015-03-30,1184.800048828125,1106.39,48.66,106.8916,14.51,256.1000061035156,2086.239990234375,94.596
2015-03-31,1183.0999755859375,1107.71,47.72,106.8916,15.29,257.2799987792969,2067.889892578125,94.596
2015-04-01,1208.0999755859375,1098.1,50.12,106.8916,15.11,254.97000122070312,2059.68994140625,94.625
2015-04-02,1200.9000244140625,1089.49,49.13,106.8916,14.67,254.9900054931641,2066.9599609375,94.625
2015-04-03,,1085.65,,105.8861,,256.75,,94.625
2015-04-04,,,,105.8861,,,,94.625
2015-04-05,,,,105.8861,,,,94.625
2015-04-06,1218.5999755859375,1083.38,52.08,105.8861,14.74,256.92999267578125,2080.6201171875,94.625
2015-04-07,1210.5999755859375,1093.76,53.95,105.8861,14.78,256.8800048828125,2076.330078125,94.625
2015-04-08,1203.0999755859375,1093.77,50.44,105.8861,13.98,258.510009765625,2081.89990234375,94.625
2015-04-09,1193.5999755859375,1093.8,50.79,105.8861,13.09,258.3299865722656,2091.179931640625,94.625
2015-04-10,1204.5999755859375,1093.13,51.63,107.4526,12.58,261.95001220703125,2102.06005859375,94.625
2015-04-11,,,,107.4526,,,,94.625
2015-04-12,,,,107.4526,,,,94.625
2015-04-13,1199.300048828125,1100.41,51.95,107.4526,13.94,263.4800109863281,2092.429931640625,94.625
2015-04-14,1192.800048828125,1090.76,53.3,107.4526,13.67,265.57000732421875,2095.840087890625,94.625
2015-04-15,1201.5,1095.07,56.25,107.4526,12.84,265.7699890136719,2106.6298828125,94.625
2015-04-16,1198.0,1086.89,56.69,107.4526,12.6,268.45001220703125,2104.989990234375,94.625
2015-04-17,1202.9000244140625,1081.99,55.71,106.329,13.89,268.2799987792969,2081.179931640625,94.625
2015-04-18,,,,106.329,,,,94.625
2015-04-19,,,,106.329,,,,94.625
2015-04-20,1193.5,1081.27,56.37,106.329,13.3,268.54998779296875,2100.39990234375,94.625
2015-04-21,1202.9000244140625,1081.54,55.58,106.329,13.25,268.1700134277344,2097.2900390625,94.625
2015-04-22,1186.9000244140625,1080.64,56.17,106.329,12.71,268.6400146484375,2107.9599609375,94.625
2015-04-23,1194.4000244140625,1080.0,56.59,106.329,12.48,272.5899963378906,2112.929931640625,94.625
2015-04-24,1175.199951171875,1075.85,55.98,105.905,12.29,271.04998779296875,2117.68994140625,94.625
2015-04-25,,,,105.905,,,,94.625
2015-04-26,,,,105.905,,,,94.625
2015-04-27,1203.300048828125,1071.01,55.56,105.905,13.12,270.04998779296875,2108.919921875,94.625
2015-04-28,1214.0,1063.03,57.05,105.905,12.41,268.54998779296875,2114.760009765625,94.625
2015-04-29,1209.800048828125,1066.48,58.55,105.905,13.39,268.0299987792969,2106.85009765625,94.625
2015-04-30,1182.4000244140625,1076.74,59.62,105.905,14.55,266.4200134277344,2085.510009765625,94.625
2015-05-01,1174.5,1080.22,59.1,105.6382,12.7,,2108.2900390625,94.89
2015-05-02,,,,105.6382,,,,94.89
2015-05-03,,,,105.6382,,,,94.89
2015-05-04,1186.800048828125,1081.19,58.92,105.6382,12.85,267.3299865722656,2114.489990234375,94.89
2015-05-05,1193.199951171875,1080.46,60.38,105.6382,14.31,,2089.4599609375,94.89
2015-05-06,1190.300048828125,1077.23,60.93,105.6382,15.15,264.0299987792969,2080.14990234375,94.89
2015-05-07,1182.4000244140625,1093.55,58.99,105.6382,15.13,262.4700012207031,2088.0,94.89
2015-05-08,1189.0999755859375,1087.28,59.41,104.8424,12.86,260.8099975585937,2116.10009765625,94.89
2015-05-09,,,,104.8424,,,,94.89
2015-05-10,,,,104.8424,,,,94.89
2015-05-11,1183.199951171875,1095.39,59.23,104.8424,13.85,261.489990234375,2105.330078125,94.89
2015-05-12,1192.5999755859375,1093.81,60.72,104.8424,13.86,261.4200134277344,2099.1201171875,94.89
2015-05-13,1218.4000244140625,1089.72,60.5,104.8424,13.76,263.25,2098.47998046875,94.89
2015-05-14,1225.4000244140625,1089.46,59.89,104.8424,12.74,263.69000244140625,2121.10009765625,94.89
2015-05-15,1225.5,1083.05,59.73,104.0202,12.38,261.3299865722656,2122.72998046875,94.89
2015-05-16,,,,104.0202,,,,94.89
2015-05-17,,,,104.0202,,,,94.89
2015-05-18,1227.800048828125,1088.19,59.44,104.0202,12.73,261.9700012207031,2129.199951171875,94.89
2015-05-19,1206.9000244140625,1093.94,57.3,104.0202,12.85,262.9200134277344,2127.830078125,94.89
2015-05-20,1208.9000244140625,1097.62,58.96,104.0202,12.88,265.3599853515625,2125.85009765625,94.89
2015-05-21,1204.4000244140625,1092.41,60.18,104.0202,12.11,262.6600036621094,2130.820068359375,94.89
2015-05-22,1204.300048828125,1093.46,58.88,105.8487,12.13,266.0299987792969,2126.06005859375,94.89
2015-05-23,,,,105.8487,,,,94.89
2015-05-24,,,,105.8487,,,,94.89
2015-05-25,,,,105.8487,,,,94.89
2015-05-26,1187.199951171875,1106.06,57.29,105.8487,14.06,265.4100036621094,2104.199951171875,94.89
2015-05-27,1185.9000244140625,1107.84,57.51,105.8487,13.27,260.1600036621094,2123.47998046875,94.89
2015-05-28,1188.0999755859375,1109.86,57.69,105.8487,13.31,260.0599975585937,2120.7900390625,94.89
2015-05-29,1189.4000244140625,1111.99,60.25,106.7388,13.84,260.3900146484375,2107.389892578125,94.89
2015-05-30,,,,106.7388,,,,94.89
2015-05-31,,,,106.7388,,,,94.89
2015-06-01,1188.300048828125,1115.61,60.24,106.7388,13.97,258.739990234375,2111.72998046875,94.909
2015-06-02,1194.0999755859375,1109.34,61.3,106.7388,14.24,256.2900085449219,2109.60009765625,94.909
2015-06-03,1184.699951171875,1104.33,59.67,106.7388,13.66,254.1100006103516,2114.070068359375,94.909
2015-06-04,1174.9000244140625,1112.56,58.0,106.7388,14.71,255.47000122070312,2095.840087890625,94.909
2015-06-05,1167.800048828125,1121.18,59.11,107.1336,14.21,254.94000244140625,2092.830078125,94.909
2015-06-06,,,,107.1336,,,,94.909
2015-06-07,,,,107.1336,,,,94.909
2015-06-08,1173.199951171875,1121.95,58.15,107.1336,15.29,254.2100067138672,2079.280029296875,94.909
2015-06-09,1177.300048828125,1119.38,60.15,107.1336,14.47,253.509994506836,2080.14990234375,94.909
2015-06-10,1186.0999755859375,1110.32,61.36,107.1336,13.22,252.1100006103516,2105.199951171875,94.909
2015-06-11,1179.9000244140625,1113.24,60.74,107.1336,12.85,252.32000732421875,2108.860107421875,94.909
2015-06-12,1178.800048828125,1111.63,59.96,105.9015,13.78,251.66000366210932,2094.110107421875,94.909
2015-06-13,,,,105.9015,,,,94.909
2015-06-14,,,,105.9015,,,,94.909
2015-06-15,1185.300048828125,1114.94,59.53,105.9015,15.39,250.7400054931641,2084.429931640625,94.909
2015-06-16,1180.5,1118.08,60.01,105.9015,14.81,248.4900054931641,2096.2900390625,94.909
2015-06-17,1176.4000244140625,1122.83,59.89,105.9015,14.5,249.0800018310547,2100.43994140625,94.909
2015-06-18,1201.5,1101.55,60.41,105.9015,13.19,249.6699981689453,2121.239990234375,94.909
2015-06-19,1201.5,1102.64,59.62,105.4496,13.96,249.83999633789065,2109.989990234375,94.909
2015-06-20,,,,105.4496,,,,94.909
2015-06-21,,,,105.4496,,,,94.909
2015-06-22,1183.699951171875,1098.85,60.01,105.4496,12.74,250.9900054931641,2122.85009765625,94.909
2015-06-23,1176.199951171875,1104.54,61.05,105.4496,12.11,254.5200042724609,2124.199951171875,94.909
2015-06-24,1172.5999755859375,1110.67,60.01,105.4496,13.26,254.94000244140625,2108.580078125,94.909
2015-06-25,1171.5,1111.05,59.59,105.4496,14.01,253.8000030517578,2102.31005859375,94.909
2015-06-26,1172.9000244140625,1122.31,59.41,106.4116,14.02,254.47999572753903,2101.489990234375,94.909
2015-06-27,,,,106.4116,,,,94.909
2015-06-28,,,,106.4116,,,,94.909
2015-06-29,1178.5,1119.09,58.34,106.4116,18.85,251.259994506836,2057.639892578125,94.909
2015-06-30,1171.5,1117.34,59.48,106.4116,18.23,252.2700042724609,2063.110107421875,94.909
2015-07-01,1169.0,1123.89,56.94,106.4116,16.09,255.07000732421875,2077.419921875,95.08
2015-07-02,1163.0,1119.95,56.93,106.4116,16.79,255.5,2076.780029296875,95.08
2015-07-03,,,,106.9106,,254.66000366210932,,95.08
2015-07-04,,,,106.9106,,,,95.08
2015-07-05,,,,106.9106,,,,95.08
2015-07-06,1172.9000244140625,1125.58,52.48,106.9106,17.01,248.3000030517578,2068.760009765625,95.08
2015-07-07,1152.4000244140625,1133.75,52.33,106.9106,16.09,248.0500030517578,2081.340087890625,95.08
2015-07-08,1163.300048828125,1131.75,51.61,106.9106,19.66,244.94000244140625,2046.6800537109373,95.08
2015-07-09,1159.0,1133.69,52.76,106.9106,19.97,246.7700042724609,2051.31005859375,95.08
2015-07-10,1157.699951171875,1127.29,52.74,107.213,16.83,246.8300018310547,2076.6201171875,95.08
2015-07-11,,,,107.213,,,,95.08
2015-07-12,,,,107.213,,,,95.08
2015-07-13,1155.199951171875,1133.93,52.19,107.213,13.9,249.83999633789065,2099.60009765625,95.08
2015-07-14,1153.300048828125,1142.75,53.05,107.213,13.37,248.63999938964844,2108.949951171875,95.08
2015-07-15,1147.199951171875,1146.42,51.4,107.213,13.23,249.6499938964844,2107.39990234375,95.08
2015-07-16,1143.800048828125,1145.24,50.9,107.213,12.11,251.47000122070312,2124.2900390625,95.08
2015-07-17,1131.800048828125,1148.48,50.88,108.5374,11.95,250.22999572753903,2126.639892578125,95.08
2015-07-18,,,,108.5374,,,,95.08
2015-07-19,,,,108.5374,,,,95.08
2015-07-20,1106.699951171875,1156.38,50.11,108.5374,12.25,248.91000366210932,2128.280029296875,95.08
2015-07-21,1103.4000244140625,1148.33,50.59,108.5374,12.22,250.3500061035156,2119.2099609375,95.08
2015-07-22,1091.4000244140625,1156.49,49.27,108.5374,12.12,247.8800048828125,2114.14990234375,95.08
2015-07-23,1094.0,1160.64,48.11,108.5374,12.64,247.3099975585937,2102.14990234375,95.08
2015-07-24,1085.5999755859375,1169.02,47.98,109.0174,13.74,244.91000366210932,2079.64990234375,95.08
2015-07-25,,,,109.0174,,,,95.08
2015-07-26,,,,109.0174,,,,95.08
2015-07-27,1096.5,1167.75,47.17,109.0174,15.6,244.97999572753903,2067.639892578125,95.08
2015-07-28,1096.300048828125,1161.09,47.97,109.0174,13.44,245.2100067138672,2093.25,95.08
2015-07-29,1092.699951171875,1158.49,48.77,109.0174,12.5,245.97000122070312,2108.570068359375,95.08
2015-07-30,1088.4000244140625,1173.42,48.53,109.0174,12.13,243.6100006103516,2108.6298828125,95.08
2015-07-31,1094.9000244140625,1159.7,47.11,108.7819,12.12,244.3000030517578,2103.840087890625,95.08
2015-08-01,,,,108.7819,,,,95.213
2015-08-02,,,,108.7819,,,,95.213
2015-08-03,1089.4000244140625,1168.63,45.25,108.7819,12.56,241.47999572753903,2098.0400390625,95.213
2015-08-04,1090.699951171875,1161.2,45.75,108.7819,13.0,243.5500030517578,2093.320068359375,95.213
2015-08-05,1085.699951171875,1174.4,45.13,108.7819,12.51,243.1199951171875,2099.840087890625,95.213
2015-08-06,1090.199951171875,1163.25,44.69,108.7819,13.77,240.0399932861328,2083.56005859375,95.213
2015-08-07,1094.0999755859375,1164.0,43.87,109.4376,13.39,239.7899932861328,2077.570068359375,95.213
2015-08-08,,,,109.4376,,,,95.213
2015-08-09,,,,109.4376,,,,95.213
2015-08-10,1104.199951171875,1161.69,44.94,109.4376,12.23,239.17999267578125,2104.179931640625,95.213
2015-08-11,1107.5999755859375,1181.36,43.11,109.4376,13.71,237.91000366210932,2084.070068359375,95.213
2015-08-12,1123.199951171875,1175.03,43.22,109.4376,13.61,237.2400054931641,2086.050048828125,95.213
2015-08-13,1115.699951171875,1176.02,42.27,109.4376,13.49,237.32000732421875,2083.389892578125,95.213
2015-08-14,1112.9000244140625,1177.62,42.45,109.9174,12.83,,2091.5400390625,95.213
2015-08-15,,,,109.9174,,,,95.213
2015-08-16,,,,109.9174,,,,95.213
2015-08-17,1118.5999755859375,1181.53,41.93,109.9174,13.02,235.3699951171875,2102.43994140625,95.213
2015-08-18,1117.0999755859375,1185.85,42.58,109.9174,13.79,235.1999969482422,2096.919921875,95.213
2015-08-19,1128.0999755859375,1184.35,40.75,109.9174,15.25,234.2700042724609,2079.610107421875,95.213
2015-08-20,1153.0,1185.63,41.0,109.9174,19.14,231.58999633789065,2035.72998046875,95.213
2015-08-21,1159.5999755859375,1194.6,40.45,110.1443,28.03,227.13999938964844,1970.8900146484373,95.213
2015-08-22,,,,110.1443,,,,95.213
2015-08-23,,,,110.1443,,,,95.213
2015-08-24,1153.4000244140625,1191.13,38.22,110.1443,40.74,221.52999877929688,1893.2099609375,95.213
2015-08-25,1138.199951171875,1195.25,39.15,110.1443,36.02,223.07000732421875,1867.6099853515625,95.213
2015-08-26,1124.5999755859375,1185.52,38.5,110.1443,30.32,227.7100067138672,1940.510009765625,95.213
2015-08-27,1122.4000244140625,1170.49,42.47,110.1443,26.1,228.94000244140625,1987.6600341796875,95.213
2015-08-28,1133.0999755859375,1180.93,45.29,110.6714,26.05,232.3500061035156,1988.8699951171875,95.213
2015-08-29,,,,110.6714,,,,95.213
2015-08-30,,,,110.6714,,,,95.213
2015-08-31,1131.5999755859375,1182.54,49.2,110.6714,28.43,232.8000030517578,1972.1800537109373,95.213
2015-09-01,1138.699951171875,1179.78,45.38,110.6714,31.4,229.5500030517578,1913.8499755859373,94.966
2015-09-02,1132.5,1183.46,46.3,110.6714,26.09,229.91000366210932,1948.8599853515625,94.966
2015-09-03,1123.699951171875,1188.07,46.75,110.6714,25.61,230.3999938964844,1951.1300048828125,94.966
2015-09-04,1120.5999755859375,1196.4,46.02,111.1018,27.8,227.8999938964844,1921.219970703125,94.966
2015-09-05,,,,111.1018,,,,94.966
2015-09-06,,,,111.1018,,,,94.966
2015-09-07,,,,111.1018,,227.3099975585937,,94.966
2015-09-08,1120.4000244140625,1195.57,45.92,111.1018,24.9,227.759994506836,1969.4100341796875,94.966
2015-09-09,1102.199951171875,1186.52,44.13,111.1018,26.23,234.3999938964844,1942.0400390625,94.966
2015-09-10,1109.5,1184.87,45.85,111.1018,24.37,237.17999267578125,1952.2900390625,94.966
2015-09-11,1103.5,1182.25,44.75,110.6109,23.2,233.7400054931641,1961.050048828125,94.966
2015-09-12,,,,110.6109,,,,94.966
2015-09-13,,,,110.6109,,,,94.966
2015-09-14,1107.699951171875,1181.17,44.07,110.6109,24.25,233.0599975585937,1953.030029296875,94.966
2015-09-15,1102.800048828125,1178.69,44.58,110.6109,22.54,233.58999633789065,1978.0899658203125,94.966
2015-09-16,1119.199951171875,1169.77,47.12,110.6109,21.35,238.77999877929688,1995.31005859375,94.966
2015-09-17,1117.300048828125,1163.11,46.93,110.6109,21.14,239.2899932861328,1990.199951171875,94.966
2015-09-18,1138.0999755859375,1164.13,44.71,109.8165,22.28,241.1199951171875,1958.030029296875,94.966
2015-09-19,,,,109.8165,,,,94.966
2015-09-20,,,,109.8165,,,,94.966
2015-09-21,1133.0999755859375,1179.24,46.67,109.8165,20.14,236.72000122070312,1966.969970703125,94.966
2015-09-22,1125.0,1186.1,46.17,109.8165,22.44,238.67999267578125,1942.739990234375,94.966
2015-09-23,1131.5999755859375,1193.96,44.53,109.8165,22.13,234.259994506836,1938.760009765625,94.966
2015-09-24,1153.800048828125,1195.48,44.94,109.8165,23.47,234.259994506836,1932.239990234375,94.966
2015-09-25,1146.0,1190.14,45.55,111.3725,23.62,233.7899932861328,1931.3399658203125,94.966
2015-09-26,,,,111.3725,,,,94.966
2015-09-27,,,,111.3725,,,,94.966
2015-09-28,1132.0,1193.32,44.4,111.3725,27.63,,1881.77001953125,94.966
2015-09-29,1127.0999755859375,1194.28,45.24,111.3725,26.83,,1884.0899658203125,94.966
2015-09-30,1115.5,1184.62,45.06,111.3725,24.5,236.7100067138672,1920.030029296875,94.966
2015-10-01,1114.199951171875,1180.04,44.75,111.3725,22.55,238.6199951171875,1923.8199462890625,94.966
2015-10-02,1137.0999755859375,1175.48,45.54,110.7006,20.94,237.1499938964844,1951.3599853515625,94.966
2015-10-03,,,,110.7006,,,,94.966
2015-10-04,,,,110.7006,,,,94.966
2015-10-05,1138.0999755859375,1158.54,46.28,110.7006,19.54,237.97999572753903,1987.050048828125,94.966
2015-10-06,1146.800048828125,1160.7,48.53,110.7006,19.4,240.17999267578125,1979.9200439453125,94.966
2015-10-07,1149.0,1153.72,47.86,110.7006,18.4,243.5200042724609,1995.8299560546875,94.966
2015-10-08,1144.699951171875,1155.57,49.46,110.7006,17.42,246.0200042724609,2013.4300537109373,94.966
2015-10-09,1156.300048828125,1145.67,49.67,109.0782,17.08,,2014.8900146484373,94.966
2015-10-10,,,,109.0782,,,,94.966
2015-10-11,,,,109.0782,,,,94.966
2015-10-12,1164.9000244140625,,47.09,109.0782,16.17,246.4900054931641,2017.4599609375,94.966
2015-10-13,1165.800048828125,1147.42,46.7,109.0782,17.67,246.0399932861328,2003.68994140625,94.966
2015-10-14,1180.0999755859375,1140.39,46.63,109.0782,18.03,244.94000244140625,1994.239990234375,94.966
2015-10-15,1187.9000244140625,1120.9,46.38,109.0782,16.05,247.88999938964844,2023.8599853515625,94.966
2015-10-16,1183.5999755859375,1130.73,47.3,108.9956,15.05,247.3699951171875,2033.1099853515625,94.966
2015-10-17,,,,108.9956,,,,94.966
2015-10-18,,,,108.9956,,,,94.966
2015-10-19,1173.300048828125,1130.57,45.91,108.9956,14.98,247.47000122070312,2033.6600341796875,94.966
2015-10-20,1178.0,1128.64,45.84,108.9956,15.75,248.52999877929688,2030.77001953125,94.966
2015-10-21,1167.5999755859375,1137.09,45.22,108.9956,16.7,249.25,2018.93994140625,94.966
2015-10-22,1166.5999755859375,1131.48,44.9,108.9956,14.45,247.22000122070312,2052.510009765625,94.966
2015-10-23,1163.300048828125,1135.0,43.91,110.4329,14.46,249.41000366210932,2075.14990234375,94.966
2015-10-24,,,,110.4329,,,,94.966
2015-10-25,,,,110.4329,,,,94.966
2015-10-26,1167.0,1127.47,43.19,110.4329,15.29,250.3600006103516,2071.179931640625,94.966
2015-10-27,1166.800048828125,1134.57,43.21,110.4329,15.43,250.0399932861328,2065.889892578125,94.966
2015-10-28,1177.0999755859375,1130.31,45.93,110.4329,14.33,249.7899932861328,2090.35009765625,94.966
2015-10-29,1147.199951171875,1142.39,46.02,110.4329,14.61,248.92999267578125,2089.409912109375,94.966
2015-10-30,1141.5,1140.5,46.6,110.2079,15.07,249.41000366210932,2079.360107421875,94.966
2015-10-31,,,,110.2079,,,,94.966
2015-11-01,,,,110.2079,,,,94.786
2015-11-02,1135.800048828125,1140.5,46.12,110.2079,14.15,250.6000061035156,2104.050048828125,94.786
2015-11-03,1114.199951171875,1140.5,47.88,110.2079,14.54,252.1199951171875,2109.7900390625,94.786
2015-11-04,1106.5,1136.45,46.32,110.2079,15.51,252.3300018310547,2102.31005859375,94.786
2015-11-05,1104.4000244140625,1140.5,45.27,110.2079,15.05,251.7899932861328,2099.929931640625,94.786
2015-11-06,1087.5999755859375,1140.5,44.32,111.7603,14.33,250.25,2099.199951171875,94.786
2015-11-07,,,,111.7603,,,,94.786
2015-11-08,,,,111.7603,,,,94.786
2015-11-09,1087.9000244140625,1160.42,43.87,111.7603,16.52,249.2100067138672,2078.580078125,94.786
2015-11-10,1088.199951171875,1158.34,44.23,111.7603,15.29,245.8600006103516,2081.719970703125,94.786
2015-11-11,1084.699951171875,,42.95,111.7603,16.06,245.8600006103516,2075.0,94.786
2015-11-12,1080.800048828125,1158.6,41.74,111.7603,18.37,245.13999938964844,2045.969970703125,94.786
2015-11-13,1080.800048828125,1169.79,40.69,112.0264,20.08,242.7100067138672,2023.0400390625,94.786
2015-11-14,,,,112.0264,,,,94.786
2015-11-15,,,,112.0264,,,,94.786
2015-11-16,1083.699951171875,1172.67,41.68,112.0264,18.16,238.8699951171875,2053.18994140625,94.786
2015-11-17,1068.699951171875,1169.08,40.73,112.0264,18.84,241.259994506836,2050.43994140625,94.786
2015-11-18,1068.800048828125,1167.89,40.75,112.0264,16.85,241.44000244140625,2083.580078125,94.786
2015-11-19,1078.0,1156.08,40.55,112.0264,16.99,244.7899932861328,2081.239990234375,94.786
2015-11-20,1076.4000244140625,1151.63,39.39,111.7799,15.47,244.8000030517578,2089.169921875,94.786
2015-11-21,,,,111.7799,,,,94.786
2015-11-22,,,,111.7799,,,,94.786
2015-11-23,1066.800048828125,1159.14,39.27,111.7799,15.62,245.9199981689453,2086.590087890625,94.786
2015-11-24,1074.300048828125,1149.39,40.89,111.7799,15.93,247.509994506836,2089.139892578125,94.786
2015-11-25,1070.5,1140.67,41.22,111.7799,15.19,246.5800018310547,2088.8701171875,94.786
2015-11-26,,,,111.7799,,249.42999267578125,,94.786
2015-11-27,1056.199951171875,1154.43,40.57,112.2824,15.12,249.07000732421875,2090.110107421875,94.786
2015-11-28,,,,112.2824,,,,94.786
2015-11-29,,,,112.2824,,,,94.786
2015-11-30,1065.800048828125,1149.39,40.43,112.2824,16.13,244.2400054931641,2080.409912109375,94.786
2015-12-01,1063.800048828125,1149.39,40.58,112.2824,14.67,248.6999969482422,2102.6298828125,95.07
2015-12-02,1054.199951171875,1149.39,39.93,112.2824,15.91,246.6000061035156,2079.510009765625,95.07
2015-12-03,1061.699951171875,1149.39,41.08,112.2824,18.11,244.67999267578125,2049.6201171875,95.07
2015-12-04,1084.5,1149.39,40.0,111.5463,14.81,242.1499938964844,2091.68994140625,95.07
2015-12-05,,,,111.5463,,,,95.07
2015-12-06,,,,111.5463,,,,95.07
2015-12-07,1076.4000244140625,1172.68,37.64,111.5463,15.84,240.67999267578125,2077.070068359375,95.07
2015-12-08,1076.300048828125,1179.6,37.46,111.5463,17.6,239.22999572753903,2063.590087890625,95.07
2015-12-09,1077.5999755859375,1181.75,37.16,111.5463,19.61,239.3999938964844,2047.6199951171875,95.07
2015-12-10,1073.0999755859375,1176.39,36.76,111.5463,19.34,240.6000061035156,2052.22998046875,95.07
2015-12-11,1076.9000244140625,1188.0,35.65,112.7147,24.39,240.3500061035156,2012.3699951171875,95.07
2015-12-12,,,,112.7147,,,,95.07
2015-12-13,,,,112.7147,,,,95.07
2015-12-14,1064.699951171875,1186.2,36.31,112.7147,22.73,238.1699981689453,2021.93994140625,95.07
2015-12-15,1062.9000244140625,1176.66,37.32,112.7147,20.95,238.8000030517578,2043.4100341796875,95.07
2015-12-16,1078.0,1177.19,35.55,112.7147,17.86,243.4900054931641,2073.070068359375,95.07
2015-12-17,1050.800048828125,1187.7,34.98,112.7147,18.94,244.1699981689453,2041.8900146484373,95.07
2015-12-18,1066.199951171875,1178.04,34.72,113.2837,20.7,243.0,2005.550048828125,95.07
2015-12-19,,,,113.2837,,,,95.07
2015-12-20,,,,113.2837,,,,95.07
2015-12-21,1081.9000244140625,1173.87,34.55,113.2837,18.7,243.759994506836,2021.1500244140625,95.07
2015-12-22,1074.800048828125,1169.26,36.12,113.2837,16.6,245.47999572753903,2038.969970703125,95.07
2015-12-23,1069.4000244140625,1140.67,36.76,113.2837,15.57,246.52999877929688,2064.2900390625,95.07
2015-12-24,1077.199951171875,1167.94,37.62,113.2837,15.74,245.3300018310547,2060.989990234375,95.07
2015-12-25,,,,113.0496,,,,95.07
2015-12-26,,,,113.0496,,,,95.07
2015-12-27,,,,113.0496,,,,95.07
2015-12-28,1070.5,1169.26,36.36,113.0496,16.91,241.7899932861328,2056.5,95.07
2015-12-29,1077.5,1169.26,37.88,113.0496,16.08,241.22000122070312,2078.360107421875,95.07
2015-12-30,1060.0999755859375,1177.53,36.59,113.0496,17.29,240.3800048828125,2063.360107421875,95.07
2015-12-31,1060.300048828125,1169.26,37.13,113.0496,18.21,,2043.93994140625,95.07
2016-01-01,,,,113.3429,,,,95.232
2016-01-02,,,,113.3429,,,,95.232
2016-01-03,,,,113.3429,,,,95.232
2016-01-04,1075.0999755859375,1191.46,36.81,113.3429,20.7,234.6300048828125,2012.6600341796875,95.232
2016-01-05,1078.4000244140625,1190.43,35.97,113.3429,19.34,236.1300048828125,2016.7099609375,95.232
2016-01-06,1091.9000244140625,1200.16,33.97,113.3429,20.59,234.6000061035156,1990.260009765625,95.232
2016-01-07,1107.699951171875,1193.05,33.29,113.3429,24.99,231.92999267578125,1943.0899658203125,95.232
2016-01-08,1097.800048828125,1206.97,33.2,115.0095,27.01,233.67999267578125,1922.030029296875,95.232
2016-01-09,,,,115.0095,,,,95.232
2016-01-10,,,,115.0095,,,,95.232
2016-01-11,1096.5,1206.55,31.42,115.0095,24.3,230.8300018310547,1923.6700439453125,95.232
2016-01-12,1085.5999755859375,1208.95,30.42,115.0095,22.47,230.5500030517578,1938.6800537109373,95.232
2016-01-13,1087.5,1208.95,30.42,115.0095,25.22,233.5200042724609,1890.280029296875,95.232
2016-01-14,1073.9000244140625,1211.28,31.22,115.0095,23.95,231.3800048828125,1921.8399658203125,95.232
2016-01-15,1091.5,1216.95,29.45,115.7404,27.02,228.77999877929688,1880.3299560546875,95.232
2016-01-16,,,,115.7404,,,,95.232
2016-01-17,,,,115.7404,,,,95.232
2016-01-18,,,,115.7404,,228.58999633789065,,95.232
2016-01-19,1089.9000244140625,1205.61,28.47,115.7404,26.05,230.0800018310547,1881.3299560546875,95.232
2016-01-20,1107.0999755859375,1215.4,26.68,115.7404,27.59,224.5399932861328,1859.3299560546875,95.232
2016-01-21,1099.0999755859375,1204.31,29.55,115.7404,26.69,223.8099975585937,1868.989990234375,95.232
2016-01-22,1097.199951171875,1195.66,32.07,115.9833,22.34,228.7899932861328,1906.9000244140625,95.232
2016-01-23,,,,115.9833,,,,95.232
2016-01-24,,,,115.9833,,,,95.232
2016-01-25,1106.199951171875,1194.3,30.31,115.9833,24.15,230.2100067138672,1877.0799560546875,95.232
2016-01-26,1121.699951171875,1199.64,29.54,115.9833,22.5,227.19000244140625,1903.6300048828125,95.232
2016-01-27,1116.0999755859375,1199.25,32.32,115.9833,23.11,230.9600067138672,1882.949951171875,95.232
2016-01-28,1115.5999755859375,1204.08,33.21,115.9833,22.42,231.509994506836,1893.3599853515625,95.232
2016-01-29,1116.4000244140625,1210.04,33.66,115.5731,20.2,232.1000061035156,1940.239990234375,95.232
2016-01-30,,,,115.5731,,,,95.232
2016-01-31,,,,115.5731,,,,95.232
2016-02-01,1127.9000244140625,1203.19,31.62,115.5731,19.98,233.6699981689453,1939.3800048828125,95.64
2016-02-02,1127.300048828125,1212.01,29.9,115.5731,21.98,231.1000061035156,1903.030029296875,95.64
2016-02-03,1141.300048828125,1211.33,32.29,115.5731,21.65,228.97000122070312,1912.530029296875,95.64
2016-02-04,1157.5999755859375,1186.11,31.63,115.5731,21.84,232.91000366210932,1915.449951171875,95.64
2016-02-05,1157.800048828125,1204.69,30.86,114.2935,23.38,233.3000030517578,1880.050048828125,95.64
2016-02-06,,,,114.2935,,,,95.64
2016-02-07,,,,114.2935,,,,95.64
2016-02-08,1197.9000244140625,1205.1,29.71,114.2935,26.0,,1853.43994140625,95.64
2016-02-09,1198.699951171875,1200.39,27.96,114.2935,26.54,,1852.2099609375,95.64
2016-02-10,1194.699951171875,1189.69,27.54,114.2935,26.29,,1851.8599853515625,95.64
2016-02-11,1247.9000244140625,1196.89,26.19,114.2935,28.14,226.6999969482422,1829.0799560546875,95.64
2016-02-12,1239.0999755859375,1205.13,29.32,114.2992,25.4,224.97999572753903,1864.780029296875,95.64
2016-02-13,,,,114.2992,,,,95.64
2016-02-14,,,,114.2992,,,,95.64
2016-02-15,,,,114.2992,,228.3999938964844,,95.64
2016-02-16,1207.9000244140625,1219.44,29.05,114.2992,24.11,231.5200042724609,1895.5799560546875,95.64
2016-02-17,1211.0999755859375,1222.32,30.68,114.2992,22.31,231.94000244140625,1926.8199462890625,95.64
2016-02-18,1226.0999755859375,1231.15,30.77,114.2992,21.64,234.7400054931641,1917.8299560546875,95.64
2016-02-19,1230.4000244140625,1231.09,29.59,113.9558,20.53,235.2700042724609,1917.780029296875,95.64
2016-02-20,,,,113.9558,,,,95.64
2016-02-21,,,,113.9558,,,,95.64
2016-02-22,1209.5,1223.32,31.37,113.9558,19.38,234.9499969482422,1945.5,95.64
2016-02-23,1222.300048828125,1230.05,31.84,113.9558,20.98,235.02999877929688,1921.27001953125,95.64
2016-02-24,1238.699951171875,1234.6,30.35,113.9558,20.72,234.91000366210932,1929.800048828125,95.64
2016-02-25,1238.199951171875,1237.39,31.4,113.9558,19.11,235.3699951171875,1951.699951171875,95.64
2016-02-26,1219.800048828125,1242.59,31.65,114.3708,19.81,235.22000122070312,1948.050048828125,95.64
2016-02-27,,,,114.3708,,,,95.64
2016-02-28,,,,114.3708,,,,95.64
2016-02-29,1233.9000244140625,1238.09,32.74,114.3708,20.55,234.6300048828125,1932.22998046875,95.64
2016-03-01,1230.300048828125,1229.56,34.39,114.3708,17.7,,1978.3499755859373,95.393
2016-03-02,1241.0999755859375,1227.59,34.57,114.3708,17.09,238.6300048828125,1986.449951171875,95.393
2016-03-03,1257.4000244140625,1209.55,34.56,114.3708,16.7,240.08999633789065,1993.4000244140625,95.393
2016-03-04,1269.9000244140625,1195.09,35.91,112.6387,16.86,239.7400054931641,1999.989990234375,95.393
2016-03-05,,,,112.6387,,,,95.393
2016-03-06,,,,112.6387,,,,95.393
2016-03-07,1263.199951171875,1200.08,37.9,112.6387,17.35,240.2100067138672,2001.760009765625,95.393
2016-03-08,1262.0999755859375,1206.19,36.67,112.6387,18.67,238.44000244140625,1979.260009765625,95.393
2016-03-09,1256.5999755859375,1206.82,37.62,112.6387,18.34,239.1300048828125,1989.260009765625,95.393
2016-03-10,1272.0,1204.09,37.77,112.6387,18.05,241.42999267578125,1989.5699462890625,95.393
2016-03-11,1258.699951171875,1184.56,38.51,111.741,16.5,241.97000122070312,2022.18994140625,95.393
2016-03-12,,,,111.741,,,,95.393
2016-03-13,,,,111.741,,,,95.393
2016-03-14,1244.4000244140625,1187.39,37.2,111.741,16.92,242.1499938964844,2019.6400146484373,95.393
2016-03-15,1230.4000244140625,1194.99,36.32,111.741,16.84,241.8300018310547,2015.9300537109373,95.393
2016-03-16,1229.300048828125,1190.59,38.43,111.741,14.99,242.3500061035156,2027.219970703125,95.393
2016-03-17,1264.5,1155.83,40.17,111.741,14.44,244.08999633789065,2040.5899658203125,95.393
2016-03-18,1253.800048828125,1160.11,39.47,110.4002,14.02,244.6300048828125,2049.580078125,95.393
2016-03-19,,,,110.4002,,,,95.393
2016-03-20,,,,110.4002,,,,95.393
2016-03-21,1243.800048828125,1157.33,39.91,110.4002,13.79,244.27999877929688,2051.60009765625,95.393
2016-03-22,1248.199951171875,1154.58,41.45,110.4002,14.17,245.41000366210932,2049.800048828125,95.393
2016-03-23,1223.699951171875,1166.59,38.28,110.4002,14.94,245.22999572753903,2036.7099609375,95.393
2016-03-24,1221.4000244140625,1168.09,38.14,110.4002,14.74,244.0800018310547,2035.93994140625,95.393
2016-03-25,,1168.19,,111.7698,,,,95.393
2016-03-26,,,,111.7698,,,,95.393
2016-03-27,,,,111.7698,,,,95.393
2016-03-28,1219.9000244140625,1163.39,37.99,111.7698,15.24,243.9499969482422,2037.050048828125,95.393
2016-03-29,1235.5999755859375,1164.69,36.91,111.7698,13.82,245.52999877929688,2055.010009765625,95.393
2016-03-30,1226.9000244140625,1142.02,36.91,111.7698,13.56,246.5399932861328,2063.949951171875,95.393
2016-03-31,1234.199951171875,1138.86,36.94,111.7698,13.95,245.8600006103516,2059.739990234375,95.393
2016-04-01,1222.199951171875,1147.15,35.36,110.2977,13.1,242.3600006103516,2072.780029296875,95.573
2016-04-02,,,,110.2977,,,,95.573
2016-04-03,,,,110.2977,,,,95.573
2016-04-04,1218.0,1151.35,34.3,110.2977,14.12,243.0500030517578,2066.1298828125,95.573
2016-04-05,1228.4000244140625,1158.39,34.52,110.2977,15.42,240.5800018310547,2045.1700439453125,95.573
2016-04-06,1222.5,1155.28,37.74,110.2977,14.09,241.9900054931641,2066.659912109375,95.573
2016-04-07,1236.199951171875,1156.81,37.3,110.2977,16.16,242.2899932861328,2041.9100341796875,95.573
2016-04-08,1242.5,1148.89,39.74,110.4213,15.36,241.7700042724609,2047.5999755859373,95.573
2016-04-09,,,,110.4213,,,,95.573
2016-04-10,,,,110.4213,,,,95.573
2016-04-11,1256.699951171875,1141.97,40.46,110.4213,16.26,242.0599975585937,2041.989990234375,95.573
2016-04-12,1259.4000244140625,1144.53,42.12,110.4213,14.85,243.7100067138672,2061.719970703125,95.573
2016-04-13,1246.800048828125,1146.29,41.7,110.4213,13.84,,2082.419921875,95.573
2016-04-14,1225.0,1151.99,41.45,110.4213,13.72,248.88999938964844,2082.780029296875,95.573
2016-04-15,1233.0999755859375,1144.83,40.4,110.1933,13.62,248.52999877929688,2080.72998046875,95.573
2016-04-16,,,,110.1933,,,,95.573
2016-04-17,,,,110.1933,,,,95.573
2016-04-18,1233.5999755859375,1144.48,39.74,110.1933,13.35,248.0,2094.340087890625,95.573
2016-04-19,1253.0,1126.01,40.88,110.1933,13.24,247.8800048828125,2100.800048828125,95.573
2016-04-20,1253.199951171875,1130.48,42.72,110.1933,13.28,247.259994506836,2102.39990234375,95.573
2016-04-21,1249.0,1135.49,43.18,110.1933,13.95,249.38999938964844,2091.47998046875,95.573
2016-04-22,1228.699951171875,1147.85,42.76,110.2331,13.22,248.32000732421875,2091.580078125,95.573
2016-04-23,,,,110.2331,,,,95.573
2016-04-24,,,,110.2331,,,,95.573
2016-04-25,1238.9000244140625,1147.76,41.67,110.2331,14.08,248.1300048828125,2087.7900390625,95.573
2016-04-26,1242.199951171875,1146.66,42.52,110.2331,13.96,248.9199981689453,2091.699951171875,95.573
2016-04-27,1249.199951171875,1151.5,45.29,110.2331,13.77,248.69000244140625,2095.14990234375,95.573
2016-04-28,1265.5,1139.93,46.03,110.2331,15.22,246.2700042724609,2075.81005859375,95.573
2016-04-29,1289.199951171875,1144.09,45.98,108.8274,15.7,245.1999969482422,2065.300048828125,95.573
2016-04-30,,,,108.8274,,,,95.573
2016-05-01,,,,108.8274,,,,95.63
2016-05-02,1294.699951171875,1138.45,44.75,108.8274,14.68,243.47000122070312,2081.429931640625,95.63
2016-05-03,1290.699951171875,1148.69,43.65,108.8274,15.6,244.2899932861328,2063.3701171875,95.63
2016-05-04,1273.300048828125,1164.59,43.77,108.8274,16.05,243.3099975585937,2051.1201171875,95.63
2016-05-05,1271.4000244140625,1165.93,44.33,108.8274,15.91,,2050.6298828125,95.63
2016-05-06,1292.9000244140625,1167.29,44.58,110.3801,14.72,,2057.139892578125,95.63
2016-05-07,,,,110.3801,,,,95.63
2016-05-08,,,,110.3801,,,,95.63
2016-05-09,1265.5999755859375,1174.25,43.45,110.3801,14.57,242.22999572753903,2058.68994140625,95.63
2016-05-10,1263.9000244140625,1169.89,44.68,110.3801,13.63,243.67999267578125,2084.389892578125,95.63
2016-05-11,1274.5999755859375,1162.47,46.21,110.3801,14.69,243.07000732421875,2064.4599609375,95.63
2016-05-12,1270.300048828125,1168.7,46.64,110.3801,14.41,242.33999633789065,2064.110107421875,95.63
2016-05-13,1271.9000244140625,1176.85,46.22,111.2521,15.04,240.6000061035156,2046.6099853515625,95.63
2016-05-14,,,,111.2521,,,,95.63
2016-05-15,,,,111.2521,,,,95.63
2016-05-16,1273.4000244140625,1177.21,47.72,111.2521,14.68,240.82000732421875,2066.659912109375,95.63
2016-05-17,1276.199951171875,1173.67,48.29,111.2521,15.57,241.02999877929688,2047.2099609375,95.63
2016-05-18,1273.699951171875,1185.77,48.12,111.2521,15.95,239.82000732421875,2047.6300048828125,95.63
2016-05-19,1254.199951171875,1189.25,48.16,111.2521,16.33,239.0399932861328,2040.0400390625,95.63
2016-05-20,1252.4000244140625,1186.93,47.67,112.1822,15.2,238.7400054931641,2052.320068359375,95.63
2016-05-21,,,,112.1822,,,,95.63
2016-05-22,,,,112.1822,,,,95.63
2016-05-23,1251.0999755859375,1183.39,48.12,112.1822,15.82,239.8500061035156,2048.0400390625,95.63
2016-05-24,1228.9000244140625,1186.39,48.04,112.1822,14.42,237.6499938964844,2076.06005859375,95.63
2016-05-25,1223.5,1182.21,49.1,112.1822,13.9,240.91000366210932,2090.5400390625,95.63
2016-05-26,1220.0999755859375,1178.09,49.0,112.1822,13.43,240.5800018310547,2090.10009765625,95.63
2016-05-27,1213.800048828125,1180.59,49.36,112.0822,13.12,241.8500061035156,2099.06005859375,95.63
2016-05-28,,,,112.0822,,,,95.63
2016-05-29,,,,112.0822,,,,95.63
2016-05-30,,,,112.0822,,241.72999572753903,,95.63
2016-05-31,1214.800048828125,1188.99,49.1,112.0822,14.19,243.6300048828125,2096.949951171875,95.63
2016-06-01,1211.9000244140625,1192.09,49.07,112.0822,14.2,243.5800018310547,2099.330078125,95.611
2016-06-02,1209.800048828125,1186.69,49.14,112.0822,13.63,244.17999267578125,2105.260009765625,95.611
2016-06-03,1240.0999755859375,1167.79,48.69,111.4451,13.47,244.38999938964844,2099.1298828125,95.611
2016-06-04,,,,111.4451,,,,95.611
2016-06-05,,,,111.4451,,,,95.611
2016-06-06,1244.5999755859375,1162.28,49.71,111.4451,13.65,,2109.409912109375,95.611
2016-06-07,1244.4000244140625,1154.8,50.37,111.4451,14.05,247.8500061035156,2112.1298828125,95.611
2016-06-08,1259.800048828125,1153.83,51.23,111.4451,14.08,250.0399932861328,2119.1201171875,95.611
2016-06-09,1270.199951171875,1159.29,50.52,111.4451,14.64,250.19000244140625,2115.47998046875,95.611
2016-06-10,1273.4000244140625,1167.61,49.09,111.1027,17.03,248.9600067138672,2096.070068359375,95.611
2016-06-11,,,,111.1027,,,,95.611
2016-06-12,,,,111.1027,,,,95.611
2016-06-13,1284.4000244140625,1169.74,48.89,111.1027,20.97,244.0500030517578,2079.06005859375,95.611
2016-06-14,1285.5999755859375,1176.78,48.49,111.1027,20.5,243.3500061035156,2075.320068359375,95.611
2016-06-15,1285.800048828125,1167.53,47.92,111.1027,20.14,243.3000030517578,2071.5,95.611
2016-06-16,1296.0999755859375,1176.49,46.14,111.1027,19.37,241.6100006103516,2077.989990234375,95.611
2016-06-17,1292.5,1171.77,48.0,111.5332,19.41,241.6300048828125,2071.219970703125,95.611
2016-06-18,,,,111.5332,,,,95.611
2016-06-19,,,,111.5332,,,,95.611
2016-06-20,1290.0,1156.8,49.4,111.5332,18.37,245.1699981689453,2083.25,95.611
2016-06-21,1270.5,1154.35,48.95,111.5332,18.48,245.33999633789065,2088.89990234375,95.611
2016-06-22,1268.0,1147.99,49.16,111.5332,21.17,246.75,2085.449951171875,95.611
2016-06-23,1261.199951171875,1143.27,49.34,111.5332,17.25,246.3099975585937,2113.320068359375,95.611
2016-06-24,1320.0,1167.56,46.7,112.1355,25.76,239.2100067138672,2037.4100341796875,95.611
2016-06-25,,,,112.1355,,,,95.611
2016-06-26,,,,112.1355,,,,95.611
2016-06-27,1322.5,1181.24,45.8,112.1355,23.85,239.27999877929688,2000.5400390625,95.611
2016-06-28,1315.300048828125,1169.31,47.93,112.1355,18.75,240.0800018310547,2036.0899658203125,95.611
2016-06-29,1323.9000244140625,1153.09,49.85,112.1355,16.64,242.32000732421875,2070.77001953125,95.611
2016-06-30,1318.4000244140625,1154.15,48.27,112.1355,15.63,244.13999938964844,2098.860107421875,95.611
2016-07-01,1336.699951171875,1146.49,49.02,111.6509,14.77,246.5200042724609,2102.949951171875,95.431
2016-07-02,,,,111.6509,,,,95.431
2016-07-03,,,,111.6509,,,,95.431
2016-07-04,,,,111.6509,,247.6199951171875,,95.431
2016-07-05,1356.4000244140625,1156.79,46.73,111.6509,15.58,246.91000366210932,2088.550048828125,95.431
2016-07-06,1364.9000244140625,1160.59,47.37,111.6509,14.96,241.8600006103516,2099.72998046875,95.431
2016-07-07,1360.0999755859375,1154.89,45.22,111.6509,14.76,244.6000061035156,2097.89990234375,95.431
2016-07-08,1356.5999755859375,1148.71,45.37,112.3963,13.2,243.42999267578125,2129.89990234375,95.431
2016-07-09,,,,112.3963,,,,95.431
2016-07-10,,,,112.3963,,,,95.431
2016-07-11,1355.0,1148.97,44.73,112.3963,13.54,246.9900054931641,2137.159912109375,95.431
2016-07-12,1334.0999755859375,1146.47,46.82,112.3963,13.55,247.13999938964844,2152.139892578125,95.431
2016-07-13,1342.4000244140625,1145.01,44.87,112.3963,13.04,249.25,2152.429931640625,95.431
2016-07-14,1331.300048828125,1130.65,45.64,112.3963,12.82,249.8000030517578,2163.75,95.431
2016-07-15,1326.5,1135.49,45.93,112.2833,12.67,251.0200042724609,2161.739990234375,95.431
2016-07-16,,,,112.2833,,,,95.431
2016-07-17,,,,112.2833,,,,95.431
2016-07-18,1328.4000244140625,1134.39,45.23,112.2833,12.44,251.5200042724609,2166.889892578125,95.431
2016-07-19,1331.5,1140.56,44.64,112.2833,11.97,250.97000122070312,2163.780029296875,95.431
2016-07-20,1318.800048828125,1142.33,44.96,112.2833,11.77,250.66000366210932,2173.02001953125,95.431
2016-07-21,1330.5,1137.31,43.96,112.2833,12.74,250.44000244140625,2165.169921875,95.431
2016-07-22,1323.0999755859375,1137.49,43.41,112.989,12.02,250.0399932861328,2175.030029296875,95.431
2016-07-23,,,,112.989,,,,95.431
2016-07-24,,,,112.989,,,,95.431
2016-07-25,1319.300048828125,1140.8,42.4,112.989,12.87,250.6499938964844,2168.47998046875,95.431
2016-07-26,1320.699951171875,1137.59,42.16,112.989,13.05,252.72000122070312,2169.179931640625,95.431
2016-07-27,1326.5999755859375,1135.09,41.9,112.989,12.83,252.72999572753903,2166.580078125,95.431
2016-07-28,1332.300048828125,1124.79,41.13,112.989,12.72,251.8600006103516,2170.06005859375,95.431
2016-07-29,1349.0,1112.89,41.54,111.874,11.87,251.47999572753903,2173.60009765625,95.431
2016-07-30,,,,111.874,,,,95.431
2016-07-31,,,,111.874,,,,95.431
2016-08-01,1351.4000244140625,1106.15,40.05,111.874,12.44,253.8099975585937,2170.840087890625,95.677
2016-08-02,1364.4000244140625,1108.35,39.5,111.874,13.37,251.92999267578125,2157.030029296875,95.677
2016-08-03,1356.0999755859375,1116.21,40.8,111.874,12.86,248.6499938964844,2163.7900390625,95.677
2016-08-04,1358.800048828125,1111.99,41.92,111.874,12.42,249.2400054931641,2164.25,95.677
2016-08-05,1336.4000244140625,1114.54,41.83,112.3589,11.39,252.3600006103516,2182.8701171875,95.677
2016-08-06,,,,112.3589,,,,95.677
2016-08-07,,,,112.3589,,,,95.677
2016-08-08,1333.4000244140625,1108.24,43.06,112.3589,11.5,254.1100006103516,2180.889892578125,95.677
2016-08-09,1339.0,1101.45,42.78,112.3589,11.66,255.8500061035156,2181.739990234375,95.677
2016-08-10,1344.300048828125,1095.84,41.75,112.3589,12.05,255.42999267578125,2175.489990234375,95.677
2016-08-11,1342.5,1097.39,43.51,112.3589,11.68,256.17999267578125,2185.7900390625,95.677
2016-08-12,1335.800048828125,1100.79,44.47,111.1787,11.55,256.1700134277344,2184.050048828125,95.677
2016-08-13,,,,111.1787,,,,95.677
2016-08-14,,,,111.1787,,,,95.677
2016-08-15,1340.300048828125,1095.83,45.72,111.1787,11.81,,2190.14990234375,95.677
2016-08-16,1350.5,1093.95,46.57,111.1787,12.64,256.1499938964844,2178.14990234375,95.677
2016-08-17,1342.699951171875,1114.25,46.81,111.1787,12.19,256.0400085449219,2182.219970703125,95.677
2016-08-18,1351.199951171875,1107.41,48.2,111.1787,11.43,258.1099853515625,2187.02001953125,95.677
2016-08-19,1340.4000244140625,1116.37,48.48,110.8163,11.34,258.69000244140625,2183.8701171875,95.677
2016-08-20,,,,110.8163,,,,95.677
2016-08-21,,,,110.8163,,,,95.677
2016-08-22,1337.699951171875,1120.93,46.8,110.8163,12.27,257.2699890136719,2182.639892578125,95.677
2016-08-23,1340.5999755859375,1116.91,47.54,110.8163,12.38,258.4200134277344,2186.89990234375,95.677
2016-08-24,1324.4000244140625,1121.34,46.29,110.8163,13.45,257.29998779296875,2175.43994140625,95.677
2016-08-25,1320.0999755859375,1115.23,46.97,110.8163,13.63,257.260009765625,2172.469970703125,95.677
2016-08-26,1321.5,1111.47,47.64,111.2035,13.65,256.2300109863281,2169.0400390625,95.677
2016-08-27,,,,111.2035,,,,95.677
2016-08-28,,,,111.2035,,,,95.677
2016-08-29,1322.9000244140625,1121.53,46.97,111.2035,12.94,256.489990234375,2180.3798828125,95.677
2016-08-30,1311.699951171875,1118.27,46.32,111.2035,13.12,257.489990234375,2176.1201171875,95.677
2016-08-31,1306.9000244140625,1115.98,44.68,111.2035,13.42,256.8699951171875,2170.949951171875,95.677
2016-09-01,1312.199951171875,1116.89,43.17,111.2035,13.48,256.0299987792969,2170.860107421875,96.247
2016-09-02,1322.0999755859375,1114.87,44.39,112.0009,11.98,256.5,2179.97998046875,96.247
2016-09-03,,,,112.0009,,,,96.247
2016-09-04,,,,112.0009,,,,96.247
2016-09-05,,,,112.0009,,259.6400146484375,,96.247
2016-09-06,1349.4000244140625,1093.04,44.85,112.0009,12.02,260.92999267578125,2186.47998046875,96.247
2016-09-07,1344.300048828125,1090.03,45.47,112.0009,11.94,260.3099975585937,2186.159912109375,96.247
2016-09-08,1336.800048828125,1095.27,47.63,112.0009,12.51,260.8599853515625,2181.300048828125,96.247
2016-09-09,1330.0999755859375,1106.83,45.88,111.9879,17.5,257.3099975585937,2127.81005859375,96.247
2016-09-10,,,,111.9879,,,,96.247
2016-09-11,,,,111.9879,,,,96.247
2016-09-12,1321.0,1112.03,46.28,111.9879,15.16,250.52999877929688,2159.0400390625,96.247
2016-09-13,1319.0,1124.61,44.91,111.9879,17.85,251.7700042724609,2127.02001953125,96.247
2016-09-14,1321.5,1123.81,43.62,111.9879,18.14,,2125.77001953125,96.247
2016-09-15,1313.5,1122.83,43.85,111.9879,16.3,,2147.260009765625,96.247
2016-09-16,1305.800048828125,1127.37,43.04,113.1765,15.37,,2139.159912109375,96.247
2016-09-17,,,,113.1765,,,,96.247
2016-09-18,,,,113.1765,,,,96.247
2016-09-19,1313.5,1117.44,43.34,113.1765,15.53,253.92999267578125,2139.1201171875,96.247
2016-09-20,1313.699951171875,1117.34,43.85,113.1765,15.92,255.08999633789065,2139.760009765625,96.247
2016-09-21,1326.9000244140625,1112.17,45.33,113.1765,13.3,256.5199890136719,2163.1201171875,96.247
2016-09-22,1340.4000244140625,1100.59,46.1,113.1765,12.02,258.3399963378906,2177.179931640625,96.247
2016-09-23,1337.199951171875,1102.21,44.36,112.7166,12.29,258.3699951171875,2164.68994140625,96.247
2016-09-24,,,,112.7166,,,,96.247
2016-09-25,,,,112.7166,,,,96.247
2016-09-26,1339.699951171875,1106.99,45.6,112.7166,14.5,257.4800109863281,2146.10009765625,96.247
2016-09-27,1325.9000244140625,1099.22,44.65,112.7166,13.1,259.57000732421875,2159.929931640625,96.247
2016-09-28,1319.4000244140625,1096.73,47.07,112.7166,12.39,258.2099914550781,2171.3701171875,96.247
2016-09-29,1321.699951171875,1097.39,47.72,112.7166,14.02,260.3500061035156,2151.1298828125,96.247
2016-09-30,1313.300048828125,1097.98,47.72,112.2795,13.29,257.489990234375,2168.27001953125,96.247
2016-10-01,,,,112.2795,,,,96.379
2016-10-02,,,,112.2795,,,,96.379
2016-10-03,1309.0,1104.79,48.8,112.2795,13.57,,2161.199951171875,96.379
2016-10-04,1266.300048828125,1110.77,48.67,112.2795,13.63,259.17999267578125,2150.489990234375,96.379
2016-10-05,1265.199951171875,1114.53,49.75,112.2795,12.99,258.989990234375,2159.72998046875,96.379
2016-10-06,1249.800048828125,1114.53,50.44,112.2795,12.84,261.1300048828125,2160.77001953125,96.379
2016-10-07,1248.9000244140625,1115.95,49.76,113.2915,13.48,260.0599975585937,2153.739990234375,96.379
2016-10-08,,,,113.2915,,,,96.379
2016-10-09,,,,113.2915,,,,96.379
2016-10-10,,,49.76,113.2915,13.38,260.3099975585937,2163.659912109375,96.379
2016-10-11,1253.0,1124.21,50.72,113.2915,15.36,256.1499938964844,2136.72998046875,96.379
2016-10-12,1251.0999755859375,1127.23,50.14,113.2915,15.91,256.20001220703125,2139.179931640625,96.379
2016-10-13,1255.0,1133.31,50.47,113.2915,16.69,253.92999267578125,2132.550048828125,96.379
2016-10-14,1253.0999755859375,1133.13,50.35,113.7119,16.12,255.08999633789065,2132.97998046875,96.379
2016-10-15,,,,113.7119,,,,96.379
2016-10-16,,,,113.7119,,,,96.379
2016-10-17,1254.4000244140625,1137.61,49.97,113.7119,16.21,256.19000244140625,2126.5,96.379
2016-10-18,1260.800048828125,1123.75,50.3,113.7119,15.28,257.9800109863281,2139.60009765625,96.379
2016-10-19,1267.9000244140625,1120.01,51.59,113.7119,14.41,258.2099914550781,2144.2900390625,96.379
2016-10-20,1265.5999755859375,1128.39,50.31,113.7119,13.75,258.4100036621094,2141.340087890625,96.379
2016-10-21,1265.9000244140625,1137.17,50.61,113.9015,13.34,257.260009765625,2141.159912109375,96.379
2016-10-22,,,,113.9015,,,,96.379
2016-10-23,,,,113.9015,,,,96.379
2016-10-24,1262.0,1135.4,50.18,113.9015,13.02,259.4800109863281,2151.330078125,96.379
2016-10-25,1271.9000244140625,1129.89,49.45,113.9015,13.46,258.57000732421875,2143.159912109375,96.379
2016-10-26,1264.800048828125,1134.94,48.75,113.9015,14.24,255.5200042724609,2139.429931640625,96.379
2016-10-27,1267.9000244140625,1145.85,49.71,113.9015,15.36,256.6600036621094,2133.0400390625,96.379
2016-10-28,1275.5,1146.49,48.72,114.0931,16.19,256.5299987792969,2126.409912109375,96.379
2016-10-29,,,,114.0931,,,,96.379
2016-10-30,,,,114.0931,,,,96.379
2016-10-31,1271.5,1145.37,46.83,114.0931,17.06,255.92999267578125,2126.14990234375,96.379
2016-11-01,1286.4000244140625,1142.68,46.66,114.0931,18.56,255.9900054931641,2111.719970703125,96.237
2016-11-02,1306.800048828125,1148.39,45.32,114.0931,19.32,252.8300018310547,2097.93994140625,96.237
2016-11-03,1302.0999755859375,1142.68,44.66,114.0931,22.08,252.8999938964844,2088.659912109375,96.237
2016-11-04,1303.300048828125,1142.68,44.07,113.5828,22.51,252.57000732421875,2085.179931640625,96.237
2016-11-05,,,,113.5828,,,,96.237
2016-11-06,,,,113.5828,,,,96.237
2016-11-07,1278.300048828125,1141.27,44.88,113.5828,18.71,254.6000061035156,2131.52001953125,96.237
2016-11-08,1273.4000244140625,1131.39,44.96,113.5828,18.74,255.259994506836,2139.56005859375,96.237
2016-11-09,1272.5999755859375,1150.64,45.2,113.5828,14.38,249.6699981689453,2163.260009765625,96.237
2016-11-10,1265.5,1162.11,44.62,113.5828,14.74,255.3099975585937,2167.47998046875,96.237
2016-11-11,,,43.39,115.9375,14.17,251.9900054931641,2164.449951171875,96.237
2016-11-12,,,,115.9375,,,,96.237
2016-11-13,,,,115.9375,,,,96.237
2016-11-14,1221.199951171875,1171.25,43.29,115.9375,14.48,250.009994506836,2164.199951171875,96.237
2016-11-15,1224.0,1170.21,45.86,115.9375,13.37,249.1999969482422,2180.389892578125,96.237
2016-11-16,1223.4000244140625,1172.41,45.56,115.9375,13.72,250.32000732421875,2176.93994140625,96.237
2016-11-17,1216.5,1176.03,45.37,115.9375,13.35,250.4600067138672,2187.1201171875,96.237
2016-11-18,1208.5,1177.71,45.69,117.5936,12.85,250.2100067138672,2181.89990234375,96.237
2016-11-19,,,,117.5936,,,,96.237
2016-11-20,,,,117.5936,,,,96.237
2016-11-21,1209.5999755859375,1178.51,47.48,117.5936,12.42,249.509994506836,2198.179931640625,96.237
2016-11-22,1211.0,1173.25,48.07,117.5936,12.41,252.3699951171875,2202.93994140625,96.237
2016-11-23,1189.0999755859375,1181.57,46.72,117.5936,12.43,253.66000366210932,2204.719970703125,96.237
2016-11-24,,,,117.5936,,252.02999877929688,,96.237
2016-11-25,1178.199951171875,1174.99,46.72,118.02,12.34,252.259994506836,2213.35009765625,96.237
2016-11-26,,,,118.02,,,,96.237
2016-11-27,,,,118.02,,,,96.237
2016-11-28,1190.5999755859375,1170.53,45.66,118.02,13.15,252.9600067138672,2201.719970703125,96.237
2016-11-29,1187.9000244140625,1169.99,45.29,118.02,12.9,252.91000366210932,2204.659912109375,96.237
2016-11-30,1170.800048828125,1175.87,49.41,118.02,13.33,254.259994506836,2198.81005859375,96.237
2016-12-01,1166.9000244140625,1167.31,51.08,118.02,14.07,254.47999572753903,2191.080078125,96.342
2016-12-02,1175.0999755859375,1167.7,51.7,117.3116,14.12,252.8800048828125,2191.949951171875,96.342
2016-12-03,,,,117.3116,,,,96.342
2016-12-04,,,,117.3116,,,,96.342
2016-12-05,1174.0,1168.11,51.72,117.3116,12.14,252.13999938964844,2204.7099609375,96.342
2016-12-06,1167.5999755859375,1171.5,50.95,117.3116,11.79,255.6300048828125,2212.22998046875,96.342
2016-12-07,1175.0,1161.67,49.85,117.3116,12.22,256.3399963378906,2241.35009765625,96.342
2016-12-08,1169.800048828125,1162.49,50.84,117.3116,12.64,262.0,2246.18994140625,96.342
2016-12-09,1159.4000244140625,1171.88,51.51,117.2834,11.75,260.9100036621094,2259.530029296875,96.342
2016-12-10,,,,117.2834,,,,96.342
2016-12-11,,,,117.2834,,,,96.342
2016-12-12,1163.5,1164.37,52.74,117.2834,12.64,260.7200012207031,2256.9599609375,96.342
2016-12-13,1156.699951171875,1164.65,52.99,117.2834,12.72,261.6300048828125,2271.719970703125,96.342
2016-12-14,1161.300048828125,1165.13,51.01,117.2834,13.19,262.0,2253.280029296875,96.342
2016-12-15,1127.800048828125,1185.35,50.9,117.2834,12.79,261.45001220703125,2262.030029296875,96.342
2016-12-16,1135.300048828125,1183.72,51.93,118.3584,12.2,262.5599975585937,2258.070068359375,96.342
2016-12-17,,,,118.3584,,,,96.342
2016-12-18,,,,118.3584,,,,96.342
2016-12-19,1140.5,1187.71,52.13,118.3584,11.71,261.92999267578125,2262.530029296875,96.342
2016-12-20,1131.5,1192.13,52.22,118.3584,11.45,262.5899963378906,2270.760009765625,96.342
2016-12-21,1131.0999755859375,1193.91,51.44,118.3584,11.27,262.1000061035156,2265.179931640625,96.342
2016-12-22,1128.800048828125,1204.65,51.98,118.3584,11.43,261.9700012207031,2260.9599609375,96.342
2016-12-23,1131.9000244140625,1201.51,52.01,118.7856,11.44,261.6099853515625,2263.7900390625,96.342
2016-12-24,,,,118.7856,,,,96.342
2016-12-25,,,,118.7856,,,,96.342
2016-12-26,,,,118.7856,,,,96.342
2016-12-27,1137.300048828125,1207.68,52.82,118.7856,11.99,262.489990234375,2268.8798828125,96.342
2016-12-28,1139.4000244140625,1212.22,54.01,118.7856,12.95,259.70001220703125,2249.919921875,96.342
2016-12-29,1156.4000244140625,1207.05,53.8,118.7856,13.37,260.010009765625,2249.260009765625,96.342
2016-12-30,1150.0,1203.73,53.75,118.3466,14.04,,2238.830078125,96.342
2016-12-31,,,,118.3466,,,,96.342
2017-01-01,,,,118.3466,,,,97.366
2017-01-02,,,,118.3466,,,,97.366
2017-01-03,1160.4000244140625,1207.23,52.36,118.3466,12.85,262.9700012207031,2257.830078125,97.366
2017-01-04,1163.800048828125,1198.07,53.26,118.3466,11.85,263.1199951171875,2270.75,97.366
2017-01-05,1179.699951171875,1182.46,53.77,118.3466,11.67,261.9800109863281,2269.0,97.366
2017-01-06,1171.9000244140625,1198.85,53.98,118.3495,11.32,263.20001220703125,2276.97998046875,97.366
2017-01-07,,,,118.3495,,,,97.366
2017-01-08,,,,118.3495,,,,97.366
2017-01-09,1183.5,1200.51,51.95,118.3495,11.56,263.739990234375,2268.89990234375,97.366
2017-01-10,1184.199951171875,1196.96,50.82,118.3495,11.49,263.7300109863281,2268.89990234375,97.366
2017-01-11,1195.5999755859375,1197.59,52.19,118.3495,11.26,268.1499938964844,2275.320068359375,97.366
2017-01-12,1198.9000244140625,1170.93,53.01,118.3495,11.54,269.95001220703125,2270.43994140625,97.366
2017-01-13,1195.300048828125,1177.81,52.36,117.9884,11.23,267.9100036621094,2274.639892578125,97.366
2017-01-14,,,,117.9884,,,,97.366
2017-01-15,,,,117.9884,,,,97.366
2017-01-16,,,,117.9884,,266.1499938964844,,97.366
2017-01-17,1212.0,1161.61,52.45,117.9884,11.87,267.3699951171875,2267.889892578125,97.366
2017-01-18,1211.300048828125,1170.73,51.12,117.9884,12.48,267.0799865722656,2271.889892578125,97.366
2017-01-19,1200.9000244140625,1177.03,51.39,117.9884,12.78,267.70001220703125,2263.68994140625,97.366
2017-01-20,1204.300048828125,,52.33,118.3182,11.54,266.5199890136719,2271.31005859375,97.366
2017-01-21,,,,118.3182,,,,97.366
2017-01-22,,,,118.3182,,,,97.366
2017-01-23,1215.0,1165.82,52.77,118.3182,11.77,267.1199951171875,2265.199951171875,97.366
2017-01-24,1210.300048828125,1165.25,52.38,118.3182,11.07,267.29998779296875,2280.070068359375,97.366
2017-01-25,1197.300048828125,1164.13,52.14,118.3182,10.81,268.1499938964844,2298.3701171875,97.366
2017-01-26,1189.5,1169.61,53.24,118.3182,10.63,270.4800109863281,2296.679931640625,97.366
2017-01-27,1188.0999755859375,1175.73,53.18,117.0735,10.58,,2294.68994140625,97.366
2017-01-28,,,,117.0735,,,,97.366
2017-01-29,,,,117.0735,,,,97.366
2017-01-30,1193.199951171875,1171.27,52.63,117.0735,11.88,,2280.89990234375,97.366
2017-01-31,1208.5999755859375,1151.45,52.75,117.0735,11.99,268.0899963378906,2278.8701171875,97.366
2017-02-01,1205.5999755859375,1154.45,53.9,117.0735,11.81,269.5599975585937,2279.550048828125,97.632
2017-02-02,1216.699951171875,1139.9,53.55,117.0735,11.93,268.489990234375,2280.85009765625,97.632
2017-02-03,1218.5,1134.65,53.81,115.6259,10.97,268.8500061035156,2297.419921875,97.632
2017-02-04,,,,115.6259,,,,97.632
2017-02-05,,,,115.6259,,,,97.632
2017-02-06,1230.0,1134.87,53.01,115.6259,11.37,269.489990234375,2292.56005859375,97.632
2017-02-07,1234.199951171875,1142.89,52.19,115.6259,11.29,268.9700012207031,2293.080078125,97.632
2017-02-08,1237.5999755859375,1143.25,52.37,115.6259,11.45,267.7200012207031,2294.669921875,97.632
2017-02-09,1235.0999755859375,1149.88,52.99,115.6259,10.88,267.69000244140625,2307.8701171875,97.632
2017-02-10,1234.4000244140625,1146.78,53.84,116.148,10.85,268.6600036621094,2316.10009765625,97.632
2017-02-11,,,,116.148,,,,97.632
2017-02-12,,,,116.148,,,,97.632
2017-02-13,1224.4000244140625,1150.16,52.96,116.148,11.07,268.8099975585937,2328.25,97.632
2017-02-14,1223.9000244140625,1139.33,53.21,116.148,10.74,267.8999938964844,2337.580078125,97.632
2017-02-15,1231.699951171875,1136.46,53.11,116.148,11.97,268.8099975585937,2349.25,97.632
2017-02-16,1240.0,1140.57,53.41,116.148,11.76,268.92999267578125,2347.219970703125,97.632
2017-02-17,1237.5999755859375,1150.73,53.41,116.4035,11.49,268.8399963378906,2351.159912109375,97.632
2017-02-18,,,,116.4035,,,,97.632
2017-02-19,,,,116.4035,,,,97.632
2017-02-20,,,,116.4035,,269.7300109863281,,97.632
2017-02-21,1237.5,1143.63,54.02,116.4035,11.57,272.1099853515625,2365.3798828125,97.632
2017-02-22,1232.0,1142.15,53.61,116.4035,11.74,272.8500061035156,2362.820068359375,97.632
2017-02-23,1250.199951171875,1129.84,54.48,116.4035,11.71,272.8900146484375,2363.81005859375,97.632
2017-02-24,1256.9000244140625,1130.41,53.99,115.8143,11.47,270.3800048828125,2367.340087890625,97.632
2017-02-25,,,,115.8143,,,,97.632
2017-02-26,,,,115.8143,,,,97.632
2017-02-27,1257.4000244140625,1130.14,54.04,115.8143,12.09,268.9700012207031,2369.75,97.632
2017-02-28,1252.5999755859375,1129.17,54.0,115.8143,12.92,270.0599975585937,2363.639892578125,97.632
2017-03-01,1248.9000244140625,1140.75,53.82,115.8143,12.54,,2395.9599609375,97.565
2017-03-02,1231.9000244140625,1146.9,52.63,115.8143,11.81,272.6499938964844,2381.919921875,97.565
2017-03-03,1225.5,1156.77,53.33,116.6438,10.96,269.7699890136719,2383.1201171875,97.565
2017-03-04,,,,116.6438,,,,97.565
2017-03-05,,,,116.6438,,,,97.565
2017-03-06,1224.5,1154.36,53.19,116.6438,11.24,270.4100036621094,2375.31005859375,97.565
2017-03-07,1215.0999755859375,1149.87,52.68,116.6438,11.45,271.8699951171875,2368.389892578125,97.565
2017-03-08,1208.5,1154.69,49.83,116.6438,11.86,272.2900085449219,2362.97998046875,97.565
2017-03-09,1202.4000244140625,1158.12,48.75,116.6438,12.3,271.6199951171875,2364.8701171875,97.565
2017-03-10,1200.699951171875,1150.37,48.05,116.616,11.66,272.2900085449219,2372.60009765625,97.565
2017-03-11,,,,116.616,,,,97.565
2017-03-12,,,,116.616,,,,97.565
2017-03-13,1202.4000244140625,1150.37,47.95,116.616,11.35,275.4100036621094,2373.469970703125,97.565
2017-03-14,1201.9000244140625,1148.54,47.24,116.616,12.3,277.8900146484375,2365.449951171875,97.565
2017-03-15,1200.0999755859375,1144.16,48.34,116.616,11.63,277.8900146484375,2385.260009765625,97.565
2017-03-16,1226.5,1148.54,48.3,116.616,11.21,280.1099853515625,2381.3798828125,97.565
2017-03-17,1229.800048828125,1128.67,48.34,115.2783,11.28,281.8599853515625,2378.25,97.565
2017-03-18,,,,115.2783,,,,97.565
2017-03-19,,,,115.2783,,,,97.565
2017-03-20,1233.5999755859375,1112.29,47.79,115.2783,11.34,280.75,2373.469970703125,97.565
2017-03-21,1246.0999755859375,1118.23,47.02,115.2783,12.47,283.8399963378906,2344.02001953125,97.565
2017-03-22,1249.300048828125,1117.91,47.29,115.2783,12.81,282.6300048828125,2348.449951171875,97.565
2017-03-23,1246.9000244140625,1117.91,47.0,115.2783,13.12,282.8099975585937,2345.9599609375,97.565
2017-03-24,1248.199951171875,1116.69,47.3,114.6372,12.96,282.3099975585937,2343.97998046875,97.565
2017-03-25,,,,114.6372,,,,97.565
2017-03-26,,,,114.6372,,,,97.565
2017-03-27,1255.4000244140625,1108.3,47.02,114.6372,12.5,280.3599853515625,2341.590087890625,97.565
2017-03-28,1255.300048828125,1111.51,48.36,114.6372,11.53,281.25,2358.570068359375,97.565
2017-03-29,1253.4000244140625,1112.28,49.47,114.6372,11.42,281.8599853515625,2361.1298828125,97.565
2017-03-30,1245.0,1114.11,50.3,114.6372,11.54,281.6600036621094,2368.06005859375,97.565
2017-03-31,1247.300048828125,1117.48,50.54,114.7938,12.37,280.6400146484375,2362.719970703125,97.565
2017-04-01,,,,114.7938,,,,97.442
2017-04-02,,,,114.7938,,,,97.442
2017-04-03,1250.800048828125,1117.65,50.25,114.7938,12.38,281.6000061035156,2358.840087890625,97.442
2017-04-04,1255.0,1122.61,50.99,114.7938,11.79,280.9200134277344,2360.159912109375,97.442
2017-04-05,1245.4000244140625,1126.58,51.14,114.7938,12.89,280.739990234375,2352.949951171875,97.442
2017-04-06,1250.300048828125,1131.21,51.69,114.7938,12.39,279.4700012207031,2357.489990234375,97.442
2017-04-07,1254.300048828125,1133.89,52.25,115.0547,12.87,279.010009765625,2355.5400390625,97.442
2017-04-08,,,,115.0547,,,,97.442
2017-04-09,,,,115.0547,,,,97.442
2017-04-10,1251.0999755859375,1141.24,53.06,115.0547,14.05,277.2099914550781,2357.159912109375,97.442
2017-04-11,1271.199951171875,1147.77,53.38,115.0547,15.07,275.489990234375,2353.780029296875,97.442
2017-04-12,1275.300048828125,1138.83,53.12,115.0547,15.77,276.2099914550781,2344.929931640625,97.442
2017-04-13,1285.9000244140625,1133.32,53.19,115.0547,15.96,279.1199951171875,2328.949951171875,97.442
2017-04-14,,1136.67,,114.5368,,,,97.442
2017-04-15,,,,114.5368,,,,97.442
2017-04-16,,,,114.5368,,,,97.442
2017-04-17,1289.4000244140625,1134.25,52.62,114.5368,14.66,278.1000061035156,2349.010009765625,97.442
2017-04-18,1291.699951171875,1143.89,52.46,114.5368,14.42,278.2300109863281,2342.18994140625,97.442
2017-04-19,1281.4000244140625,1142.37,50.49,114.5368,14.93,276.489990234375,2338.169921875,97.442
2017-04-20,1281.9000244140625,1136.29,50.26,114.5368,14.15,277.760009765625,2355.840087890625,97.442
2017-04-21,1287.4000244140625,1134.22,49.64,114.8128,14.63,280.04998779296875,2348.68994140625,97.442
2017-04-22,,,,114.8128,,,,97.442
2017-04-23,,,,114.8128,,,,97.442
2017-04-24,1275.800048828125,1132.19,48.9,114.8128,10.84,281.9599914550781,2374.14990234375,97.442
2017-04-25,1265.5999755859375,1126.54,49.22,114.8128,10.76,285.4100036621094,2388.610107421875,97.442
2017-04-26,1262.0999755859375,1133.17,49.22,114.8128,10.85,286.7799987792969,2387.449951171875,97.442
2017-04-27,1263.699951171875,1133.83,48.96,114.8128,10.36,287.3399963378906,2388.77001953125,97.442
2017-04-28,1266.0999755859375,1136.99,49.31,114.7877,10.82,287.2099914550781,2384.199951171875,97.442
2017-04-29,,,,114.7877,,,,97.442
2017-04-30,,,,114.7877,,,,97.442
2017-05-01,1253.300048828125,1134.87,48.83,114.7877,10.11,,2388.330078125,97.546
2017-05-02,1255.0999755859375,1129.16,47.65,114.7877,10.59,289.6499938964844,2391.169921875,97.546
2017-05-03,1246.4000244140625,1131.25,47.79,114.7877,10.68,,2388.1298828125,97.546
2017-05-04,1226.5,1134.2,45.55,114.7877,10.46,292.4700012207031,2389.52001953125,97.546
2017-05-05,1224.800048828125,1136.49,46.23,114.7725,10.57,,2399.2900390625,97.546
2017-05-06,,,,114.7725,,,,97.546
2017-05-07,,,,114.7725,,,,97.546
2017-05-08,1225.300048828125,1132.91,46.46,114.7725,9.77,299.8599853515625,2399.3798828125,97.546
2017-05-09,1214.300048828125,1134.84,45.84,114.7725,9.96,,2396.919921875,97.546
2017-05-10,1217.300048828125,1132.13,47.28,114.7725,10.21,296.19000244140625,2399.6298828125,97.546
2017-05-11,1222.699951171875,1127.51,47.81,114.7725,10.6,299.75,2394.43994140625,97.546
2017-05-12,1226.199951171875,1121.68,47.83,114.7479,10.4,298.25,2390.89990234375,97.546
2017-05-13,,,,114.7479,,,,97.546
2017-05-14,,,,114.7479,,,,97.546
2017-05-15,1228.5999755859375,1115.01,48.86,114.7479,10.42,298.8699951171875,2402.320068359375,97.546
2017-05-16,1235.0,1115.0,48.64,114.7479,10.65,299.6700134277344,2400.669921875,97.546
2017-05-17,1257.5,1118.67,49.04,114.7479,15.59,299.3399963378906,2357.030029296875,97.546
2017-05-18,1251.699951171875,1129.17,49.36,114.7479,14.66,298.4700012207031,2365.719970703125,97.546
2017-05-19,1252.699951171875,1116.71,50.32,113.7001,12.04,298.0799865722656,2381.72998046875,97.546
2017-05-20,,,,113.7001,,,,97.546
2017-05-21,,,,113.7001,,,,97.546
2017-05-22,1260.699951171875,1114.71,50.81,113.7001,10.93,300.6300048828125,2394.02001953125,97.546
2017-05-23,1254.800048828125,1125.02,51.12,113.7001,10.72,301.3599853515625,2398.419921875,97.546
2017-05-24,1252.4000244140625,1122.83,50.99,113.7001,10.02,301.7099914550781,2404.389892578125,97.546
2017-05-25,1255.800048828125,1119.71,48.57,113.7001,9.99,305.2200012207031,2415.070068359375,97.546
2017-05-26,1267.5999755859375,1118.67,49.58,113.4839,9.81,306.9599914550781,2415.820068359375,97.546
2017-05-27,,,,113.4839,,,,97.546
2017-05-28,,,,113.4839,,,,97.546
2017-05-29,,,,113.4839,,306.5199890136719,,97.546
2017-05-30,1262.0999755859375,1122.87,49.63,113.4839,10.38,304.5899963378906,2412.909912109375,97.546
2017-05-31,1272.0,1119.58,48.29,113.4839,10.41,304.6700134277344,2411.800048828125,97.546
2017-06-01,1267.0,1120.85,48.32,113.4839,9.89,304.0299987792969,2430.06005859375,97.338
2017-06-02,1276.800048828125,1117.49,47.68,113.1908,9.75,307.8299865722656,2439.070068359375,97.338
2017-06-03,,,,113.1908,,,,97.338
2017-06-04,,,,113.1908,,,,97.338
2017-06-05,1279.300048828125,1118.44,47.4,113.1908,10.07,307.3299865722656,2436.10009765625,97.338
2017-06-06,1294.4000244140625,1118.53,48.13,113.1908,10.45,,2429.330078125,97.338
2017-06-07,1290.0999755859375,1124.16,45.8,113.1908,10.39,305.67999267578125,2433.139892578125,97.338
2017-06-08,1276.300048828125,1122.73,45.68,113.1908,10.16,306.25,2433.7900390625,97.338
2017-06-09,1268.5,1123.51,45.82,112.9562,10.7,309.3800048828125,2431.77001953125,97.338
2017-06-10,,,,112.9562,,,,97.338
2017-06-11,,,,112.9562,,,,97.338
2017-06-12,1266.0999755859375,1130.55,46.1,112.9562,11.46,306.239990234375,2429.389892578125,97.338
2017-06-13,1265.800048828125,1127.79,46.41,112.9562,10.42,308.0199890136719,2440.35009765625,97.338
2017-06-14,1272.800048828125,1116.45,44.79,112.9562,10.64,307.95001220703125,2437.919921875,97.338
2017-06-15,1252.199951171875,1129.91,44.47,112.9562,10.9,306.69000244140625,2432.4599609375,97.338
2017-06-16,1254.0,1133.2,44.73,112.6155,10.38,306.7900085449219,2433.14990234375,97.338
2017-06-17,,,,112.6155,,,,97.338
2017-06-18,,,,112.6155,,,,97.338
2017-06-19,1244.199951171875,1134.69,44.24,112.6155,10.37,308.6099853515625,2453.4599609375,97.338
2017-06-20,1241.0,1141.33,43.34,112.6155,10.86,309.3099975585937,2437.030029296875,97.338
2017-06-21,1243.4000244140625,1143.01,42.48,112.6155,10.75,307.5199890136719,2435.610107421875,97.338
2017-06-22,1247.5999755859375,1143.01,42.53,112.6155,10.48,309.4700012207031,2434.5,97.338
2017-06-23,1256.199951171875,1132.99,42.86,112.8665,10.02,310.260009765625,2438.300048828125,97.338
2017-06-24,,,,112.8665,,,,97.338
2017-06-25,,,,112.8665,,,,97.338
2017-06-26,1246.300048828125,1132.48,43.24,112.8665,9.9,311.8900146484375,2439.070068359375,97.338
2017-06-27,1246.4000244140625,1137.77,44.25,112.8665,11.06,312.1199951171875,2419.3798828125,97.338
2017-06-28,1248.0,1141.91,44.74,112.8665,10.03,310.8399963378906,2440.68994140625,97.338
2017-06-29,1244.199951171875,1144.07,44.88,112.8665,11.44,312.5599975585937,2419.699951171875,97.338
2017-06-30,1240.699951171875,1143.75,46.02,111.9896,11.18,311.760009765625,2423.409912109375,97.338
2017-07-01,,,,111.9896,,,,97.499
2017-07-02,,,,111.9896,,,,97.499
2017-07-03,1217.9000244140625,1149.26,,111.9896,11.22,312.3900146484375,2429.010009765625,97.499
2017-07-04,,,,111.9896,,310.4599914550781,,97.499
2017-07-05,1220.4000244140625,1153.06,45.11,111.9896,11.07,311.7699890136719,2432.5400390625,97.499
2017-07-06,1222.199951171875,1156.55,45.52,111.9896,12.54,311.8800048828125,2409.75,97.499
2017-07-07,1208.5999755859375,1153.85,44.25,112.3137,11.19,310.6600036621094,2425.179931640625,97.499
2017-07-08,,,,112.3137,,,,97.499
2017-07-09,,,,112.3137,,,,97.499
2017-07-10,1212.0999755859375,1149.35,44.4,112.3137,11.11,311.4599914550781,2427.429931640625,97.499
2017-07-11,1213.5999755859375,1149.83,45.06,112.3137,10.89,313.5899963378906,2425.530029296875,97.499
2017-07-12,1218.0999755859375,1138.32,45.48,112.3137,10.3,313.5799865722656,2443.25,97.499
2017-07-13,1216.300048828125,1137.22,46.06,112.3137,9.9,316.3500061035156,2447.830078125,97.499
2017-07-14,1226.5999755859375,1127.79,46.53,110.9075,9.51,317.3500061035156,2459.27001953125,97.499
2017-07-15,,,,110.9075,,,,97.499
2017-07-16,,,,110.9075,,,,97.499
2017-07-17,1232.800048828125,1127.74,46.02,110.9075,9.82,318.5199890136719,2459.139892578125,97.499
2017-07-18,1241.0999755859375,1123.69,46.4,110.9075,9.89,318.6499938964844,2460.610107421875,97.499
2017-07-19,1241.199951171875,1122.92,47.1,110.9075,9.79,318.9100036621094,2473.830078125,97.499
2017-07-20,1244.800048828125,1120.77,46.73,110.9075,9.58,320.6099853515625,2473.449951171875,97.499
2017-07-21,1254.300048828125,1117.47,45.78,110.191,9.36,321.7900085449219,2472.5400390625,97.499
2017-07-22,,,,110.191,,,,97.499
2017-07-23,,,,110.191,,,,97.499
2017-07-24,1253.9000244140625,1113.82,46.21,110.191,9.43,322.010009765625,2469.909912109375,97.499
2017-07-25,1251.699951171875,1117.02,47.77,110.191,9.43,320.1499938964844,2477.1298828125,97.499
2017-07-26,1249.0,1117.76,48.58,110.191,9.6,319.4599914550781,2477.830078125,97.499
2017-07-27,1259.5999755859375,1115.15,49.05,110.191,10.11,320.510009765625,2475.419921875,97.499
2017-07-28,1268.4000244140625,1121.49,49.72,109.92,10.29,314.1300048828125,2472.10009765625,97.499
2017-07-29,,,,109.92,,,,97.499
2017-07-30,,,,109.92,,,,97.499
2017-07-31,1266.5999755859375,1121.86,50.21,109.92,10.26,314.6000061035156,2470.300048828125,97.499
2017-08-01,1272.5999755859375,1121.09,49.19,109.92,10.09,317.0400085449219,2476.35009765625,98.058
2017-08-02,1271.800048828125,1121.55,49.6,109.92,10.28,317.69000244140625,2477.570068359375,98.058
2017-08-03,1267.800048828125,1127.73,49.03,109.92,10.44,312.2900085449219,2472.159912109375,98.058
2017-08-04,1258.300048828125,1128.02,49.57,110.2808,10.03,313.4599914550781,2476.830078125,98.058
2017-08-05,,,,110.2808,,,,98.058
2017-08-06,,,,110.2808,,,,98.058
2017-08-07,1258.199951171875,1127.39,49.37,110.2808,9.93,313.9599914550781,2480.909912109375,98.058
2017-08-08,1256.4000244140625,1125.6,49.07,110.2808,10.96,313.3999938964844,2474.919921875,98.058
2017-08-09,1273.0,1138.69,49.59,110.2808,11.11,309.5199890136719,2474.02001953125,98.058
2017-08-10,1283.699951171875,1144.36,48.54,110.2808,16.04,308.3699951171875,2438.2099609375,98.058
2017-08-11,1287.699951171875,1141.57,48.81,110.0422,15.51,302.7200012207031,2441.320068359375,98.058
2017-08-12,,,,110.0422,,,,98.058
2017-08-13,,,,110.0422,,,,98.058
2017-08-14,1284.199951171875,1137.22,47.59,110.0422,12.33,304.92999267578125,2465.840087890625,98.058
2017-08-15,1273.699951171875,1135.47,47.57,110.0422,12.04,,2464.610107421875,98.058
2017-08-16,1276.9000244140625,1137.75,46.8,110.0422,11.74,307.1600036621094,2468.110107421875,98.058
2017-08-17,1286.4000244140625,1138.23,47.07,110.0422,15.55,309.0199890136719,2430.010009765625,98.058
2017-08-18,1285.699951171875,1139.83,48.59,110.041,14.26,308.3900146484375,2425.550048828125,98.058
2017-08-19,,,,110.041,,,,98.058
2017-08-20,,,,110.041,,,,98.058
2017-08-21,1290.800048828125,1137.14,47.39,110.041,13.19,308.1400146484375,2428.3701171875,98.058
2017-08-22,1285.0999755859375,1131.79,47.65,110.041,11.35,309.3399963378906,2452.510009765625,98.058
2017-08-23,1288.9000244140625,1128.59,48.45,110.041,12.25,309.7099914550781,2444.0400390625,98.058
2017-08-24,1286.5,1127.8,47.24,110.041,12.23,310.7300109863281,2438.969970703125,98.058
2017-08-25,1292.5,1121.73,47.65,109.3415,11.28,311.2099914550781,2443.050048828125,98.058
2017-08-26,,,,109.3415,,,,98.058
2017-08-27,,,,109.3415,,,,98.058
2017-08-28,1309.699951171875,1117.75,46.4,109.3415,11.32,309.5299987792969,2444.239990234375,98.058
2017-08-29,1313.0999755859375,1122.5,46.46,109.3415,11.7,308.6400146484375,2446.300048828125,98.058
2017-08-30,1308.0999755859375,1122.05,45.96,109.3415,11.22,309.6499938964844,2457.590087890625,98.058
2017-08-31,1316.199951171875,1122.36,47.26,109.3415,10.59,308.2799987792969,2471.64990234375,98.058
2017-09-01,1324.5,1119.12,47.32,109.0504,10.13,307.7799987792969,2476.550048828125,98.172
2017-09-02,,,,109.0504,,,,98.172
2017-09-03,,,,109.0504,,,,98.172
2017-09-04,,,,109.0504,,,,98.172
2017-09-05,1339.199951171875,1130.01,48.63,109.0504,12.23,304.0599975585937,2457.85009765625,98.172
2017-09-06,1333.9000244140625,1132.49,49.13,109.0504,11.63,303.17999267578125,2465.5400390625,98.172
2017-09-07,1345.0999755859375,1125.49,49.1,109.0504,11.55,306.9700012207031,2465.10009765625,98.172
2017-09-08,1346.0,1133.08,47.44,107.808,12.12,307.42999267578125,2461.429931640625,98.172
2017-09-09,,,,107.808,,,,98.172
2017-09-10,,,,107.808,,,,98.172
2017-09-11,1331.0,1129.75,48.06,107.808,10.73,309.8299865722656,2488.110107421875,98.172
2017-09-12,1328.0,1126.56,48.21,107.808,10.58,310.4200134277344,2496.47998046875,98.172
2017-09-13,1323.4000244140625,1129.37,49.3,107.808,10.5,310.0,2498.3701171875,98.172
2017-09-14,1324.699951171875,1132.59,49.86,107.808,10.44,312.5199890136719,2495.6201171875,98.172
2017-09-15,1320.4000244140625,1130.68,49.9,108.3147,10.17,313.69000244140625,2500.22998046875,98.172
2017-09-16,,,,108.3147,,,,98.172
2017-09-17,,,,108.3147,,,,98.172
2017-09-18,1306.300048828125,1127.07,49.88,108.3147,10.15,318.92999267578125,2503.8701171875,98.172
2017-09-19,1306.199951171875,1128.83,49.54,108.3147,10.18,318.510009765625,2506.64990234375,98.172
2017-09-20,1312.0,1125.53,50.29,108.3147,9.78,318.4800109863281,2508.239990234375,98.172
2017-09-21,1290.5999755859375,1130.87,50.58,108.3147,9.67,318.25,2500.60009765625,98.172
2017-09-22,1293.300048828125,1130.39,50.33,108.7542,9.59,,2502.219970703125,98.172
2017-09-23,,,,108.7542,,,,98.172
2017-09-24,,,,108.7542,,,,98.172
2017-09-25,1306.800048828125,1134.59,51.85,108.7542,10.21,316.3999938964844,2496.659912109375,98.172
2017-09-26,1297.0,1136.29,51.59,108.7542,10.17,314.2900085449219,2496.840087890625,98.172
2017-09-27,1283.4000244140625,1141.62,52.14,108.7542,9.87,313.82000732421875,2507.0400390625,98.172
2017-09-28,1285.5,1145.08,51.62,108.7542,9.55,313.8500061035156,2510.06005859375,98.172
2017-09-29,1281.5,1142.57,51.67,110.0867,9.51,316.2699890136719,2519.360107421875,98.172
2017-09-30,,,,110.0867,,,,98.172
2017-10-01,,,,110.0867,,,,98.077
2017-10-02,1272.699951171875,1146.18,50.59,110.0867,9.45,,2529.1201171875,98.077
2017-10-03,1271.5,1140.5,50.44,110.0867,9.51,,2534.580078125,98.077
2017-10-04,1273.699951171875,1140.44,50.0,110.0867,9.63,,2537.739990234375,98.077
2017-10-05,1269.9000244140625,1139.03,50.79,110.0867,9.19,,2552.070068359375,98.077
2017-10-06,1271.5999755859375,1143.46,49.34,110.7841,9.65,,2549.330078125,98.077
2017-10-07,,,,110.7841,,,,98.077
2017-10-08,,,,110.7841,,,,98.077
2017-10-09,1281.800048828125,,49.58,110.7841,10.33,,2544.72998046875,98.077
2017-10-10,1290.5999755859375,1132.08,50.93,110.7841,10.08,322.489990234375,2550.639892578125,98.077
2017-10-11,1285.800048828125,1131.04,51.3,110.7841,9.85,326.1199951171875,2555.239990234375,98.077
2017-10-12,1293.300048828125,1129.71,50.61,110.7841,9.91,328.1099853515625,2550.929931640625,98.077
2017-10-13,1301.5,1125.01,51.43,110.2669,9.61,327.3500061035156,2553.169921875,98.077
2017-10-14,,,,110.2669,,,,98.077
2017-10-15,,,,110.2669,,,,98.077
2017-10-16,1299.9000244140625,1127.72,51.86,110.2669,9.91,327.82000732421875,2557.639892578125,98.077
2017-10-17,1283.0,1129.86,51.87,110.2669,10.31,328.510009765625,2559.360107421875,98.077
2017-10-18,1279.9000244140625,1130.94,52.05,110.2669,10.07,328.3999938964844,2561.260009765625,98.077
2017-10-19,1286.9000244140625,1129.06,51.29,110.2669,10.05,326.4700012207031,2562.10009765625,98.077
2017-10-20,1277.4000244140625,1130.69,51.63,111.0375,9.97,328.8900146484375,2575.2099609375,98.077
2017-10-21,,,,111.0375,,,,98.077
2017-10-22,,,,111.0375,,,,98.077
2017-10-23,1277.699951171875,1129.73,51.91,111.0375,11.07,329.45001220703125,2564.97998046875,98.077
2017-10-24,1275.0,1128.36,52.32,111.0375,11.16,328.9599914550781,2569.1298828125,98.077
2017-10-25,1275.4000244140625,1126.49,51.97,111.0375,11.23,329.3099975585937,2557.14990234375,98.077
2017-10-26,1266.300048828125,1123.0,52.41,111.0375,11.3,326.989990234375,2560.39990234375,98.077
2017-10-27,1268.5,1124.79,53.92,112.1495,9.8,329.2300109863281,2581.070068359375,98.077
2017-10-28,,,,112.1495,,,,98.077
2017-10-29,,,,112.1495,,,,98.077
2017-10-30,1274.0999755859375,1124.79,54.11,112.1495,10.5,330.3800048828125,2572.830078125,98.077
2017-10-31,1267.0,1115.68,54.36,112.1495,10.18,333.57000732421875,2575.260009765625,98.077
2017-11-01,1274.0999755859375,1110.03,54.32,112.1495,10.2,338.760009765625,2579.360107421875,97.347
2017-11-02,1274.9000244140625,1111.54,54.55,112.1495,9.93,337.5299987792969,2579.85009765625,97.347
2017-11-03,1266.5,1114.86,55.63,111.9383,9.14,338.8299865722656,2587.840087890625,97.347
2017-11-04,,,,111.9383,,,,97.347
2017-11-05,,,,111.9383,,,,97.347
2017-11-06,1279.4000244140625,1110.09,57.34,111.9383,9.4,337.3999938964844,2591.1298828125,97.347
2017-11-07,1273.699951171875,1113.1,57.19,111.9383,9.89,336.760009765625,2590.639892578125,97.347
2017-11-08,1281.5999755859375,1111.14,56.82,111.9383,9.78,337.79998779296875,2594.3798828125,97.347
2017-11-09,1285.5999755859375,1118.13,57.16,111.9383,10.5,337.1400146484375,2584.6201171875,97.347
2017-11-10,1272.4000244140625,,56.75,111.5626,11.29,335.9599914550781,2582.300048828125,97.347
2017-11-11,,,,111.5626,,,,97.347
2017-11-12,,,,111.5626,,,,97.347
2017-11-13,1277.300048828125,1119.96,56.77,111.5626,11.5,334.3299865722656,2584.840087890625,97.347
2017-11-14,1281.5,1113.65,55.67,111.5626,11.59,333.6199951171875,2578.8701171875,97.347
2017-11-15,1276.5,1103.9,55.28,111.5626,13.13,332.1700134277344,2564.6201171875,97.347
2017-11-16,1277.4000244140625,1094.49,55.14,111.5626,11.76,334.3599853515625,2585.639892578125,97.347
2017-11-17,1295.800048828125,1093.15,56.21,111.0016,11.43,334.17999267578125,2578.85009765625,97.347
2017-11-18,,,,111.0016,,,,97.347
2017-11-19,,,,111.0016,,,,97.347
2017-11-20,1274.5999755859375,1093.15,56.21,111.0016,10.65,332.9200134277344,2582.139892578125,97.347
2017-11-21,1281.0999755859375,1088.1,56.84,111.0016,9.73,333.510009765625,2599.030029296875,97.347
2017-11-22,1291.5999755859375,1085.66,57.88,111.0016,9.88,335.489990234375,2597.080078125,97.347
2017-11-23,,,,111.0016,,334.510009765625,,97.347
2017-11-24,1286.699951171875,1082.59,58.94,110.0253,9.67,335.44000244140625,2602.419921875,97.347
2017-11-25,,,,110.0253,,,,97.347
2017-11-26,,,,110.0253,,,,97.347
2017-11-27,1293.800048828125,1088.36,58.1,110.0253,9.87,329.5299987792969,2601.419921875,97.347
2017-11-28,1294.699951171875,1079.87,57.96,110.0253,10.03,330.989990234375,2627.0400390625,97.347
2017-11-29,1282.0999755859375,1079.33,57.25,110.0253,10.7,330.67999267578125,2626.070068359375,97.347
2017-11-30,1273.199951171875,1084.79,57.4,110.0253,11.28,325.25,2647.580078125,97.347
2017-12-01,1278.800048828125,1082.36,58.35,110.1413,11.43,324.7799987792969,2642.219970703125,97.698
2017-12-02,,,,110.1413,,,,97.698
2017-12-03,,,,110.1413,,,,97.698
2017-12-04,1274.300048828125,1082.36,57.48,110.1413,11.68,328.7699890136719,2639.43994140625,97.698
2017-12-05,1261.5999755859375,1086.85,57.66,110.1413,11.33,329.6099853515625,2629.570068359375,97.698
2017-12-06,1262.800048828125,1094.55,55.79,110.1413,11.02,324.5199890136719,2629.27001953125,97.698
2017-12-07,1249.800048828125,1090.68,56.5,110.1413,10.16,323.5899963378906,2636.97998046875,97.698
2017-12-08,1245.199951171875,1092.03,57.15,111.2273,9.58,324.67999267578125,2651.5,97.698
2017-12-09,,,,111.2273,,,,97.698
2017-12-10,,,,111.2273,,,,97.698
2017-12-11,1243.699951171875,1092.03,57.84,111.2273,9.34,325.0899963378906,2659.989990234375,97.698
2017-12-12,1238.5,1090.09,57.12,111.2273,9.92,324.07000732421875,2664.110107421875,97.698
2017-12-13,1245.4000244140625,1088.01,56.59,111.2273,10.18,326.17999267578125,2662.85009765625,97.698
2017-12-14,1253.800048828125,1088.09,57.0,111.2273,10.49,324.739990234375,2652.010009765625,97.698
2017-12-15,1254.300048828125,1086.39,57.29,111.1286,9.42,326.2300109863281,2675.81005859375,97.698
2017-12-16,,,,111.1286,,,,97.698
2017-12-17,,,,111.1286,,,,97.698
2017-12-18,1262.199951171875,1084.28,57.17,111.1286,9.53,326.6000061035156,2690.159912109375,97.698
2017-12-19,1260.699951171875,1084.29,57.49,111.1286,10.03,326.760009765625,2681.469970703125,97.698
2017-12-20,1266.0999755859375,1078.14,58.09,111.1286,9.72,,2679.25,97.698
2017-12-21,1267.300048828125,1078.08,58.34,111.1286,9.62,319.7200012207031,2684.570068359375,97.698
2017-12-22,1275.4000244140625,1076.87,58.25,111.0997,9.9,321.2099914550781,2683.340087890625,97.698
2017-12-23,,,,111.0997,,,,97.698
2017-12-24,,,,111.0997,,,,97.698
2017-12-25,,,,111.0997,,,,97.698
2017-12-26,1284.0999755859375,1073.75,59.55,111.0997,10.25,318.8900146484375,2680.5,97.698
2017-12-27,1287.0,1073.13,59.67,111.0997,10.47,320.25,2682.6201171875,97.698
2017-12-28,1294.0999755859375,1068.64,59.84,111.0997,10.18,324.739990234375,2687.5400390625,97.698
2017-12-29,1306.300048828125,1067.42,60.46,110.0783,11.04,,2673.610107421875,97.698
2017-12-30,,,,110.0783,,,,97.698
2017-12-31,,,,110.0783,,,,97.698
2018-01-01,,,,110.0783,,,,98.106
2018-01-02,1313.699951171875,1059.39,60.37,110.0783,9.77,326.0,2695.81005859375,98.106
2018-01-03,1316.199951171875,1063.11,61.61,110.0783,9.15,327.1300048828125,2713.06005859375,98.106
2018-01-04,1319.4000244140625,1061.5,61.98,110.0783,9.22,324.5799865722656,2723.989990234375,98.106
2018-01-05,1320.300048828125,1060.07,61.49,109.3496,9.22,328.9700012207031,2743.14990234375,98.106
2018-01-06,,,,109.3496,,,,98.106
2018-01-07,,,,109.3496,,,,98.106
2018-01-08,1318.5999755859375,1066.26,61.73,109.3496,9.52,331.2799987792969,2747.7099609375,98.106
2018-01-09,1311.699951171875,1068.8,62.92,109.3496,10.08,330.25,2751.2900390625,98.106
2018-01-10,1317.4000244140625,1067.55,63.6,109.3496,9.82,327.6099853515625,2748.22998046875,98.106
2018-01-11,1320.5999755859375,1062.67,63.81,109.3496,9.88,325.6700134277344,2767.56005859375,98.106
2018-01-12,1333.4000244140625,1062.09,64.22,108.901,10.16,326.7200012207031,2786.239990234375,98.106
2018-01-13,,,,108.901,,,,98.106
2018-01-14,,,,108.901,,,,98.106
2018-01-15,,,,108.901,,327.3900146484375,,98.106
2018-01-16,1335.4000244140625,1064.19,63.82,108.901,11.66,330.0199890136719,2776.419921875,98.106
2018-01-17,1338.0,1066.72,63.92,108.901,11.91,329.19000244140625,2802.56005859375,98.106
2018-01-18,1326.0,1069.35,63.96,108.901,12.22,329.1300048828125,2798.030029296875,98.106
2018-01-19,1331.9000244140625,1065.81,63.38,107.9455,11.27,329.5199890136719,2810.300048828125,98.106
2018-01-20,,,,107.9455,,,,98.106
2018-01-21,,,,107.9455,,,,98.106
2018-01-22,1330.9000244140625,1068.06,63.66,107.9455,11.03,326.2699890136719,2832.969970703125,98.106
2018-01-23,1335.699951171875,1072.59,64.45,107.9455,11.1,330.92999267578125,2839.1298828125,98.106
2018-01-24,1355.9000244140625,1065.39,65.69,107.9455,11.47,330.9100036621094,2837.5400390625,98.106
2018-01-25,1362.4000244140625,1057.57,65.62,107.9455,11.58,334.0799865722656,2839.25,98.106
2018-01-26,1351.5999755859375,1064.12,66.27,106.6911,11.08,335.3800048828125,2872.8701171875,98.106
2018-01-27,,,,106.6911,,,,98.106
2018-01-28,,,,106.6911,,,,98.106
2018-01-29,,1071.28,65.71,106.6911,13.84,338.04998779296875,2853.530029296875,98.106
2018-01-30,1335.4000244140625,1073.61,64.64,106.6911,14.79,333.3999938964844,2822.429931640625,98.106
2018-01-31,1339.0,1068.33,64.82,106.6911,13.54,333.3800048828125,2823.81005859375,98.106
2018-02-01,1344.300048828125,1069.33,65.92,106.6911,13.47,333.3599853515625,2821.97998046875,98.855
2018-02-02,1333.699951171875,1086.21,65.5,107.1151,17.31,327.010009765625,2762.1298828125,98.855
2018-02-03,,,,107.1151,,,,98.855
2018-02-04,,,,107.1151,,,,98.855
2018-02-05,1333.0,1086.79,64.18,107.1151,37.32,323.2900085449219,2648.93994140625,98.855
2018-02-06,1326.0999755859375,1081.2,63.48,107.1151,29.98,318.010009765625,2695.139892578125,98.855
2018-02-07,1311.5999755859375,1082.56,61.91,107.1151,27.73,310.4800109863281,2681.659912109375,98.855
2018-02-08,1316.9000244140625,1093.04,61.3,107.1151,33.46,311.6199951171875,2581.0,98.855
2018-02-09,1313.0999755859375,1087.99,59.2,108.2582,29.06,304.8299865722656,2619.550048828125,98.855
2018-02-10,,,,108.2582,,,,98.855
2018-02-11,,,,108.2582,,,,98.855
2018-02-12,1324.199951171875,1082.27,59.41,108.2582,25.61,308.1300048828125,2656.0,98.855
2018-02-13,1328.0999755859375,1083.07,59.33,108.2582,24.97,310.8699951171875,2662.93994140625,98.855
2018-02-14,1355.5,1076.71,60.7,108.2582,19.26,314.3999938964844,2698.6298828125,98.855
2018-02-15,1352.0999755859375,1065.69,61.48,108.2582,19.13,,2731.199951171875,98.855
2018-02-16,1353.199951171875,1065.27,61.89,107.0359,19.46,,2732.219970703125,98.855
2018-02-17,,,,107.0359,,,,98.855
2018-02-18,,,,107.0359,,,,98.855
2018-02-19,,,,107.0359,,316.6099853515625,,98.855
2018-02-20,1328.800048828125,1072.85,61.91,107.0359,20.6,312.8299865722656,2716.260009765625,98.855
2018-02-21,1330.0,1076.11,61.73,107.0359,20.02,314.4700012207031,2701.330078125,98.855
2018-02-22,1330.5999755859375,1077.61,62.72,107.0359,18.72,312.1700134277344,2703.9599609375,98.855
2018-02-23,1328.199951171875,1075.77,63.52,107.6804,16.49,316.8099975585937,2747.300048828125,98.855
2018-02-24,,,,107.6804,,,,98.855
2018-02-25,,,,107.6804,,,,98.855
2018-02-26,1330.699951171875,1069.0,63.81,107.6804,15.8,317.3399963378906,2779.60009765625,98.855
2018-02-27,1315.5,1077.43,62.94,107.6804,18.59,316.8299865722656,2744.280029296875,98.855
2018-02-28,1315.5,1082.12,61.43,107.6804,19.85,312.8599853515625,2713.830078125,98.855
2018-03-01,1302.9000244140625,1081.33,60.98,107.6804,22.47,,2677.669921875,98.751
2018-03-02,1321.0999755859375,1080.25,61.19,108.5358,19.59,308.3500061035156,2691.25,98.751
2018-03-03,,,,108.5358,,,,98.751
2018-03-04,,,,108.5358,,,,98.751
2018-03-05,1318.0999755859375,1076.75,62.49,108.5358,18.73,304.5799865722656,2720.93994140625,98.751
2018-03-06,1333.5999755859375,1061.53,62.54,108.5358,18.36,310.4599914550781,2728.1201171875,98.751
2018-03-07,1326.0,1067.93,61.09,108.5358,17.76,311.1400146484375,2726.800048828125,98.751
2018-03-08,1319.9000244140625,1074.21,60.13,108.5358,16.54,314.7799987792969,2738.969970703125,98.751
2018-03-09,1322.4000244140625,1066.59,62.02,107.923,14.64,317.6700134277344,2786.570068359375,98.751
2018-03-10,,,,107.923,,,,98.751
2018-03-11,,,,107.923,,,,98.751
2018-03-12,1319.4000244140625,1063.7,61.35,107.923,15.78,320.70001220703125,2783.02001953125,98.751
2018-03-13,1325.9000244140625,1062.14,60.69,107.923,16.35,322.9800109863281,2765.31005859375,98.751
2018-03-14,1324.4000244140625,1063.38,60.89,107.923,17.23,321.989990234375,2749.47998046875,98.751
2018-03-15,1316.800048828125,1065.89,61.16,107.923,16.59,322.739990234375,2747.330078125,98.751
2018-03-16,1311.300048828125,1068.4,62.29,108.4332,15.8,322.8800048828125,2752.010009765625,98.751
2018-03-17,,,,108.4332,,,,98.751
2018-03-18,,,,108.4332,,,,98.751
2018-03-19,1316.800048828125,1072.29,62.01,108.4332,19.02,320.3500061035156,2712.919921875,98.751
2018-03-20,1311.0999755859375,1070.61,63.37,108.4332,18.2,321.7900085449219,2716.93994140625,98.751
2018-03-21,1320.699951171875,1070.51,65.1,108.4332,17.86,321.6000061035156,2711.929931640625,98.751
2018-03-22,1326.5999755859375,1079.51,64.25,108.4332,23.34,323.32000732421875,2643.68994140625,98.751
2018-03-23,1349.300048828125,1081.29,65.8,107.7495,24.87,312.4200134277344,2588.260009765625,98.751
2018-03-24,,,,107.7495,,,,98.751
2018-03-25,,,,107.7495,,,,98.751
2018-03-26,1354.4000244140625,1076.87,65.49,107.7495,21.03,314.8900146484375,2658.550048828125,98.751
2018-03-27,1341.300048828125,1071.21,65.21,107.7495,22.5,316.3399963378906,2612.6201171875,98.751
2018-03-28,1324.199951171875,1063.03,64.3,107.7495,22.87,311.8099975585937,2605.0,98.751
2018-03-29,1322.800048828125,1060.31,64.87,107.7495,19.97,313.82000732421875,2640.8701171875,98.751
2018-03-30,,1060.99,,107.4784,,314.6099853515625,,98.751
2018-03-31,,,,107.4784,,,,98.751
2018-04-01,,,,107.4784,,,,98.931
2018-04-02,1342.0999755859375,1056.03,63.05,107.4784,23.62,314.0,2581.8798828125,98.931
2018-04-03,1332.800048828125,1054.63,63.41,107.4784,21.1,313.3800048828125,2614.449951171875,98.931
2018-04-04,1335.800048828125,1059.5,63.35,107.4784,20.06,308.5400085449219,2644.68994140625,98.931
2018-04-05,1324.300048828125,1061.56,63.53,107.4784,18.94,313.0400085449219,2662.840087890625,98.931
2018-04-06,1331.9000244140625,1068.73,62.03,107.7886,21.49,311.6099853515625,2604.469970703125,98.931
2018-04-07,,,,107.7886,,,,98.931
2018-04-08,,,,107.7886,,,,98.931
2018-04-09,1336.300048828125,1067.11,63.4,107.7886,21.77,313.45001220703125,2613.159912109375,98.931
2018-04-10,1342.0,1064.53,65.48,107.7886,20.47,313.94000244140625,2656.8701171875,98.931
2018-04-11,1356.5,1066.76,66.81,107.7886,20.24,312.94000244140625,2642.18994140625,98.931
2018-04-12,1338.4000244140625,1069.84,67.07,107.7886,18.49,313.2200012207031,2663.989990234375,98.931
2018-04-13,1344.800048828125,1070.55,67.35,107.2368,17.41,314.8599853515625,2656.300048828125,98.931
2018-04-14,,,,107.2368,,,,98.931
2018-04-15,,,,107.2368,,,,98.931
2018-04-16,1347.5,1071.59,66.23,107.2368,16.56,315.1700134277344,2677.840087890625,98.931
2018-04-17,1347.199951171875,1066.56,66.5,107.2368,15.25,314.6400146484375,2706.389892578125,98.931
2018-04-18,1351.199951171875,1064.51,68.44,107.2368,15.6,318.6400146484375,2708.639892578125,98.931
2018-04-19,1346.800048828125,1065.68,68.3,107.2368,15.96,320.1199951171875,2693.1298828125,98.931
2018-04-20,1336.699951171875,1071.0,68.26,108.1787,16.88,317.8900146484375,2670.139892578125,98.931
2018-04-21,,,,108.1787,,,,98.931
2018-04-22,,,,108.1787,,,,98.931
2018-04-23,1322.5,1077.72,67.61,108.1787,16.34,317.8900146484375,2670.2900390625,98.931
2018-04-24,1331.4000244140625,1074.8,67.66,108.1787,18.02,315.8599853515625,2634.56005859375,98.931
2018-04-25,1321.199951171875,1082.99,68.0,108.1787,17.84,313.989990234375,2639.39990234375,98.931
2018-04-26,1316.300048828125,1078.2,68.18,108.1787,16.24,318.0799865722656,2666.93994140625,98.931
2018-04-27,1320.300048828125,1067.59,68.11,109.1735,15.41,320.79998779296875,2669.909912109375,98.931
2018-04-28,,,,109.1735,,,,98.931
2018-04-29,,,,109.1735,,,,98.931
2018-04-30,1316.199951171875,1069.07,68.56,109.1735,15.93,323.5599975585937,2648.050048828125,98.931
2018-05-01,1303.800048828125,1071.91,67.28,109.1735,15.49,,2654.800048828125,98.979
2018-05-02,1302.5999755859375,1076.52,67.91,109.1735,15.97,322.5299987792969,2635.669921875,98.979
2018-05-03,1310.699951171875,1078.33,68.45,109.1735,15.9,320.54998779296875,2629.72998046875,98.979
2018-05-04,1312.699951171875,1074.09,69.71,110.25,14.77,316.75,2663.419921875,98.979
2018-05-05,,,,110.25,,,,98.979
2018-05-06,,,,110.25,,,,98.979
2018-05-07,1312.199951171875,1079.72,70.74,110.25,14.75,,2672.6298828125,98.979
2018-05-08,1312.0,1078.35,68.83,110.25,14.71,315.8699951171875,2671.919921875,98.979
2018-05-09,1311.300048828125,1078.22,71.16,110.25,13.42,314.4200134277344,2697.7900390625,98.979
2018-05-10,1320.800048828125,1065.41,71.36,110.25,13.23,317.3099975585937,2723.070068359375,98.979
2018-05-11,1319.0,1067.14,70.69,110.2847,12.65,318.510009765625,2727.719970703125,98.979
2018-05-12,,,,110.2847,,,,98.979
2018-05-13,,,,110.2847,,,,98.979
2018-05-14,1316.5,1068.83,71.01,110.2847,12.93,317.7200012207031,2730.1298828125,98.979
2018-05-15,1288.9000244140625,1076.46,71.34,110.2847,14.63,314.94000244140625,2711.449951171875,98.979
2018-05-16,1290.199951171875,1076.66,71.43,110.2847,13.42,315.9700012207031,2722.4599609375,98.979
2018-05-17,1288.199951171875,1082.37,71.47,110.2847,13.43,314.2900085449219,2720.1298828125,98.979
2018-05-18,1290.199951171875,1080.91,71.23,111.7171,13.42,315.3699951171875,2712.969970703125,98.979
2018-05-19,,,,111.7171,,,,98.979
2018-05-20,,,,111.7171,,,,98.979
2018-05-21,1290.199951171875,1079.33,72.26,111.7171,13.08,316.25,2733.010009765625,98.979
2018-05-22,1291.699951171875,1073.3,72.09,111.7171,13.22,,2724.43994140625,98.979
2018-05-23,1289.300048828125,1078.88,71.85,111.7171,12.58,318.3099975585937,2733.2900390625,98.979
2018-05-24,1303.699951171875,1082.77,70.77,111.7171,12.53,317.4800109863281,2727.760009765625,98.979
2018-05-25,1303.300048828125,1076.35,67.92,111.5843,13.22,318.04998779296875,2721.330078125,98.979
2018-05-26,,,,111.5843,,,,98.979
2018-05-27,,,,111.5843,,,,98.979
2018-05-28,,,,111.5843,,318.989990234375,,98.979
2018-05-29,1298.699951171875,1082.59,66.8,111.5843,17.02,316.20001220703125,2689.860107421875,98.979
2018-05-30,1301.5,1077.62,68.24,111.5843,14.94,309.260009765625,2724.010009765625,98.979
2018-05-31,1300.0999755859375,1080.75,66.98,111.5843,15.43,310.9200134277344,2705.27001953125,98.979
2018-06-01,1294.800048828125,1071.27,65.81,111.8265,13.46,313.2200012207031,2734.6201171875,98.779
2018-06-02,,,,111.8265,,,,98.779
2018-06-03,,,,111.8265,,,,98.779
2018-06-04,1293.0999755859375,1070.13,64.76,111.8265,12.74,314.8399963378906,2746.8701171875,98.779
2018-06-05,1297.5,1071.86,65.51,111.8265,12.4,315.760009765625,2748.800048828125,98.779
2018-06-06,1297.0999755859375,1065.9,64.75,111.8265,11.64,,2772.35009765625,98.779
2018-06-07,1298.699951171875,1071.11,65.96,111.8265,12.13,317.6700134277344,2770.3701171875,98.779
2018-06-08,1298.0999755859375,1075.0,65.77,112.1066,12.18,314.9700012207031,2779.030029296875,98.779
2018-06-09,,,,112.1066,,,,98.779
2018-06-10,,,,112.1066,,,,98.779
2018-06-11,1298.9000244140625,1075.08,66.1,112.1066,12.35,317.2200012207031,2782.0,98.779
2018-06-12,1295.0999755859375,1077.14,66.38,112.1066,12.34,316.8399963378906,2786.85009765625,98.779
2018-06-13,1296.9000244140625,1082.59,66.63,112.1066,12.94,,2775.6298828125,98.779
2018-06-14,1304.0,1084.06,66.91,112.1066,12.12,311.20001220703125,2782.489990234375,98.779
2018-06-15,1274.5999755859375,1101.89,65.01,113.3379,11.98,308.7300109863281,2779.659912109375,98.779
2018-06-16,,,,113.3379,,,,98.779
2018-06-17,,,,113.3379,,,,98.779
2018-06-18,1276.199951171875,1105.07,65.91,113.3379,12.31,305.3500061035156,2773.75,98.779
2018-06-19,1275.5999755859375,1110.64,65.09,113.3379,13.35,301.3500061035156,2762.590087890625,98.779
2018-06-20,1271.199951171875,1107.42,65.92,113.3379,12.79,304.0199890136719,2767.320068359375,98.779
2018-06-21,1267.199951171875,1110.01,65.68,113.3379,14.64,301.0199890136719,2749.760009765625,98.779
2018-06-22,1267.4000244140625,1114.49,69.02,113.3047,13.77,303.69000244140625,2754.8798828125,98.779
2018-06-23,,,,113.3047,,,,98.779
2018-06-24,,,,113.3047,,,,98.779
2018-06-25,1265.5999755859375,1114.4,69.91,113.3047,17.33,303.3699951171875,2717.070068359375,98.779
2018-06-26,1256.5999755859375,1118.08,75.23,113.3047,15.92,302.760009765625,2723.06005859375,98.779
2018-06-27,1252.800048828125,1121.57,77.41,113.3047,17.91,302.25,2699.6298828125,98.779
2018-06-28,1247.800048828125,1121.96,73.45,113.3047,16.85,298.260009765625,2716.31005859375,98.779
2018-06-29,1251.300048828125,1111.79,74.13,113.2586,16.09,299.6600036621094,2718.3701171875,98.779
2018-06-30,,,,113.2586,,,,98.779
2018-07-01,,,,113.2586,,,,98.59
2018-07-02,1239.800048828125,1119.31,73.89,113.2586,15.6,292.92999267578125,2726.7099609375,98.59
2018-07-03,1251.5999755859375,1114.41,74.19,113.2586,16.14,293.3500061035156,2713.219970703125,98.59
2018-07-04,,,,113.2586,,292.260009765625,,98.59
2018-07-05,1257.300048828125,1118.2,73.05,113.2586,14.97,291.6300048828125,2736.610107421875,98.59
2018-07-06,1254.300048828125,1114.98,73.78,112.6428,13.37,293.1099853515625,2759.820068359375,98.59
2018-07-07,,,,112.6428,,,,98.59
2018-07-08,,,,112.6428,,,,98.59
2018-07-09,1258.0999755859375,1111.38,73.93,112.6428,12.69,295.20001220703125,2784.169921875,98.59
2018-07-10,1253.800048828125,1113.81,74.11,112.6428,12.64,296.19000244140625,2793.840087890625,98.59
2018-07-11,1242.800048828125,1122.1,70.47,112.6428,13.63,294.42999267578125,2774.02001953125,98.59
2018-07-12,1245.0,1121.38,70.28,112.6428,12.58,294.4100036621094,2798.2900390625,98.59
2018-07-13,1239.5999755859375,1130.3,71.03,113.0705,12.18,298.6499938964844,2801.31005859375,98.59
2018-07-14,,,,113.0705,,,,98.59
2018-07-15,,,,113.0705,,,,98.59
2018-07-16,1238.0999755859375,1127.81,68.22,113.0705,12.83,297.3699951171875,2798.429931640625,98.59
2018-07-17,1225.699951171875,1125.63,68.03,113.0705,12.06,296.8800048828125,2809.550048828125,98.59
2018-07-18,1226.300048828125,1130.76,68.78,113.0705,12.1,296.4700012207031,2815.6201171875,98.59
2018-07-19,1222.4000244140625,1136.38,69.42,113.0705,12.87,295.8999938964844,2804.489990234375,98.59
2018-07-20,1229.5,1128.16,70.31,113.3213,12.86,296.95001220703125,2801.830078125,98.59
2018-07-21,,,,113.3213,,,,98.59
2018-07-22,,,,113.3213,,,,98.59
2018-07-23,1224.0,1134.45,67.9,113.3213,12.62,294.5599975585937,2806.97998046875,98.59
2018-07-24,1223.9000244140625,1127.39,70.77,113.3213,12.41,295.489990234375,2820.39990234375,98.59
2018-07-25,1231.4000244140625,1122.59,71.13,113.3213,12.29,294.8500061035156,2846.070068359375,98.59
2018-07-26,1225.300048828125,1121.72,71.59,113.3213,12.14,296.95001220703125,2837.43994140625,98.59
2018-07-27,1222.5999755859375,1115.77,68.66,112.8125,13.03,297.7799987792969,2818.820068359375,98.59
2018-07-28,,,,112.8125,,,,98.59
2018-07-29,,,,112.8125,,,,98.59
2018-07-30,1221.300048828125,1116.98,71.19,112.8125,14.26,297.2900085449219,2802.60009765625,98.59
2018-07-31,1223.699951171875,1112.75,69.88,112.8125,12.83,297.45001220703125,2816.2900390625,98.59
2018-08-01,1217.9000244140625,1118.15,68.8,112.8125,13.15,298.69000244140625,2813.360107421875,99.462
2018-08-02,1210.5999755859375,1126.91,68.95,112.8125,12.19,293.54998779296875,2827.219970703125,99.462
2018-08-03,1214.199951171875,1122.68,68.49,113.012,11.64,295.6099853515625,2840.35009765625,99.462
2018-08-04,,,,113.012,,,,99.462
2018-08-05,,,,113.012,,,,99.462
2018-08-06,1208.5999755859375,1125.9,69.01,113.012,11.27,295.239990234375,2850.39990234375,99.462
2018-08-07,1209.5999755859375,1118.0,69.17,113.012,10.93,297.17999267578125,2858.449951171875,99.462
2018-08-08,1212.5999755859375,1119.01,66.92,113.012,10.85,297.19000244140625,2857.699951171875,99.462
2018-08-09,1211.9000244140625,1119.0,66.81,113.012,11.27,297.4100036621094,2853.580078125,99.462
2018-08-10,1211.0999755859375,1130.19,67.61,114.3005,13.16,293.6400146484375,2833.280029296875,99.462
2018-08-11,,,,114.3005,,,,99.462
2018-08-12,,,,114.3005,,,,99.462
2018-08-13,1191.300048828125,1133.19,67.25,114.3005,14.78,289.8500061035156,2821.929931640625,99.462
2018-08-14,1193.0,1128.9,67.04,114.3005,13.31,291.0799865722656,2839.9599609375,99.462
2018-08-15,1177.5,1135.3,65.07,114.3005,14.64,,2818.3701171875,99.462
2018-08-16,1176.199951171875,1125.35,65.44,114.3005,13.45,288.239990234375,2840.68994140625,99.462
2018-08-17,1176.5,1123.2,65.93,114.5339,12.64,288.57000732421875,2850.1298828125,99.462
2018-08-18,,,,114.5339,,,,99.462
2018-08-19,,,,114.5339,,,,99.462
2018-08-20,1186.800048828125,1121.3,66.5,114.5339,12.49,288.6099853515625,2857.050048828125,99.462
2018-08-21,1192.5999755859375,1117.41,67.32,114.5339,12.86,291.92999267578125,2862.9599609375,99.462
2018-08-22,1196.300048828125,1117.0,67.85,114.5339,12.25,293.0,2861.820068359375,99.462
2018-08-23,1187.0,1123.37,69.13,114.5339,12.41,294.2900085449219,2856.97998046875,99.462
2018-08-24,1206.300048828125,1113.3,69.71,113.5985,11.99,295.5400085449219,2874.68994140625,99.462
2018-08-25,,,,113.5985,,,,99.462
2018-08-26,,,,113.5985,,,,99.462
2018-08-27,1209.0,1107.69,69.97,113.5985,12.16,296.8299865722656,2896.739990234375,99.462
2018-08-28,1207.4000244140625,1105.14,68.54,113.5985,12.5,297.2200012207031,2897.52001953125,99.462
2018-08-29,1204.5,1109.2,69.68,113.5985,12.25,298.04998779296875,2914.0400390625,99.462
2018-08-30,1197.699951171875,1113.13,70.25,113.5985,13.53,298.04998779296875,2901.1298828125,99.462
2018-08-31,1200.300048828125,1116.5,69.84,114.2755,12.86,300.07000732421875,2901.52001953125,99.462
2018-09-01,,,,114.2755,,,,100.221
2018-09-02,,,,114.2755,,,,100.221
2018-09-03,,,,114.2755,,297.489990234375,,100.221
2018-09-04,1192.699951171875,1117.5,69.82,114.2755,13.16,298.79998779296875,2896.719970703125,100.221
2018-09-05,1194.9000244140625,1121.0,68.69,114.2755,13.91,294.9599914550781,2888.60009765625,100.221
2018-09-06,1197.9000244140625,1122.4,67.81,114.2755,14.65,294.2799987792969,2878.050048828125,100.221
2018-09-07,1193.5999755859375,1123.5,67.73,114.5816,14.88,292.8599853515625,2871.679931640625,100.221
2018-09-08,,,,114.5816,,,,100.221
2018-09-09,,,,114.5816,,,,100.221
2018-09-10,1193.0,1127.9,67.55,114.5816,14.16,293.70001220703125,2877.1298828125,100.221
2018-09-11,1195.4000244140625,1126.17,69.29,114.5816,13.22,292.4599914550781,2887.889892578125,100.221
2018-09-12,1204.699951171875,1121.62,70.37,114.5816,13.14,292.3500061035156,2888.919921875,100.221
2018-09-13,1202.0,1120.9,68.6,114.5816,12.37,292.4200134277344,2904.179931640625,100.221
2018-09-14,1195.0,1119.0,68.98,114.0657,12.07,297.2900085449219,2904.97998046875,100.221
2018-09-15,,,,114.0657,,,,100.221
2018-09-16,,,,114.0657,,,,100.221
2018-09-17,1199.699951171875,1124.71,68.86,114.0657,13.68,295.2300109863281,2888.800048828125,100.221
2018-09-18,1196.800048828125,1122.18,69.87,114.0657,12.79,296.1000061035156,2904.31005859375,100.221
2018-09-19,1202.199951171875,1120.61,71.08,114.0657,11.75,296.6400146484375,2907.949951171875,100.221
2018-09-20,1206.199951171875,1119.58,70.77,114.0657,11.8,299.0400085449219,2930.75,100.221
2018-09-21,1196.199951171875,1114.3,70.8,113.5099,11.68,300.8099975585937,2929.669921875,100.221
2018-09-22,,,,113.5099,,,,100.221
2018-09-23,,,,113.5099,,,,100.221
2018-09-24,1199.300048828125,1119.28,73.23,113.5099,12.2,,2919.3701171875,100.221
2018-09-25,1200.0,1118.12,73.4,113.5099,12.42,,2915.56005859375,100.221
2018-09-26,1194.0,1114.64,72.22,113.5099,12.89,,2905.969970703125,100.221
2018-09-27,1182.300048828125,1113.41,72.18,113.5099,12.41,302.5899963378906,2914.0,100.221
2018-09-28,1191.5,1109.76,73.16,113.8077,12.12,300.510009765625,2913.97998046875,100.221
2018-09-29,,,,113.8077,,,,100.221
2018-09-30,,,,113.8077,,,,100.221
2018-10-01,1187.0999755859375,1112.53,75.37,113.8077,12.0,300.1700134277344,2924.590087890625,100.041
2018-10-02,1202.4000244140625,1112.43,75.16,113.8077,12.05,296.5299987792969,2923.429931640625,100.041
2018-10-03,1198.300048828125,1121.42,76.4,113.8077,11.61,,2925.510009765625,100.041
2018-10-04,1197.199951171875,1130.78,74.44,113.8077,14.22,291.7799987792969,2901.610107421875,100.041
2018-10-05,1201.199951171875,1131.25,74.26,114.561,14.82,291.2799987792969,2885.570068359375,100.041
2018-10-06,,,,114.561,,,,100.041
2018-10-07,,,,114.561,,,,100.041
2018-10-08,1184.4000244140625,,74.27,114.561,15.69,289.9100036621094,2884.429931640625,100.041
2018-10-09,1187.199951171875,1132.87,74.95,114.561,15.95,,2880.340087890625,100.041
2018-10-10,1189.300048828125,1138.9,73.18,114.561,22.96,287.8500061035156,2785.679931640625,100.041
2018-10-11,1223.5,1134.16,70.97,114.561,24.98,275.1499938964844,2728.3701171875,100.041
2018-10-12,1218.0999755859375,1130.82,71.41,114.3691,21.31,279.3699951171875,2767.1298828125,100.041
2018-10-13,,,,114.3691,,,,100.041
2018-10-14,,,,114.3691,,,,100.041
2018-10-15,1226.4000244140625,1129.3,71.84,114.3691,21.3,277.19000244140625,2750.7900390625,100.041
2018-10-16,1227.300048828125,1123.88,71.93,114.3691,17.62,276.8999938964844,2809.919921875,100.041
2018-10-17,1223.699951171875,1126.2,69.63,114.3691,17.4,280.04998779296875,2809.2099609375,100.041
2018-10-18,1226.5,1138.06,68.63,114.3691,20.06,277.4800109863281,2768.780029296875,100.041
2018-10-19,1225.300048828125,1131.13,69.16,114.8567,19.89,278.6300048828125,2767.780029296875,100.041
2018-10-20,,,,114.8567,,,,100.041
2018-10-21,,,,114.8567,,,,100.041
2018-10-22,1221.199951171875,1132.7,69.25,114.8567,19.64,279.3999938964844,2755.8798828125,100.041
2018-10-23,1233.4000244140625,1137.53,66.49,114.8567,20.71,272.5400085449219,2740.68994140625,100.041
2018-10-24,1227.800048828125,1136.66,66.56,114.8567,25.23,271.3599853515625,2656.10009765625,100.041
2018-10-25,1229.0999755859375,1134.9,67.25,114.8567,24.22,266.7200012207031,2705.570068359375,100.041
2018-10-26,1232.5,1141.74,67.58,115.473,24.16,262.69000244140625,2658.68994140625,100.041
2018-10-27,,,,115.473,,,,100.041
2018-10-28,,,,115.473,,,,100.041
2018-10-29,1224.5,1139.81,67.0,115.473,24.7,260.19000244140625,2641.25,100.041
2018-10-30,1222.5999755859375,1137.68,66.18,115.473,23.35,262.4700012207031,2682.6298828125,100.041
2018-10-31,1212.300048828125,1140.78,65.31,115.473,21.23,264.010009765625,2711.739990234375,100.041
2018-11-01,1236.0,1126.19,63.67,115.473,19.34,262.95001220703125,2740.3701171875,99.33
2018-11-02,1230.9000244140625,1117.72,63.12,115.643,19.51,272.5599975585937,2723.06005859375,99.33
2018-11-03,,,,115.643,,,,99.33
2018-11-04,,,,115.643,,,,99.33
2018-11-05,1229.800048828125,1122.13,63.12,115.643,19.96,270.07000732421875,2738.31005859375,99.33
2018-11-06,1223.800048828125,1121.31,62.16,115.643,19.91,271.57000732421875,2755.449951171875,99.33
2018-11-07,1226.199951171875,1117.52,61.69,115.643,16.36,270.45001220703125,2813.889892578125,99.33
2018-11-08,1222.9000244140625,1118.99,60.71,115.643,16.72,272.1099853515625,2806.830078125,99.33
2018-11-09,1206.4000244140625,1131.4,60.19,116.4778,17.36,271.3299865722656,2781.010009765625,99.33
2018-11-10,,,,116.4778,,,,99.33
2018-11-11,,,,116.4778,,,,99.33
2018-11-12,1201.300048828125,,59.85,116.4778,20.45,271.57000732421875,2726.219970703125,99.33
2018-11-13,1199.199951171875,1132.29,55.63,116.4778,20.02,269.70001220703125,2722.179931640625,99.33
2018-11-14,1207.9000244140625,1132.1,56.16,116.4778,21.25,268.8800048828125,2701.580078125,99.33
2018-11-15,1212.800048828125,1127.2,56.45,116.4778,19.98,271.5400085449219,2730.199951171875,99.33
2018-11-16,1220.800048828125,1124.81,56.49,115.9258,18.14,271.6499938964844,2736.27001953125,99.33
2018-11-17,,,,115.9258,,,,99.33
2018-11-18,,,,115.9258,,,,99.33
2018-11-19,1223.0999755859375,1126.08,57.16,115.9258,20.1,272.3099975585937,2690.72998046875,99.33
2018-11-20,1219.0,1128.53,53.39,115.9258,22.48,269.5799865722656,2641.889892578125,99.33
2018-11-21,1225.800048828125,1127.3,54.41,115.9258,20.8,268.2699890136719,2649.929931640625,99.33
2018-11-22,,,,115.9258,,267.760009765625,,99.33
2018-11-23,1221.0,1130.9,,116.4713,21.52,266.3299865722656,2632.56005859375,99.33
2018-11-24,,,,116.4713,,,,99.33
2018-11-25,,,,116.4713,,,,99.33
2018-11-26,1220.199951171875,1126.69,51.46,116.4713,18.9,269.7900085449219,2673.449951171875,99.33
2018-11-27,1211.199951171875,1129.41,51.31,116.4713,19.02,272.0799865722656,2682.169921875,99.33
2018-11-28,1221.4000244140625,1127.81,50.06,116.4713,18.49,273.45001220703125,2743.7900390625,99.33
2018-11-29,1224.0999755859375,1119.91,51.46,116.4713,18.79,274.1600036621094,2737.800048828125,99.33
2018-11-30,1220.199951171875,1118.61,50.78,116.413,18.07,271.3500061035156,2760.169921875,99.33
2018-12-01,,,,116.413,,,,98.988
2018-12-02,,,,116.413,,,,98.988
2018-12-03,1233.9000244140625,1110.2,52.98,116.413,16.44,276.17999267578125,2790.3701171875,98.988
2018-12-04,1241.0999755859375,1108.82,53.21,116.413,20.74,273.2900085449219,2700.06005859375,98.988
2018-12-05,,,52.64,116.413,,271.489990234375,,98.988
2018-12-06,1238.0999755859375,1122.07,51.54,116.413,21.19,267.17999267578125,2695.949951171875,98.988
2018-12-07,1246.800048828125,1121.8,52.76,116.0847,23.23,268.2799987792969,2633.080078125,98.988
2018-12-08,,,,116.0847,,,,98.988
2018-12-09,,,,116.0847,,,,98.988
2018-12-10,1243.699951171875,1128.3,51.07,116.0847,22.64,265.3500061035156,2637.719970703125,98.988
2018-12-11,1241.9000244140625,1128.6,51.65,116.0847,21.76,264.69000244140625,2636.780029296875,98.988
2018-12-12,1244.4000244140625,1124.51,51.04,116.0847,21.46,268.4700012207031,2651.070068359375,98.988
2018-12-13,1242.699951171875,1124.73,52.69,116.0847,20.65,269.4100036621094,2650.5400390625,98.988
2018-12-14,1237.0,1133.2,51.26,116.79,21.63,265.54998779296875,2599.949951171875,98.988
2018-12-15,,,,116.79,,,,98.988
2018-12-16,,,,116.79,,,,98.988
2018-12-17,1247.4000244140625,1130.17,49.8,116.79,24.52,266.3299865722656,2545.93994140625,98.988
2018-12-18,1249.199951171875,1127.76,46.12,116.79,25.58,265.17999267578125,2546.159912109375,98.988
2018-12-19,1252.0999755859375,1120.96,47.96,116.79,25.58,267.3099975585937,2506.9599609375,98.988
2018-12-20,1263.5999755859375,1123.87,45.64,116.79,28.38,264.8099975585937,2467.419921875,98.988
2018-12-21,1253.800048828125,1125.3,45.38,116.2227,30.11,265.0599975585937,2416.6201171875,98.988
2018-12-22,,,,116.2227,,,,98.988
2018-12-23,,,,116.2227,,,,98.988
2018-12-24,1267.5,,,116.2227,36.07,264.45001220703125,2351.10009765625,98.988
2018-12-25,,,,116.2227,,,,98.988
2018-12-26,1269.199951171875,1124.23,46.04,116.2227,30.41,260.9800109863281,2467.699951171875,98.988
2018-12-27,1277.300048828125,1121.37,44.48,116.2227,29.96,260.57000732421875,2488.830078125,98.988
2018-12-28,1279.9000244140625,1114.9,45.15,115.7232,28.34,261.9800109863281,2485.739990234375,98.988
2018-12-29,,,,115.7232,,,,98.988
2018-12-30,,,,115.7232,,,,98.988
2018-12-31,1278.300048828125,1112.85,,115.7232,25.42,,2506.85009765625,98.988
2019-01-01,,,,115.7232,,,,98.884
2019-01-02,1281.0,1119.11,46.31,115.7232,23.22,258.2300109863281,2510.030029296875,98.884
2019-01-03,1291.800048828125,1124.64,46.92,115.7232,25.45,255.7700042724609,2447.889892578125,98.884
2019-01-04,1282.699951171875,1116.73,47.76,114.9821,21.38,257.8900146484375,2531.93994140625,98.884
2019-01-05,,,,114.9821,,,,98.884
2019-01-06,,,,114.9821,,,,98.884
2019-01-07,1286.800048828125,1117.5,48.27,114.9821,21.4,261.57000732421875,2549.68994140625,98.884
2019-01-08,1283.199951171875,1122.93,49.58,114.9821,20.47,259.6499938964844,2574.409912109375,98.884
2019-01-09,1289.300048828125,1117.7,52.19,114.9821,19.98,265.6000061035156,2584.9599609375,98.884
2019-01-10,1284.699951171875,1116.1,52.42,114.9821,19.5,265.54998779296875,2596.639892578125,98.884
2019-01-11,1287.0999755859375,1117.18,51.44,114.0404,18.19,267.1300048828125,2596.260009765625,98.884
2019-01-12,,,,114.0404,,,,98.884
2019-01-13,,,,114.0404,,,,98.884
2019-01-14,1289.0999755859375,,50.31,114.0404,19.07,264.989990234375,2582.610107421875,98.884
2019-01-15,1286.199951171875,1122.59,51.8,114.0404,18.6,269.92999267578125,2610.300048828125,98.884
2019-01-16,1291.5999755859375,1119.1,52.08,114.0404,19.04,271.2300109863281,2616.10009765625,98.884
2019-01-17,1291.0,1123.34,51.83,114.0404,18.06,271.8800048828125,2635.9599609375,98.884
2019-01-18,1281.300048828125,1122.8,53.6,114.558,17.8,273.8800048828125,2670.7099609375,98.884
2019-01-19,,,,114.558,,,,98.884
2019-01-20,,,,114.558,,,,98.884
2019-01-21,,,,114.558,,274.0,,98.884
2019-01-22,1282.5,1129.52,52.59,114.558,20.8,272.7099914550781,2632.89990234375,98.884
2019-01-23,1283.0999755859375,1127.89,52.44,114.558,19.52,273.8699951171875,2638.699951171875,98.884
2019-01-24,1279.0999755859375,1126.33,52.94,114.558,18.89,276.6099853515625,2642.330078125,98.884
2019-01-25,1297.4000244140625,1117.58,53.53,114.0197,17.42,281.6700134277344,2664.760009765625,98.884
2019-01-26,,,,114.0197,,,,98.884
2019-01-27,,,,114.0197,,,,98.884
2019-01-28,1302.4000244140625,1118.7,51.79,114.0197,18.87,281.6400146484375,2643.85009765625,98.884
2019-01-29,1308.199951171875,1117.75,53.07,114.0197,19.13,283.0,2640.0,98.884
2019-01-30,1309.9000244140625,1117.29,54.18,114.0197,17.66,286.6199951171875,2681.050048828125,98.884
2019-01-31,1319.699951171875,1111.82,53.84,114.0197,16.57,285.8900146484375,2704.10009765625,98.884
2019-02-01,1316.9000244140625,1118.31,55.29,113.7548,16.14,285.7900085449219,2706.530029296875,99.311
2019-02-02,,,,113.7548,,,,99.311
2019-02-03,,,,113.7548,,,,99.311
2019-02-04,1314.300048828125,1119.15,54.57,113.7548,15.73,,2724.8701171875,99.311
2019-02-05,1314.199951171875,1117.2,53.69,113.7548,15.57,,2737.699951171875,99.311
2019-02-06,1309.5,1119.35,53.94,113.7548,15.38,,2731.610107421875,99.311
2019-02-07,1309.4000244140625,1124.11,52.68,113.7548,16.37,285.6499938964844,2706.050048828125,99.311
2019-02-08,1313.699951171875,1123.14,52.75,114.5003,15.72,281.489990234375,2707.8798828125,99.311
2019-02-09,,,,114.5003,,,,99.311
2019-02-10,,,,114.5003,,,,99.311
2019-02-11,1307.0,1126.05,52.43,114.5003,15.97,282.1000061035156,2709.800048828125,99.311
2019-02-12,1309.199951171875,1122.27,53.14,114.5003,15.43,283.69000244140625,2744.72998046875,99.311
2019-02-13,1310.800048828125,1123.32,53.84,114.5003,15.65,284.9700012207031,2753.030029296875,99.311
2019-02-14,1309.800048828125,1128.0,54.4,114.5003,16.22,288.67999267578125,2745.72998046875,99.311
2019-02-15,1318.0999755859375,1125.59,55.58,114.9923,14.91,283.9800109863281,2775.60009765625,99.311
2019-02-16,,,,114.9923,,,,99.311
2019-02-17,,,,114.9923,,,,99.311
2019-02-18,,,,114.9923,,285.8999938964844,,99.311
2019-02-19,1340.0999755859375,1124.54,56.12,114.9923,14.88,284.9100036621094,2779.760009765625,99.311
2019-02-20,1343.300048828125,,56.9,114.9923,14.02,288.3999938964844,2784.699951171875,99.311
2019-02-21,1323.5,1125.53,56.95,114.9923,14.46,288.4100036621094,2774.8798828125,99.311
2019-02-22,1329.199951171875,1121.07,57.01,114.2716,13.51,288.739990234375,2792.669921875,99.311
2019-02-23,,,,114.2716,,,,99.311
2019-02-24,,,,114.2716,,,,99.311
2019-02-25,1325.9000244140625,1116.1,55.32,114.2716,14.85,289.0,2796.110107421875,99.311
2019-02-26,1325.0999755859375,1116.88,55.4,114.2716,15.17,287.8900146484375,2793.89990234375,99.311
2019-02-27,1317.699951171875,1117.74,56.92,114.2716,14.7,288.760009765625,2792.3798828125,99.311
2019-02-28,1312.800048828125,1124.65,57.21,114.2716,14.78,283.79998779296875,2784.489990234375,99.311
2019-03-01,1296.4000244140625,1126.76,55.76,114.537,13.57,,2803.68994140625,99.121
2019-03-02,,,,114.537,,,,99.121
2019-03-03,,,,114.537,,,,99.121
2019-03-04,1284.800048828125,1126.73,56.6,114.537,14.63,282.510009765625,2792.81005859375,99.121
2019-03-05,1282.0,1126.46,56.55,114.537,14.74,280.45001220703125,2789.64990234375,99.121
2019-03-06,1284.9000244140625,1127.18,56.22,114.537,15.74,279.8500061035156,2771.449951171875,99.121
2019-03-07,1283.800048828125,1133.18,56.6,114.537,16.59,278.8699951171875,2748.929931640625,99.121
2019-03-08,1297.0,1131.74,55.77,115.3599,16.05,274.8399963378906,2743.070068359375,99.121
2019-03-09,,,,115.3599,,,,99.121
2019-03-10,,,,115.3599,,,,99.121
2019-03-11,1288.800048828125,1133.05,56.79,115.3599,14.33,275.0599975585937,2783.300048828125,99.121
2019-03-12,1296.300048828125,1127.89,56.89,115.3599,13.77,277.7300109863281,2791.52001953125,99.121
2019-03-13,1307.5,1130.47,58.27,115.3599,13.41,276.0,2810.919921875,99.121
2019-03-14,1293.4000244140625,1135.05,58.59,115.3599,13.5,276.6400146484375,2808.47998046875,99.121
2019-03-15,1301.800048828125,1134.44,58.51,114.5815,12.88,279.8699951171875,2822.47998046875,99.121
2019-03-16,,,,114.5815,,,,99.121
2019-03-17,,,,114.5815,,,,99.121
2019-03-18,1300.300048828125,1131.74,59.09,114.5815,13.1,279.92999267578125,2832.93994140625,99.121
2019-03-19,1305.0,1129.0,59.12,114.5815,13.56,279.82000732421875,2832.570068359375,99.121
2019-03-20,1300.5,1128.25,60.12,114.5815,13.91,279.9200134277344,2824.22998046875,99.121
2019-03-21,1306.0999755859375,1128.4,59.98,114.5815,13.63,282.3800048828125,2854.8798828125,99.121
2019-03-22,1311.5999755859375,1136.8,58.87,114.6856,16.48,283.1300048828125,2800.7099609375,99.121
2019-03-23,,,,114.6856,,,,99.121
2019-03-24,,,,114.6856,,,,99.121
2019-03-25,1321.9000244140625,1131.88,58.71,114.6856,16.33,277.45001220703125,2798.360107421875,99.121
2019-03-26,1314.300048828125,1133.55,59.87,114.6856,14.68,277.6000061035156,2818.4599609375,99.121
2019-03-27,1309.9000244140625,1138.09,59.39,114.6856,15.15,277.2799987792969,2805.3701171875,99.121
2019-03-28,1289.800048828125,1136.65,59.29,114.6856,14.43,275.0799865722656,2815.43994140625,99.121
2019-03-29,1293.0,1136.3,60.19,115.1371,13.71,276.4800109863281,2834.39990234375,99.121
2019-03-30,,,,115.1371,,,,99.121
2019-03-31,,,,115.1371,,,,99.121
2019-04-01,1288.4000244140625,1133.0,61.59,115.1371,13.4,280.32000732421875,2867.18994140625,99.481
2019-04-02,1290.0,1137.16,62.53,115.1371,13.36,281.7200012207031,2867.239990234375,99.481
2019-04-03,1289.9000244140625,1134.29,62.46,115.1371,13.74,285.6499938964844,2873.39990234375,99.481
2019-04-04,1289.0,1136.05,62.12,115.1371,13.58,286.1499938964844,2879.389892578125,99.481
2019-04-05,1290.4000244140625,1136.87,63.1,114.9726,12.82,286.67999267578125,2892.739990234375,99.481
2019-04-06,,,,114.9726,,,,99.481
2019-04-07,,,,114.9726,,,,99.481
2019-04-08,1297.0999755859375,1143.25,64.37,114.9726,13.18,286.3800048828125,2895.77001953125,99.481
2019-04-09,1303.5,1140.25,64.05,114.9726,14.28,286.7099914550781,2878.199951171875,99.481
2019-04-10,1309.0999755859375,1137.26,64.62,114.9726,13.3,287.9200134277344,2888.2099609375,99.481
2019-04-11,1288.5999755859375,1140.73,63.61,114.9726,13.02,287.4200134277344,2888.320068359375,99.481
2019-04-12,1290.5999755859375,1133.0,63.86,114.3531,12.01,288.3699951171875,2907.409912109375,99.481
2019-04-13,,,,114.3531,,,,99.481
2019-04-14,,,,114.3531,,,,99.481
2019-04-15,1286.800048828125,1133.6,63.43,114.3531,12.32,289.3800048828125,2905.580078125,99.481
2019-04-16,1272.5999755859375,1136.13,64.01,114.3531,12.18,290.6199951171875,2907.06005859375,99.481
2019-04-17,1272.199951171875,1131.7,63.74,114.3531,12.6,290.3299865722656,2900.449951171875,99.481
2019-04-18,1271.9000244140625,1136.2,64.02,114.3531,12.09,285.82000732421875,2905.030029296875,99.481
2019-04-19,,1135.4,,114.6977,,285.8900146484375,,99.481
2019-04-20,,,,114.6977,,,,99.481
2019-04-21,,,,114.6977,,,,99.481
2019-04-22,1273.5,1140.52,65.66,114.6977,12.42,285.8699951171875,2907.969970703125,99.481
2019-04-23,1269.300048828125,1143.22,66.24,114.6977,12.28,286.4700012207031,2933.679931640625,99.481
2019-04-24,1275.5,1155.65,65.96,114.6977,13.14,283.70001220703125,2927.25,99.481
2019-04-25,1275.800048828125,1160.15,65.23,114.6977,13.25,282.8299865722656,2926.169921875,99.481
2019-04-26,1284.9000244140625,1158.1,63.29,115.4767,12.73,281.3399963378906,2939.8798828125,99.481
2019-04-27,,,,115.4767,,,,99.481
2019-04-28,,,,115.4767,,,,99.481
2019-04-29,1278.5999755859375,1160.0,63.39,115.4767,13.11,286.7900085449219,2943.030029296875,99.481
2019-04-30,1282.800048828125,1165.1,63.83,115.4767,13.12,284.9200134277344,2945.830078125,99.481
2019-05-01,1281.4000244140625,1161.61,63.55,115.4767,14.8,,2923.72998046875,99.652
2019-05-02,1269.699951171875,1166.62,61.75,115.4767,14.42,286.1199951171875,2917.52001953125,99.652
2019-05-03,1279.199951171875,1165.95,61.98,115.2646,12.87,283.6700134277344,2945.639892578125,99.652
2019-05-04,,,,115.2646,,,,99.652
2019-05-05,,,,115.2646,,,,99.652
2019-05-06,1281.699951171875,1169.2,62.3,115.2646,15.44,,2932.469970703125,99.652
2019-05-07,1283.5,1172.5,61.41,115.2646,19.32,281.3099975585937,2884.050048828125,99.652
2019-05-08,1279.4000244140625,1170.2,62.13,115.2646,19.4,280.1499938964844,2879.419921875,99.652
2019-05-09,1283.5,1183.1,61.58,115.2646,19.1,271.0,2870.719970703125,99.652
2019-05-10,1285.699951171875,1176.62,61.65,115.5334,16.04,272.0599975585937,2881.39990234375,99.652
2019-05-11,,,,115.5334,,,,99.652
2019-05-12,,,,115.5334,,,,99.652
2019-05-13,1300.0999755859375,1186.94,60.97,115.5334,20.55,268.7200012207031,2811.8701171875,99.652
2019-05-14,1294.699951171875,1186.94,61.82,115.5334,18.06,268.57000732421875,2834.409912109375,99.652
2019-05-15,1296.300048828125,1188.74,62.03,115.5334,16.44,269.6400146484375,2850.9599609375,99.652
2019-05-16,1285.0,1190.52,62.93,115.5334,15.29,265.989990234375,2876.320068359375,99.652
2019-05-17,1274.5,1195.07,62.77,116.448,15.96,264.3500061035156,2859.530029296875,99.652
2019-05-18,,,,116.448,,,,99.652
2019-05-19,,,,116.448,,,,99.652
2019-05-20,1276.0999755859375,1193.81,63.12,116.448,16.31,264.9599914550781,2840.22998046875,99.652
2019-05-21,1272.0,1194.31,63.02,116.448,14.95,266.1199951171875,2864.360107421875,99.652
2019-05-22,1273.5999755859375,1194.36,61.42,116.448,14.75,266.6499938964844,2856.27001953125,99.652
2019-05-23,1284.800048828125,1189.31,57.65,116.448,16.92,266.3800048828125,2822.239990234375,99.652
2019-05-24,1283.0,1186.2,58.4,116.0806,15.85,264.4200134277344,2826.06005859375,99.652
2019-05-25,,,,116.0806,,,,99.652
2019-05-26,,,,116.0806,,,,99.652
2019-05-27,,,,116.0806,,264.3999938964844,,99.652
2019-05-28,1276.5,1186.66,58.91,116.0806,17.5,264.70001220703125,2802.389892578125,99.652
2019-05-29,1280.5999755859375,1186.66,58.84,116.0806,17.9,261.3699951171875,2783.02001953125,99.652
2019-05-30,1287.0999755859375,1189.14,56.47,116.0806,17.3,263.92999267578125,2788.860107421875,99.652
2019-05-31,1305.800048828125,1190.5,53.49,116.7273,18.71,263.8900146484375,2752.06005859375,99.652
2019-06-01,,,,116.7273,,,,99.491
2019-06-02,,,,116.7273,,,,99.491
2019-06-03,1322.699951171875,1180.97,53.25,116.7273,18.86,268.1600036621094,2744.449951171875,99.491
2019-06-04,1323.4000244140625,1180.58,53.5,116.7273,16.97,267.6600036621094,2803.27001953125,99.491
2019-06-05,1328.300048828125,1178.24,51.57,116.7273,16.09,267.989990234375,2826.14990234375,99.491
2019-06-06,1337.5999755859375,1179.51,52.59,116.7273,15.93,,2843.489990234375,99.491
2019-06-07,1341.199951171875,1181.27,53.95,115.7368,16.3,268.2699890136719,2873.340087890625,99.491
2019-06-08,,,,115.7368,,,,99.491
2019-06-09,,,,115.7368,,,,99.491
2019-06-10,1324.699951171875,1185.01,53.33,115.7368,15.94,272.1000061035156,2886.72998046875,99.491
2019-06-11,1326.4000244140625,1178.88,53.3,115.7368,15.99,273.2099914550781,2885.719970703125,99.491
2019-06-12,1331.9000244140625,1182.82,51.13,115.7368,15.91,272.739990234375,2879.840087890625,99.491
2019-06-13,1339.199951171875,1183.23,52.38,115.7368,15.82,271.1300048828125,2891.639892578125,99.491
2019-06-14,1340.0999755859375,1184.7,52.47,115.9057,15.28,270.4800109863281,2886.97998046875,99.491
2019-06-15,,,,115.9057,,,,99.491
2019-06-16,,,,115.9057,,,,99.491
2019-06-17,1338.699951171875,1186.53,51.94,115.9057,15.35,270.0899963378906,2889.669921875,99.491
2019-06-18,1346.5999755859375,1185.37,53.86,115.9057,15.15,271.3599853515625,2917.75,99.491
2019-06-19,1344.5999755859375,1185.37,53.74,115.9057,14.33,275.3099975585937,2926.4599609375,99.491
2019-06-20,1392.9000244140625,1159.05,56.88,115.9057,14.75,276.010009765625,2954.179931640625,99.491
2019-06-21,1396.199951171875,1163.25,57.35,114.8377,15.4,275.4800109863281,2950.4599609375,99.491
2019-06-22,,,,114.8377,,,,99.491
2019-06-23,,,,114.8377,,,,99.491
2019-06-24,1414.300048828125,1156.14,57.73,114.8377,15.26,275.5799865722656,2945.35009765625,99.491
2019-06-25,1414.9000244140625,1155.97,57.63,114.8377,16.28,275.2799987792969,2917.3798828125,99.491
2019-06-26,1411.5999755859375,1156.36,59.17,114.8377,16.21,275.5299987792969,2913.780029296875,99.491
2019-06-27,1408.4000244140625,1157.86,59.18,114.8377,15.82,277.75,2924.919921875,99.491
2019-06-28,1409.699951171875,1154.58,58.2,114.5821,15.08,277.5,2941.760009765625,99.491
2019-06-29,,,,114.5821,,,,99.491
2019-06-30,,,,114.5821,,,,99.491
2019-07-01,1385.5999755859375,1158.5,58.91,114.5821,14.06,277.2699890136719,2964.330078125,99.187
2019-07-02,1404.5999755859375,1166.31,56.0,114.5821,12.93,275.9700012207031,2973.010009765625,99.187
2019-07-03,1417.699951171875,1171.14,57.06,114.5821,12.57,272.3699951171875,2995.820068359375,99.187
2019-07-04,,,,114.5821,,274.5400085449219,,99.187
2019-07-05,1396.699951171875,1170.26,,115.1132,13.28,274.3500061035156,2990.409912109375,99.187
2019-07-06,,,,115.1132,,,,99.187
2019-07-07,,,,115.1132,,,,99.187
2019-07-08,1397.0,1181.31,57.35,115.1132,13.96,268.54998779296875,2975.949951171875,99.187
2019-07-09,1397.5,1180.2,57.57,115.1132,14.09,267.7200012207031,2979.6298828125,99.187
2019-07-10,1410.0999755859375,1181.58,60.28,115.1132,13.03,268.75,2993.070068359375,99.187
2019-07-11,1404.300048828125,1173.35,59.93,115.1132,12.93,271.7799987792969,2999.909912109375,99.187
2019-07-12,1409.9000244140625,1178.71,59.99,114.7685,12.39,272.67999267578125,3013.77001953125,99.187
2019-07-13,,,,114.7685,,,,99.187
2019-07-14,,,,114.7685,,,,99.187
2019-07-15,1411.4000244140625,1179.04,59.3,114.7685,12.68,272.6400146484375,3014.300048828125,99.187
2019-07-16,1409.199951171875,1177.31,57.44,114.7685,12.86,274.04998779296875,3004.0400390625,99.187
2019-07-17,1421.300048828125,1181.09,56.5,114.7685,13.97,271.4800109863281,2984.419921875,99.187
2019-07-18,1426.0999755859375,1178.29,55.08,114.7685,13.53,270.6700134277344,2995.110107421875,99.187
2019-07-19,1425.0999755859375,1173.92,55.42,114.8695,14.45,274.54998779296875,2976.610107421875,99.187
2019-07-20,,,,114.8695,,,,99.187
2019-07-21,,,,114.8695,,,,99.187
2019-07-22,1425.300048828125,1178.17,55.87,114.8695,13.53,274.54998779296875,2985.030029296875,99.187
2019-07-23,1420.0999755859375,1178.72,56.58,114.8695,12.61,275.9200134277344,3005.469970703125,99.187
2019-07-24,1422.800048828125,1177.54,55.9,114.8695,12.07,273.2200012207031,3019.56005859375,99.187
2019-07-25,1413.9000244140625,1181.17,55.88,114.8695,12.74,273.0400085449219,3003.669921875,99.187
2019-07-26,1418.5,1184.51,56.04,115.5449,12.16,272.25,3025.860107421875,99.187
2019-07-27,,,,115.5449,,,,99.187
2019-07-28,,,,115.5449,,,,99.187
2019-07-29,1419.5999755859375,1183.36,56.85,115.5449,12.83,267.75,3020.969970703125,99.187
2019-07-30,1429.699951171875,1181.94,58.04,115.5449,13.94,268.95001220703125,3013.179931640625,99.187
2019-07-31,1426.0999755859375,1182.74,58.53,115.5449,16.12,266.3399963378906,2980.3798828125,99.187
2019-08-01,1420.9000244140625,1187.0,53.64,115.5449,17.87,265.7300109863281,2953.56005859375,99.425
2019-08-02,1445.5999755859375,1196.59,55.67,116.1864,17.61,262.989990234375,2932.050048828125,99.425
2019-08-03,,,,116.1864,,,,99.425
2019-08-04,,,,116.1864,,,,99.425
2019-08-05,1464.5999755859375,1215.5,54.63,116.1864,24.59,257.19000244140625,2844.739990234375,99.425
2019-08-06,1472.4000244140625,1214.83,53.6,116.1864,20.17,253.41000366210932,2881.77001953125,99.425
2019-08-07,1507.300048828125,1214.46,51.14,116.1864,19.49,252.0,2883.97998046875,99.425
2019-08-08,1497.699951171875,1208.77,52.6,116.1864,16.91,252.3999938964844,2938.090087890625,99.425
2019-08-09,1496.5999755859375,1214.15,54.41,116.4419,17.97,254.8500061035156,2918.64990234375,99.425
2019-08-10,,,,116.4419,,,,99.425
2019-08-11,,,,116.4419,,,,99.425
2019-08-12,1505.300048828125,1215.7,54.98,116.4419,21.09,255.3500061035156,2882.699951171875,99.425
2019-08-13,1502.199951171875,1220.7,57.05,116.4419,17.52,252.8300018310547,2926.320068359375,99.425
2019-08-14,1515.9000244140625,1212.44,55.16,116.4419,22.1,254.8600006103516,2840.60009765625,99.425
2019-08-15,1519.5999755859375,1214.34,54.51,116.4419,21.18,,2847.60009765625,99.425
2019-08-16,1512.5,1205.75,54.83,117.0786,18.47,253.8999938964844,2888.679931640625,99.425
2019-08-17,,,,117.0786,,,,99.425
2019-08-18,,,,117.0786,,,,99.425
2019-08-19,1500.4000244140625,1210.6,56.24,117.0786,16.88,255.1100006103516,2923.64990234375,99.425
2019-08-20,1504.5999755859375,1207.93,56.18,117.0786,17.5,258.04998779296875,2900.510009765625,99.425
2019-08-21,1504.5999755859375,1202.0,55.65,117.0786,15.8,258.3800048828125,2924.429931640625,99.425
2019-08-22,1497.300048828125,1206.96,55.33,117.0786,16.68,256.2799987792969,2922.949951171875,99.425
2019-08-23,1526.5999755859375,1210.5,54.08,117.3009,19.87,256.1099853515625,2847.110107421875,99.425
2019-08-24,,,,117.3009,,,,99.425
2019-08-25,,,,117.3009,,,,99.425
2019-08-26,1526.300048828125,1217.51,53.54,117.3009,19.32,252.19000244140625,2878.3798828125,99.425
2019-08-27,1541.0,1211.38,54.99,117.3009,20.31,253.5,2869.159912109375,99.425
2019-08-28,1537.800048828125,1213.75,55.76,117.3009,19.35,255.52999877929688,2887.93994140625,99.425
2019-08-29,1526.5,1216.14,56.67,117.3009,17.88,254.3099975585937,2924.580078125,99.425
2019-08-30,1519.0999755859375,1211.32,55.07,118.1575,18.98,259.0,2926.4599609375,99.425
2019-08-31,,,,118.1575,,,,99.425
2019-09-01,,,,118.1575,,,,99.794
2019-09-02,,,,118.1575,,259.0799865722656,,99.794
2019-09-03,1545.9000244140625,1212.44,53.91,118.1575,19.66,258.25,2906.27001953125,99.794
2019-09-04,1550.300048828125,1207.84,56.22,118.1575,17.33,261.69000244140625,2937.780029296875,99.794
2019-09-05,1515.4000244140625,1200.18,56.33,118.1575,16.27,264.44000244140625,2976.0,99.794
2019-09-06,1506.199951171875,1196.81,56.45,117.1292,15.0,265.5299987792969,2978.7099609375,99.794
2019-09-07,,,,117.1292,,,,99.794
2019-09-08,,,,117.1292,,,,99.794
2019-09-09,1502.199951171875,1192.33,57.88,117.1292,15.27,267.3999938964844,2978.429931640625,99.794
2019-09-10,1490.300048828125,1191.22,57.37,117.1292,15.2,268.760009765625,2979.389892578125,99.794
2019-09-11,1494.4000244140625,1191.51,55.66,117.1292,14.61,270.8399963378906,3000.929931640625,99.794
2019-09-12,1498.699951171875,1180.7,55.13,117.1292,14.22,,3009.570068359375,99.794
2019-09-13,1490.9000244140625,1176.62,54.76,116.7677,13.74,,3007.389892578125,99.794
2019-09-14,,,,116.7677,,,,99.794
2019-09-15,,,,116.7677,,,,99.794
2019-09-16,1503.0999755859375,1182.96,63.1,116.7677,14.67,272.0199890136719,2997.9599609375,99.794
2019-09-17,1505.0999755859375,1186.1,59.26,116.7677,14.44,271.67999267578125,3005.699951171875,99.794
2019-09-18,1507.5,1191.51,58.19,116.7677,13.95,273.0599975585937,3006.72998046875,99.794
2019-09-19,1498.4000244140625,1193.87,58.19,116.7677,14.05,274.9200134277344,3006.7900390625,99.794
2019-09-20,1507.300048828125,1188.16,57.92,117.1819,15.32,276.44000244140625,2992.070068359375,99.794
2019-09-21,,,,117.1819,,,,99.794
2019-09-22,,,,117.1819,,,,99.794
2019-09-23,1523.699951171875,1195.48,58.69,117.1819,14.91,276.6499938964844,2991.780029296875,99.794
2019-09-24,1532.0999755859375,1196.52,57.22,117.1819,17.05,277.9700012207031,2966.60009765625,99.794
2019-09-25,1504.5999755859375,1200.17,56.38,117.1819,15.96,274.4200134277344,2984.8701171875,99.794
2019-09-26,1507.5,1201.99,56.24,117.1819,16.07,274.8900146484375,2977.6201171875,99.794
2019-09-27,1499.0999755859375,1200.03,55.95,117.7218,17.22,271.3299865722656,2961.7900390625,99.794
2019-09-28,,,,117.7218,,,,99.794
2019-09-29,,,,117.7218,,,,99.794
2019-09-30,1465.699951171875,1195.85,54.09,117.7218,16.24,273.54998779296875,2976.739990234375,99.794
2019-10-01,1482.0,1198.96,53.6,117.7218,18.56,274.4200134277344,2940.25,100.041
2019-10-02,1501.0,1205.47,52.67,117.7218,20.56,268.54998779296875,2887.610107421875,100.041
2019-10-03,1507.0999755859375,1204.67,52.41,117.7218,19.12,,2910.6298828125,100.041
2019-10-04,1506.199951171875,1192.93,52.84,117.5288,17.04,267.3900146484375,2952.010009765625,100.041
2019-10-05,,,,117.5288,,,,100.041
2019-10-06,,,,117.5288,,,,100.041
2019-10-07,1497.699951171875,1196.49,52.76,117.5288,17.86,267.6700134277344,2938.7900390625,100.041
2019-10-08,1497.199951171875,1193.24,52.64,117.5288,20.28,271.3599853515625,2893.06005859375,100.041
2019-10-09,1506.0999755859375,1197.29,52.63,117.5288,18.64,,2919.39990234375,100.041
2019-10-10,1494.800048828125,1190.06,53.57,117.5288,17.57,268.79998779296875,2938.1298828125,100.041
2019-10-11,1482.699951171875,1195.61,54.76,116.8239,15.58,271.29998779296875,2970.27001953125,100.041
2019-10-12,,,,116.8239,,,,100.041
2019-10-13,,,,116.8239,,,,100.041
2019-10-14,1491.699951171875,,53.57,116.8239,14.57,274.2300109863281,2966.14990234375,100.041
2019-10-15,1477.5999755859375,1184.67,52.81,116.8239,13.54,274.3399963378906,2995.679931640625,100.041
2019-10-16,1488.0,1186.38,53.42,116.8239,13.68,276.32000732421875,2989.68994140625,100.041
2019-10-17,1492.300048828125,1179.05,53.89,116.8239,13.79,275.57000732421875,2997.949951171875,100.041
2019-10-18,1488.199951171875,1181.06,53.75,116.1344,14.25,272.8099975585937,2986.199951171875,100.041
2019-10-19,,,,116.1344,,,,100.041
2019-10-20,,,,116.1344,,,,100.041
2019-10-21,1482.4000244140625,1172.57,53.28,116.1344,14.0,273.7900085449219,3006.719970703125,100.041
2019-10-22,1481.699951171875,1170.49,54.21,116.1344,14.46,277.4100036621094,2995.989990234375,100.041
2019-10-23,1489.9000244140625,1172.07,55.9,116.1344,14.01,276.2300109863281,3004.52001953125,100.041
2019-10-24,1498.9000244140625,1173.19,56.11,116.1344,13.71,276.70001220703125,3010.2900390625,100.041
2019-10-25,1499.5,1171.58,56.52,116.0774,12.65,277.07000732421875,3022.550048828125,100.041
2019-10-26,,,,116.0774,,,,100.041
2019-10-27,,,,116.0774,,,,100.041
2019-10-28,1490.0,1170.17,55.6,116.0774,13.11,277.7799987792969,3039.419921875,100.041
2019-10-29,1487.0,1163.03,55.34,116.0774,13.2,277.54998779296875,3036.889892578125,100.041
2019-10-30,1493.199951171875,1167.76,54.85,116.0774,12.33,275.510009765625,3046.77001953125,100.041
2019-10-31,1511.4000244140625,1169.1,54.02,116.0774,13.22,275.82000732421875,3037.56005859375,100.041
2019-11-01,1508.0,1165.45,56.04,115.7312,12.3,278.42999267578125,3066.909912109375,99.481
2019-11-02,,,,115.7312,,,,99.481
2019-11-03,,,,115.7312,,,,99.481
2019-11-04,1508.0,1159.29,56.33,115.7312,12.83,282.5400085449219,3078.27001953125,99.481
2019-11-05,1480.800048828125,1157.64,57.04,115.7312,13.1,284.3800048828125,3074.6201171875,99.481
2019-11-06,1490.199951171875,1156.73,56.15,115.7312,12.62,284.5199890136719,3076.780029296875,99.481
2019-11-07,1464.199951171875,1154.44,56.91,115.7312,12.73,284.3699951171875,3085.179931640625,99.481
2019-11-08,1461.300048828125,1157.14,57.02,116.3436,12.07,283.1300048828125,3093.080078125,99.481
2019-11-09,,,,116.3436,,,,99.481
2019-11-10,,,,116.3436,,,,99.481
2019-11-11,1455.5,,,116.3436,12.69,280.8500061035156,3087.010009765625,99.481
2019-11-12,1452.0999755859375,1160.8,56.67,116.3436,12.68,283.6499938964844,3091.840087890625,99.481
2019-11-13,1461.699951171875,1167.76,56.88,116.3436,13.0,281.2799987792969,3094.0400390625,99.481
2019-11-14,1471.800048828125,1169.82,56.57,116.3436,13.05,283.92999267578125,3096.6298828125,99.481
2019-11-15,1467.300048828125,1166.98,57.54,116.4401,12.05,287.2900085449219,3120.4599609375,99.481
2019-11-16,,,,116.4401,,,,99.481
2019-11-17,,,,116.4401,,,,99.481
2019-11-18,1470.9000244140625,1163.76,56.82,116.4401,12.46,287.17999267578125,3122.030029296875,99.481
2019-11-19,1473.300048828125,1167.13,54.93,116.4401,12.86,286.2300109863281,3120.179931640625,99.481
2019-11-20,1473.300048828125,1169.8,56.71,116.4401,12.78,282.2099914550781,3108.4599609375,99.481
2019-11-21,1463.0999755859375,1175.71,58.36,116.4401,13.13,278.2799987792969,3103.5400390625,99.481
2019-11-22,1463.0999755859375,1179.33,57.68,116.9137,12.34,279.42999267578125,3110.2900390625,99.481
2019-11-23,,,,116.9137,,,,99.481
2019-11-24,,,,116.9137,,,,99.481
2019-11-25,1456.5999755859375,1173.09,57.79,116.9137,11.87,282.19000244140625,3133.639892578125,99.481
2019-11-26,1459.800048828125,1175.59,58.25,116.9137,11.54,281.8299865722656,3140.52001953125,99.481
2019-11-27,1453.4000244140625,1176.89,58.12,116.9137,11.75,282.8500061035156,3153.6298828125,99.481
2019-11-28,,,,116.9137,,281.2300109863281,,99.481
2019-11-29,1465.5999755859375,1181.33,58.12,117.1204,12.62,276.7799987792969,3140.97998046875,99.481
2019-11-30,,,,117.1204,,,,99.481
2019-12-01,,,,117.1204,,,,99.719
2019-12-02,1462.300048828125,1182.84,55.97,117.1204,14.91,277.44000244140625,3113.8701171875,99.719
2019-12-03,1478.199951171875,1190.31,56.15,117.1204,15.96,276.19000244140625,3093.199951171875,99.719
2019-12-04,1474.0,1194.45,58.46,117.1204,14.8,274.1499938964844,3112.760009765625,99.719
2019-12-05,1476.9000244140625,1189.23,58.42,117.1204,14.52,273.29998779296875,3117.429931640625,99.719
2019-12-06,1459.0999755859375,1189.86,59.2,116.5381,13.62,276.5599975585937,3145.909912109375,99.719
2019-12-07,,,,116.5381,,,,99.719
2019-12-08,,,,116.5381,,,,99.719
2019-12-09,1459.300048828125,1189.45,58.99,116.5381,15.86,278.0299987792969,3135.9599609375,99.719
2019-12-10,1462.5999755859375,1191.01,59.22,116.5381,15.68,279.3099975585937,3132.52001953125,99.719
2019-12-11,1469.4000244140625,1192.2,58.74,116.5381,14.99,280.2799987792969,3141.6298828125,99.719
2019-12-12,1466.699951171875,1186.41,59.18,116.5381,13.94,285.1099853515625,3168.570068359375,99.719
2019-12-13,1475.5999755859375,1171.97,60.11,115.6967,12.63,290.1099853515625,3168.800048828125,99.719
2019-12-14,,,,115.6967,,,,99.719
2019-12-15,,,,115.6967,,,,99.719
2019-12-16,1475.0,1171.8,60.21,115.6967,12.14,289.760009765625,3191.449951171875,99.719
2019-12-17,1474.5999755859375,1165.81,60.88,115.6967,12.29,294.3999938964844,3192.52001953125,99.719
2019-12-18,1472.5999755859375,1168.02,60.93,115.6967,12.58,294.2200012207031,3191.139892578125,99.719
2019-12-19,1478.199951171875,1165.04,61.3,115.6967,12.5,294.3099975585937,3205.3701171875,99.719
2019-12-20,1474.699951171875,1160.3,60.43,115.7598,12.51,295.3099975585937,3221.219970703125,99.719
2019-12-21,,,,115.7598,,,,99.719
2019-12-22,,,,115.7598,,,,99.719
2019-12-23,1482.5,1163.64,60.51,115.7598,12.61,294.8699951171875,3224.010009765625,99.719
2019-12-24,1499.0999755859375,1163.21,61.17,115.7598,12.67,292.8999938964844,3223.3798828125,99.719
2019-12-25,,,,115.7598,,,,99.719
2019-12-26,1509.300048828125,1161.18,61.72,115.7598,12.65,294.0599975585937,3239.909912109375,99.719
2019-12-27,1513.800048828125,1160.87,61.76,115.22,13.43,295.20001220703125,3240.02001953125,99.719
2019-12-28,,,,115.22,,,,99.719
2019-12-29,,,,115.22,,,,99.719
2019-12-30,1514.5,1155.75,61.66,115.22,14.82,293.7699890136719,3221.2900390625,99.719
2019-12-31,1519.5,1155.46,61.14,115.22,13.78,,3230.780029296875,99.719
2020-01-01,,,,115.22,,,,100.09
2020-01-02,1524.5,1157.95,61.17,115.22,12.47,290.3500061035156,3257.85009765625,100.09
2020-01-03,1549.199951171875,1165.15,63.0,114.9867,14.02,290.739990234375,3234.85009765625,100.09
2020-01-04,,,,114.9867,,,,100.09
2020-01-05,,,,114.9867,,,,100.09
2020-01-06,1566.199951171875,1167.49,63.27,114.9867,13.85,288.42999267578125,3246.280029296875,100.09
2020-01-07,1571.800048828125,1166.21,62.7,114.9867,13.79,291.2300109863281,3237.179931640625,100.09
2020-01-08,1557.4000244140625,1170.61,59.65,114.9867,13.45,289.4200134277344,3253.050048828125,100.09
2020-01-09,1551.699951171875,1158.63,59.56,114.9867,12.54,294.4100036621094,3274.699951171875,100.09
2020-01-10,1557.5,1161.18,59.02,115.0677,12.56,297.0599975585937,3265.35009765625,100.09
2020-01-11,,,,115.0677,,,,100.09
2020-01-12,,,,115.0677,,,,100.09
2020-01-13,1548.4000244140625,1156.25,58.17,115.0677,12.32,300.1300048828125,3288.1298828125,100.09
2020-01-14,1542.4000244140625,1156.28,58.34,115.0677,12.39,301.5299987792969,3283.14990234375,100.09
2020-01-15,1552.0999755859375,1156.84,57.86,115.0677,12.42,299.739990234375,3289.2900390625,100.09
2020-01-16,1549.0,1160.86,58.52,115.0677,12.32,302.7799987792969,3316.81005859375,100.09
2020-01-17,1558.800048828125,1159.08,58.55,115.0656,12.1,303.29998779296875,3329.6201171875,100.09
2020-01-18,,,,115.0656,,,,100.09
2020-01-19,,,,115.0656,,,,100.09
2020-01-20,,,,115.0656,,305.5799865722656,,100.09
2020-01-21,1556.4000244140625,1166.56,58.25,115.0656,12.85,302.1099853515625,3320.7900390625,100.09
2020-01-22,1555.300048828125,1165.68,56.76,115.0656,12.91,306.0799865722656,3321.75,100.09
2020-01-23,1564.5999755859375,1168.38,55.51,115.0656,12.98,302.3299865722656,3325.5400390625,100.09
2020-01-24,1571.0999755859375,1166.91,54.09,115.5556,14.56,,3295.469970703125,100.09
2020-01-25,,,,115.5556,,,,100.09
2020-01-26,,,,115.5556,,,,100.09
2020-01-27,1576.800048828125,1176.2,53.09,115.5556,18.23,,3243.6298828125,100.09
2020-01-28,1569.199951171875,1176.23,53.33,115.5556,16.28,292.7699890136719,3276.239990234375,100.09
2020-01-29,1569.800048828125,1176.98,53.29,115.5556,16.39,293.9800109863281,3273.39990234375,100.09
2020-01-30,1583.5,1191.94,52.19,115.5556,15.49,288.3699951171875,3283.659912109375,100.09
2020-01-31,1582.9000244140625,1191.3,51.58,115.7345,18.84,284.5299987792969,3225.52001953125,100.09
2020-02-01,,,,115.7345,,,,100.16
2020-02-02,,,,115.7345,,,,100.16
2020-02-03,1577.199951171875,1194.8,50.06,115.7345,17.97,285.04998779296875,3248.919921875,100.16
2020-02-04,1550.4000244140625,1184.51,49.59,115.7345,16.05,290.67999267578125,3297.590087890625,100.16
2020-02-05,1557.800048828125,1187.25,50.87,115.7345,15.15,292.0199890136719,3334.68994140625,100.16
2020-02-06,1565.0999755859375,1179.64,50.94,115.7345,14.96,300.6499938964844,3345.780029296875,100.16
2020-02-07,1568.5999755859375,1186.24,50.34,116.5086,15.47,298.2099914550781,3327.7099609375,100.16
2020-02-08,,,,116.5086,,,,100.16
2020-02-09,,,,116.5086,,,,100.16
2020-02-10,1574.699951171875,1186.96,49.59,116.5086,15.04,296.239990234375,3352.090087890625,100.16
2020-02-11,1565.5999755859375,1181.32,50.0,116.5086,15.18,299.2799987792969,3357.75,100.16
2020-02-12,1567.4000244140625,1178.98,51.13,116.5086,13.74,301.5400085449219,3379.449951171875,100.16
2020-02-13,1575.0999755859375,1182.02,51.41,116.5086,14.15,300.92999267578125,3373.93994140625,100.16
2020-02-14,1582.699951171875,1183.2,52.03,116.4223,13.68,303.010009765625,3380.159912109375,100.16
2020-02-15,,,,116.4223,,,,100.16
2020-02-16,,,,116.4223,,,,100.16
2020-02-17,,,,116.4223,,302.760009765625,,100.16
2020-02-18,1600.0,1190.6,52.1,116.4223,14.83,297.739990234375,3370.2900390625,100.16
2020-02-19,1607.5,1191.1,53.31,116.4223,14.38,298.3299865722656,3386.14990234375,100.16
2020-02-20,1616.5999755859375,1198.34,53.77,116.4223,15.56,296.6499938964844,3373.22998046875,100.16
2020-02-21,1644.5999755859375,1207.91,53.36,117.0473,17.08,292.4200134277344,3337.75,100.16
2020-02-22,,,,117.0473,,,,100.16
2020-02-23,,,,117.0473,,,,100.16
2020-02-24,1672.4000244140625,1218.5,51.36,117.0473,25.03,281.0199890136719,3225.889892578125,100.16
2020-02-25,1646.9000244140625,1214.45,49.78,117.0473,27.85,284.239990234375,3128.2099609375,100.16
2020-02-26,1640.0,1213.61,48.67,117.0473,27.56,279.94000244140625,3116.389892578125,100.16
2020-02-27,1640.0,1217.03,47.17,117.0473,39.16,277.0899963378906,2978.760009765625,100.16
2020-02-28,1564.0999755859375,1214.92,44.83,117.6568,40.11,268.0199890136719,2954.219970703125,100.16
2020-02-29,,,,117.6568,,,,100.16
2020-03-01,,,,117.6568,,,,99.94
2020-03-02,1592.300048828125,1190.89,46.78,117.6568,33.42,270.3699951171875,3090.22998046875,99.94
2020-03-03,1642.0999755859375,1194.66,47.27,117.6568,36.82,271.5599975585937,3003.3701171875,99.94
2020-03-04,1641.0999755859375,1187.54,46.78,117.6568,31.99,278.1300048828125,3130.1201171875,99.94
2020-03-05,1666.4000244140625,1181.11,45.9,117.6568,39.62,281.3800048828125,3023.93994140625,99.94
2020-03-06,1670.800048828125,1192.0,41.14,116.7106,41.94,275.1000061035156,2972.3701171875,99.94
2020-03-07,,,,116.7106,,,,99.94
2020-03-08,,,,116.7106,,,,99.94
2020-03-09,1674.5,1203.75,31.05,116.7106,54.46,263.1099853515625,2746.56005859375,99.94
2020-03-10,1659.0999755859375,1193.1,34.47,116.7106,47.3,264.6700134277344,2882.22998046875,99.94
2020-03-11,1641.4000244140625,1194.16,33.13,116.7106,53.9,257.010009765625,2741.3798828125,99.94
2020-03-12,1589.300048828125,1206.19,31.56,116.7106,75.47,247.6199951171875,2480.639892578125,99.94
2020-03-13,1515.699951171875,1211.7,31.72,120.4388,57.83,240.6499938964844,2711.02001953125,99.94
2020-03-14,,,,120.4388,,,,99.94
2020-03-15,,,,120.4388,,,,99.94
2020-03-16,1485.9000244140625,1225.33,28.96,120.4388,82.69,232.97000122070312,2386.1298828125,99.94
2020-03-17,1524.9000244140625,1240.98,26.96,120.4388,75.91,226.88999938964844,2529.18994140625,99.94
2020-03-18,1477.300048828125,1245.19,20.48,120.4388,76.45,215.8300018310547,2398.10009765625,99.94
2020-03-19,1478.5999755859375,1250.86,25.09,120.4388,72.0,199.27999877929688,2409.389892578125,99.94
2020-03-20,1484.0,1250.55,19.48,124.9362,66.04,213.6699981689453,2304.919921875,99.94
2020-03-21,,,,124.9362,,,,99.94
2020-03-22,,,,124.9362,,,,99.94
2020-03-23,1567.0,1267.25,23.33,124.9362,61.59,201.8699951171875,2237.39990234375,99.94
2020-03-24,1660.199951171875,1249.88,21.03,124.9362,61.67,220.33999633789065,2447.330078125,99.94
2020-03-25,1632.300048828125,1228.15,20.75,124.9362,63.95,232.88999938964844,2475.56005859375,99.94
2020-03-26,1650.0999755859375,1233.47,16.6,124.9362,61.0,229.33999633789065,2630.070068359375,99.94
2020-03-27,1623.9000244140625,1210.49,15.48,122.4007,65.54,233.7899932861328,2541.469970703125,99.94
2020-03-28,,,,122.4007,,,,99.94
2020-03-29,,,,122.4007,,,,99.94
2020-03-30,1622.0,1224.11,14.1,122.4007,57.08,232.4499969482422,2626.64990234375,99.94
2020-03-31,1583.4000244140625,1218.92,20.51,122.4007,53.54,236.82000732421875,2584.590087890625,99.94
2020-04-01,1578.199951171875,1229.65,20.28,122.4007,57.06,226.3500061035156,2470.5,99.5
2020-04-02,1625.699951171875,1229.89,25.18,122.4007,50.91,231.83999633789065,2526.89990234375,99.5
2020-04-03,1633.699951171875,1230.56,28.36,124.4152,46.8,231.6999969482422,2488.64990234375,99.5
2020-04-04,,,,124.4152,,,,99.5
2020-04-05,,,,124.4152,,,,99.5
2020-04-06,1677.0,1224.6,26.21,124.4152,45.24,240.8099975585937,2663.679931640625,99.5
2020-04-07,1664.800048828125,1220.43,23.54,124.4152,46.7,244.8699951171875,2659.409912109375,99.5
2020-04-08,1665.4000244140625,1220.77,24.97,124.4152,43.35,241.88999938964844,2749.97998046875,99.5
2020-04-09,1736.199951171875,1219.71,22.9,124.4152,41.67,245.6100006103516,2789.820068359375,99.5
2020-04-10,,1211.71,,122.1592,,248.0,,99.5
2020-04-11,,,,122.1592,,,,99.5
2020-04-12,,,,122.1592,,,,99.5
2020-04-13,1744.800048828125,1217.72,22.36,122.1592,41.17,243.3999938964844,2761.6298828125,99.5
2020-04-14,1756.699951171875,1216.85,20.15,122.1592,37.76,247.4499969482422,2846.06005859375,99.5
2020-04-15,1727.199951171875,1224.55,19.96,122.1592,40.84,,2783.360107421875,99.5
2020-04-16,1720.4000244140625,1228.21,19.82,122.1592,40.11,247.1000061035156,2799.550048828125,99.5
2020-04-17,1689.199951171875,1217.81,18.31,122.871,38.15,255.0200042724609,2874.56005859375,99.5
2020-04-18,,,,122.871,,,,99.5
2020-04-19,,,,122.871,,,,99.5
2020-04-20,1701.5999755859375,1217.29,-36.98,122.871,43.83,252.13999938964844,2823.159912109375,99.5
2020-04-21,1678.199951171875,1229.28,8.91,122.871,45.41,249.3999938964844,2736.56005859375,99.5
2020-04-22,1728.699951171875,1234.79,13.64,122.871,41.98,251.8800048828125,2799.31005859375,99.5
2020-04-23,1733.300048828125,1229.04,15.06,122.871,41.38,253.7400054931641,2797.800048828125,99.5
2020-04-24,1723.5,1233.88,15.99,124.1615,35.93,250.27999877929688,2836.739990234375,99.5
2020-04-25,,,,124.1615,,,,99.5
2020-04-26,,,,124.1615,,,,99.5
2020-04-27,1711.9000244140625,1224.16,12.17,124.1615,33.29,254.83999633789065,2878.47998046875,99.5
2020-04-28,1710.5,1224.83,12.4,124.1615,33.57,256.3900146484375,2863.389892578125,99.5
2020-04-29,1703.4000244140625,1219.2,15.04,124.1615,31.23,258.1499938964844,2939.510009765625,99.5
2020-04-30,1684.199951171875,1203.95,19.23,124.1615,34.15,,2912.429931640625,99.5
2020-05-01,1694.5,1223.2,19.72,123.1492,37.19,,2830.7099609375,99.44
2020-05-02,,,,123.1492,,,,99.44
2020-05-03,,,,123.1492,,,,99.44
2020-05-04,1706.9000244140625,1228.81,20.47,123.1492,35.97,250.6000061035156,2842.739990234375,99.44
2020-05-05,1704.4000244140625,1220.13,24.56,123.1492,33.61,,2868.43994140625,99.44
2020-05-06,1684.199951171875,1222.03,23.88,123.1492,34.12,255.0,2848.419921875,99.44
2020-05-07,1721.800048828125,1224.76,23.68,123.1492,31.44,254.4600067138672,2881.18994140625,99.44
2020-05-08,1709.9000244140625,1216.47,24.73,122.5379,27.98,256.6199951171875,2929.800048828125,99.44
2020-05-09,,,,122.5379,,,,99.44
2020-05-10,,,,122.5379,,,,99.44
2020-05-11,1695.300048828125,1220.2,24.02,122.5379,27.57,254.9499969482422,2930.18994140625,99.44
2020-05-12,1704.4000244140625,1222.0,25.76,122.5379,33.04,253.3699951171875,2870.1201171875,99.44
2020-05-13,1713.9000244140625,1223.86,25.37,122.5379,35.28,255.8500061035156,2820.0,99.44
2020-05-14,1738.0999755859375,1227.76,27.4,122.5379,32.61,253.6499938964844,2852.5,99.44
2020-05-15,1753.4000244140625,1230.71,29.44,123.5991,31.89,253.7899932861328,2863.699951171875,99.44
2020-05-16,,,,123.5991,,,,99.44
2020-05-17,,,,123.5991,,,,99.44
2020-05-18,1731.800048828125,1232.32,31.83,123.5991,29.3,255.44000244140625,2953.909912109375,99.44
2020-05-19,1744.199951171875,1225.19,32.3,123.5991,30.53,261.7900085449219,2922.93994140625,99.44
2020-05-20,1750.5999755859375,1230.02,33.56,123.5991,27.99,262.7200012207031,2971.610107421875,99.44
2020-05-21,1720.5,1230.53,34.3,123.5991,29.53,263.739990234375,2948.510009765625,99.44
2020-05-22,1734.5999755859375,1236.53,33.49,122.3211,28.16,259.6199951171875,2955.449951171875,99.44
2020-05-23,,,,122.3211,,,,99.44
2020-05-24,,,,122.3211,,,,99.44
2020-05-25,,,,122.3211,,262.760009765625,,99.44
2020-05-26,1704.800048828125,1234.24,34.7,122.3211,28.01,267.3099975585937,2991.77001953125,99.44
2020-05-27,1710.300048828125,1238.03,32.8,122.3211,27.62,267.6400146484375,3036.1298828125,99.44
2020-05-28,1713.300048828125,1239.28,33.67,122.3211,28.59,268.2900085449219,3029.72998046875,99.44
2020-05-29,1736.9000244140625,1236.61,35.57,120.9458,27.51,268.32000732421875,3044.31005859375,99.44
2020-05-30,,,,120.9458,,,,99.44
2020-05-31,,,,120.9458,,,,99.44
2020-06-01,1737.800048828125,1224.79,35.49,120.9458,28.23,273.19000244140625,3055.72998046875,99.71
2020-06-02,1725.199951171875,1225.07,36.88,120.9458,26.84,276.0799865722656,3080.820068359375,99.71
2020-06-03,1697.800048828125,1216.08,37.33,120.9458,25.66,285.9100036621094,3122.8701171875,99.71
2020-06-04,1718.9000244140625,1218.77,37.42,120.9458,25.81,286.45001220703125,3112.35009765625,99.71
2020-06-05,1676.199951171875,1202.79,39.49,118.8138,24.52,290.6199951171875,3193.929931640625,99.71
2020-06-06,,,,118.8138,,,,99.71
2020-06-07,,,,118.8138,,,,99.71
2020-06-08,1698.300048828125,1197.84,38.17,118.8138,25.81,290.7699890136719,3232.389892578125,99.71
2020-06-09,1714.699951171875,1197.04,38.98,118.8138,27.57,291.32000732421875,3207.179931640625,99.71
2020-06-10,1713.300048828125,1189.9,39.54,118.8138,27.57,291.8999938964844,3190.139892578125,99.71
2020-06-11,1732.0,1196.34,36.43,118.8138,40.79,288.6199951171875,3002.10009765625,99.71
2020-06-12,1729.300048828125,1204.52,36.24,119.6645,36.09,281.7799987792969,3041.31005859375,99.71
2020-06-13,,,,119.6645,,,,99.71
2020-06-14,,,,119.6645,,,,99.71
2020-06-15,1720.300048828125,1212.21,37.07,119.6645,34.4,267.95001220703125,3066.590087890625,99.71
2020-06-16,1729.5999755859375,1207.26,38.26,119.6645,33.67,282.5899963378906,3124.739990234375,99.71
2020-06-17,1729.199951171875,1215.02,37.91,119.6645,33.47,283.0199890136719,3113.489990234375,99.71
2020-06-18,1724.800048828125,1211.65,38.79,119.6645,32.94,281.9100036621094,3115.340087890625,99.71
2020-06-19,1745.9000244140625,1208.38,39.72,120.2186,35.12,283.3699951171875,3097.739990234375,99.71
2020-06-20,,,,120.2186,,,,99.71
2020-06-21,,,,120.2186,,,,99.71
2020-06-22,1756.699951171875,1210.73,40.6,120.2186,31.77,281.4200134277344,3117.860107421875,99.71
2020-06-23,1772.0999755859375,1206.43,40.4,120.2186,31.37,281.94000244140625,3131.2900390625,99.71
2020-06-24,1765.800048828125,1199.55,37.91,120.2186,33.84,286.70001220703125,3050.330078125,99.71
2020-06-25,1762.0999755859375,1203.59,38.66,120.2186,32.22,279.7300109863281,3083.760009765625,99.71
2020-06-26,1772.5,1203.44,38.53,120.533,34.73,283.3800048828125,3009.050048828125,99.71
2020-06-27,,,,120.533,,,,99.71
2020-06-28,,,,120.533,,,,99.71
2020-06-29,1774.800048828125,1200.91,39.67,120.533,31.78,278.0400085449219,3053.239990234375,99.71
2020-06-30,1793.0,1200.5,39.27,120.533,30.43,280.0899963378906,3100.2900390625,99.71
2020-07-01,1773.199951171875,1201.84,39.88,120.533,28.62,280.260009765625,3115.860107421875,99.63
2020-07-02,1784.0,1199.84,40.57,120.533,27.68,283.8599853515625,3130.010009765625,99.63
2020-07-03,,,,119.8555,,285.8900146484375,,99.63
2020-07-04,,,,119.8555,,,,99.63
2020-07-05,,,,119.8555,,,,99.63
2020-07-06,1788.5,1192.66,40.51,119.8555,27.94,290.6199951171875,3179.719970703125,99.63
2020-07-07,1804.199951171875,1194.43,40.59,119.8555,29.43,286.7699890136719,3145.320068359375,99.63
2020-07-08,1815.5,1194.63,40.91,119.8555,28.08,285.9700012207031,3169.93994140625,99.63
2020-07-09,1799.199951171875,1197.84,39.64,119.8555,29.26,287.25,3152.050048828125,99.63
2020-07-10,1798.199951171875,1204.34,40.56,119.3509,27.29,285.0599975585937,3185.0400390625,99.63
2020-07-11,,,,119.3509,,,,99.63
2020-07-12,,,,119.3509,,,,99.63
2020-07-13,1811.0,1200.13,40.06,119.3509,32.19,289.8399963378906,3155.219970703125,99.63
2020-07-14,1810.5999755859373,1205.24,40.3,119.3509,29.52,289.6300048828125,3197.52001953125,99.63
2020-07-15,1811.4000244140625,1201.97,41.2,119.3509,27.76,292.2699890136719,3226.56005859375,99.63
2020-07-16,1798.699951171875,1202.97,40.74,119.3509,28.0,289.25,3215.570068359375,99.63
2020-07-17,1808.300048828125,1203.86,40.55,119.124,25.68,291.57000732421875,3224.72998046875,99.63
2020-07-18,,,,119.124,,,,99.63
2020-07-19,,,,119.124,,,,99.63
2020-07-20,1815.9000244140625,1202.26,40.83,119.124,24.46,290.8099975585937,3251.840087890625,99.63
2020-07-21,1842.4000244140625,1194.64,41.76,119.124,24.84,295.1600036621094,3257.300048828125,99.63
2020-07-22,1864.0999755859373,1194.83,41.88,119.124,24.32,294.0400085449219,3276.02001953125,99.63
2020-07-23,1889.0999755859373,1198.91,40.99,119.124,26.08,292.3699951171875,3235.659912109375,99.63
2020-07-24,1897.300048828125,1203.17,41.23,118.1329,25.84,290.6600036621094,3215.6298828125,99.63
2020-07-25,,,,118.1329,,,,99.63
2020-07-26,,,,118.1329,,,,99.63
2020-07-27,1931.0,1195.94,41.46,118.1329,24.74,293.510009765625,3239.409912109375,99.63
2020-07-28,1944.699951171875,1198.15,40.89,118.1329,25.44,300.1300048828125,3218.43994140625,99.63
2020-07-29,1953.5,1192.98,41.13,118.1329,24.1,301.25,3258.43994140625,99.63
2020-07-30,1942.300048828125,1196.3,39.85,118.1329,24.76,301.8500061035156,3246.219970703125,99.63
2020-07-31,1962.800048828125,1192.68,40.1,117.2082,24.46,299.32000732421875,3271.1201171875,99.63
2020-08-01,,,,117.2082,,,,100.19
2020-08-02,,,,117.2082,,,,100.19
2020-08-03,1966.0,1194.31,40.83,117.2082,24.28,299.4599914550781,3294.610107421875,100.19
2020-08-04,2001.199951171875,1194.53,41.67,117.2082,23.76,303.0400085449219,3306.510009765625,100.19
2020-08-05,2031.0999755859373,1188.93,42.25,117.2082,22.99,306.6400146484375,3327.77001953125,100.19
2020-08-06,2051.5,1185.29,41.93,117.2082,22.65,311.32000732421875,3349.159912109375,100.19
2020-08-07,2010.0999755859373,1189.25,41.16,117.6239,22.21,312.57000732421875,3351.280029296875,100.19
2020-08-08,,,,117.6239,,,,100.19
2020-08-09,,,,117.6239,,,,100.19
2020-08-10,2024.4000244140625,1186.28,41.94,117.6239,22.13,316.7699890136719,3360.469970703125,100.19
2020-08-11,1932.5999755859373,1184.84,41.53,117.6239,24.03,321.0199890136719,3333.68994140625,100.19
2020-08-12,1934.9000244140625,1184.09,42.6,117.6239,22.28,322.67999267578125,3380.35009765625,100.19
2020-08-13,1956.699951171875,1183.25,42.26,117.6239,22.13,323.3299865722656,3373.429931640625,100.19
2020-08-14,1937.0,1186.53,42.05,116.9395,22.05,319.239990234375,3372.85009765625,100.19
2020-08-15,,,,116.9395,,,,100.19
2020-08-16,,,,116.9395,,,,100.19
2020-08-17,1985.0,1184.17,42.89,116.9395,21.35,,3381.989990234375,100.19
2020-08-18,1999.4000244140625,1184.74,42.89,116.9395,21.51,312.8399963378906,3389.780029296875,100.19
2020-08-19,1958.699951171875,1181.06,42.91,116.9395,22.54,313.5400085449219,3374.85009765625,100.19
2020-08-20,1933.800048828125,1187.66,42.62,116.9395,22.72,301.5899963378906,3385.510009765625,100.19
2020-08-21,1934.5999755859373,1191.84,42.32,117.0572,22.54,306.1600036621094,3397.159912109375,100.19
2020-08-22,,,,117.0572,,,,100.19
2020-08-23,,,,117.0572,,,,100.19
2020-08-24,1927.699951171875,1189.11,42.44,117.0572,22.37,309.3299865722656,3431.280029296875,100.19
2020-08-25,1911.800048828125,1188.18,43.17,117.0572,22.03,313.5899963378906,3443.6201171875,100.19
2020-08-26,1940.699951171875,1185.6,43.21,117.0572,23.27,314.19000244140625,3478.72998046875,100.19
2020-08-27,1921.5999755859373,1185.22,42.88,117.0572,24.47,311.3800048828125,3484.550048828125,100.19
2020-08-28,1964.5999755859373,1181.62,42.96,115.9374,22.96,312.239990234375,3508.010009765625,100.19
2020-08-29,,,,115.9374,,,,100.19
2020-08-30,,,,115.9374,,,,100.19
2020-08-31,1967.5999755859373,1187.48,42.61,115.9374,26.41,307.1400146484375,3500.31005859375,100.19
2020-09-01,1968.199951171875,1182.94,42.76,115.9374,26.12,309.8099975585937,3526.64990234375,100.74
2020-09-02,1934.4000244140625,1189.98,42.76,115.9374,26.57,311.5,3580.840087890625,100.74
2020-09-03,1927.5999755859373,1188.04,41.39,115.9374,33.6,316.42999267578125,3455.06005859375,100.74
2020-09-04,1923.9000244140625,1190.6,39.69,116.0347,30.75,312.0299987792969,3426.9599609375,100.74
2020-09-05,,,,116.0347,,,,100.74
2020-09-06,,,,116.0347,,,,100.74
2020-09-07,,,,116.0347,,313.6700134277344,,100.74
2020-09-08,1933.0,1188.69,36.87,116.0347,31.46,317.3800048828125,3331.840087890625,100.74
2020-09-09,1944.699951171875,1185.12,38.05,116.0347,28.81,313.7699890136719,3398.9599609375,100.74
2020-09-10,1954.199951171875,1184.41,37.25,116.0347,29.71,316.5299987792969,3339.18994140625,100.74
2020-09-11,1937.800048828125,1186.55,37.33,116.0866,26.87,316.45001220703125,3340.969970703125,100.74
2020-09-12,,,,116.0866,,,,100.74
2020-09-13,,,,116.0866,,,,100.74
2020-09-14,1953.0999755859373,1181.27,37.23,116.0866,25.85,320.9800109863281,3383.5400390625,100.74
2020-09-15,1956.300048828125,1179.99,38.29,116.0866,25.59,323.3599853515625,3401.199951171875,100.74
2020-09-16,1960.199951171875,1176.0,40.17,116.0866,26.04,322.3099975585937,3385.489990234375,100.74
2020-09-17,1940.0,1174.25,40.99,116.0866,26.46,318.0,3357.010009765625,100.74
2020-09-18,1952.0999755859373,1163.2,41.09,115.2395,25.83,318.3900146484375,3319.469970703125,100.74
2020-09-19,,,,115.2395,,,,100.74
2020-09-20,,,,115.2395,,,,100.74
2020-09-21,1901.199951171875,1166.75,39.26,115.2395,27.78,315.8900146484375,3281.06005859375,100.74
2020-09-22,1898.5999755859373,1164.83,39.55,115.2395,26.86,308.82000732421875,3315.570068359375,100.74
2020-09-23,1859.9000244140625,1164.56,39.92,115.2395,28.58,309.6400146484375,3236.919921875,100.74
2020-09-24,1868.300048828125,1170.49,40.11,115.2395,28.51,302.4800109863281,3246.590087890625,100.74
2020-09-25,1857.699951171875,1172.71,40.06,117.8679,26.38,303.57000732421875,3298.4599609375,100.74
2020-09-26,,,,117.8679,,,,100.74
2020-09-27,,,,117.8679,,,,100.74
2020-09-28,1872.800048828125,1168.08,40.47,117.8679,26.19,307.0299987792969,3351.60009765625,100.74
2020-09-29,1894.300048828125,1169.67,39.03,117.8679,26.27,309.44000244140625,3335.469970703125,100.74
2020-09-30,1887.5,1165.97,40.05,117.8679,26.37,,3363.0,100.74
2020-10-01,1908.4000244140625,1163.05,38.51,117.8679,26.7,,3380.800048828125,100.18
2020-10-02,1900.199951171875,1166.08,36.9,116.7321,27.63,,3348.419921875,100.18
2020-10-03,,,,116.7321,,,,100.18
2020-10-04,,,,116.7321,,,,100.18
2020-10-05,1912.5,1157.77,39.12,116.7321,27.96,313.510009765625,3408.60009765625,100.18
2020-10-06,1901.0999755859373,1162.0,40.52,116.7321,29.48,314.45001220703125,3360.969970703125,100.18
2020-10-07,1883.5999755859373,1158.41,39.82,116.7321,28.06,317.3500061035156,3419.43994140625,100.18
2020-10-08,1888.5999755859373,1152.44,41.04,116.7321,26.36,317.4700012207031,3446.830078125,100.18
2020-10-09,1919.5,1143.46,40.44,115.2757,25.0,,3477.139892578125,100.18
2020-10-10,,,,115.2757,,,,100.18
2020-10-11,,,,115.2757,,,,100.18
2020-10-12,1922.5,,39.22,115.2757,25.07,319.1499938964844,3534.219970703125,100.18
2020-10-13,1888.5,1147.4,40.03,115.2757,26.07,319.5799865722656,3511.929931640625,100.18
2020-10-14,1901.300048828125,1146.58,40.86,115.2757,26.4,316.57000732421875,3488.669921875,100.18
2020-10-15,1903.199951171875,1143.03,40.84,115.2757,26.97,313.9200134277344,3483.340087890625,100.18
2020-10-16,1900.800048828125,1146.82,40.7,115.7679,27.41,311.8299865722656,3483.81005859375,100.18
2020-10-17,,,,115.7679,,,,100.18
2020-10-18,,,,115.7679,,,,100.18
2020-10-19,1906.4000244140625,1141.76,40.69,115.7679,29.18,312.5899963378906,3426.919921875,100.18
2020-10-20,1910.4000244140625,1138.65,41.37,115.7679,29.35,314.7099914550781,3443.1201171875,100.18
2020-10-21,1924.5999755859373,1132.11,39.88,115.7679,28.65,315.760009765625,3435.56005859375,100.18
2020-10-22,1901.0999755859373,1135.26,40.46,115.7679,28.11,313.7699890136719,3453.489990234375,100.18
2020-10-23,1902.0,1129.77,39.73,115.0126,27.55,314.7900085449219,3465.389892578125,100.18
2020-10-24,,,,115.0126,,,,100.18
2020-10-25,,,,115.0126,,,,100.18
2020-10-26,1902.699951171875,1127.77,38.39,115.0126,32.46,313.5299987792969,3400.969970703125,100.18
2020-10-27,1908.800048828125,1127.9,39.34,115.0126,33.35,311.79998779296875,3390.679931640625,100.18
2020-10-28,1876.199951171875,1133.76,37.27,115.0126,40.28,313.1700134277344,3271.030029296875,100.18
2020-10-29,1865.5999755859373,1131.12,35.94,115.0126,37.59,309.94000244140625,3310.110107421875,100.18
2020-10-30,1877.4000244140625,1133.99,35.64,116.1354,38.02,301.6000061035156,3269.9599609375,100.18
2020-10-31,,,,116.1354,,,,100.18
2020-11-01,,,,116.1354,,,,100.09
2020-11-02,1890.4000244140625,1134.62,36.6,116.1354,37.13,305.95001220703125,3310.239990234375,100.09
2020-11-03,1908.5,1134.3,37.44,116.1354,35.55,312.07000732421875,3369.159912109375,100.09
2020-11-04,1894.5999755859373,1137.37,38.97,116.1354,29.57,313.8299865722656,3443.43994140625,100.09
2020-11-05,1945.300048828125,1122.96,38.56,116.1354,27.58,321.510009765625,3510.449951171875,100.09
2020-11-06,1950.300048828125,1121.0,36.97,113.9919,24.86,322.1000061035156,3509.43994140625,100.09
2020-11-07,,,,113.9919,,,,100.09
2020-11-08,,,,113.9919,,,,100.09
2020-11-09,1853.199951171875,1113.14,40.05,113.9919,25.75,325.8299865722656,3550.5,100.09
2020-11-10,1875.4000244140625,1117.63,41.18,113.9919,24.8,326.1300048828125,3545.530029296875,100.09
2020-11-11,1860.699951171875,,41.23,113.9919,23.45,331.1199951171875,3572.659912109375,100.09
2020-11-12,1872.5999755859373,1112.95,40.9,113.9919,25.35,329.7200012207031,3537.010009765625,100.09
2020-11-13,1885.699951171875,1109.47,39.93,114.2397,23.1,333.0299987792969,3585.14990234375,100.09
2020-11-14,,,,114.2397,,,,100.09
2020-11-15,,,,114.2397,,,,100.09
2020-11-16,1887.300048828125,1106.88,41.14,114.2397,22.45,340.6300048828125,3626.909912109375,100.09
2020-11-17,1884.5,1105.33,41.24,114.2397,22.71,339.8500061035156,3609.530029296875,100.09
2020-11-18,1873.5,1105.72,41.64,114.2397,23.84,339.9599914550781,3567.7900390625,100.09
2020-11-19,1861.0999755859373,1114.93,41.57,114.2397,23.11,340.1600036621094,3581.8701171875,100.09
2020-11-20,1872.5999755859373,1114.48,41.99,113.489,23.7,340.6199951171875,3557.5400390625,100.09
2020-11-21,,,,113.489,,,,100.09
2020-11-22,,,,113.489,,,,100.09
2020-11-23,1837.800048828125,1115.42,42.91,113.489,22.66,348.4599914550781,3577.590087890625,100.09
2020-11-24,1804.800048828125,1110.93,44.71,113.489,21.64,350.2799987792969,3635.409912109375,100.09
2020-11-25,1805.699951171875,1106.84,45.58,113.489,21.25,348.29998779296875,3629.64990234375,100.09
2020-11-26,,,,113.489,,352.1199951171875,,100.09
2020-11-27,1781.9000244140625,,,113.1823,20.84,352.7300109863281,3638.35009765625,100.09
2020-11-28,,,,113.1823,,,,100.09
2020-11-29,,,,113.1823,,,,100.09
2020-11-30,1775.699951171875,1105.79,45.2,113.1823,20.57,346.04998779296875,3621.6298828125,100.09
2020-12-01,1814.0999755859373,1107.33,44.54,113.1823,20.77,352.3999938964844,3662.449951171875,100.33
2020-12-02,1825.699951171875,1100.15,45.23,113.1823,21.17,358.6600036621094,3669.010009765625,100.33
2020-12-03,1836.800048828125,1096.28,45.65,113.1823,21.28,361.6600036621094,3666.719970703125,100.33
2020-12-04,1835.9000244140625,1081.85,46.23,111.7778,20.79,367.6300048828125,3699.1201171875,100.33
2020-12-05,,,,111.7778,,,,100.33
2020-12-06,,,,111.7778,,,,100.33
2020-12-07,1861.800048828125,1082.22,45.72,111.7778,21.3,369.8599853515625,3691.9599609375,100.33
2020-12-08,1870.800048828125,1085.4,45.64,111.7778,20.68,363.4500122070313,3702.25,100.33
2020-12-09,1834.5999755859373,1083.78,45.48,111.7778,22.27,371.4700012207031,3672.820068359375,100.33
2020-12-10,1833.5999755859373,1086.83,46.76,111.7778,22.52,369.3699951171875,3668.10009765625,100.33
2020-12-11,1839.800048828125,1091.23,46.59,112.1417,23.31,372.239990234375,3663.4599609375,100.33
2020-12-12,,,,112.1417,,,,100.33
2020-12-13,,,,112.1417,,,,100.33
2020-12-14,1828.699951171875,1093.19,47.02,112.1417,24.72,371.55999755859375,3647.489990234375,100.33
2020-12-15,1852.300048828125,1092.22,47.58,112.1417,22.89,370.8800048828125,3694.6201171875,100.33
2020-12-16,1856.0999755859373,1093.71,47.86,112.1417,22.5,372.5299987792969,3701.169921875,100.33
2020-12-17,1887.199951171875,1092.96,48.34,112.1417,21.93,372.0,3722.47998046875,100.33
2020-12-18,1885.699951171875,1099.37,49.04,111.6071,21.57,371.5499877929688,3709.409912109375,100.33
2020-12-19,,,,111.6071,,,,100.33
2020-12-20,,,,111.6071,,,,100.33
2020-12-21,1879.199951171875,1107.03,47.79,111.6071,25.16,372.1799926757813,3694.919921875,100.33
2020-12-22,1866.5999755859373,1107.12,47.02,111.6071,24.23,366.4299926757813,3687.260009765625,100.33
2020-12-23,1874.699951171875,1106.92,47.94,111.6071,23.31,371.3200073242188,3690.010009765625,100.33
2020-12-24,1879.9000244140625,,48.18,111.6071,21.53,379.1799926757813,3703.06005859375,100.33
2020-12-25,,,,111.9807,,,,100.33
2020-12-26,,,,111.9807,,,,100.33
2020-12-27,,,,111.9807,,,,100.33
2020-12-28,1877.199951171875,1096.67,47.5,111.9807,21.7,379.9299926757813,3735.360107421875,100.33
2020-12-29,1879.699951171875,1092.55,47.85,111.9807,23.08,381.2699890136719,3727.0400390625,100.33
2020-12-30,1891.0,1086.62,48.24,111.9807,22.77,389.2900085449219,3732.0400390625,100.33
2020-12-31,1893.0999755859373,1086.11,48.35,111.9807,22.75,,3756.070068359375,100.33
2021-01-01,,,,111.3169,,,,101.04
2021-01-02,,,,111.3169,,,,101.04
2021-01-03,,,,111.3169,,,,101.04
2021-01-04,1944.699951171875,1081.62,47.47,111.3169,26.97,399.8800048828125,3700.64990234375,101.04
2021-01-05,1952.699951171875,1087.42,49.78,111.3169,25.34,406.0299987792969,3726.860107421875,101.04
2021-01-06,1906.9000244140625,1085.71,50.45,111.3169,25.07,402.0799865722656,3748.139892578125,101.04
2021-01-07,1912.300048828125,1086.78,50.63,111.3169,22.37,410.80999755859375,3803.7900390625,101.04
2021-01-08,1834.0999755859373,1089.48,52.14,111.2847,21.56,430.2200012207031,3824.679931640625,101.04
2021-01-09,,,,111.2847,,,,101.04
2021-01-10,,,,111.2847,,,,101.04
2021-01-11,1849.5999755859373,1097.39,52.15,111.2847,24.08,431.1300048828125,3799.610107421875,101.04
2021-01-12,1842.9000244140625,1099.57,53.08,111.2847,23.33,427.8699951171875,3801.18994140625,101.04
2021-01-13,1853.5999755859373,1098.31,52.81,111.2847,22.21,430.3800048828125,3809.840087890625,101.04
2021-01-14,1850.300048828125,1098.37,53.47,111.2847,23.25,429.8500061035156,3795.5400390625,101.04
2021-01-15,1829.300048828125,1099.39,52.25,111.5106,24.34,420.4299926757813,3768.25,101.04
2021-01-16,,,,111.5106,,,,101.04
2021-01-17,,,,111.5106,,,,101.04
2021-01-18,,,,111.5106,,410.5,,101.04
2021-01-19,1839.5,1102.14,52.87,111.5106,23.24,421.3500061035156,3798.909912109375,101.04
2021-01-20,1865.9000244140625,,53.16,111.5106,21.58,424.010009765625,3851.85009765625,101.04
2021-01-21,1865.300048828125,1097.91,53.0,111.5106,21.32,430.2699890136719,3853.070068359375,101.04
2021-01-22,1855.699951171875,1105.5,52.28,111.5516,21.91,427.1300048828125,3841.469970703125,101.04
2021-01-23,,,,111.5516,,,,101.04
2021-01-24,,,,111.5516,,,,101.04
2021-01-25,1854.9000244140625,1101.02,52.78,111.5516,23.19,437.2999877929688,3855.360107421875,101.04
2021-01-26,1850.699951171875,1103.26,52.61,111.5516,23.02,426.7300109863281,3849.6201171875,101.04
2021-01-27,1844.9000244140625,1104.09,52.81,111.5516,37.21,423.6700134277344,3750.77001953125,101.04
2021-01-28,1837.9000244140625,1111.95,52.26,111.5516,30.21,416.3999938964844,3787.3798828125,101.04
2021-01-29,1847.300048828125,1118.35,52.16,111.9511,33.09,404.55999755859375,3714.239990234375,101.04
2021-01-30,,,,111.9511,,,,101.04
2021-01-31,,,,111.9511,,,,101.04
2021-02-01,1860.800048828125,1116.48,53.55,111.9511,30.24,415.4500122070313,3773.860107421875,101.58
2021-02-02,1830.5,1115.88,54.77,111.9511,25.56,421.0299987792969,3826.31005859375,101.58
2021-02-03,1832.199951171875,1114.47,55.67,111.9511,22.91,425.2099914550781,3830.169921875,101.58
2021-02-04,1788.9000244140625,1120.02,56.19,111.9511,21.77,418.30999755859375,3871.739990234375,101.58
2021-02-05,1810.9000244140625,1123.7,56.8,112.2379,20.87,423.2999877929688,3886.830078125,101.58
2021-02-06,,,,112.2379,,,,101.58
2021-02-07,,,,112.2379,,,,101.58
2021-02-08,1831.9000244140625,1119.22,57.95,112.2379,21.24,418.9500122070313,3915.590087890625,101.58
2021-02-09,1835.300048828125,1116.42,58.34,112.2379,21.63,417.9100036621094,3911.22998046875,101.58
2021-02-10,1840.5999755859373,1106.9,58.69,112.2379,21.99,419.6499938964844,3909.8798828125,101.58
2021-02-11,1824.9000244140625,1102.7,58.22,112.2379,21.25,,3916.3798828125,101.58
2021-02-12,1821.5999755859373,1102.16,59.5,111.4889,19.97,,3934.830078125,101.58
2021-02-13,,,,111.4889,,,,101.58
2021-02-14,,,,111.4889,,,,101.58
2021-02-15,,,,111.4889,,427.010009765625,,101.58
2021-02-16,1797.199951171875,1099.61,60.07,111.4889,21.46,429.239990234375,3932.590087890625,101.58
2021-02-17,1771.0999755859375,1107.44,61.09,111.4889,21.5,424.2000122070313,3931.330078125,101.58
2021-02-18,1773.4000244140625,1108.56,60.4,111.4889,22.49,417.4400024414063,3913.969970703125,101.58
2021-02-19,1775.800048828125,1105.81,59.12,111.7058,22.05,420.9400024414063,3906.7099609375,101.58
2021-02-20,,,,111.7058,,,,101.58
2021-02-21,,,,111.7058,,,,101.58
2021-02-22,1806.699951171875,1111.56,61.67,111.7058,23.45,416.8800048828125,3876.5,101.58
2021-02-23,1804.4000244140625,1110.25,61.66,111.7058,23.11,415.8200073242188,3881.3701171875,101.58
2021-02-24,1796.4000244140625,1112.19,63.21,111.7058,21.34,407.1600036621094,3925.429931640625,101.58
2021-02-25,1774.4000244140625,1107.73,63.43,111.7058,28.89,422.5199890136719,3829.340087890625,101.58
2021-02-26,1728.0999755859375,1123.36,61.55,112.8306,27.95,409.9100036621094,3811.14990234375,101.58
2021-02-27,,,,112.8306,,,,101.58
2021-02-28,,,,112.8306,,,,101.58
2021-03-01,1722.5,1118.59,60.54,112.8306,23.35,,3901.820068359375,101.84
2021-03-02,1733.0999755859375,1125.61,59.7,112.8306,24.1,414.7999877929688,3870.2900390625,101.84
2021-03-03,1715.300048828125,1123.96,61.33,112.8306,26.67,420.2699890136719,3819.719970703125,101.84
2021-03-04,1700.199951171875,1124.45,63.81,112.8306,28.57,414.1700134277344,3768.469970703125,101.84
2021-03-05,1698.0,1124.85,66.08,113.7487,24.66,412.0,3841.93994140625,101.84
2021-03-06,,,,113.7487,,,,101.84
2021-03-07,,,,113.7487,,,,101.84
2021-03-08,1677.699951171875,1132.64,65.03,113.7487,25.47,408.3399963378906,3821.35009765625,101.84
2021-03-09,1716.5999755859375,1140.63,64.02,113.7487,24.03,405.7900085449219,3875.43994140625,101.84
2021-03-10,1721.5,1139.85,64.45,113.7487,22.56,403.4800109863281,3898.81005859375,101.84
2021-03-11,1722.300048828125,1135.19,66.02,113.7487,21.91,411.0199890136719,3939.340087890625,101.84
2021-03-12,1719.5,1133.09,65.59,113.0269,20.69,416.1300048828125,3943.340087890625,101.84
2021-03-13,,,,113.0269,,,,101.84
2021-03-14,,,,113.0269,,,,101.84
2021-03-15,1728.9000244140625,1136.37,65.36,113.0269,20.03,414.1799926757813,3968.93994140625,101.84
2021-03-16,1730.5999755859375,1129.69,64.82,113.0269,19.79,417.30999755859375,3962.7099609375,101.84
2021-03-17,1726.800048828125,1130.24,64.55,113.0269,19.23,414.010009765625,3974.1201171875,101.84
2021-03-18,1732.199951171875,1123.51,59.95,113.0269,21.58,417.05999755859375,3915.4599609375,101.84
2021-03-19,1741.4000244140625,1130.38,61.43,112.9756,20.95,412.9100036621094,3913.10009765625,101.84
2021-03-20,,,,112.9756,,,,101.84
2021-03-21,,,,112.9756,,,,101.84
2021-03-22,1737.800048828125,1128.19,61.48,112.9756,18.88,412.6400146484375,3940.590087890625,101.84
2021-03-23,1724.699951171875,1128.96,57.75,112.9756,20.3,408.7099914550781,3910.52001953125,101.84
2021-03-24,1732.9000244140625,1133.35,61.12,112.9756,21.2,407.1000061035156,3889.139892578125,101.84
2021-03-25,1724.9000244140625,1133.31,58.47,112.9756,19.81,408.5299987792969,3909.52001953125,101.84
2021-03-26,1732.199951171875,1129.26,60.93,113.7406,18.86,412.8900146484375,3974.5400390625,101.84
2021-03-27,,,,113.7406,,,,101.84
2021-03-28,,,,113.7406,,,,101.84
2021-03-29,1712.0999755859375,1133.57,61.49,113.7406,20.74,412.0499877929688,3971.090087890625,101.84
2021-03-30,1683.9000244140625,1133.44,60.55,113.7406,19.61,416.6099853515625,3958.550048828125,101.84
2021-03-31,1713.800048828125,1126.72,59.19,113.7406,19.4,415.0400085449219,3972.889892578125,101.84
2021-04-01,1726.5,1131.63,61.41,113.7406,17.33,419.4200134277344,4019.8701171875,101.98
2021-04-02,,1127.3,,113.7315,,423.739990234375,,101.98
2021-04-03,,,,113.7315,,,,101.98
2021-04-04,,,,113.7315,,,,101.98
2021-04-05,1727.0,1127.34,58.73,113.7315,17.91,424.8500061035156,4077.909912109375,101.98
2021-04-06,1741.5,1117.12,59.34,113.7315,18.12,425.8800048828125,4073.93994140625,101.98
2021-04-07,1740.0999755859375,1116.21,59.77,113.7315,17.16,426.7000122070313,4079.949951171875,101.98
2021-04-08,1756.800048828125,1116.96,59.61,113.7315,16.95,426.8599853515625,4097.169921875,101.98
2021-04-09,1743.300048828125,1120.84,59.29,113.2028,16.69,424.2999877929688,4128.7998046875,101.98
2021-04-10,,,,113.2028,,,,101.98
2021-04-11,,,,113.2028,,,,101.98
2021-04-12,1731.199951171875,1124.6,59.7,113.2028,16.91,424.2200012207031,4127.990234375,101.98
2021-04-13,1746.199951171875,1125.63,60.2,113.2028,16.65,429.0799865722656,4141.58984375,101.98
2021-04-14,1734.9000244140625,1116.43,63.15,113.2028,16.99,430.7099914550781,4124.66015625,101.98
2021-04-15,1765.4000244140625,1115.04,63.42,113.2028,16.57,432.6600036621094,4170.419921875,101.98
2021-04-16,1779.0,1114.93,63.16,112.4814,16.25,432.4299926757813,4185.47021484375,101.98
2021-04-17,,,,112.4814,,,,101.98
2021-04-18,,,,112.4814,,,,101.98
2021-04-19,1769.4000244140625,1115.03,63.33,112.4814,17.29,431.9599914550781,4163.259765625,101.98
2021-04-20,1777.300048828125,1116.68,62.61,112.4814,18.68,434.6000061035156,4134.93994140625,101.98
2021-04-21,1792.300048828125,1117.8,61.34,112.4814,17.5,426.75,4173.419921875,101.98
2021-04-22,1781.199951171875,1117.3,61.45,112.4814,18.71,427.3699951171875,4134.97998046875,101.98
2021-04-23,1777.0,1115.1,62.18,112.0889,17.33,427.760009765625,4180.169921875,101.98
2021-04-24,,,,112.0889,,,,101.98
2021-04-25,,,,112.0889,,,,101.98
2021-04-26,1779.199951171875,1110.88,62.02,112.0889,17.64,432.3599853515625,4187.6201171875,101.98
2021-04-27,1778.0,1109.6,63.03,112.0889,17.56,432.1400146484375,4186.72021484375,101.98
2021-04-28,1773.199951171875,1112.28,63.81,112.0889,17.28,427.4800109863281,4183.18017578125,101.98
2021-04-29,1768.0999755859375,1108.54,65.0,112.0889,17.61,426.2799987792969,4211.47021484375,101.98
2021-04-30,1767.300048828125,1115.58,63.5,112.0839,18.61,422.3599853515625,4181.169921875,101.98
2021-05-01,,,,112.0839,,,,102.05
2021-05-02,,,,112.0839,,,,102.05
2021-05-03,1791.4000244140625,1122.88,64.46,112.0839,18.31,420.3599853515625,4192.66015625,102.05
2021-05-04,1775.800048828125,1122.05,65.72,112.0839,19.48,423.5700073242188,4164.66015625,102.05
2021-05-05,1784.0999755859375,1125.82,65.63,112.0839,19.15,,4167.58984375,102.05
2021-05-06,1815.5,1121.94,64.73,112.0839,18.39,424.05999755859375,4201.6201171875,102.05
2021-05-07,1831.0999755859373,1121.06,64.96,111.0249,16.69,428.55999755859375,4232.60009765625,102.05
2021-05-08,,,,111.0249,,,,102.05
2021-05-09,,,,111.0249,,,,102.05
2021-05-10,1837.5,1112.28,64.92,111.0249,19.66,435.6300048828125,4188.43017578125,102.05
2021-05-11,1835.9000244140625,1119.38,65.31,111.0249,21.84,428.7699890136719,4152.10009765625,102.05
2021-05-12,1822.5999755859373,1124.33,65.96,111.0249,27.59,421.8599853515625,4063.0400390625,102.05
2021-05-13,1823.800048828125,1130.35,63.82,111.0249,23.13,416.0700073242188,4112.5,102.05
2021-05-14,1837.9000244140625,1126.76,65.32,111.1353,18.81,420.1700134277344,4173.85009765625,102.05
2021-05-15,,,,111.1353,,,,102.05
2021-05-16,,,,111.1353,,,,102.05
2021-05-17,1867.5,1136.03,66.24,111.1353,19.72,418.2699890136719,4163.2900390625,102.05
2021-05-18,1867.800048828125,1129.67,65.49,111.1353,21.34,423.0899963378906,4127.830078125,102.05
2021-05-19,1881.300048828125,1128.18,63.28,111.1353,22.18,,4115.68017578125,102.05
2021-05-20,1881.800048828125,1127.74,61.95,111.1353,20.67,421.6799926757813,4159.1201171875,102.05
2021-05-21,1876.699951171875,1126.59,63.61,111.0576,20.15,422.0799865722656,4155.85986328125,102.05
2021-05-22,,,,111.0576,,,,102.05
2021-05-23,,,,111.0576,,,,102.05
2021-05-24,1884.5999755859373,1125.28,66.13,111.0576,18.4,420.5700073242188,4197.0498046875,102.05
2021-05-25,1898.0999755859373,1123.21,66.27,111.0576,18.84,424.3500061035156,4188.1298828125,102.05
2021-05-26,1901.300048828125,1117.63,66.41,111.0576,17.36,423.5400085449219,4195.990234375,102.05
2021-05-27,1895.699951171875,1117.47,66.87,111.0576,16.74,423.0,4200.8798828125,102.05
2021-05-28,1902.5,1114.48,66.31,110.7576,16.76,425.9500122070313,4204.10986328125,102.05
2021-05-29,,,,110.7576,,,,102.05
2021-05-30,,,,110.7576,,,,102.05
2021-05-31,,,,110.7576,,427.9100036621094,,102.05
2021-06-01,1902.9000244140625,1106.43,67.8,110.7576,17.9,430.3200073242188,4202.0400390625,102.05
2021-06-02,1907.5,1110.37,68.79,110.7576,17.48,430.1499938964844,4208.1201171875,102.05
2021-06-03,1871.199951171875,1117.63,68.81,110.7576,18.04,433.8699951171875,4192.85009765625,102.05
2021-06-04,1889.800048828125,1112.03,69.57,110.7521,16.42,432.2200012207031,4229.89013671875,102.05
2021-06-05,,,,110.7521,,,,102.05
2021-06-06,,,,110.7521,,,,102.05
2021-06-07,1896.800048828125,1111.01,69.21,110.7521,16.42,433.260009765625,4226.52001953125,102.05
2021-06-08,1892.199951171875,1116.43,70.11,110.7521,17.07,432.8800048828125,4227.259765625,102.05
2021-06-09,1893.199951171875,1116.58,69.9,110.7521,17.89,428.1600036621094,4219.5498046875,102.05
2021-06-10,1894.199951171875,1114.17,70.34,110.7521,16.1,429.3500061035156,4239.18017578125,102.05
2021-06-11,1877.4000244140625,1116.57,71.0,111.0933,15.65,432.7799987792969,4247.43994140625,102.05
2021-06-12,,,,111.0933,,,,102.05
2021-06-13,,,,111.0933,,,,102.05
2021-06-14,1864.0,1117.57,70.94,111.0933,16.39,433.2200012207031,4255.14990234375,102.05
2021-06-15,1854.5,1118.33,72.06,111.0933,17.02,434.1300048828125,4246.58984375,102.05
2021-06-16,1859.5,1118.42,72.03,111.0933,18.15,436.9599914550781,4223.7001953125,102.05
2021-06-17,1773.800048828125,1130.14,71.06,111.0933,17.75,434.7300109863281,4221.85986328125,102.05
2021-06-18,1767.9000244140625,1135.28,71.64,113.0408,20.7,435.0199890136719,4166.4501953125,102.05
2021-06-19,,,,113.0408,,,,102.05
2021-06-20,,,,113.0408,,,,102.05
2021-06-21,1781.800048828125,1134.19,73.64,113.0408,17.89,431.4599914550781,4224.7900390625,102.05
2021-06-22,1776.300048828125,1137.07,73.15,113.0408,16.66,434.4200134277344,4246.43994140625,102.05
2021-06-23,1782.300048828125,1133.89,73.11,113.0408,16.32,436.7300109863281,4241.83984375,102.05
2021-06-24,1775.5999755859375,1131.5,73.31,113.0408,15.97,438.3800048828125,4266.490234375,102.05
2021-06-25,1776.5999755859375,1127.36,74.21,111.9655,15.62,440.3999938964844,4280.7001953125,102.05
2021-06-26,,,,111.9655,,,,102.05
2021-06-27,,,,111.9655,,,,102.05
2021-06-28,1779.5999755859375,1130.29,72.98,111.9655,15.76,439.9800109863281,4290.60986328125,102.05
2021-06-29,1762.800048828125,1131.68,73.14,111.9655,16.02,437.5400085449219,4291.7998046875,102.05
2021-06-30,1770.800048828125,1130.42,73.52,111.9655,15.83,438.8399963378906,4297.5,102.05
2021-07-01,1775.9000244140625,1134.37,75.33,111.9655,15.48,436.3399963378906,4319.93994140625,102.26
2021-07-02,1782.5999755859375,1132.42,75.37,112.5425,15.07,436.0,4352.33984375,102.26
2021-07-03,,,,112.5425,,,,102.26
2021-07-04,,,,112.5425,,,,102.26
2021-07-05,,,,112.5425,,437.6600036621094,,102.26
2021-07-06,1793.5,1137.17,73.62,112.5425,16.44,439.5,4343.5400390625,102.26
2021-07-07,1801.5,1141.26,72.22,112.5425,16.2,436.9700012207031,4358.1298828125,102.26
2021-07-08,1799.5999755859375,1147.96,72.98,112.5425,19.0,432.6300048828125,4320.81982421875,102.26
2021-07-09,1810.0,1145.08,74.56,112.8375,16.18,427.8399963378906,4369.5498046875,102.26
2021-07-10,,,,112.8375,,,,102.26
2021-07-11,,,,112.8375,,,,102.26
2021-07-12,1805.5,1146.29,74.21,112.8375,16.17,431.2799987792969,4384.6298828125,102.26
2021-07-13,1809.4000244140625,1146.29,75.24,112.8375,17.12,434.7099914550781,4369.2099609375,102.26
2021-07-14,1824.300048828125,1147.43,73.06,112.8375,16.33,433.5700073242188,4374.2998046875,102.26
2021-07-15,1828.4000244140625,1141.21,71.67,112.8375,17.01,436.760009765625,4360.02978515625,102.26
2021-07-16,1814.5,1139.35,71.76,113.0428,18.45,434.8200073242188,4327.16015625,102.26
2021-07-17,,,,113.0428,,,,102.26
2021-07-18,,,,113.0428,,,,102.26
2021-07-19,1808.699951171875,1147.17,66.45,113.0428,22.5,429.8900146484375,4258.490234375,102.26
2021-07-20,1810.9000244140625,1150.45,67.32,113.0428,19.73,428.5499877929688,4323.06005859375,102.26
2021-07-21,1802.9000244140625,1153.03,70.26,113.0428,17.91,426.0,4358.68994140625,102.26
2021-07-22,1805.0,1149.99,72.15,113.0428,17.69,431.3800048828125,4367.47998046875,102.26
2021-07-23,1801.4000244140625,1153.53,72.24,113.4398,17.2,431.5499877929688,4411.7900390625,102.26
2021-07-24,,,,113.4398,,,,102.26
2021-07-25,,,,113.4398,,,,102.26
2021-07-26,1798.699951171875,1154.75,72.15,113.4398,17.58,427.4700012207031,4422.2998046875,102.26
2021-07-27,1799.5,1156.32,71.68,113.4398,19.36,428.2200012207031,4401.4599609375,102.26
2021-07-28,1799.5,1156.27,72.37,113.4398,18.31,429.1499938964844,4400.64013671875,102.26
2021-07-29,1831.199951171875,1142.09,73.62,113.4398,17.7,429.489990234375,4419.14990234375,102.26
2021-07-30,1812.5999755859373,1151.86,73.93,112.6714,18.24,423.9100036621094,4395.259765625,102.26
2021-07-31,,,,112.6714,,,,102.26
2021-08-01,,,,112.6714,,,,102.75
2021-08-02,1818.0999755859373,1150.72,71.31,112.6714,19.46,426.7900085449219,4387.16015625,102.75
2021-08-03,1810.0999755859373,1149.45,70.64,112.6714,18.04,429.9800109863281,4423.14990234375,102.75
2021-08-04,1810.5,1142.99,68.19,112.6714,17.97,436.0499877929688,4402.66015625,102.75
2021-08-05,1805.0999755859373,1142.53,69.1,112.6714,17.28,434.739990234375,4429.10009765625,102.75
2021-08-06,1760.0,1145.87,68.26,113.3088,16.15,433.2900085449219,4436.52001953125,102.75
2021-08-07,,,,113.3088,,,,102.75
2021-08-08,,,,113.3088,,,,102.75
2021-08-09,1723.4000244140625,1145.83,66.56,113.3088,16.72,431.6499938964844,4432.35009765625,102.75
2021-08-10,1728.800048828125,1152.5,68.33,113.3088,16.79,428.55999755859375,4436.75,102.75
2021-08-11,1750.4000244140625,1156.09,69.3,113.3088,16.06,424.739990234375,4442.41015625,102.75
2021-08-12,1749.0,1162.78,69.12,113.3088,15.59,422.3800048828125,4460.830078125,102.75
2021-08-13,1775.199951171875,1168.36,68.36,113.0615,15.45,416.05999755859375,4468.0,102.75
2021-08-14,,,,113.0615,,,,102.75
2021-08-15,,,,113.0615,,,,102.75
2021-08-16,1786.9000244140625,1166.78,67.44,113.0615,16.12,,4479.7099609375,102.75
2021-08-17,1785.0,1177.08,66.5,113.0615,17.91,411.30999755859375,4448.080078125,102.75
2021-08-18,1781.5999755859375,1170.18,65.36,113.0615,21.57,413.3599853515625,4400.27001953125,102.75
2021-08-19,1780.199951171875,1173.89,63.69,113.0615,21.67,404.9599914550781,4405.7998046875,102.75
2021-08-20,1781.0,1180.4,62.25,114.5009,18.56,400.7799987792969,4441.669921875,102.75
2021-08-21,,,,114.5009,,,,102.75
2021-08-22,,,,114.5009,,,,102.75
2021-08-23,1803.199951171875,1169.73,65.65,114.5009,17.15,404.5799865722656,4479.52978515625,102.75
2021-08-24,1805.5999755859373,1165.43,67.5,114.5009,17.22,412.4800109863281,4486.22998046875,102.75
2021-08-25,1788.199951171875,1164.24,68.54,114.5009,16.79,413.9500122070313,4496.18994140625,102.75
2021-08-26,1792.199951171875,1169.88,67.42,114.5009,18.84,410.3800048828125,4470.0,102.75
2021-08-27,1816.5999755859373,1162.5,68.84,113.3404,16.39,410.239990234375,4509.3701171875,102.75
2021-08-28,,,,113.3404,,,,102.75
2021-08-29,,,,113.3404,,,,102.75
2021-08-30,1809.0,1166.33,69.28,113.3404,16.19,411.5,4528.7900390625,102.75
2021-08-31,1815.0,1158.32,68.43,113.3404,16.48,419.7900085449219,4522.68017578125,102.75
2021-09-01,1813.0999755859373,1156.03,68.63,113.3404,16.11,419.9200134277344,4524.08984375,103.17
2021-09-02,1808.699951171875,1160.95,70.07,113.3404,16.41,415.8900146484375,4536.9501953125,103.17
2021-09-03,1830.9000244140625,1155.44,69.34,112.5476,16.41,419.2200012207031,4535.43017578125,103.17
2021-09-04,,,,112.5476,,,,103.17
2021-09-05,,,,112.5476,,,,103.17
2021-09-06,,,,112.5476,,420.3699951171875,,103.17
2021-09-07,1795.9000244140625,1162.88,68.49,112.5476,18.14,417.7999877929688,4520.02978515625,103.17
2021-09-08,1790.699951171875,1166.21,69.36,112.5476,17.96,414.5400085449219,4514.06982421875,103.17
2021-09-09,1797.4000244140625,1169.61,68.26,112.5476,18.8,407.2799987792969,4493.27978515625,103.17
2021-09-10,1789.5999755859375,1169.63,69.82,112.9425,20.95,408.7000122070313,4458.580078125,103.17
2021-09-11,,,,112.9425,,,,103.17
2021-09-12,,,,112.9425,,,,103.17
2021-09-13,1792.0,1173.33,70.54,112.9425,19.37,409.7000122070313,4468.72998046875,103.17
2021-09-14,1804.699951171875,1170.71,70.53,112.9425,19.46,412.3599853515625,4443.0498046875,103.17
2021-09-15,1792.4000244140625,1168.58,72.59,112.9425,18.18,412.8500061035156,4480.7001953125,103.17
2021-09-16,1754.5999755859375,1171.23,72.69,112.9425,18.69,409.2200012207031,4473.75,103.17
2021-09-17,1749.4000244140625,1175.34,72.09,113.5989,20.81,410.989990234375,4432.990234375,103.17
2021-09-18,,,,113.5989,,,,103.17
2021-09-19,,,,113.5989,,,,103.17
2021-09-20,1761.800048828125,1186.73,70.41,113.5989,25.71,,4357.72998046875,103.17
2021-09-21,1776.0,1185.15,70.51,113.5989,24.36,,4354.18994140625,103.17
2021-09-22,1776.699951171875,1182.41,72.37,113.5989,20.87,,4395.64013671875,103.17
2021-09-23,1747.699951171875,1173.48,73.43,113.5989,18.63,410.4599914550781,4448.97998046875,103.17
2021-09-24,1749.699951171875,1176.53,74.18,113.7597,17.75,409.8399963378906,4455.47998046875,103.17
2021-09-25,,,,113.7597,,,,103.17
2021-09-26,,,,113.7597,,,,103.17
2021-09-27,1750.0,1175.9,75.54,113.7597,18.76,410.9700012207031,4443.10986328125,103.17
2021-09-28,1735.800048828125,1183.61,75.44,113.7597,23.25,406.2000122070313,4352.6298828125,103.17
2021-09-29,1721.5,1181.75,75.06,113.7597,22.56,400.0899963378906,4359.4599609375,103.17
2021-09-30,1755.300048828125,1183.7,75.22,113.7597,23.14,401.2999877929688,4307.5400390625,103.17
2021-10-01,1757.0,1187.24,76.01,114.3798,21.15,394.7900085449219,4357.0400390625,103.35
2021-10-02,,,,114.3798,,,,103.35
2021-10-03,,,,114.3798,,,,103.35
2021-10-04,1766.199951171875,1182.4,77.68,114.3798,22.96,,4300.4599609375,103.35
2021-10-05,1759.5999755859375,1188.31,79.17,114.3798,21.3,388.010009765625,4345.72021484375,103.35
2021-10-06,1760.5,1192.6,77.66,114.3798,21.0,381.9299926757813,4363.5498046875,103.35
2021-10-07,1757.9000244140625,1190.76,78.46,114.3798,19.54,388.1400146484375,4399.759765625,103.35
2021-10-08,1756.300048828125,1194.58,79.55,114.5986,18.77,387.4200134277344,4391.33984375,103.35
2021-10-09,,,,114.5986,,,,103.35
2021-10-10,,,,114.5986,,,,103.35
2021-10-11,1754.5999755859375,,80.64,114.5986,20.0,,4361.18994140625,103.35
2021-10-12,1758.300048828125,1198.72,80.75,114.5986,19.85,380.6900024414063,4350.64990234375,103.35
2021-10-13,1793.699951171875,1193.89,80.67,114.5986,18.64,384.1000061035156,4363.7998046875,103.35
2021-10-14,1796.699951171875,1186.3,81.43,114.5986,16.86,389.5899963378906,4438.259765625,103.35
2021-10-15,1767.199951171875,1182.34,82.39,114.0905,16.3,393.1900024414063,4471.3701171875,103.35
2021-10-16,,,,114.0905,,,,103.35
2021-10-17,,,,114.0905,,,,103.35
2021-10-18,1764.800048828125,1187.55,82.62,114.0905,16.31,392.0199890136719,4486.4599609375,103.35
2021-10-19,1769.699951171875,1175.32,83.19,114.0905,15.7,395.4100036621094,4519.6298828125,103.35
2021-10-20,1784.0999755859375,1175.05,84.4,114.0905,15.49,393.739990234375,4536.18994140625,103.35
2021-10-21,1781.199951171875,1177.25,82.64,114.0905,15.01,393.1799926757813,4549.77978515625,103.35
2021-10-22,1795.5,1176.85,84.53,113.67,15.43,393.3399963378906,4544.89990234375,103.35
2021-10-23,,,,113.67,,,,103.35
2021-10-24,,,,113.67,,,,103.35
2021-10-25,1806.0,1167.59,84.64,113.67,15.24,395.010009765625,4566.47998046875,103.35
2021-10-26,1792.699951171875,1167.58,85.64,113.67,15.98,399.0700073242188,4574.7900390625,103.35
2021-10-27,1797.9000244140625,1171.19,82.66,113.67,16.98,395.4800109863281,4551.68017578125,103.35
2021-10-28,1801.5999755859373,1167.34,82.78,113.67,16.53,393.8900146484375,4596.419921875,103.35
2021-10-29,1783.0,1174.94,83.5,114.1349,16.26,388.4700012207031,4605.3798828125,103.35
2021-10-30,,,,114.1349,,,,103.35
2021-10-31,,,,114.1349,,,,103.35
2021-11-01,1795.0999755859375,1177.73,84.08,114.1349,16.41,389.80999755859375,4613.669921875,103.87
2021-11-02,1788.699951171875,1177.04,83.91,114.1349,16.03,394.8200073242188,4630.64990234375,103.87
2021-11-03,1763.5999755859375,1184.56,80.82,114.1349,15.1,389.4800109863281,4660.56982421875,103.87
2021-11-04,1793.0,1186.77,78.88,114.1349,15.44,391.5400085449219,4680.06005859375,103.87
2021-11-05,1816.4000244140625,1183.28,81.25,114.0732,16.48,389.8599853515625,4697.52978515625,103.87
2021-11-06,,,,114.0732,,,,103.87
2021-11-07,,,,114.0732,,,,103.87
2021-11-08,1827.4000244140625,1180.64,81.96,114.0732,17.22,389.5899963378906,4701.7001953125,103.87
2021-11-09,1830.199951171875,1178.64,84.12,114.0732,17.78,390.3599853515625,4685.25,103.87
2021-11-10,1847.5999755859373,1181.16,81.23,114.0732,18.73,386.239990234375,4646.7099609375,103.87
2021-11-11,1863.199951171875,,81.47,114.0732,17.66,385.9700012207031,4649.27001953125,103.87
2021-11-12,1867.9000244140625,1179.23,80.87,114.5144,16.29,390.3800048828125,4682.85009765625,103.87
2021-11-13,,,,114.5144,,,,103.87
2021-11-14,,,,114.5144,,,,103.87
2021-11-15,1866.0999755859373,1181.61,80.85,114.5144,16.49,394.3599853515625,4682.7998046875,103.87
2021-11-16,1853.5999755859373,1183.3,80.76,114.5144,16.37,394.0700073242188,4700.89990234375,103.87
2021-11-17,1869.699951171875,1182.4,78.32,114.5144,17.11,389.4400024414063,4688.669921875,103.87
2021-11-18,1861.0,1183.42,78.92,114.5144,17.59,387.4400024414063,4704.5400390625,103.87
2021-11-19,1851.199951171875,1184.93,76.11,115.2187,17.91,390.5299987792969,4697.9599609375,103.87
2021-11-20,,,,115.2187,,,,103.87
2021-11-21,,,,115.2187,,,,103.87
2021-11-22,1806.0,1185.33,76.74,115.2187,19.17,399.0700073242188,4682.93994140625,103.87
2021-11-23,1783.5,1190.31,78.32,115.2187,19.38,396.4400024414063,4690.7001953125,103.87
2021-11-24,1784.0999755859375,1186.01,78.32,115.2187,18.58,395.3999938964844,4701.4599609375,103.87
2021-11-25,,,,115.2187,,391.9299926757813,,103.87
2021-11-26,1785.300048828125,1194.43,,116.5103,28.62,385.0700073242188,4594.6201171875,103.87
2021-11-27,,,,116.5103,,,,103.87
2021-11-28,,,,116.5103,,,,103.87
2021-11-29,1782.300048828125,1192.96,69.88,116.5103,22.96,381.6300048828125,4655.27001953125,103.87
2021-11-30,1773.5999755859375,1187.45,66.14,116.5103,27.19,373.239990234375,4567.0,103.87
2021-12-01,1781.5999755859375,1187.45,65.44,116.5103,31.12,383.1300048828125,4513.0400390625,104.04
2021-12-02,1760.699951171875,1175.18,66.6,116.5103,27.95,389.6400146484375,4577.10009765625,104.04
2021-12-03,1782.0,1179.84,66.39,116.2377,30.67,391.9599914550781,4538.43017578125,104.04
2021-12-04,,,,116.2377,,,,104.04
2021-12-05,,,,116.2377,,,,104.04
2021-12-06,1777.5,1182.29,69.62,116.2377,27.18,392.8500061035156,4591.669921875,104.04
2021-12-07,1782.5999755859375,1179.24,71.94,116.2377,21.89,396.30999755859375,4686.75,104.04
2021-12-08,1783.4000244140625,1175.19,72.43,116.2377,19.9,397.2699890136719,4701.2099609375,104.04
2021-12-09,1774.5999755859375,1173.59,70.87,116.2377,21.58,401.1300048828125,4667.4501953125,104.04
2021-12-10,1782.9000244140625,1180.99,71.71,115.5732,18.69,397.9700012207031,4712.02001953125,104.04
2021-12-11,,,,115.5732,,,,104.04
2021-12-12,,,,115.5732,,,,104.04
2021-12-13,1786.300048828125,1184.19,71.19,115.5732,20.31,397.2699890136719,4668.97021484375,104.04
2021-12-14,1770.4000244140625,1182.7,70.57,115.5732,21.89,395.4100036621094,4634.08984375,104.04
2021-12-15,1762.5999755859375,1186.06,70.89,115.5732,19.29,395.6600036621094,4709.85009765625,104.04
2021-12-16,1796.5999755859375,1183.59,72.34,115.5732,20.57,397.6799926757813,4668.669921875,104.04
2021-12-17,1803.800048828125,1181.03,70.93,115.791,21.57,398.9599914550781,4620.64013671875,104.04
2021-12-18,,,,115.791,,,,104.04
2021-12-19,,,,115.791,,,,104.04
2021-12-20,1793.699951171875,1191.07,68.69,115.791,22.87,391.3699951171875,4568.02001953125,104.04
2021-12-21,1787.9000244140625,1192.35,71.1,115.791,21.01,393.9500122070313,4649.22998046875,104.04
2021-12-22,1801.5999755859373,1190.21,72.82,115.791,18.63,396.0700073242188,4696.56005859375,104.04
2021-12-23,1811.199951171875,1187.59,73.89,115.791,17.96,398.1499938964844,4725.7900390625,104.04
2021-12-24,,,,115.5337,,400.5299987792969,,104.04
2021-12-25,,,,115.5337,,,,104.04
2021-12-26,,,,115.5337,,,,104.04
2021-12-27,1808.0999755859373,1186.82,75.49,115.5337,17.68,398.6099853515625,4791.18994140625,104.04
2021-12-28,1810.199951171875,1188.15,76.01,115.5337,17.54,401.2099914550781,4786.35009765625,104.04
2021-12-29,1805.0999755859373,1185.51,76.58,115.5337,16.95,396.7200012207031,4793.06005859375,104.04
2021-12-30,1812.699951171875,1188.59,76.83,115.5337,17.33,394.1900024414063,4778.72998046875,104.04
2021-12-31,1827.5,,75.33,115.283,17.22,,4766.18017578125,104.04
2022-01-01,,,,115.283,,,,104.85
2022-01-02,,,,115.283,,,,104.85
2022-01-03,1799.4000244140625,1191.39,75.99,115.283,16.6,,4796.56005859375,104.85
2022-01-04,1814.0,1193.77,77.0,115.283,16.91,395.3999938964844,4793.5400390625,104.85
2022-01-05,1824.5999755859373,1196.38,77.83,115.283,19.73,390.3900146484375,4700.580078125,104.85
2022-01-06,1788.699951171875,1205.02,79.47,115.283,19.61,386.2200012207031,4696.0498046875,104.85
2022-01-07,1797.0,1200.78,79.0,115.0451,18.76,390.8500061035156,4677.02978515625,104.85
2022-01-08,,,,115.0451,,,,104.85
2022-01-09,,,,115.0451,,,,104.85
2022-01-10,1798.4000244140625,1199.13,78.11,115.0451,19.4,387.5199890136719,4670.2900390625,104.85
2022-01-11,1818.5999755859373,1194.62,81.17,115.0451,18.41,388.9700012207031,4713.06982421875,104.85
2022-01-12,1827.199951171875,1187.34,82.51,115.0451,17.62,394.6600036621094,4726.35009765625,104.85
2022-01-13,1821.199951171875,1187.95,81.97,115.0451,20.31,393.0,4659.02978515625,104.85
2022-01-14,1816.5,1186.96,83.82,114.3825,19.19,387.4500122070313,4662.85009765625,104.85
2022-01-15,,,,114.3825,,,,104.85
2022-01-16,,,,114.3825,,,,104.85
2022-01-17,,,,114.3825,,383.80999755859375,,104.85
2022-01-18,1812.300048828125,1192.74,85.42,114.3825,22.79,381.010009765625,4577.10986328125,104.85
2022-01-19,1843.0999755859373,1188.51,86.84,114.3825,23.85,378.2099914550781,4532.759765625,104.85
2022-01-20,1842.5,1191.96,86.29,114.3825,25.59,380.3900146484375,4482.72998046875,104.85
2022-01-21,1831.800048828125,1193.87,85.16,114.6125,28.85,376.0799865722656,4397.93994140625,104.85
2022-01-22,,,,114.6125,,,,104.85
2022-01-23,,,,114.6125,,,,104.85
2022-01-24,1841.699951171875,1195.68,84.48,114.6125,29.9,371.2999877929688,4410.1298828125,104.85
2022-01-25,1852.699951171875,1198.66,86.61,114.6125,31.16,362.3900146484375,4356.4501953125,104.85
2022-01-26,1829.9000244140625,1197.46,88.33,114.6125,31.96,360.8299865722656,4349.93017578125,104.85
2022-01-27,1793.300048828125,1202.65,87.61,114.6125,30.49,348.5799865722656,4326.509765625,104.85
2022-01-28,1784.9000244140625,1209.04,87.67,116.0393,27.66,357.9800109863281,4431.85009765625,104.85
2022-01-29,,,,116.0393,,,,104.85
2022-01-30,,,,116.0393,,,,104.85
2022-01-31,1795.0,1206.78,89.16,116.0393,24.83,,4515.5498046875,104.85
2022-02-01,1800.300048828125,1209.44,88.22,116.0393,21.96,,4546.5400390625,105.42
2022-02-02,1809.199951171875,1201.7,88.16,116.0393,22.09,,4589.3798828125,105.42
2022-02-03,1803.0,1206.35,90.17,116.0393,24.35,361.6000061035156,4477.43994140625,105.42
2022-02-04,1806.5999755859373,1199.43,92.27,115.1362,23.22,366.3399963378906,4500.52978515625,105.42
2022-02-05,,,,115.1362,,,,105.42
2022-02-06,,,,115.1362,,,,105.42
2022-02-07,1820.5999755859373,1198.64,91.25,115.1362,22.86,362.9200134277344,4483.8701171875,105.42
2022-02-08,1826.5999755859373,1198.05,89.32,115.1362,21.44,363.4800109863281,4521.5400390625,105.42
2022-02-09,1835.199951171875,1196.36,89.57,115.1362,19.96,368.6499938964844,4587.18017578125,105.42
2022-02-10,1836.199951171875,1196.31,89.83,115.1362,23.91,371.5700073242188,4504.080078125,105.42
2022-02-11,1840.800048828125,1198.72,93.1,114.8413,27.36,368.6099853515625,4418.64013671875,105.42
2022-02-12,,,,114.8413,,,,105.42
2022-02-13,,,,114.8413,,,,105.42
2022-02-14,1868.0,1196.21,95.52,114.8413,28.33,362.9800109863281,4401.669921875,105.42
2022-02-15,1854.800048828125,1199.78,92.07,114.8413,25.7,360.4299926757813,4471.06982421875,105.42
2022-02-16,1870.199951171875,1197.51,93.83,114.8413,24.29,367.2999877929688,4475.009765625,105.42
2022-02-17,1900.699951171875,1197.39,91.78,114.8413,28.11,369.5499877929688,4380.259765625,105.42
2022-02-18,1898.5999755859373,1195.4,91.26,114.7982,27.75,368.5499877929688,4348.8701171875,105.42
2022-02-19,,,,114.7982,,,,105.42
2022-02-20,,,,114.7982,,,,105.42
2022-02-21,,,,114.7982,,368.2900085449219,,105.42
2022-02-22,1906.0999755859373,1192.07,92.11,114.7982,28.81,363.510009765625,4304.759765625,105.42
2022-02-23,1909.199951171875,1193.42,92.14,114.7982,31.02,364.4400024414063,4225.5,105.42
2022-02-24,1925.0999755859373,1202.34,92.77,114.7982,30.32,355.0400085449219,4288.7001953125,105.42
2022-02-25,1886.5,1201.93,91.68,115.2577,27.59,358.44000244140625,4384.64990234375,105.42
2022-02-26,,,,115.2577,,,,105.42
2022-02-27,,,,115.2577,,,,105.42
2022-02-28,1899.4000244140625,1202.28,96.13,115.2577,30.15,361.5400085449219,4373.93994140625,105.42
2022-03-01,1942.4000244140625,1204.34,103.66,115.2577,33.32,,4306.259765625,106.1
2022-03-02,1920.9000244140625,1205.58,110.74,115.2577,30.74,360.5899963378906,4386.5400390625,106.1
2022-03-03,1934.4000244140625,1204.35,107.69,115.2577,30.48,367.05999755859375,4363.490234375,106.1
2022-03-04,1965.0999755859373,1213.71,115.77,116.6503,31.98,361.6900024414063,4328.8701171875,106.1
2022-03-05,,,,116.6503,,,,106.1
2022-03-06,,,,116.6503,,,,106.1
2022-03-07,1993.9000244140625,1226.78,119.26,116.6503,36.45,353.0299987792969,4201.08984375,106.1
2022-03-08,2040.0999755859373,1237.18,123.64,116.6503,35.13,349.3800048828125,4170.7001953125,106.1
2022-03-09,1985.9000244140625,1234.01,108.81,116.6503,32.45,,4277.8798828125,106.1
2022-03-10,1998.0999755859373,1228.21,105.93,116.6503,30.23,358.010009765625,4259.52001953125,106.1
2022-03-11,1982.699951171875,1231.47,109.31,117.0192,30.75,355.3099975585937,4204.31005859375,106.1
2022-03-12,,,,117.0192,,,,106.1
2022-03-13,,,,117.0192,,,,106.1
2022-03-14,1959.5999755859373,1241.46,103.22,117.0192,31.77,354.6099853515625,4173.10986328125,106.1
2022-03-15,1928.5,1242.65,96.42,117.0192,29.83,351.0299987792969,4262.4501953125,106.1
2022-03-16,1908.0,1228.04,94.85,117.0192,26.67,356.0899963378906,4357.85986328125,106.1
2022-03-17,1942.0999755859373,1214.33,102.97,117.0192,25.67,361.4599914550781,4411.669921875,106.1
2022-03-18,1928.199951171875,1212.2,104.69,116.1378,23.87,362.3299865722656,4463.1201171875,106.1
2022-03-19,,,,116.1378,,,,106.1
2022-03-20,,,,116.1378,,,,106.1
2022-03-21,1928.5999755859373,1216.12,112.14,116.1378,23.53,358.7699890136719,4461.18017578125,106.1
2022-03-22,1920.699951171875,1217.09,111.03,116.1378,22.94,361.6600036621094,4511.60986328125,106.1
2022-03-23,1936.5999755859373,1217.92,114.89,116.1378,23.57,364.8399963378906,4456.240234375,106.1
2022-03-24,1961.5999755859373,1220.45,114.2,116.1378,21.67,363.3800048828125,4520.16015625,106.1
2022-03-25,1953.800048828125,1218.77,116.2,115.7921,20.81,362.05999755859375,4543.06005859375,106.1
2022-03-26,,,,115.7921,,,,106.1
2022-03-27,,,,115.7921,,,,106.1
2022-03-28,1939.5999755859373,1225.46,107.55,115.7921,19.63,362.05999755859375,4575.52001953125,106.1
2022-03-29,1912.0,1219.21,104.25,115.7921,18.9,363.7699890136719,4631.60009765625,106.1
2022-03-30,1933.5,1208.46,107.81,115.7921,19.33,364.5,4602.4501953125,106.1
2022-03-31,1949.199951171875,1211.55,100.53,115.7921,20.56,365.6099853515625,4530.41015625,106.1
2022-04-01,1919.0999755859373,1215.29,99.32,115.4814,19.63,363.1900024414063,4545.85986328125,106.83
2022-04-02,,,,115.4814,,,,106.83
2022-04-03,,,,115.4814,,,,106.83
2022-04-04,1929.199951171875,1214.72,103.29,115.4814,18.57,364.9400024414063,4582.64013671875,106.83
2022-04-05,1922.9000244140625,1212.55,101.98,115.4814,21.03,364.739990234375,4525.1201171875,106.83
2022-04-06,1918.4000244140625,1212.55,96.39,115.4814,22.1,361.010009765625,4481.14990234375,106.83
2022-04-07,1933.800048828125,1218.96,96.05,115.4814,21.55,355.7300109863281,4500.2099609375,106.83
2022-04-08,1941.5999755859373,1225.13,98.35,116.4176,21.16,356.010009765625,4488.27978515625,106.83
2022-04-09,,,,116.4176,,,,106.83
2022-04-10,,,,116.4176,,,,106.83
2022-04-11,1944.300048828125,1233.38,94.22,116.4176,24.37,355.7799987792969,4412.52978515625,106.83
2022-04-12,1972.0999755859373,1236.03,100.52,116.4176,24.26,352.32000732421875,4397.4501953125,106.83
2022-04-13,1981.0,1227.17,104.26,116.4176,21.82,359.0,4446.58984375,106.83
2022-04-14,1970.9000244140625,1224.18,106.84,116.4176,22.7,357.3800048828125,4392.58984375,106.83
2022-04-15,,1227.97,,116.7017,,353.8399963378906,,106.83
2022-04-16,,,,116.7017,,,,106.83
2022-04-17,,,,116.7017,,,,106.83
2022-04-18,1982.9000244140625,1233.73,108.24,116.7017,22.17,353.6300048828125,4391.68994140625,106.83
2022-04-19,1955.699951171875,1236.53,102.54,116.7017,21.37,357.3599853515625,4462.2099609375,106.83
2022-04-20,1952.300048828125,1235.28,102.56,116.7017,20.32,357.5199890136719,4459.4501953125,106.83
2022-04-21,1944.9000244140625,1238.13,103.89,116.7017,22.68,359.0199890136719,4393.66015625,106.83
2022-04-22,1931.0,1239.66,102.86,118.0186,28.21,355.42999267578125,4271.77978515625,106.83
2022-04-23,,,,118.0186,,,,106.83
2022-04-24,,,,118.0186,,,,106.83
2022-04-25,1893.199951171875,1249.87,99.6,118.0186,27.02,348.9800109863281,4296.1201171875,106.83
2022-04-26,1901.4000244140625,1260.37,102.62,118.0186,33.52,350.6700134277344,4175.2001953125,106.83
2022-04-27,1885.9000244140625,1269.35,101.96,118.0186,31.6,346.2099914550781,4183.9599609375,106.83
2022-04-28,1888.699951171875,1271.5,105.47,118.0186,29.99,350.1600036621094,4287.5,106.83
2022-04-29,1909.300048828125,1255.87,104.59,119.4933,33.4,355.0799865722656,4131.93017578125,106.83
2022-04-30,,,,119.4933,,,,106.83
2022-05-01,,,,119.4933,,,,107.5
2022-05-02,1861.800048828125,1265.24,105.18,119.4933,32.34,354.0199890136719,4155.3798828125,107.5
2022-05-03,1868.800048828125,1267.82,102.53,119.4933,29.25,353.32000732421875,4175.47998046875,107.5
2022-05-04,1867.0,1265.22,107.84,119.4933,25.42,353.8500061035156,4300.169921875,107.5
2022-05-05,1874.0,1256.05,108.17,119.4933,31.2,,4146.8701171875,107.5
2022-05-06,1881.199951171875,1272.58,109.72,119.8577,30.19,349.0,4123.33984375,107.5
2022-05-07,,,,119.8577,,,,107.5
2022-05-08,,,,119.8577,,,,107.5
2022-05-09,1857.0999755859373,1276.29,103.08,119.8577,34.75,,3991.239990234375,107.5
2022-05-10,1839.9000244140625,1275.02,99.74,119.8577,32.99,343.6700134277344,4001.050048828125,107.5
2022-05-11,1852.5999755859373,1275.04,105.5,119.8577,32.56,343.44000244140625,3935.179931640625,107.5
2022-05-12,1823.800048828125,1288.65,106.15,119.8577,31.77,337.94000244140625,3930.080078125,107.5
2022-05-13,1807.4000244140625,1283.51,110.52,120.8442,28.87,345.5,4023.889892578125,107.5
2022-05-14,,,,120.8442,,,,107.5
2022-05-15,,,,120.8442,,,,107.5
2022-05-16,1813.5,1284.79,114.07,120.8442,27.47,343.94000244140625,4008.010009765625,107.5
2022-05-17,1818.199951171875,1274.33,112.31,120.8442,26.1,347.5299987792969,4088.85009765625,107.5
2022-05-18,1815.9000244140625,1266.36,109.67,120.8442,30.96,348.3399963378906,3923.679931640625,107.5
2022-05-19,1841.199951171875,1276.91,112.21,120.8442,29.35,343.239990234375,3900.7900390625,107.5
2022-05-20,1841.800048828125,1267.87,112.63,119.3677,29.43,349.2900085449219,3901.360107421875,107.5
2022-05-21,,,,119.3677,,,,107.5
2022-05-22,,,,119.3677,,,,107.5
2022-05-23,1847.800048828125,1263.85,110.32,119.3677,28.48,350.3399963378906,3973.75,107.5
2022-05-24,1865.0999755859373,1265.97,112.55,119.3677,29.45,344.0799865722656,3941.47998046875,107.5
2022-05-25,1846.199951171875,1264.58,112.88,119.3677,28.37,345.6000061035156,3978.72998046875,107.5
2022-05-26,1847.4000244140625,1267.83,116.19,119.3677,27.5,344.260009765625,4057.840087890625,107.5
2022-05-27,1851.300048828125,1250.13,114.96,118.2834,25.72,348.0400085449219,4158.240234375,107.5
2022-05-28,,,,118.2834,,,,107.5
2022-05-29,,,,118.2834,,,,107.5
2022-05-30,,,,118.2834,26.54,352.489990234375,,107.5
2022-05-31,1842.699951171875,1236.93,114.38,118.2834,26.19,354.5400085449219,4132.14990234375,107.5
2022-06-01,1843.300048828125,1246.52,115.26,118.2834,25.69,,4101.22998046875,108.21
2022-06-02,1866.5,1252.03,116.88,118.2834,24.72,350.510009765625,4176.81982421875,108.21
2022-06-03,1845.4000244140625,1242.23,118.97,118.2153,24.79,352.010009765625,4108.5400390625,108.21
2022-06-04,,,,118.2153,,,,108.21
2022-06-05,,,,118.2153,,,,108.21
2022-06-06,1839.199951171875,1253.52,118.41,118.2153,25.07,,4121.43017578125,108.21
2022-06-07,1847.5,1255.32,119.55,118.2153,24.02,345.6700134277344,4160.68017578125,108.21
2022-06-08,1851.9000244140625,1253.5,121.94,118.2153,23.96,346.2200012207031,4115.77001953125,108.21
2022-06-09,1848.800048828125,1256.91,121.52,118.2153,26.09,346.6199951171875,4017.820068359375,108.21
2022-06-10,1871.5,1268.01,120.73,119.9981,27.75,341.8900146484375,3900.860107421875,108.21
2022-06-11,,,,119.9981,,,,108.21
2022-06-12,,,,119.9981,,,,108.21
2022-06-13,1828.0,1283.69,120.92,119.9981,34.02,329.8800048828125,3749.6298828125,108.21
2022-06-14,1809.5,1285.87,118.92,119.9981,32.69,328.2300109863281,3735.47998046875,108.21
2022-06-15,1815.300048828125,1290.05,115.32,119.9981,29.62,322.2099914550781,3789.989990234375,108.21
2022-06-16,1845.699951171875,1286.76,117.56,119.9981,32.95,322.25,3666.77001953125,108.21
2022-06-17,1835.5999755859373,1287.36,109.56,121.2369,31.13,320.0899963378906,3674.840087890625,108.21
2022-06-18,,,,121.2369,,,,108.21
2022-06-19,,,,121.2369,,,,108.21
2022-06-20,,,,121.2369,31.03,314.44000244140625,,108.21
2022-06-21,1834.5999755859373,1293.25,110.49,121.2369,30.19,316.3800048828125,3764.7900390625,108.21
2022-06-22,1834.300048828125,1297.21,106.22,121.2369,28.95,308.0799865722656,3759.889892578125,108.21
2022-06-23,1825.699951171875,1300.86,105.75,121.2369,29.05,305.45001220703125,3795.72998046875,108.21
2022-06-24,1826.5,1298.71,109.07,120.4853,27.23,312.07000732421875,3911.739990234375,108.21
2022-06-25,,,,120.4853,,,,108.21
2022-06-26,,,,120.4853,,,,108.21
2022-06-27,1820.9000244140625,1286.2,111.44,120.4853,26.95,316.20001220703125,3900.110107421875,108.21
2022-06-28,1817.5,1290.18,113.66,120.4853,28.36,319.1099853515625,3821.550048828125,108.21
2022-06-29,1813.699951171875,1298.39,111.65,120.4853,28.16,312.8599853515625,3818.830078125,108.21
2022-06-30,1804.0999755859373,1298.95,107.76,120.4853,28.71,307.20001220703125,3785.3798828125,108.21
2022-07-01,1798.9000244140625,1297.18,110.3,121.5058,26.7,304.0199890136719,3825.330078125,108.73
2022-07-02,,,,121.5058,,,,108.73
2022-07-03,,,,121.5058,,,,108.73
2022-07-04,,,,121.5058,27.53,304.010009765625,,108.73
2022-07-05,1761.800048828125,1299.69,101.55,121.5058,27.54,309.0299987792969,3831.389892578125,108.73
2022-07-06,1734.9000244140625,1307.1,100.31,121.5058,26.73,302.2799987792969,3845.080078125,108.73
2022-07-07,1737.9000244140625,1299.51,104.62,121.5058,26.08,308.3099975585937,3902.6201171875,108.73
2022-07-08,1740.5999755859375,1299.51,106.78,122.4662,24.64,310.1499938964844,3899.3798828125,108.73
2022-07-09,,,,122.4662,,,,108.73
2022-07-10,,,,122.4662,,,,108.73
2022-07-11,1730.0,1308.9,106.09,122.4662,26.17,308.2900085449219,3854.429931640625,108.73
2022-07-12,1723.300048828125,1311.91,97.69,122.4662,27.29,305.0299987792969,3818.800048828125,108.73
2022-07-13,1734.199951171875,1306.65,98.44,122.4662,26.82,306.5899963378906,3801.780029296875,108.73
2022-07-14,1704.5,1311.76,97.79,122.4662,26.4,305.3500061035156,3790.3798828125,108.73
2022-07-15,1702.4000244140625,1321.15,99.59,123.4765,24.23,307.9100036621094,3863.159912109375,108.73
2022-07-16,,,,123.4765,,,,108.73
2022-07-17,,,,123.4765,,,,108.73
2022-07-18,1709.199951171875,1316.7,104.48,123.4765,25.3,314.8699951171875,3830.85009765625,108.73
2022-07-19,1710.0,1313.52,106.12,123.4765,24.5,313.8999938964844,3936.68994140625,108.73
2022-07-20,1699.5,1313.1,104.45,123.4765,23.88,316.0199890136719,3959.89990234375,108.73
2022-07-21,1712.699951171875,1307.58,98.44,123.4765,23.11,319.67999267578125,3998.949951171875,108.73
2022-07-22,1727.0999755859375,1312.82,97.71,122.451,23.03,317.3299865722656,3961.6298828125,108.73
2022-07-23,,,,122.451,,,,108.73
2022-07-24,,,,122.451,,,,108.73
2022-07-25,1719.0,1313.27,99.83,122.451,23.36,318.3399963378906,3966.840087890625,108.73
2022-07-26,1717.699951171875,1308.33,97.74,122.451,24.69,319.6099853515625,3921.050048828125,108.73
2022-07-27,1719.0999755859375,1313.14,100.03,122.451,23.24,319.739990234375,4023.610107421875,108.73
2022-07-28,1750.300048828125,1299.69,99.11,122.451,22.33,321.6199951171875,4072.429931640625,108.73
2022-07-29,1762.9000244140625,1299.08,101.31,121.7678,21.33,323.3099975585937,4130.2900390625,108.73
2022-07-30,,,,121.7678,,,,108.73
2022-07-31,,,,121.7678,,,,108.73
2022-08-01,1769.0,1304.18,96.59,121.7678,22.84,322.9700012207031,4118.6298828125,108.63
2022-08-02,1771.0999755859375,1304.89,97.14,121.7678,23.93,321.6400146484375,4091.18994140625,108.63
2022-08-03,1758.0,1310.69,93.25,121.7678,21.95,323.79998779296875,4155.169921875,108.63
2022-08-04,1788.5,1310.2,91.29,121.7678,21.44,325.4700012207031,4151.93994140625,108.63
2022-08-05,1772.9000244140625,1298.22,91.77,122.321,21.15,327.5,4145.18994140625,108.63
2022-08-06,,,,122.321,,,,108.63
2022-08-07,,,,122.321,,,,108.63
2022-08-08,1786.800048828125,1306.11,93.52,122.321,21.29,327.2300109863281,4140.06005859375,108.63
2022-08-09,1794.0,1304.5,93.18,122.321,21.77,328.1099853515625,4122.47021484375,108.63
2022-08-10,1795.5999755859375,1310.54,94.68,122.321,19.74,324.3500061035156,4210.240234375,108.63
2022-08-11,1789.699951171875,1302.72,97.02,122.321,20.2,329.9200134277344,4207.27001953125,108.63
2022-08-12,1798.5999755859375,1302.13,94.86,121.018,19.53,330.6700134277344,4280.14990234375,108.63
2022-08-13,,,,121.018,,,,108.63
2022-08-14,,,,121.018,,,,108.63
2022-08-15,1781.4000244140625,1305.85,92.24,121.018,19.95,,4297.14013671875,108.63
2022-08-16,1773.199951171875,1308.54,89.23,121.018,19.69,331.7799987792969,4305.2001953125,108.63
2022-08-17,1760.300048828125,1310.16,90.85,121.018,19.9,329.9100036621094,4274.0400390625,108.63
2022-08-18,1755.300048828125,1319.94,93.2,121.018,19.56,328.79998779296875,4283.740234375,108.63
2022-08-19,1747.5999755859375,1325.5,93.55,123.0501,20.6,326.7900085449219,4228.47998046875,108.63
2022-08-20,,,,123.0501,,,,108.63
2022-08-21,,,,123.0501,,,,108.63
2022-08-22,1734.0,1339.4,93.42,123.0501,23.8,322.7699890136719,4137.990234375,108.63
2022-08-23,1746.800048828125,1339.4,96.46,123.0501,24.11,318.69000244140625,4128.72998046875,108.63
2022-08-24,1747.800048828125,1342.05,95.52,123.0501,22.82,319.8599853515625,4140.77001953125,108.63
2022-08-25,1757.699951171875,1335.46,93.33,123.0501,21.78,323.6300048828125,4199.1201171875,108.63
2022-08-26,1736.0999755859375,1331.17,93.63,123.0656,25.56,323.9100036621094,4057.659912109375,108.63
2022-08-27,,,,123.0656,,,,108.63
2022-08-28,,,,123.0656,,,,108.63
2022-08-29,1736.5999755859375,1349.8,97.4,123.0656,26.21,316.3500061035156,4030.610107421875,108.63
2022-08-30,1723.199951171875,1346.37,92.08,123.0656,26.21,319.489990234375,3986.159912109375,108.63
2022-08-31,1712.800048828125,1338.66,90.09,123.0656,25.87,322.9599914550781,3955.0,108.63
2022-09-01,1696.5999755859375,1354.34,87.09,123.0656,25.56,315.0199890136719,3966.85009765625,108.82
2022-09-02,1709.800048828125,1362.2,87.29,123.7743,25.47,312.9200134277344,3924.260009765625,108.82
2022-09-03,,,,123.7743,,,,108.82
2022-09-04,,,,123.7743,,,,108.82
2022-09-05,,,,123.7743,25.99,312.4700012207031,,108.82
2022-09-06,1700.4000244140625,1378.95,87.35,123.7743,26.91,313.010009765625,3908.18994140625,108.82
2022-09-07,1715.300048828125,1383.72,82.5,123.7743,24.64,308.1600036621094,3979.8701171875,108.82
2022-09-08,1708.0,1380.51,84.04,123.7743,23.61,309.1199951171875,4006.179931640625,108.82
2022-09-09,1716.199951171875,1376.74,87.27,123.7874,22.79,,4067.360107421875,108.82
2022-09-10,,,,123.7874,,,,108.82
2022-09-11,,,,123.7874,,,,108.82
2022-09-12,1728.0999755859375,1377.38,88.18,123.7874,23.87,,4110.41015625,108.82
2022-09-13,1705.0,1373.76,87.84,123.7874,27.27,318.5599975585937,3932.68994140625,108.82
2022-09-14,1696.5,1391.1,88.88,123.7874,26.16,312.739990234375,3946.010009765625,108.82
2022-09-15,1665.4000244140625,1393.93,85.72,123.7874,26.27,310.6300048828125,3901.35009765625,108.82
2022-09-16,1671.699951171875,1384.48,85.57,124.8794,26.3,308.69000244140625,3873.330078125,108.82
2022-09-17,,,,124.8794,,,,108.82
2022-09-18,,,,124.8794,,,,108.82
2022-09-19,1666.199951171875,1393.05,86.15,124.8794,25.76,306.489990234375,3899.889892578125,108.82
2022-09-20,1659.699951171875,1389.86,84.69,124.8794,27.16,307.5400085449219,3855.929931640625,108.82
2022-09-21,1664.5999755859375,1395.92,83.38,124.8794,27.99,304.6700134277344,3789.929931640625,108.82
2022-09-22,1670.800048828125,1412.29,84.02,124.8794,27.35,301.6499938964844,3757.989990234375,108.82
2022-09-23,1645.300048828125,1409.42,79.07,127.2853,29.92,297.739990234375,3693.22998046875,108.82
2022-09-24,,,,127.2853,,,,108.82
2022-09-25,,,,127.2853,,,,108.82
2022-09-26,1623.300048828125,1432.47,77.17,127.2853,32.26,289.7699890136719,3655.0400390625,108.82
2022-09-27,1626.699951171875,1422.39,78.91,127.2853,32.6,290.20001220703125,3647.2900390625,108.82
2022-09-28,1660.4000244140625,1440.5,82.61,127.2853,30.18,283.19000244140625,3719.0400390625,108.82
2022-09-29,1658.5,1439.15,81.78,127.2853,31.84,282.6499938964844,3640.469970703125,108.82
2022-09-30,1662.4000244140625,1431.67,79.91,127.5148,31.62,281.3599853515625,3585.6201171875,108.82
2022-10-01,,,,127.5148,,,,109.16
2022-10-02,,,,127.5148,,,,109.16
2022-10-03,1692.9000244140625,1434.83,84.05,127.5148,30.1,,3678.429931640625,109.16
2022-10-04,1721.0999755859375,1425.75,86.87,127.5148,29.07,288.2699890136719,3790.929931640625,109.16
2022-10-05,1711.4000244140625,1410.74,88.22,127.5148,28.55,289.04998779296875,3783.280029296875,109.16
2022-10-06,1711.699951171875,1402.33,88.9,127.5148,30.52,291.260009765625,3744.52001953125,109.16
2022-10-07,1700.5,1412.54,93.07,127.3111,31.36,290.4100036621094,3639.659912109375,109.16
2022-10-08,,,,127.3111,,,,109.16
2022-10-09,,,,127.3111,,,,109.16
2022-10-10,1667.300048828125,,91.6,127.3111,32.45,,3612.389892578125,109.16
2022-10-11,1678.699951171875,1435.36,89.75,127.3111,33.63,284.9599914550781,3588.840087890625,109.16
2022-10-12,1670.300048828125,1423.81,87.83,127.3111,33.57,287.0899963378906,3577.030029296875,109.16
2022-10-13,1670.0,1430.4,89.59,127.3111,31.94,282.57000732421875,3669.909912109375,109.16
2022-10-14,1641.699951171875,1428.06,86.1,128.3325,32.02,289.3599853515625,3583.070068359375,109.16
2022-10-15,,,,128.3325,,,,109.16
2022-10-16,,,,128.3325,,,,109.16
2022-10-17,1657.0,1434.73,86.0,128.3325,31.37,289.57000732421875,3677.949951171875,109.16
2022-10-18,1649.0,1422.19,83.29,128.3325,30.5,293.5899963378906,3719.97998046875,109.16
2022-10-19,1627.5,1426.07,86.0,128.3325,30.76,291.2900085449219,3695.159912109375,109.16
2022-10-20,1630.800048828125,1431.63,86.02,128.3325,29.98,288.6099853515625,3665.780029296875,109.16
2022-10-21,1651.0,1440.31,85.47,127.6735,29.69,288.57000732421875,3752.75,109.16
2022-10-22,,,,127.6735,,,,109.16
2022-10-23,,,,127.6735,,,,109.16
2022-10-24,1648.699951171875,1439.14,86.12,127.6735,29.85,291.4700012207031,3797.340087890625,109.16
2022-10-25,1652.800048828125,1432.46,86.93,127.6735,28.46,291.5799865722656,3859.110107421875,109.16
2022-10-26,1664.0,1425.68,89.39,127.6735,27.28,293.8500061035156,3830.60009765625,109.16
2022-10-27,1660.699951171875,1419.0,89.06,127.6735,27.39,298.82000732421875,3807.300048828125,109.16
2022-10-28,1639.5999755859375,1421.67,87.85,127.2135,25.75,295.0599975585937,3901.06005859375,109.16
2022-10-29,,,,127.2135,,,,109.16
2022-10-30,,,,127.2135,,,,109.16
2022-10-31,1635.9000244140625,1424.6,86.54,127.2135,25.88,299.5799865722656,3871.97998046875,109.16
2022-11-01,1645.0,1416.2,88.36,127.2135,25.81,303.8800048828125,3856.10009765625,109.07
2022-11-02,1645.699951171875,1418.31,90.06,127.2135,25.86,303.8699951171875,3759.68994140625,109.07
2022-11-03,1627.300048828125,1423.99,88.14,127.2135,25.3,301.6600036621094,3719.889892578125,109.07
2022-11-04,1672.5,1423.99,92.58,127.1468,24.55,304.3299865722656,3770.550048828125,109.07
2022-11-05,,,,127.1468,,,,109.07
2022-11-06,,,,127.1468,,,,109.07
2022-11-07,1676.5,1402.05,91.8,127.1468,24.35,307.8699951171875,3806.800048828125,109.07
2022-11-08,1712.0999755859375,1384.61,88.8,127.1468,25.54,312.010009765625,3828.110107421875,109.07
2022-11-09,1710.0999755859375,1364.85,85.79,127.1468,26.09,315.2300109863281,3748.570068359375,109.07
2022-11-10,1750.300048828125,1377.52,86.52,127.1468,23.53,311.1300048828125,3956.3701171875,109.07
2022-11-11,1766.0,,89.14,124.7044,22.52,323.0899963378906,3992.929931640625,109.07
2022-11-12,,,,124.7044,,,,109.07
2022-11-13,,,,124.7044,,,,109.07
2022-11-14,1773.5999755859375,1327.38,85.85,124.7044,23.73,321.5299987792969,3957.25,109.07
2022-11-15,1773.800048828125,1317.88,86.87,124.7044,24.54,322.3099975585937,3991.72998046875,109.07
2022-11-16,1773.0,1326.46,85.62,124.7044,24.11,321.9599914550781,3958.7900390625,109.07
2022-11-17,1760.800048828125,1338.97,81.69,124.7044,23.93,316.75,3946.56005859375,109.07
2022-11-18,1751.9000244140625,1339.61,80.07,123.8524,23.12,317.1199951171875,3965.340087890625,109.07
2022-11-19,,,,123.8524,,,,109.07
2022-11-20,,,,123.8524,,,,109.07
2022-11-21,1737.4000244140625,1354.87,79.74,123.8524,22.36,314.6700134277344,3949.93994140625,109.07
2022-11-22,1738.300048828125,1356.66,80.83,123.8524,21.29,312.0199890136719,4003.580078125,109.07
2022-11-23,1744.9000244140625,1352.49,77.93,123.8524,20.35,314.1099853515625,4027.260009765625,109.07
2022-11-24,,,,123.8524,20.42,317.29998779296875,,109.07
2022-11-25,1753.300048828125,1325.22,76.45,123.3386,20.5,316.07000732421875,4026.1201171875,109.07
2022-11-26,,,,123.3386,,,,109.07
2022-11-27,,,,123.3386,,,,109.07
2022-11-28,1740.0999755859375,1340.66,77.1,123.3386,22.21,312.2099914550781,3963.93994140625,109.07
2022-11-29,1748.4000244140625,1327.24,77.96,123.3386,21.89,315.5799865722656,3957.6298828125,109.07
2022-11-30,1746.0,1316.84,80.48,123.3386,20.58,321.0,4080.110107421875,109.07
2022-12-01,1801.0999755859375,1299.11,81.06,123.3386,19.84,322.0199890136719,4076.570068359375,109.26
2022-12-02,1795.9000244140625,1300.5,79.86,122.0102,19.06,315.0199890136719,4071.699951171875,109.26
2022-12-03,,,,122.0102,,,,109.26
2022-12-04,,,,122.0102,,,,109.26
2022-12-05,1767.4000244140625,1292.58,76.83,122.0102,20.75,313.9100036621094,3998.840087890625,109.26
2022-12-06,1769.300048828125,1319.31,74.21,122.0102,22.17,310.1400146484375,3941.260009765625,109.26
2022-12-07,1785.5,1322.23,71.93,122.0102,22.68,308.2699890136719,3933.919921875,109.26
2022-12-08,1788.699951171875,1317.56,71.3,122.0102,22.29,308.239990234375,3963.510009765625,109.26
2022-12-09,1798.0999755859375,1301.61,71.05,122.4201,22.83,311.6300048828125,3934.3798828125,109.26
2022-12-10,,,,122.4201,,,,109.26
2022-12-11,,,,122.4201,,,,109.26
2022-12-12,1780.5,1307.62,72.96,122.4201,25.0,309.6400146484375,3990.56005859375,109.26
2022-12-13,1813.9000244140625,1301.47,75.44,122.4201,22.55,309.5599975585937,4019.64990234375,109.26
2022-12-14,1807.5,1294.79,77.14,122.4201,21.14,313.2300109863281,3995.320068359375,109.26
2022-12-15,1777.199951171875,1302.91,75.89,122.4201,22.83,307.7300109863281,3895.75,109.26
2022-12-16,1790.0,1307.73,74.19,122.6505,22.62,307.4800109863281,3852.360107421875,109.26
2022-12-17,,,,122.6505,,,,109.26
2022-12-18,,,,122.6505,,,,109.26
2022-12-19,1787.699951171875,1302.29,75.05,122.6505,22.42,306.7699890136719,3817.659912109375,109.26
2022-12-20,1815.9000244140625,1290.41,75.92,122.6505,21.48,304.04998779296875,3821.6201171875,109.26
2022-12-21,1815.9000244140625,1284.7,78.17,122.6505,20.07,303.2300109863281,3878.43994140625,109.26
2022-12-22,1787.0,1275.68,77.68,122.6505,21.97,307.4800109863281,3822.389892578125,109.26
2022-12-23,1795.9000244140625,1280.02,79.57,121.9743,20.87,302.07000732421875,3844.820068359375,109.26
2022-12-24,,,,121.9743,,,,109.26
2022-12-25,,,,121.9743,,,,109.26
2022-12-26,,,,121.9743,,302.2699890136719,,109.26
2022-12-27,1814.800048828125,1271.0,79.45,121.9743,21.65,304.2200012207031,3829.25,109.26
2022-12-28,1807.9000244140625,1267.54,78.89,121.9743,22.14,297.0899963378906,3783.219970703125,109.26
2022-12-29,1819.5,1265.58,78.43,121.9743,21.44,291.1000061035156,3849.280029296875,109.26
2022-12-30,1819.699951171875,1260.18,80.16,121.4256,21.67,,3839.5,109.26
2022-12-31,,,,121.4256,,,,109.26
2023-01-01,,,,121.4256,,,,110.07
2023-01-02,,,,121.4256,,289.7900085449219,,110.07
2023-01-03,1839.699951171875,1271.1,76.87,121.4256,22.9,289.5799865722656,3824.139892578125,110.07
2023-01-04,1852.800048828125,1272.15,72.82,121.4256,22.01,295.9800109863281,3852.969970703125,110.07
2023-01-05,1834.800048828125,1268.91,73.61,121.4256,22.46,297.8699951171875,3808.10009765625,110.07
2023-01-06,1864.199951171875,1268.13,73.77,121.0852,21.13,301.5299987792969,3895.080078125,110.07
2023-01-07,,,,121.0852,,,,110.07
2023-01-08,,,,121.0852,,,,110.07
2023-01-09,1872.699951171875,1243.62,74.69,121.0852,21.97,309.69000244140625,3892.090087890625,110.07
2023-01-10,1871.5999755859373,1243.83,75.11,121.0852,20.58,309.57000732421875,3919.25,110.07
2023-01-11,1874.5999755859373,1245.39,77.46,121.0852,21.09,310.3800048828125,3969.610107421875,110.07
2023-01-12,1895.5,1246.26,78.32,121.0852,18.83,310.70001220703125,3983.169921875,110.07
2023-01-13,1918.4000244140625,1241.59,79.9,119.1673,18.35,313.7699890136719,3999.090087890625,110.07
2023-01-14,,,,119.1673,,,,110.07
2023-01-15,,,,119.1673,,,,110.07
2023-01-16,,,,119.1673,19.49,316.0400085449219,,110.07
2023-01-17,1907.199951171875,1238.7,80.25,119.1673,19.36,313.75,3990.969970703125,110.07
2023-01-18,1904.4000244140625,1237.32,79.53,119.1673,20.34,311.9100036621094,3928.860107421875,110.07
2023-01-19,1922.0999755859373,1232.05,80.31,119.1673,20.52,313.8099975585937,3898.85009765625,110.07
2023-01-20,1926.4000244140625,1235.57,81.27,119.3486,19.85,315.5799865722656,3972.610107421875,110.07
2023-01-21,,,,119.3486,,,,110.07
2023-01-22,,,,119.3486,,,,110.07
2023-01-23,1927.0999755859373,1228.59,81.62,119.3486,19.81,,4019.81005859375,110.07
2023-01-24,1933.9000244140625,1234.79,79.86,119.3486,19.2,,4016.949951171875,110.07
2023-01-25,1941.199951171875,1231.67,79.78,119.3486,19.08,320.760009765625,4016.219970703125,110.07
2023-01-26,1929.0999755859373,1230.95,80.64,119.3486,18.73,325.57000732421875,4060.429931640625,110.07
2023-01-27,1928.5999755859373,1231.53,79.73,118.9223,18.51,327.9800109863281,4070.56005859375,110.07
2023-01-28,,,,118.9223,,,,110.07
2023-01-29,,,,118.9223,,,,110.07
2023-01-30,1922.9000244140625,1227.31,77.97,118.9223,19.94,322.6700134277344,4017.77001953125,110.07
2023-01-31,1929.5,1231.95,78.95,118.9223,19.4,317.260009765625,4076.60009765625,110.07
2023-02-01,1927.800048828125,1231.77,76.34,118.9223,17.87,321.19000244140625,4119.2099609375,110.33
2023-02-02,1916.300048828125,1220.34,75.87,118.9223,18.73,323.92999267578125,4179.759765625,110.33
2023-02-03,1862.9000244140625,1229.22,73.4,119.5095,18.33,325.8599853515625,4136.47998046875,110.33
2023-02-04,,,,119.5095,,,,110.33
2023-02-05,,,,119.5095,,,,110.33
2023-02-06,1866.199951171875,1252.61,74.11,119.5095,19.43,318.8299865722656,4111.080078125,110.33
2023-02-07,1871.699951171875,1255.53,77.17,119.5095,18.66,320.54998779296875,4164.0,110.33
2023-02-08,1877.4000244140625,1260.03,78.47,119.5095,19.63,325.6300048828125,4117.85986328125,110.33
2023-02-09,1866.199951171875,1259.67,78.04,119.5095,20.71,324.8999938964844,4081.5,110.33
2023-02-10,1862.800048828125,1264.15,79.74,120.1419,20.53,323.69000244140625,4090.4599609375,110.33
2023-02-11,,,,120.1419,,,,110.33
2023-02-12,,,,120.1419,,,,110.33
2023-02-13,1851.9000244140625,1277.05,80.14,120.1419,20.34,321.75,4137.2900390625,110.33
2023-02-14,1854.0,1268.93,79.08,120.1419,18.91,323.4700012207031,4136.1298828125,110.33
2023-02-15,1834.199951171875,1282.16,78.57,120.1419,18.23,317.989990234375,4147.60009765625,110.33
2023-02-16,1842.0,1284.33,78.45,120.1419,20.17,324.1000061035156,4090.409912109375,110.33
2023-02-17,1840.4000244140625,1299.62,76.31,120.5526,20.02,320.7799987792969,4079.090087890625,110.33
2023-02-18,,,,120.5526,,,,110.33
2023-02-19,,,,120.5526,,,,110.33
2023-02-20,,,,120.5526,21.23,321.7900085449219,,110.33
2023-02-21,1833.0,1295.99,76.28,120.5526,22.87,321.5599975585937,3997.340087890625,110.33
2023-02-22,1832.0,1304.31,73.95,120.5526,22.29,315.94000244140625,3991.050048828125,110.33
2023-02-23,1818.0,1296.79,75.26,120.5526,21.14,319.44000244140625,4012.320068359375,110.33
2023-02-24,1808.800048828125,1304.59,76.19,121.5681,21.67,316.94000244140625,3970.0400390625,110.33
2023-02-25,,,,121.5681,,,,110.33
2023-02-26,,,,121.5681,,,,110.33
2023-02-27,1817.0,1322.45,75.57,121.5681,20.95,313.94000244140625,3982.239990234375,110.33
2023-02-28,1828.9000244140625,1323.45,76.88,121.5681,20.7,314.79998779296875,3970.14990234375,110.33
2023-03-01,1837.699951171875,1315.15,77.57,121.5681,20.58,,3951.389892578125,110.52
2023-03-02,1833.5,1313.96,78.05,121.5681,19.59,316.260009765625,3981.35009765625,110.52
2023-03-03,1847.699951171875,1300.59,79.62,120.7742,18.49,316.3599853515625,4045.639892578125,110.52
2023-03-04,,,,120.7742,,,,110.52
2023-03-05,,,,120.7742,,,,110.52
2023-03-06,1847.9000244140625,1296.14,80.39,120.7742,18.61,320.94000244140625,4048.419921875,110.52
2023-03-07,1813.9000244140625,1299.7,77.45,120.7742,19.59,319.79998779296875,3986.3701171875,110.52
2023-03-08,1812.699951171875,1320.81,76.56,120.7742,19.11,315.3800048828125,3992.010009765625,110.52
2023-03-09,1829.300048828125,1321.58,75.6,120.7742,22.61,314.0400085449219,3918.320068359375,110.52
2023-03-10,1862.0,1324.51,76.55,121.2421,24.8,310.6499938964844,3861.590087890625,110.52
2023-03-11,,,,121.2421,,,,110.52
2023-03-12,,,,121.2421,,,,110.52
2023-03-13,1911.699951171875,1300.46,74.68,121.2421,26.52,313.2099914550781,3855.760009765625,110.52
2023-03-14,1906.199951171875,1306.13,71.18,121.2421,23.73,305.5799865722656,3919.2900390625,110.52
2023-03-15,1926.5999755859373,1317.78,67.38,121.2421,26.14,309.1000061035156,3891.929931640625,110.52
2023-03-16,1919.0,1312.13,68.15,121.2421,22.99,308.3900146484375,3960.280029296875,110.52
2023-03-17,1969.800048828125,1303.75,66.61,121.5643,25.51,312.07000732421875,3916.639892578125,110.52
2023-03-18,,,,121.5643,,,,110.52
2023-03-19,,,,121.5643,,,,110.52
2023-03-20,1979.199951171875,1310.69,67.56,121.5643,24.15,309.489990234375,3951.570068359375,110.52
2023-03-21,1938.0,1310.65,69.4,121.5643,21.38,310.3599853515625,4002.8701171875,110.52
2023-03-22,1946.800048828125,1307.5,70.71,121.5643,22.26,314.1099853515625,3936.969970703125,110.52
2023-03-23,1993.800048828125,1278.93,69.77,121.5643,22.61,315.75,3948.719970703125,110.52
2023-03-24,1982.0999755859373,1292.57,69.22,120.4598,21.74,314.29998779296875,3970.989990234375,110.52
2023-03-25,,,,120.4598,,,,110.52
2023-03-26,,,,120.4598,,,,110.52
2023-03-27,1952.4000244140625,1301.01,72.87,120.4598,20.6,312.8500061035156,3977.530029296875,110.52
2023-03-28,1972.4000244140625,1298.26,73.12,120.4598,19.97,316.3599853515625,3971.27001953125,110.52
2023-03-29,1966.0999755859373,1303.38,72.95,120.4598,19.12,317.010009765625,4027.81005859375,110.52
2023-03-30,1980.300048828125,1298.89,74.32,120.4598,19.02,318.04998779296875,4050.830078125,110.52
2023-03-31,1969.0,1303.8,75.68,119.3602,18.7,322.0299987792969,4109.31005859375,110.52
2023-04-01,,,,119.3602,,,,110.77
2023-04-02,,,,119.3602,,,,110.77
2023-04-03,1983.9000244140625,1316.38,80.4,119.3602,18.55,320.3800048828125,4124.509765625,110.77
2023-04-04,2022.199951171875,1315.1,80.7,119.3602,19.0,321.75,4100.60009765625,110.77
2023-04-05,2020.9000244140625,1310.05,80.69,119.3602,19.08,323.5599975585937,4090.3798828125,110.77
2023-04-06,2011.9000244140625,1319.1,80.7,119.3602,18.4,317.82000732421875,4105.02001953125,110.77
2023-04-07,,1319.1,,119.3547,,323.3599853515625,,110.77
2023-04-08,,,,119.3547,,,,110.77
2023-04-09,,,,119.3547,,,,110.77
2023-04-10,1989.0999755859373,1319.09,79.79,119.3547,18.97,326.3800048828125,4109.10986328125,110.77
2023-04-11,2004.800048828125,1322.04,81.54,119.3547,19.1,330.8699951171875,4108.93994140625,110.77
2023-04-12,2010.9000244140625,1325.34,83.26,119.3547,19.09,332.0899963378906,4091.949951171875,110.77
2023-04-13,2041.300048828125,1310.68,82.16,119.3547,17.8,333.0899963378906,4146.22021484375,110.77
2023-04-14,2002.199951171875,1299.12,82.58,118.8567,17.07,333.67999267578125,4137.64013671875,110.77
2023-04-15,,,,118.8567,,,,110.77
2023-04-16,,,,118.8567,,,,110.77
2023-04-17,1994.199951171875,1311.36,80.93,118.8567,16.95,333.9200134277344,4151.31982421875,110.77
2023-04-18,2007.4000244140625,1318.43,80.85,118.8567,16.83,333.5,4154.8701171875,110.77
2023-04-19,1995.199951171875,1325.28,79.18,118.8567,16.46,333.7699890136719,4154.52001953125,110.77
2023-04-20,2007.5999755859373,1323.28,77.27,118.8567,17.17,332.6600036621094,4129.7900390625,110.77
2023-04-21,1979.5,1327.53,77.86,119.3117,16.77,330.94000244140625,4133.52001953125,110.77
2023-04-22,,,,119.3117,,,,110.77
2023-04-23,,,,119.3117,,,,110.77
2023-04-24,1989.0999755859373,1334.94,78.64,119.3117,16.89,328.70001220703125,4137.0400390625,110.77
2023-04-25,1994.0,1331.93,77.05,119.3117,18.76,324.4800109863281,4071.6298828125,110.77
2023-04-26,1985.699951171875,1336.23,74.33,119.3117,18.84,323.9700012207031,4055.989990234375,110.77
2023-04-27,1989.9000244140625,1337.75,74.77,119.3117,17.03,325.0899963378906,4135.35009765625,110.77
2023-04-28,1990.0999755859373,1338.41,76.78,119.2248,15.78,326.4599914550781,4169.47998046875,110.77
2023-04-29,,,,119.2248,,,,110.77
2023-04-30,,,,119.2248,,,,110.77
2023-05-01,1983.4000244140625,1339.65,75.65,119.2248,16.08,,4167.8701171875,111.13
2023-05-02,2014.300048828125,1341.0,71.71,119.2248,17.78,329.0899963378906,4119.580078125,111.13
2023-05-03,2028.5999755859373,1337.94,68.62,119.2248,18.34,326.5199890136719,4090.75,111.13
2023-05-04,2048.0,1322.21,68.52,119.2248,20.09,326.1700134277344,4061.219970703125,111.13
2023-05-05,2017.4000244140625,1318.38,71.32,118.5548,17.19,,4136.25,111.13
2023-05-06,,,,118.5548,,,,111.13
2023-05-07,,,,118.5548,,,,111.13
2023-05-08,2026.300048828125,1320.49,73.13,118.5548,16.98,328.8999938964844,4138.1201171875,111.13
2023-05-09,2036.199951171875,1323.59,73.68,118.5548,17.71,328.2200012207031,4119.169921875,111.13
2023-05-10,2030.5,1324.48,72.53,118.5548,16.94,326.0400085449219,4137.64013671875,111.13
2023-05-11,2014.699951171875,1325.09,70.81,118.5548,16.93,325.2799987792969,4130.6201171875,111.13
2023-05-12,2014.5,1333.74,70.02,119.3671,17.03,323.6099853515625,4124.080078125,111.13
2023-05-13,,,,119.3671,,,,111.13
2023-05-14,,,,119.3671,,,,111.13
2023-05-15,2018.0,1336.13,71.07,119.3671,17.12,324.4599914550781,4136.27978515625,111.13
2023-05-16,1988.4000244140625,1338.64,70.85,119.3671,17.99,325.3099975585937,4109.89990234375,111.13
2023-05-17,1980.699951171875,1337.29,72.78,119.3671,16.87,326.6099853515625,4158.77001953125,111.13
2023-05-18,1956.5,1333.88,71.82,119.3671,16.05,329.8399963378906,4198.0498046875,111.13
2023-05-19,1978.699951171875,1326.12,71.57,119.7751,16.81,334.2300109863281,4191.97998046875,111.13
2023-05-20,,,,119.7751,,,,111.13
2023-05-21,,,,119.7751,,,,111.13
2023-05-22,1974.800048828125,1317.77,71.81,119.7751,17.21,336.2699890136719,4192.6298828125,111.13
2023-05-23,1972.4000244140625,1312.01,72.87,119.7751,18.53,337.0899963378906,4145.580078125,111.13
2023-05-24,1962.800048828125,1316.71,74.37,119.7751,20.03,336.489990234375,4115.240234375,111.13
2023-05-25,1943.0999755859373,1325.9,71.68,119.7751,19.14,335.3500061035156,4151.27978515625,111.13
2023-05-26,1944.0999755859373,1324.4,72.35,120.6304,17.95,337.1099853515625,4205.4501953125,111.13
2023-05-27,,,,120.6304,,,,111.13
2023-05-28,,,,120.6304,,,,111.13
2023-05-29,,,,120.6304,17.46,,,111.13
2023-05-30,1958.0,1324.59,69.45,120.6304,17.46,341.5,4205.52001953125,111.13
2023-05-31,1963.9000244140625,1324.55,68.11,120.6304,17.94,339.1199951171875,4179.830078125,111.13
2023-06-01,1978.0,1321.35,70.09,120.6304,15.65,338.0799865722656,4221.02001953125,111.16
2023-06-02,1952.4000244140625,1305.21,71.76,120.0049,14.6,342.6700134277344,4282.3701171875,111.16
2023-06-03,,,,120.0049,,,,111.16
2023-06-04,,,,120.0049,,,,111.16
2023-06-05,1958.0,1308.16,72.14,120.0049,14.73,343.9100036621094,4273.7900390625,111.16
2023-06-06,1965.5,1297.93,71.71,120.0049,13.96,,4283.85009765625,111.16
2023-06-07,1942.699951171875,1303.62,72.52,120.0049,13.94,343.2200012207031,4267.52001953125,111.16
2023-06-08,1963.5999755859373,1304.26,71.28,120.0049,13.65,342.75,4293.93017578125,111.16
2023-06-09,1962.199951171875,1291.46,70.16,119.4322,13.83,346.7900085449219,4298.85986328125,111.16
2023-06-10,,,,119.4322,,,,111.16
2023-06-11,,,,119.4322,,,,111.16
2023-06-12,1955.300048828125,1288.61,67.08,119.4322,15.01,344.57000732421875,4338.93017578125,111.16
2023-06-13,1944.5999755859373,1271.48,69.39,119.4322,14.61,346.3900146484375,4369.009765625,111.16
2023-06-14,1955.300048828125,1278.44,68.22,119.4322,13.88,344.6499938964844,4372.58984375,111.16
2023-06-15,1957.800048828125,1279.99,70.61,119.4322,14.5,343.19000244140625,4425.83984375,111.16
2023-06-16,1958.4000244140625,1272.68,71.81,118.4184,13.54,345.1700134277344,4409.58984375,111.16
2023-06-17,,,,118.4184,,,,111.16
2023-06-18,,,,118.4184,,,,111.16
2023-06-19,,,,118.4184,14.19,343.1300048828125,,111.16
2023-06-20,1935.5,1280.21,70.94,118.4184,13.88,342.5799865722656,4388.7099609375,111.16
2023-06-21,1933.300048828125,1291.78,72.55,118.4184,13.2,339.44000244140625,4365.68994140625,111.16
2023-06-22,1912.699951171875,1294.75,69.22,118.4184,12.91,341.1199951171875,4381.89013671875,111.16
2023-06-23,1919.0999755859373,1304.19,68.91,119.152,13.44,338.45001220703125,4348.330078125,111.16
2023-06-24,,,,119.152,,,,111.16
2023-06-25,,,,119.152,,,,111.16
2023-06-26,1923.699951171875,1304.88,69.09,119.152,14.25,340.3800048828125,4328.81982421875,111.16
2023-06-27,1914.0,1299.99,67.68,119.152,13.74,340.32000732421875,4378.41015625,111.16
2023-06-28,1912.300048828125,1307.76,69.54,119.152,13.43,338.4100036621094,4376.85986328125,111.16
2023-06-29,1909.199951171875,1317.73,69.85,119.152,13.54,336.3900146484375,4396.43994140625,111.16
2023-06-30,1921.0999755859373,1317.8,70.66,119.3606,13.59,337.95001220703125,4450.3798828125,111.16
2023-07-01,,,,119.3606,,,,111.29
2023-07-02,,,,119.3606,,,,111.29
2023-07-03,1921.699951171875,1308.37,69.71,119.3606,13.57,343.0799865722656,4455.58984375,111.29
2023-07-04,,,,119.3606,13.7,341.5899963378906,,111.29
2023-07-05,1919.5999755859373,1298.74,71.78,119.3606,14.18,339.0400085449219,4446.81982421875,111.29
2023-07-06,1908.699951171875,1300.85,71.76,119.3606,15.44,336.20001220703125,4411.58984375,111.29
2023-07-07,1926.199951171875,1304.89,73.91,119.0761,14.83,331.57000732421875,4398.9501953125,111.29
2023-07-08,,,,119.0761,,,,111.29
2023-07-09,,,,119.0761,,,,111.29
2023-07-10,1925.0,1306.45,73.05,119.0761,15.07,330.8399963378906,4409.52978515625,111.29
2023-07-11,1931.300048828125,1293.64,74.87,119.0761,14.84,337.0199890136719,4439.259765625,111.29
2023-07-12,1956.199951171875,1288.17,75.77,119.0761,13.54,339.4599914550781,4472.16015625,111.29
2023-07-13,1959.199951171875,1273.99,76.86,119.0761,13.61,341.1300048828125,4510.0400390625,111.29
2023-07-14,1960.0999755859373,1266.28,75.44,117.0463,13.34,346.92999267578125,4505.419921875,111.29
2023-07-15,,,,117.0463,,,,111.29
2023-07-16,,,,117.0463,,,,111.29
2023-07-17,1952.4000244140625,1267.02,74.17,117.0463,13.48,345.75,4522.7900390625,111.29
2023-07-18,1977.199951171875,1260.87,75.76,117.0463,13.3,343.3800048828125,4554.97998046875,111.29
2023-07-19,1977.5,1265.76,75.4,117.0463,13.76,343.1099853515625,4565.72021484375,111.29
2023-07-20,1968.300048828125,1269.26,75.65,117.0463,13.99,341.6700134277344,4534.8701171875,111.29
2023-07-21,1964.300048828125,1283.71,77.06,117.9418,13.6,342.3900146484375,4536.33984375,111.29
2023-07-22,,,,117.9418,,,,111.29
2023-07-23,,,,117.9418,,,,111.29
2023-07-24,1960.300048828125,1280.54,78.81,117.9418,13.91,344.32000732421875,4554.64013671875,111.29
2023-07-25,1962.0999755859373,1275.32,79.76,117.9418,13.86,344.9200134277344,4567.4599609375,111.29
2023-07-26,1968.9000244140625,1274.04,79.11,117.9418,13.19,340.5599975585937,4566.75,111.29
2023-07-27,1945.4000244140625,1277.23,80.17,117.9418,14.41,344.760009765625,4537.41015625,111.29
2023-07-28,1960.4000244140625,1276.69,80.55,117.788,13.33,344.0299987792969,4582.22998046875,111.29
2023-07-29,,,,117.788,,,,111.29
2023-07-30,,,,117.788,,,,111.29
2023-07-31,1970.5,1273.85,81.8,117.788,13.63,345.6199951171875,4588.9599609375,111.29
2023-08-01,1940.699951171875,1283.84,81.37,117.788,13.93,351.0,4576.72998046875,112.28
2023-08-02,1937.4000244140625,1297.66,79.5,117.788,16.09,343.79998779296875,4513.39013671875,112.28
2023-08-03,1932.0,1298.54,81.56,117.788,15.92,341.5400085449219,4501.89013671875,112.28
2023-08-04,1939.5999755859373,1309.49,82.76,118.821,17.1,341.25,4478.02978515625,112.28
2023-08-05,,,,118.821,,,,112.28
2023-08-06,,,,118.821,,,,112.28
2023-08-07,1933.5,1305.94,81.94,118.821,15.77,339.67999267578125,4518.43994140625,112.28
2023-08-08,1924.0999755859373,1316.02,82.94,118.821,15.99,337.95001220703125,4499.3798828125,112.28
2023-08-09,1915.4000244140625,1315.45,84.35,118.821,15.96,341.6099853515625,4467.7099609375,112.28
2023-08-10,1914.4000244140625,1315.54,82.81,118.821,15.85,340.4599914550781,4468.830078125,112.28
2023-08-11,1912.9000244140625,1324.17,83.17,119.6268,14.84,338.9800109863281,4464.0498046875,112.28
2023-08-12,,,,119.6268,,,,112.28
2023-08-13,,,,119.6268,,,,112.28
2023-08-14,1910.5999755859373,1330.05,82.5,119.6268,14.82,336.3299865722656,4489.72021484375,112.28
2023-08-15,1902.5,1335.0,81.06,119.6268,16.46,,4437.85986328125,112.28
2023-08-16,1896.0999755859373,1336.84,79.4,119.6268,16.78,331.2799987792969,4404.330078125,112.28
2023-08-17,1884.0999755859373,1341.13,80.43,119.6268,17.89,330.2300109863281,4370.35986328125,112.28
2023-08-18,1886.0999755859373,1337.99,81.25,120.4321,17.3,328.4200134277344,4369.7099609375,112.28
2023-08-19,,,,120.4321,,,,112.28
2023-08-20,,,,120.4321,,,,112.28
2023-08-21,1893.300048828125,1342.45,80.71,120.4321,17.13,328.8399963378906,4399.77001953125,112.28
2023-08-22,1896.4000244140625,1335.06,80.25,120.4321,16.97,329.70001220703125,4387.5498046875,112.28
2023-08-23,1918.5,1339.12,78.91,120.4321,15.98,329.1499938964844,4436.009765625,112.28
2023-08-24,1918.199951171875,1321.07,79.52,120.4321,17.2,333.82000732421875,4376.31005859375,112.28
2023-08-25,1911.0999755859373,1324.11,80.47,120.5137,15.68,330.25,4405.7099609375,112.28
2023-08-26,,,,120.5137,,,,112.28
2023-08-27,,,,120.5137,,,,112.28
2023-08-28,1917.9000244140625,1323.2,80.65,120.5137,15.08,332.5299987792969,4433.31005859375,112.28
2023-08-29,1936.5,1321.87,81.14,120.5137,14.45,333.760009765625,4497.6298828125,112.28
2023-08-30,1944.300048828125,1323.42,81.64,120.5137,13.88,334.94000244140625,4514.8701171875,112.28
2023-08-31,1938.199951171875,1322.43,83.55,120.5137,13.57,334.75,4507.66015625,112.28
2023-09-01,1939.800048828125,1318.34,85.52,120.759,13.09,338.2799987792969,4515.77001953125,112.85
2023-09-02,,,,120.759,,,,112.85
2023-09-03,,,,120.759,,,,112.85
2023-09-04,,,,120.759,13.82,341.0199890136719,,112.85
2023-09-05,1926.199951171875,1330.16,86.74,120.759,14.01,340.2900085449219,4496.830078125,112.85
2023-09-06,1918.0999755859373,1330.87,87.55,120.759,14.45,337.8500061035156,4465.47998046875,112.85
2023-09-07,1917.5,1335.03,86.87,120.759,14.4,336.739990234375,4451.14013671875,112.85
2023-09-08,1918.4000244140625,1332.83,87.51,121.9475,13.84,336.3999938964844,4457.490234375,112.85
2023-09-09,,,,121.9475,,,,112.85
2023-09-10,,,,121.9475,,,,112.85
2023-09-11,1923.300048828125,1331.59,87.3,121.9475,13.8,337.5799865722656,4487.4599609375,112.85
2023-09-12,1911.300048828125,1327.29,88.87,121.9475,14.23,335.5400085449219,4461.89990234375,112.85
2023-09-13,1909.0999755859373,1329.7,88.59,121.9475,13.48,335.989990234375,4467.43994140625,112.85
2023-09-14,1910.0,1325.88,90.13,121.9475,12.82,341.19000244140625,4505.10009765625,112.85
2023-09-15,1923.699951171875,1325.89,90.83,121.199,13.79,344.9800109863281,4450.31982421875,112.85
2023-09-16,,,,121.199,,,,112.85
2023-09-17,,,,121.199,,,,112.85
2023-09-18,1931.5,1323.99,91.47,121.199,14.0,340.6700134277344,4453.52978515625,112.85
2023-09-19,1932.0,1328.13,91.16,121.199,14.11,338.82000732421875,4443.9501953125,112.85
2023-09-20,1945.5999755859373,1330.34,89.2,121.199,15.14,338.75,4402.2001953125,112.85
2023-09-21,1919.199951171875,1340.08,89.56,121.199,17.54,333.0400085449219,4330.0,112.85
2023-09-22,1925.4000244140625,1336.58,90.0,121.5306,17.2,332.0199890136719,4320.06005859375,112.85
2023-09-23,,,,121.5306,,,,112.85
2023-09-24,,,,121.5306,,,,112.85
2023-09-25,1916.5999755859373,1336.03,89.68,121.5306,16.9,331.5799865722656,4337.43994140625,112.85
2023-09-26,1900.4000244140625,1348.69,91.43,121.5306,18.94,326.8999938964844,4273.52978515625,112.85
2023-09-27,1871.5999755859373,1349.05,93.67,121.5306,18.22,326.7099914550781,4274.509765625,112.85
2023-09-28,1860.4000244140625,1356.41,91.65,121.5306,17.34,,4299.7001953125,112.85
2023-09-29,1848.0999755859373,1347.86,90.77,122.3077,17.52,,4288.0498046875,112.85
2023-09-30,,,,122.3077,,,,112.85
2023-10-01,,,,122.3077,,,,113.27
2023-10-02,1830.0,1351.67,88.81,122.3077,17.61,,4288.39013671875,113.27
2023-10-03,1824.5999755859373,1360.62,89.26,122.3077,19.78,,4229.4501953125,113.27
2023-10-04,1818.5,1362.94,84.32,122.3077,18.58,319.45001220703125,4263.75,113.27
2023-10-05,1816.5999755859373,1350.22,82.3,122.3077,18.49,318.5799865722656,4258.18994140625,113.27
2023-10-06,1830.199951171875,1350.17,82.83,123.3563,17.45,318.94000244140625,4308.5,113.27
2023-10-07,,,,123.3563,,,,113.27
2023-10-08,,,,123.3563,,,,113.27
2023-10-09,1849.5,,,123.3563,17.7,,4335.66015625,113.27
2023-10-10,1861.0,1349.79,85.89,123.3563,17.03,319.1099853515625,4358.240234375,113.27
2023-10-11,1872.800048828125,1339.31,83.7,123.3563,16.09,324.739990234375,4376.9501953125,113.27
2023-10-12,1869.300048828125,1338.21,82.87,123.3563,16.69,328.8500061035156,4349.60986328125,113.27
2023-10-13,1927.4000244140625,1349.65,87.67,123.5954,19.32,325.7699890136719,4327.77978515625,113.27
2023-10-14,,,,123.5954,,,,113.27
2023-10-15,,,,123.5954,,,,113.27
2023-10-16,1921.0999755859373,1353.67,86.65,123.5954,17.21,323.2900085449219,4373.6298828125,113.27
2023-10-17,1922.699951171875,1353.6,86.66,123.5954,17.88,327.3500061035156,4373.2001953125,113.27
2023-10-18,1955.300048828125,1349.45,88.35,123.5954,19.22,328.82000732421875,4314.60009765625,113.27
2023-10-19,1968.4000244140625,1357.5,89.35,123.5954,21.4,322.760009765625,4278.0,113.27
2023-10-20,1982.5,1352.92,89.12,123.612,21.71,317.9599914550781,4224.16015625,113.27
2023-10-21,,,,123.612,,,,113.27
2023-10-22,,,,123.612,,,,113.27
2023-10-23,1976.300048828125,1353.7,85.49,123.612,20.37,315.5,4217.0400390625,113.27
2023-10-24,1975.0,1342.68,84.58,123.612,18.97,318.42999267578125,4247.68017578125,113.27
2023-10-25,1984.0999755859373,1349.07,86.07,123.612,20.19,316.489990234375,4186.77001953125,113.27
2023-10-26,1987.199951171875,1359.32,83.8,123.612,20.68,307.75,4137.22998046875,113.27
2023-10-27,1988.5999755859373,1355.15,86.04,123.62,21.27,308.5299987792969,4117.3701171875,113.27
2023-10-28,,,,123.62,,,,113.27
2023-10-29,,,,123.62,,,,113.27
2023-10-30,1996.199951171875,1350.98,83.03,123.62,19.75,308.95001220703125,4166.81982421875,113.27
2023-10-31,1985.199951171875,1351.03,81.64,123.62,18.14,305.5599975585937,4193.7998046875,113.27
2023-11-01,1978.800048828125,1356.94,81.05,123.62,16.87,309.7099914550781,4237.85986328125,112.68
2023-11-02,1985.5999755859373,1342.91,83.04,123.62,15.66,315.1600036621094,4317.77978515625,112.68
2023-11-03,1991.5,1322.04,81.19,121.7564,14.91,318.239990234375,4358.33984375,112.68
2023-11-04,,,,121.7564,,,,112.68
2023-11-05,,,,121.7564,,,,112.68
2023-11-06,1981.5999755859373,1297.94,81.54,121.7564,14.89,334.1600036621094,4365.97998046875,112.68
2023-11-07,1966.800048828125,1308.33,77.96,121.7564,14.81,327.2900085449219,4378.3798828125,112.68
2023-11-08,1951.5,1309.98,75.85,121.7564,14.45,324.0,4382.77978515625,112.68
2023-11-09,1964.199951171875,1309.89,76.34,121.7564,15.29,325.2900085449219,4347.35009765625,112.68
2023-11-10,1932.5999755859373,,,122.1281,14.17,323.75,4415.240234375,112.68
2023-11-11,,,,122.1281,,,,112.68
2023-11-12,,,,122.1281,,,,112.68
2023-11-13,1945.5,1324.97,78.86,122.1281,14.76,323.3099975585937,4411.5498046875,112.68
2023-11-14,1961.800048828125,1328.74,78.9,122.1281,14.16,326.57000732421875,4495.7001953125,112.68
2023-11-15,1960.0999755859373,1300.34,77.15,122.1281,14.18,333.9599914550781,4502.8798828125,112.68
2023-11-16,1983.9000244140625,1297.1,73.5,122.1281,14.32,334.3099975585937,4508.240234375,112.68
2023-11-17,1981.5999755859373,1296.21,76.47,120.8477,13.8,332.0599975585937,4514.02001953125,112.68
2023-11-18,,,,120.8477,,,,112.68
2023-11-19,,,,120.8477,,,,112.68
2023-11-20,1977.699951171875,1291.48,78.1,120.8477,13.41,334.2300109863281,4547.3798828125,112.68
2023-11-21,1999.300048828125,1289.34,78.35,120.8477,13.35,336.57000732421875,4538.18994140625,112.68
2023-11-22,1991.4000244140625,1300.06,76.8,120.8477,12.85,336.8099975585937,4556.6201171875,112.68
2023-11-23,,,,120.8477,12.8,336.9100036621094,,112.68
2023-11-24,2002.199951171875,1306.08,74.83,120.2105,12.46,334.0,4559.33984375,112.68
2023-11-25,,,,120.2105,,,,112.68
2023-11-26,,,,120.2105,,,,112.68
2023-11-27,2011.800048828125,1304.33,74.46,120.2105,12.69,333.6700134277344,4550.43017578125,112.68
2023-11-28,2039.699951171875,1293.71,76.09,120.2105,12.69,337.5199890136719,4554.89013671875,112.68
2023-11-29,2047.0999755859373,1292.74,77.56,120.2105,12.98,336.6199951171875,4550.580078125,112.68
2023-11-30,2038.0999755859373,1289.95,75.66,120.2105,12.92,338.42999267578125,4567.7998046875,112.68
2023-12-01,2071.0,1305.45,73.7,119.9424,12.63,334.79998779296875,4594.6298828125,112.73
2023-12-02,,,,119.9424,,,,112.73
2023-12-03,,,,119.9424,,,,112.73
2023-12-04,2024.0999755859373,1304.43,72.73,119.9424,13.08,336.1400146484375,4569.77978515625,112.73
2023-12-05,2018.5,1311.47,71.95,119.9424,12.85,332.8500061035156,4567.18017578125,112.73
2023-12-06,2030.5,1313.03,68.98,119.9424,12.97,333.45001220703125,4549.33984375,112.73
2023-12-07,2029.9000244140625,1325.27,69.0,119.9424,13.06,332.6700134277344,4585.58984375,112.73
2023-12-08,1998.300048828125,1307.11,70.87,120.7607,12.35,336.6000061035156,4604.3701171875,112.73
2023-12-09,,,,120.7607,,,,112.73
2023-12-10,,,,120.7607,,,,112.73
2023-12-11,1978.0,1316.38,70.95,120.7607,12.63,337.92999267578125,4622.43994140625,112.73
2023-12-12,1977.800048828125,1313.75,68.27,120.7607,12.07,339.7699890136719,4643.7001953125,112.73
2023-12-13,1982.300048828125,1319.76,69.09,120.7607,12.19,336.67999267578125,4707.08984375,112.73
2023-12-14,2030.199951171875,1296.11,71.21,120.7607,12.48,341.3299865722656,4719.5498046875,112.73
2023-12-15,2021.0999755859373,1295.92,71.05,119.7382,12.28,343.989990234375,4719.18994140625,112.73
2023-12-16,,,,119.7382,,,,112.73
2023-12-17,,,,119.7382,,,,112.73
2023-12-18,2026.300048828125,1297.63,72.16,119.7382,12.56,343.5,4740.56005859375,112.73
2023-12-19,2038.4000244140625,1307.95,73.23,119.7382,12.53,343.95001220703125,4768.3701171875,112.73
2023-12-20,2034.5,1299.22,73.87,119.7382,13.67,350.1099853515625,4698.35009765625,112.73
2023-12-21,2039.0999755859373,1304.82,73.59,119.7382,13.65,348.7799987792969,4746.75,112.73
2023-12-22,2057.10009765625,1302.54,73.29,119.0625,13.03,349.1499938964844,4754.6298828125,112.73
2023-12-23,,,,119.0625,,,,112.73
2023-12-24,,,,119.0625,,,,112.73
2023-12-25,,,,119.0625,,,,112.73
2023-12-26,2058.199951171875,1294.25,75.84,119.0625,12.99,350.42999267578125,4774.75,112.73
2023-12-27,2081.89990234375,1293.38,74.31,119.0625,12.43,352.4599914550781,4781.580078125,112.73
2023-12-28,2073.89990234375,1288.45,72.02,119.0625,12.47,357.989990234375,4783.35009765625,112.73
2023-12-29,2062.39990234375,1290.97,71.89,118.4208,12.45,,4769.830078125,112.73
2023-12-30,,,,118.4208,,,,112.73
2023-12-31,,,,118.4208,,,,112.73
2024-01-01,,,,118.4208,,,,113.17
2024-01-02,2064.39990234375,1300.52,70.62,118.4208,13.2,360.5499877929688,4742.830078125,113.17
2024-01-03,2034.199951171875,1305.1,72.97,118.4208,14.04,351.20001220703125,4704.81005859375,113.17
2024-01-04,2042.300048828125,1310.39,72.38,118.4208,14.13,348.07000732421875,4688.68017578125,113.17
2024-01-05,2042.4000244140625,1315.62,74.0,119.388,13.35,347.2200012207031,4697.240234375,113.17
2024-01-06,,,,119.388,,,,113.17
2024-01-07,,,,119.388,,,,113.17
2024-01-08,2026.5999755859373,1315.58,71.06,119.388,13.08,345.5799865722656,4763.5400390625,113.17
2024-01-09,2026.4000244140625,1315.92,72.43,119.388,12.76,343.8099975585937,4756.5,113.17
2024-01-10,2021.699951171875,1320.42,71.57,119.388,12.69,340.6600036621094,4783.4501953125,113.17
2024-01-11,2014.300048828125,1313.04,72.15,119.388,12.44,340.2799987792969,4780.240234375,113.17
2024-01-12,2046.699951171875,1313.41,72.94,119.534,12.7,338.2200012207031,4783.830078125,113.17
2024-01-13,,,,119.534,,,,113.17
2024-01-14,,,,119.534,,,,113.17
2024-01-15,,,,119.534,13.25,339.239990234375,,113.17
2024-01-16,2026.0,1331.5,72.63,119.534,13.84,334.7300109863281,4765.97998046875,113.17
2024-01-17,2002.5999755859373,1344.23,72.79,119.534,14.79,326.1099853515625,4739.2099609375,113.17
2024-01-18,2018.5999755859373,1338.73,74.32,119.534,14.13,327.1300048828125,4780.93994140625,113.17
2024-01-19,2026.5,1338.53,73.69,120.6442,13.3,332.989990234375,4839.81005859375,113.17
2024-01-20,,,,120.6442,,,,113.17
2024-01-21,,,,120.6442,,,,113.17
2024-01-22,2019.800048828125,1338.25,75.26,120.6442,13.19,332.6300048828125,4850.43017578125,113.17
2024-01-23,2023.699951171875,1333.76,74.72,120.6442,12.55,334.9700012207031,4864.60009765625,113.17
2024-01-24,2013.9000244140625,1337.74,75.48,120.6442,13.14,333.2699890136719,4868.5498046875,113.17
2024-01-25,2016.9000244140625,1336.0,77.91,120.6442,13.45,333.79998779296875,4894.16015625,113.17
2024-01-26,2016.800048828125,1336.08,78.45,120.6173,13.26,334.2099914550781,4890.97021484375,113.17
2024-01-27,,,,120.6173,,,,113.17
2024-01-28,,,,120.6173,,,,113.17
2024-01-29,2025.199951171875,1335.5,77.25,120.6173,13.6,337.8399963378906,4927.93017578125,113.17
2024-01-30,2031.5,1328.93,78.3,120.6173,13.31,337.4800109863281,4924.97021484375,113.17
2024-01-31,2048.39990234375,1334.9,76.28,120.6173,14.35,336.239990234375,4845.64990234375,113.17
2024-02-01,2053.0,1331.78,74.36,120.6173,13.88,342.4100036621094,4906.18994140625,113.78
2024-02-02,2036.0999755859373,1321.9,72.72,120.902,13.85,353.42999267578125,4958.60986328125,113.78
2024-02-03,,,,120.902,,,,113.78
2024-02-04,,,,120.902,,,,113.78
2024-02-05,2025.699951171875,1330.98,73.21,120.902,13.67,349.1499938964844,4942.81005859375,113.78
2024-02-06,2034.5,1326.83,73.83,120.902,13.06,347.79998779296875,4954.22998046875,113.78
2024-02-07,2035.199951171875,1327.37,74.26,120.902,12.83,352.25,4995.06005859375,113.78
2024-02-08,2032.199951171875,1328.07,76.67,120.902,12.79,353.2900085449219,4997.91015625,113.78
2024-02-09,2023.300048828125,1333.1,77.26,121.039,12.93,,5026.60986328125,113.78
2024-02-10,,,,121.039,,,,113.78
2024-02-11,,,,121.039,,,,113.78
2024-02-12,2018.199951171875,1331.37,77.34,121.039,13.93,,5021.83984375,113.78
2024-02-13,1992.9000244140625,1327.88,78.28,121.039,15.85,357.3800048828125,4953.169921875,113.78
2024-02-14,1990.300048828125,1335.06,77.09,121.039,14.38,352.69000244140625,5000.6201171875,113.78
2024-02-15,2002.0999755859373,1333.84,78.47,121.039,14.01,351.2099914550781,5029.72998046875,113.78
2024-02-16,2011.5,1334.96,79.65,121.1505,14.24,355.5199890136719,5005.56982421875,113.78
2024-02-17,,,,121.1505,,,,113.78
2024-02-18,,,,121.1505,,,,113.78
2024-02-19,,,,121.1505,14.71,360.8800048828125,,113.78
2024-02-20,2027.5,1337.25,78.72,121.1505,15.42,356.9200134277344,4975.509765625,113.78
2024-02-21,2022.300048828125,1334.95,78.89,121.1505,15.34,356.0400085449219,4981.7998046875,113.78
2024-02-22,2019.699951171875,1328.71,79.64,121.1505,14.54,357.6700134277344,5087.02978515625,113.78
2024-02-23,2038.5999755859373,1328.71,77.6,121.0369,13.75,358.57000732421875,5088.7998046875,113.78
2024-02-24,,,,121.0369,,,,113.78
2024-02-25,,,,121.0369,,,,113.78
2024-02-26,2028.5,1330.86,78.53,121.0369,13.74,355.4800109863281,5069.52978515625,113.78
2024-02-27,2034.0,1330.86,79.8,121.0369,13.43,352.760009765625,5078.18017578125,113.78
2024-02-28,2033.0,1336.02,79.44,121.0369,13.84,356.7900085449219,5069.759765625,113.78
2024-02-29,2045.699951171875,1336.19,79.22,121.0369,13.4,355.57000732421875,5096.27001953125,113.78
2024-03-01,2086.89990234375,1334.8,80.9,121.0111,13.11,,5137.080078125,113.95
2024-03-02,,,,121.0111,,,,113.95
2024-03-03,,,,121.0111,,,,113.95
2024-03-04,2117.699951171875,1331.29,79.67,121.0111,13.49,361.1000061035156,5130.9501953125,113.95
2024-03-05,2133.5,1336.51,79.11,121.0111,14.46,357.5899963378906,5078.64990234375,113.95
2024-03-06,2150.300048828125,1333.99,80.08,121.0111,14.5,356.25,5104.759765625,113.95
2024-03-07,2158.0,1324.3,79.81,121.0111,14.44,356.82000732421875,5157.35986328125,113.95
2024-03-08,2178.60009765625,1319.28,78.96,119.975,14.74,361.7099914550781,5123.68994140625,113.95
2024-03-09,,,,119.975,,,,113.95
2024-03-10,,,,119.975,,,,113.95
2024-03-11,2182.5,1312.55,78.87,119.975,15.22,358.3399963378906,5117.93994140625,113.95
2024-03-12,2160.39990234375,1310.82,78.51,119.975,13.84,361.1099853515625,5175.27001953125,113.95
2024-03-13,2175.39990234375,1314.67,80.67,119.975,13.75,363.0400085449219,5165.31005859375,113.95
2024-03-14,2163.0,1318.2,82.16,119.975,14.4,366.6799926757813,5150.47998046875,113.95
2024-03-15,2157.300048828125,1329.35,81.94,120.4003,14.41,359.3900146484375,5117.08984375,113.95
2024-03-16,,,,120.4003,,,,113.95
2024-03-17,,,,120.4003,,,,113.95
2024-03-18,2160.699951171875,1333.59,83.68,120.4003,14.33,361.30999755859375,5149.419921875,113.95
2024-03-19,2156.300048828125,1338.28,84.39,120.4003,13.82,357.3299865722656,5178.509765625,113.95
2024-03-20,2157.89990234375,1339.02,82.79,120.4003,13.04,363.3200073242188,5224.6201171875,113.95
2024-03-21,2182.39990234375,1322.11,81.99,120.4003,12.92,373.6600036621094,5241.52978515625,113.95
2024-03-22,2158.10009765625,1338.14,81.1,121.1842,13.06,372.6499938964844,5234.18017578125,113.95
2024-03-23,,,,121.1842,,,,113.95
2024-03-24,,,,121.1842,,,,113.95
2024-03-25,2174.800048828125,1342.61,82.41,121.1842,13.19,370.7300109863281,5218.18994140625,113.95
2024-03-26,2175.60009765625,1344.0,82.41,121.1842,13.24,374.6000061035156,5203.580078125,113.95
2024-03-27,2190.60009765625,1348.58,82.15,121.1842,12.78,374.0799865722656,5248.490234375,113.95
2024-03-28,2217.39990234375,1346.01,83.96,121.1842,13.01,373.2200012207031,5254.35009765625,113.95
2024-03-29,,1347.08,,121.0191,,374.6300048828125,,113.95
2024-03-30,,,,121.0191,,,,113.95
2024-03-31,,,,121.0191,,,,113.95
2024-04-01,2236.5,1348.75,84.54,121.0191,13.65,374.2799987792969,5243.77001953125,114.01
2024-04-02,2261.0,1351.37,85.95,121.0191,14.61,376.3399963378906,5205.81005859375,114.01
2024-04-03,2294.39990234375,1348.5,86.22,121.0191,14.33,369.7200012207031,5211.490234375,114.01
2024-04-04,2288.800048828125,1346.87,87.37,121.0191,16.35,375.6099853515625,5147.2099609375,114.01
2024-04-05,2325.699951171875,1352.58,87.69,120.9646,16.03,371.5700073242188,5204.33984375,114.01
2024-04-06,,,,120.9646,,,,114.01
2024-04-07,,,,120.9646,,,,114.01
2024-04-08,2331.699951171875,1353.2,87.24,120.9646,15.19,372.510009765625,5202.39013671875,114.01
2024-04-09,2343.5,1354.8,86.04,120.9646,14.98,370.2699890136719,5209.91015625,114.01
2024-04-10,2329.60009765625,1349.05,86.98,120.9646,15.8,,5160.64013671875,114.01
2024-04-11,2354.800048828125,1364.19,85.79,120.9646,14.91,370.7200012207031,5199.06005859375,114.01
2024-04-12,2356.199951171875,1374.74,86.46,122.2885,17.31,367.25,5123.41015625,114.01
2024-04-13,,,,122.2885,,,,114.01
2024-04-14,,,,122.2885,,,,114.01
2024-04-15,2365.800048828125,1383.63,86.21,122.2885,19.23,365.30999755859375,5061.81982421875,114.01
2024-04-16,2390.800048828125,1393.92,86.15,122.2885,18.4,356.6700134277344,5051.41015625,114.01
2024-04-17,2371.699951171875,1385.88,83.58,122.2885,18.21,352.7900085449219,5022.2099609375,114.01
2024-04-18,2382.300048828125,1373.42,83.5,122.2885,18.0,359.0599975585937,5011.1201171875,114.01
2024-04-19,2398.39990234375,1376.72,83.79,123.1075,18.71,352.5799865722656,4967.22998046875,114.01
2024-04-20,,,,123.1075,,,,114.01
2024-04-21,,,,123.1075,,,,114.01
2024-04-22,2332.199951171875,1381.84,83.82,123.1075,16.94,356.8900146484375,5010.60009765625,114.01
2024-04-23,2327.699951171875,1379.27,84.17,123.1075,15.69,355.9800109863281,5070.5498046875,114.01
2024-04-24,2324.5,1369.86,84.09,123.1075,15.97,363.6000061035156,5071.6298828125,114.01
2024-04-25,2329.800048828125,1369.86,84.92,123.1075,15.37,356.510009765625,5048.419921875,114.01
2024-04-26,2334.800048828125,1375.1,85.38,122.9471,15.03,361.0199890136719,5099.9599609375,114.01
2024-04-27,,,,122.9471,,,,114.01
2024-04-28,,,,122.9471,,,,114.01
2024-04-29,2345.39990234375,1377.35,84.26,122.9471,14.67,364.4800109863281,5116.169921875,114.01
2024-04-30,2291.39990234375,1381.92,83.49,122.9471,15.65,365.1300048828125,5035.68994140625,114.01
2024-05-01,2299.89990234375,1386.95,80.7,122.9471,15.39,,5018.39013671875,114.1
2024-05-02,2299.199951171875,1375.39,80.59,122.9471,14.68,364.30999755859375,5064.2001953125,114.1
2024-05-03,2299.0,1363.04,79.65,122.1375,13.49,363.5799865722656,5127.7900390625,114.1
2024-05-04,,,,122.1375,,,,114.1
2024-05-05,,,,122.1375,,,,114.1
2024-05-06,2321.60009765625,1358.81,80.1,122.1375,13.49,,5180.740234375,114.1
2024-05-07,2315.199951171875,1359.45,79.97,122.1375,13.23,372.7999877929688,5187.7001953125,114.1
2024-05-08,2313.60009765625,1359.45,80.57,122.1375,13.0,374.0899963378906,5187.669921875,114.1
2024-05-09,2332.10009765625,1369.74,80.86,122.1375,12.69,368.8299865722656,5214.080078125,114.1
2024-05-10,2367.300048828125,1367.77,79.81,122.014,12.55,371.0799865722656,5222.68017578125,114.1
2024-05-11,,,,122.014,,,,114.1
2024-05-12,,,,122.014,,,,114.1
2024-05-13,2336.10009765625,1367.91,80.71,122.014,13.6,370.989990234375,5221.419921875,114.1
2024-05-14,2353.39990234375,1368.77,79.62,122.014,13.42,371.0400085449219,5246.68017578125,114.1
2024-05-15,2388.699951171875,1360.15,80.23,122.014,12.45,,5308.14990234375,114.1
2024-05-16,2380.0,1345.15,80.85,122.014,12.42,374.6000061035156,5297.10009765625,114.1
2024-05-17,2412.199951171875,1354.83,81.66,121.2354,11.99,370.5799865722656,5303.27001953125,114.1
2024-05-18,,,,121.2354,,,,114.1
2024-05-19,,,,121.2354,,,,114.1
2024-05-20,2433.89990234375,1356.0,81.39,121.2354,12.15,373.6799926757813,5308.1298828125,114.1
2024-05-21,2421.699951171875,1363.54,80.66,121.2354,11.86,371.5499877929688,5321.41015625,114.1
2024-05-22,2389.199951171875,1362.36,79.15,121.2354,12.29,371.4100036621094,5307.009765625,114.1
2024-05-23,2335.0,1362.38,77.47,121.2354,12.77,371.6199951171875,5267.83984375,114.1
2024-05-24,2332.5,1369.02,78.48,121.6172,11.93,366.0799865722656,5304.72021484375,114.1
2024-05-25,,,,121.6172,,,,114.1
2024-05-26,,,,121.6172,,,,114.1
2024-05-27,,,,121.6172,12.36,371.1600036621094,,114.1
2024-05-28,2355.199951171875,1357.65,80.9,121.6172,12.92,371.3299865722656,5306.0400390625,114.1
2024-05-29,2340.300048828125,1365.07,80.24,121.6172,14.28,364.9599914550781,5266.9501953125,114.1
2024-05-30,2342.89990234375,1365.07,78.96,121.6172,14.47,358.70001220703125,5235.47998046875,114.1
2024-05-31,2322.89990234375,1385.43,77.97,122.098,12.92,358.2099914550781,5277.509765625,114.1
2024-06-01,,,,122.098,,,,113.84
2024-06-02,,,,122.098,,,,113.84
2024-06-03,2346.60009765625,1375.91,75.26,122.098,13.11,365.4800109863281,5283.39990234375,113.84
2024-06-04,2325.5,1375.96,74.27,122.098,13.16,362.5199890136719,5291.33984375,113.84
2024-06-05,2354.10009765625,1372.58,75.08,122.098,12.63,366.4400024414063,5354.02978515625,113.84
2024-06-06,2370.300048828125,1365.45,76.52,122.098,12.58,,5352.9599609375,113.84
2024-06-07,2305.199951171875,1366.38,76.53,123.549,12.22,371.3900146484375,5346.990234375,113.84
2024-06-08,,,,123.549,,,,113.84
2024-06-09,,,,123.549,,,,113.84
2024-06-10,2307.699951171875,1375.71,78.75,123.549,12.74,367.4599914550781,5360.7900390625,113.84
2024-06-11,2307.5,1375.71,78.88,123.549,12.85,367.7099914550781,5375.31982421875,113.84
2024-06-12,2336.0,1378.01,79.56,123.549,12.04,371.1199951171875,5421.02978515625,113.84
2024-06-13,2300.199951171875,1376.11,79.61,123.549,11.94,374.75,5433.740234375,113.84
2024-06-14,2331.39990234375,1378.96,79.41,124.1694,12.66,376.0,5431.60009765625,113.84
2024-06-15,,,,124.1694,,,,113.84
2024-06-16,,,,124.1694,,,,113.84
2024-06-17,2312.39990234375,1380.5,81.33,124.1694,12.75,373.8599853515625,5473.22998046875,113.84
2024-06-18,2330.39990234375,1380.88,82.67,124.1694,12.3,377.7300109863281,5487.02978515625,113.84
2024-06-19,,,,124.1694,12.48,383.010009765625,,113.84
2024-06-20,2353.800048828125,1384.38,83.34,124.1694,13.28,384.7799987792969,5473.169921875,113.84
2024-06-21,2316.39990234375,1388.17,81.71,124.1086,13.2,380.8800048828125,5464.6201171875,113.84
2024-06-22,,,,124.1086,,,,113.84
2024-06-23,,,,124.1086,,,,113.84
2024-06-24,2330.0,1389.17,82.63,124.1086,13.33,378.3900146484375,5447.8701171875,113.84
2024-06-25,2316.60009765625,1387.16,81.97,124.1086,12.84,379.8500061035156,5469.2998046875,113.84
2024-06-26,2299.199951171875,1388.65,82.19,124.1086,12.55,383.010009765625,5477.89990234375,113.84
2024-06-27,2324.5,1385.76,83.04,124.1086,12.24,382.2699890136719,5482.8701171875,113.84
2024-06-28,2327.699951171875,1376.55,82.83,124.2103,12.44,384.0199890136719,5460.47998046875,113.84
2024-06-29,,,,124.2103,,,,113.84
2024-06-30,,,,124.2103,,,,113.84
2024-07-01,2327.60009765625,1383.0,84.7,124.2103,12.22,384.3399963378906,5475.08984375,114.13
2024-07-02,2323.0,1386.55,84.09,124.2103,12.03,381.2000122070313,5509.009765625,114.13
2024-07-03,2359.800048828125,1384.85,85.19,124.2103,12.09,383.2300109863281,5537.02001953125,114.13
2024-07-04,,,,124.2103,12.26,388.5299987792969,,114.13
2024-07-05,2388.5,1379.87,84.44,123.4762,12.48,395.4700012207031,5567.18994140625,114.13
2024-07-06,,,,123.4762,,,,114.13
2024-07-07,,,,123.4762,,,,114.13
2024-07-08,2355.199951171875,1382.73,83.63,123.4762,12.37,394.4700012207031,5572.85009765625,114.13
2024-07-09,2360.10009765625,1383.39,82.78,123.4762,12.51,395.7900085449219,5576.97998046875,114.13
2024-07-10,2372.199951171875,1383.42,83.39,123.4762,12.85,395.6000061035156,5633.91015625,114.13
2024-07-11,2415.0,1370.85,83.92,123.4762,12.92,398.5199890136719,5584.5400390625,114.13
2024-07-12,2414.0,1374.9,83.49,122.4404,12.46,392.2900085449219,5615.35009765625,114.13
2024-07-13,,,,122.4404,,,,114.13
2024-07-14,,,,122.4404,,,,114.13
2024-07-15,2422.89990234375,1382.97,83.22,122.4404,13.12,393.8399963378906,5631.22021484375,114.13
2024-07-16,2462.39990234375,1384.99,81.92,122.4404,13.19,395.30999755859375,5667.2001953125,114.13
2024-07-17,2454.800048828125,1380.61,84.16,122.4404,14.48,391.5499877929688,5588.27001953125,114.13
2024-07-18,2451.800048828125,1383.85,84.17,122.4404,15.93,389.0,5544.58984375,114.13
2024-07-19,2395.5,1389.29,81.43,123.147,16.52,383.8900146484375,5505.0,114.13
2024-07-20,,,,123.147,,,,114.13
2024-07-21,,,,123.147,,,,114.13
2024-07-22,2392.0,1388.71,81.25,123.147,14.91,379.8399963378906,5564.41015625,114.13
2024-07-23,2404.60009765625,1385.78,78.24,123.147,14.72,381.6499938964844,5555.740234375,114.13
2024-07-24,2413.300048828125,1379.4,78.78,123.147,18.04,378.6600036621094,5427.1298828125,114.13
2024-07-25,2351.89990234375,1380.57,79.43,123.147,18.46,371.260009765625,5399.22021484375,114.13
2024-07-26,2380.0,1383.11,78.58,123.672,16.39,374.2000122070313,5459.10009765625,114.13
2024-07-27,,,,123.672,,,,114.13
2024-07-28,,,,123.672,,,,114.13
2024-07-29,2377.300048828125,1381.93,77.27,123.672,16.6,378.7300109863281,5463.5400390625,114.13
2024-07-30,2405.0,1384.98,76.17,123.672,17.69,374.8699951171875,5436.43994140625,114.13
2024-07-31,2426.5,1369.29,79.36,123.672,16.36,380.489990234375,5522.2998046875,114.13
2024-08-01,2435.0,1368.5,77.74,123.672,18.59,380.5400085449219,5446.68017578125,114.54
2024-08-02,2425.699951171875,1359.38,74.99,123.4681,23.39,365.1700134277344,5346.56005859375,114.54
2024-08-03,,,,123.4681,,,,114.54
2024-08-04,,,,123.4681,,,,114.54
2024-08-05,2401.699951171875,1367.68,74.46,123.4681,38.57,331.8599853515625,5186.330078125,114.54
2024-08-06,2389.10009765625,1377.4,74.6,123.4681,27.71,341.7300109863281,5240.02978515625,114.54
2024-08-07,2390.5,1374.98,76.68,123.4681,27.85,349.0899963378906,5199.5,114.54
2024-08-08,2422.199951171875,1376.94,77.64,123.4681,23.79,346.70001220703125,5319.31005859375,114.54
2024-08-09,2432.10009765625,1363.71,78.28,122.9276,20.37,351.5199890136719,5344.16015625,114.54
2024-08-10,,,,122.9276,,,,114.54
2024-08-11,,,,122.9276,,,,114.54
2024-08-12,2462.39990234375,1369.87,81.45,122.9276,20.71,355.6099853515625,5344.39013671875,114.54
2024-08-13,2466.699951171875,1367.28,79.81,122.9276,18.12,357.0199890136719,5434.43017578125,114.54
2024-08-14,2439.39990234375,1355.35,78.47,122.9276,16.19,360.3900146484375,5455.2099609375,114.54
2024-08-15,2453.10009765625,1363.21,79.66,122.9276,15.23,,5543.22021484375,114.54
2024-08-16,2498.60009765625,1354.34,78.05,122.3972,14.8,369.1099853515625,5554.25,114.54
2024-08-17,,,,122.3972,,,,114.54
2024-08-18,,,,122.3972,,,,114.54
2024-08-19,2501.800048828125,1334.21,75.82,122.3972,14.65,365.5199890136719,5608.25,114.54
2024-08-20,2511.300048828125,1331.78,75.27,122.3972,15.88,368.989990234375,5597.1201171875,114.54
2024-08-21,2508.39990234375,1333.74,72.76,122.3972,16.27,368.2200012207031,5620.85009765625,114.54
2024-08-22,2478.89990234375,1343.23,73.72,122.3972,17.55,369.1000061035156,5570.64013671875,114.54
2024-08-23,2508.39990234375,1327.56,75.82,121.4597,15.86,367.9100036621094,5634.60986328125,114.54
2024-08-24,,,,121.4597,,,,114.54
2024-08-25,,,,121.4597,,,,114.54
2024-08-26,2517.699951171875,1328.53,78.4,121.4597,16.15,366.30999755859375,5616.83984375,114.54
2024-08-27,2516.0,1330.9,76.5,121.4597,15.43,364.55999755859375,5625.7998046875,114.54
2024-08-28,2501.0,1335.15,75.49,121.4597,17.11,365.2799987792969,5592.18017578125,114.54
2024-08-29,2525.699951171875,1332.02,76.9,121.4597,15.65,360.1000061035156,5591.9599609375,114.54
2024-08-30,2493.800048828125,1336.0,74.52,122.3262,15.0,361.5499877929688,5648.39990234375,114.54
2024-08-31,,,,122.3262,,,,114.54
2024-09-01,,,,122.3262,,,,114.65
2024-09-02,,,,122.3262,15.55,362.0899963378906,,114.65
2024-09-03,2489.89990234375,1339.79,71.28,122.3262,20.72,358.79998779296875,5528.93017578125,114.65
2024-09-04,2493.39990234375,1336.93,70.11,122.3262,21.32,346.6600036621094,5520.06982421875,114.65
2024-09-05,2511.39990234375,1335.14,70.09,122.3262,19.9,345.9200134277344,5503.41015625,114.65
2024-09-06,2493.5,1335.68,68.58,122.4991,22.38,342.3699951171875,5408.419921875,114.65
2024-09-07,,,,122.4991,,,,114.65
2024-09-08,,,,122.4991,,,,114.65
2024-09-09,2501.800048828125,1342.16,69.65,122.4991,19.45,340.17999267578125,5471.0498046875,114.65
2024-09-10,2512.300048828125,1343.41,66.73,122.4991,19.08,338.4800109863281,5495.52001953125,114.65
2024-09-11,2512.10009765625,1340.59,68.25,122.4991,17.69,335.6499938964844,5554.1298828125,114.65
2024-09-12,2551.199951171875,1341.35,69.89,122.4991,17.07,343.8500061035156,5595.759765625,114.65
2024-09-13,2581.300048828125,1329.26,69.59,121.6551,16.56,343.69000244140625,5626.02001953125,114.65
2024-09-14,,,,121.6551,,,,114.65
2024-09-15,,,,121.6551,,,,114.65
2024-09-16,2580.39990234375,1320.59,71.1,121.6551,17.14,,5633.08984375,114.65
2024-09-17,2564.300048828125,1323.81,72.16,121.6551,17.61,,5634.580078125,114.65
2024-09-18,2570.699951171875,1324.15,71.87,121.6551,18.23,,5618.259765625,114.65
2024-09-19,2588.0,1329.08,72.86,121.6551,16.33,343.2799987792969,5713.64013671875,114.65
2024-09-20,2619.89990234375,1333.66,72.72,121.4052,16.15,344.6700134277344,5702.5498046875,114.65
2024-09-21,,,,121.4052,,,,114.65
2024-09-22,,,,121.4052,,,,114.65
2024-09-23,2626.5,1334.12,71.33,121.4052,15.89,345.7799987792969,5718.56982421875,114.65
2024-09-24,2651.199951171875,1330.0,72.34,121.4052,15.39,349.6099853515625,5732.93017578125,114.65
2024-09-25,2659.199951171875,1335.1,70.42,121.4052,15.41,344.5599975585937,5722.259765625,114.65
2024-09-26,2669.89990234375,1314.78,68.28,121.4052,15.37,356.44000244140625,5745.3701171875,114.65
2024-09-27,2644.300048828125,1309.43,68.72,121.1111,16.96,353.92999267578125,5738.169921875,114.65
2024-09-28,,,,121.1111,,,,114.65
2024-09-29,,,,121.1111,,,,114.65
2024-09-30,2636.10009765625,1314.94,68.75,121.1111,16.73,344.760009765625,5762.47998046875,114.65
2024-10-01,2667.300048828125,1323.78,70.41,121.1111,19.26,,5708.75,114.69
2024-10-02,2647.10009765625,1321.53,70.74,121.1111,18.9,340.7200012207031,5709.5400390625,114.69
2024-10-03,2657.10009765625,1335.58,74.33,121.1111,20.49,,5699.93994140625,114.69
2024-10-04,2645.800048828125,1348.74,74.93,122.2197,19.21,341.739990234375,5751.06982421875,114.69
2024-10-05,,,,122.2197,,,,114.69
2024-10-06,,,,122.2197,,,,114.69
2024-10-07,2644.800048828125,1343.75,77.76,122.2197,22.64,347.3399963378906,5695.93994140625,114.69
2024-10-08,2615.0,1346.49,74.26,122.2197,21.42,344.2300109863281,5751.1298828125,114.69
2024-10-09,2606.0,1346.04,73.85,122.2197,20.86,,5792.0400390625,114.69
2024-10-10,2620.60009765625,1350.77,76.46,122.2197,20.93,345.2099914550781,5780.0498046875,114.69
2024-10-11,2657.60009765625,1350.71,76.11,122.9805,20.46,345.45001220703125,5815.02978515625,114.69
2024-10-12,,,,122.9805,,,,114.69
2024-10-13,,,,122.9805,,,,114.69
2024-10-14,2647.800048828125,,,122.9805,19.7,349.739990234375,5859.85009765625,114.69
2024-10-15,2661.39990234375,1365.17,71.22,122.9805,20.64,351.07000732421875,5815.259765625,114.69
2024-10-16,2674.0,1363.76,70.97,122.9805,19.58,347.260009765625,5842.47021484375,114.69
2024-10-17,2691.0,1371.08,71.26,122.9805,19.11,347.7300109863281,5841.47021484375,114.69
2024-10-18,2713.699951171875,1369.65,69.78,123.9185,18.03,345.4200134277344,5864.669921875,114.69
2024-10-19,,,,123.9185,,,,114.69
2024-10-20,,,,123.9185,,,,114.69
2024-10-21,2723.10009765625,1379.14,71.16,123.9185,18.37,346.6199951171875,5853.97998046875,114.69
2024-10-22,2744.199951171875,1379.22,72.84,123.9185,18.2,342.0899963378906,5851.2001953125,114.69
2024-10-23,2714.39990234375,1381.61,71.37,123.9185,19.24,346.2699890136719,5797.419921875,114.69
2024-10-24,2734.89990234375,1382.11,70.58,123.9185,19.08,342.8800048828125,5809.85986328125,114.69
2024-10-25,2740.89990234375,1389.24,72.02,124.6105,20.33,343.3699951171875,5808.1201171875,114.69
2024-10-26,,,,124.6105,,,,114.69
2024-10-27,,,,124.6105,,,,114.69
2024-10-28,2742.89990234375,1385.57,67.65,124.6105,19.8,347.2699890136719,5823.52001953125,114.69
2024-10-29,2768.39990234375,1382.2,67.48,124.6105,19.34,348.2799987792969,5832.919921875,114.69
2024-10-30,2788.5,1378.41,68.91,124.6105,20.35,345.0,5813.669921875,114.69
2024-10-31,2738.300048828125,1377.57,69.58,124.6105,23.16,339.32000732421875,5705.4501953125,114.69
2024-11-01,2738.60009765625,1376.95,69.81,124.8076,21.88,337.489990234375,5728.7998046875,114.4
2024-11-02,,,,124.8076,,,,114.4
2024-11-03,,,,124.8076,,,,114.4
2024-11-04,2736.10009765625,1375.17,71.83,124.8076,21.98,343.6000061035156,5712.68994140625,114.4
2024-11-05,2740.300048828125,1380.26,72.26,124.8076,20.49,341.4700012207031,5782.759765625,114.4
2024-11-06,2667.60009765625,1399.98,71.98,124.8076,16.27,340.6099853515625,5929.0400390625,114.4
2024-11-07,2698.39990234375,1384.66,72.69,124.8076,15.2,340.8699951171875,5973.10009765625,114.4
2024-11-08,2687.5,1396.69,70.69,125.5811,14.94,339.7099914550781,5995.5400390625,114.4
2024-11-09,,,,125.5811,,,,114.4
2024-11-10,,,,125.5811,,,,114.4
2024-11-11,2611.199951171875,,,125.5811,14.97,334.6400146484375,6001.35009765625,114.4
2024-11-12,2600.0,1408.28,68.43,125.5811,14.71,327.3099975585937,5983.990234375,114.4
2024-11-13,2580.800048828125,1404.24,68.76,125.5811,14.02,318.8399963378906,5985.3798828125,114.4
2024-11-14,2568.199951171875,1402.77,68.99,125.5811,14.31,317.70001220703125,5949.169921875,114.4
2024-11-15,2565.699951171875,1397.42,67.33,126.8848,16.14,320.5299987792969,5870.6201171875,114.4
2024-11-16,,,,126.8848,,,,114.4
2024-11-17,,,,126.8848,,,,114.4
2024-11-18,2610.60009765625,1394.28,69.46,126.8848,15.58,328.44000244140625,5893.6201171875,114.4
2024-11-19,2627.10009765625,1392.83,69.75,126.8848,16.35,328.1099853515625,5916.97998046875,114.4
2024-11-20,2648.199951171875,1399.51,69.25,126.8848,17.16,329.0199890136719,5917.10986328125,114.4
2024-11-21,2672.10009765625,1401.0,70.39,126.8848,16.87,329.489990234375,5948.7099609375,114.4
2024-11-22,2709.89990234375,1405.49,71.68,127.4712,15.24,332.3599853515625,5969.33984375,114.4
2024-11-23,,,,127.4712,,,,114.4
2024-11-24,,,,127.4712,,,,114.4
2024-11-25,2616.800048828125,1401.03,69.41,127.4712,14.6,336.6300048828125,5987.3701171875,114.4
2024-11-26,2620.300048828125,1396.69,69.05,127.4712,14.1,335.6000061035156,6021.6298828125,114.4
2024-11-27,2639.89990234375,1391.14,69.03,127.4712,14.1,332.32000732421875,5998.740234375,114.4
2024-11-28,,,,127.4712,13.9,331.45001220703125,,114.4
2024-11-29,2657.0,1396.99,68.26,126.5798,13.51,325.45001220703125,6032.3798828125,114.4
2024-11-30,,,,126.5798,,,,114.4
2024-12-01,,,,126.5798,,,,114.91
2024-12-02,2634.89990234375,1406.13,68.35,126.5798,13.34,325.3399963378906,6047.14990234375,114.91
2024-12-03,2644.699951171875,1427.83,70.15,126.5798,13.3,331.44000244140625,6049.8798828125,114.91
2024-12-04,2653.800048828125,1412.16,68.81,126.5798,13.45,326.5899963378906,6086.490234375,114.91
2024-12-05,2626.60009765625,1415.88,68.58,126.5798,13.54,323.8699951171875,6075.10986328125,114.91
2024-12-06,2638.60009765625,1422.4,68.58,126.688,12.77,322.07000732421875,6090.27001953125,114.91
2024-12-07,,,,126.688,,,,114.91
2024-12-08,,,,126.688,,,,114.91
2024-12-09,2664.89990234375,1430.05,68.65,126.688,14.19,313.739990234375,6052.85009765625,114.91
2024-12-10,2697.60009765625,1432.6,68.85,126.688,14.18,320.7900085449219,6034.91015625,114.91
2024-12-11,2733.800048828125,1428.5,70.57,126.688,13.58,323.8599853515625,6084.18994140625,114.91
2024-12-12,2687.5,1429.47,70.25,126.688,13.92,329.0400085449219,6051.25,114.91
2024-12-13,2656.0,1434.82,71.54,127.3096,13.81,330.489990234375,6051.08984375,114.91
2024-12-14,,,,127.3096,,,,114.91
2024-12-15,,,,127.3096,,,,114.91
2024-12-16,2651.39990234375,1437.86,71.03,127.3096,14.69,329.6099853515625,6074.080078125,114.91
2024-12-17,2644.39990234375,1436.16,70.31,127.3096,15.87,325.25,6050.60986328125,114.91
2024-12-18,2636.5,1438.13,70.8,127.3096,27.62,329.7200012207031,5872.16015625,114.91
2024-12-19,2592.199951171875,1446.06,70.1,127.3096,24.09,322.3800048828125,5867.080078125,114.91
2024-12-20,2628.699951171875,1444.52,69.71,127.893,18.36,318.3299865722656,5930.85009765625,114.91
2024-12-21,,,,127.893,,,,114.91
2024-12-22,,,,127.893,,,,114.91
2024-12-23,2612.300048828125,1451.76,69.5,127.893,16.78,322.9800109863281,5974.06982421875,114.91
2024-12-24,2620.0,1457.36,70.87,127.893,14.27,323.3900146484375,6040.0400390625,114.91
2024-12-25,,,,127.893,,,,114.91
2024-12-26,2638.800048828125,1467.66,70.38,127.893,14.73,321.45001220703125,6037.58984375,114.91
2024-12-27,2617.199951171875,1470.4,71.28,128.45,15.95,319.0299987792969,5970.83984375,114.91
2024-12-28,,,,128.45,,,,114.91
2024-12-29,,,,128.45,,,,114.91
2024-12-30,2606.10009765625,1472.32,71.73,128.45,17.4,317.82000732421875,5906.93994140625,114.91
2024-12-31,2629.199951171875,1477.86,72.44,128.45,17.35,,5881.6298828125,114.91
2025-01-01,,,,128.45,,,,115.71
2025-01-02,2658.89990234375,1472.52,73.79,128.45,17.93,317.7699890136719,5868.5498046875,115.71
2025-01-03,2645.0,1470.0,74.64,129.4535,16.13,324.0,5942.47021484375,115.71
2025-01-04,,,,129.4535,,,,115.71
2025-01-05,,,,129.4535,,,,115.71
2025-01-06,2638.39990234375,1459.94,74.31,129.4535,16.04,331.5199890136719,5975.3798828125,115.71
2025-01-07,2656.699951171875,1452.42,74.99,129.4535,17.82,330.8900146484375,5909.02978515625,115.71
2025-01-08,2664.5,1459.85,73.99,129.4535,17.7,334.95001220703125,5918.25,115.71
2025-01-09,2683.800048828125,1459.23,,129.4535,18.07,335.3999938964844,,115.71
2025-01-10,2708.5,1473.36,77.27,129.8664,19.54,334.54998779296875,5827.0400390625,115.71
2025-01-11,,,,129.8664,,,,115.71
2025-01-12,,,,129.8664,,,,115.71
2025-01-13,2673.5,1466.87,79.57,129.8664,19.19,330.3099975585937,5836.22021484375,115.71
2025-01-14,2677.5,1459.5,78.2,129.8664,18.71,330.739990234375,5842.91015625,115.71
2025-01-15,2712.5,1456.5,80.73,129.8664,16.12,330.9700012207031,5949.91015625,115.71
2025-01-16,2746.39990234375,1456.16,79.35,129.8664,16.6,335.7300109863281,5937.33984375,115.71
2025-01-17,2744.300048828125,1457.04,78.56,129.4859,15.97,335.0899963378906,5996.66015625,115.71
2025-01-18,,,,129.4859,,,,115.71
2025-01-19,,,,129.4859,,,,115.71
2025-01-20,,,,129.4859,15.81,333.94000244140625,,115.71
2025-01-21,2755.0,1435.29,76.79,129.4859,15.06,334.44000244140625,6049.240234375,115.71
2025-01-22,2767.60009765625,1435.77,76.12,129.4859,15.1,338.760009765625,6086.3701171875,115.71
2025-01-23,2763.10009765625,1434.29,75.03,129.4859,15.02,334.5,6118.7099609375,115.71
2025-01-24,2777.300048828125,1429.17,74.97,127.4611,14.85,336.739990234375,6101.240234375,115.71
2025-01-25,,,,127.4611,,,,115.71
2025-01-26,,,,127.4611,,,,115.71
2025-01-27,2737.5,1433.83,73.51,127.4611,17.9,,6012.27978515625,115.71
2025-01-28,2766.800048828125,1446.42,74.15,127.4611,16.41,,6067.7001953125,115.71
2025-01-29,2769.10009765625,1441.85,72.94,127.4611,16.56,,6039.31005859375,115.71
2025-01-30,2823.0,1442.16,73.1,127.4611,15.84,,6071.169921875,115.71
2025-01-31,2812.5,1453.86,72.84,128.4828,16.43,333.3599853515625,6040.52978515625,115.71
2025-02-01,,,,128.4828,,,,116.08
2025-02-02,,,,128.4828,,,,116.08
2025-02-03,2833.89990234375,1461.21,73.52,128.4828,18.62,324.54998779296875,5994.56982421875,116.08
2025-02-04,2853.300048828125,1451.02,73.04,128.4828,17.21,328.7200012207031,6037.8798828125,116.08
2025-02-05,2871.60009765625,1442.37,71.39,128.4828,15.77,332.4700012207031,6061.47998046875,116.08
2025-02-06,2856.0,1447.05,70.97,128.4828,15.5,336.5299987792969,6083.56982421875,116.08
2025-02-07,2867.300048828125,1453.97,71.32,128.4292,16.54,333.8900146484375,6025.990234375,116.08
2025-02-08,,,,128.4292,,,,116.08
2025-02-09,,,,128.4292,,,,116.08
2025-02-10,2914.300048828125,1451.0,72.73,128.4292,15.81,334.5,6066.43994140625,116.08
2025-02-11,2912.5,1452.31,73.67,128.4292,16.02,336.6700134277344,6068.5,116.08
2025-02-12,2909.0,1453.49,71.72,128.4292,15.89,337.2300109863281,6051.97021484375,116.08
2025-02-13,2925.89990234375,1446.95,71.66,128.4292,15.1,341.0599975585937,6115.06982421875,116.08
2025-02-14,2883.60009765625,1439.89,71.05,127.1491,14.77,342.760009765625,6114.6298828125,116.08
2025-02-15,,,,127.1491,,,,116.08
2025-02-16,,,,127.1491,,,,116.08
2025-02-17,,,,127.1491,15.37,345.1099853515625,,116.08
2025-02-18,2931.60009765625,1438.83,72.21,127.1491,15.35,347.8399963378906,6129.580078125,116.08
2025-02-19,2919.39990234375,1441.06,72.58,127.1491,15.27,354.5299987792969,6144.14990234375,116.08
2025-02-20,2940.0,1434.71,72.88,127.1491,15.66,352.1499938964844,6117.52001953125,116.08
2025-02-21,2937.60009765625,1434.06,70.72,127.1408,18.21,351.9200134277344,6013.1298828125,116.08
2025-02-22,,,,127.1408,,,,116.08
2025-02-23,,,,127.1408,,,,116.08
2025-02-24,2947.89990234375,1429.77,71.06,127.1408,18.98,349.8999938964844,5983.25,116.08
2025-02-25,2904.5,1433.79,69.15,127.1408,19.43,347.5400085449219,5955.25,116.08
2025-02-26,2916.800048828125,1433.2,68.87,127.1408,19.1,349.3099975585937,5956.06005859375,116.08
2025-02-27,2883.199951171875,1447.35,70.62,127.1408,21.13,346.45001220703125,5861.56982421875,116.08
2025-02-28,2836.800048828125,1459.04,69.97,128.2805,19.63,334.2699890136719,5954.5,116.08
2025-03-01,,,,128.2805,,,,116.29
2025-03-02,,,,128.2805,,,,116.29
2025-03-03,2890.199951171875,1456.49,68.63,128.2805,22.78,,5849.72021484375,116.29
2025-03-04,2909.60009765625,1458.46,68.47,128.2805,23.51,334.0199890136719,5778.14990234375,116.29
2025-03-05,2915.300048828125,1445.21,66.58,128.2805,21.93,337.0799865722656,5842.6298828125,116.29
2025-03-06,2916.60009765625,1447.34,66.62,128.2805,24.87,340.3099975585937,5738.52001953125,116.29
2025-03-07,2904.699951171875,1449.3,67.29,125.9814,23.37,338.4200134277344,5770.2001953125,116.29
2025-03-08,,,,125.9814,,,,116.29
2025-03-09,,,,125.9814,,,,116.29
2025-03-10,2891.0,1456.74,66.31,125.9814,27.86,338.7900085449219,5614.56005859375,116.29
2025-03-11,2912.89990234375,1453.07,66.52,125.9814,26.92,334.9599914550781,5572.06982421875,116.29
2025-03-12,2939.10009765625,1451.7,67.65,125.9814,24.23,340.8900146484375,5599.2998046875,116.29
2025-03-13,2984.300048828125,1455.76,66.82,125.9814,24.66,341.4200134277344,5521.52001953125,116.29
2025-03-14,2994.5,1451.76,67.43,125.6942,21.77,340.79998779296875,5638.93994140625,116.29
2025-03-15,,,,125.6942,,,,116.29
2025-03-16,,,,125.6942,,,,116.29
2025-03-17,3000.0,1444.71,67.84,125.6942,20.51,348.19000244140625,5675.1201171875,116.29
2025-03-18,3035.10009765625,1451.28,67.49,125.6942,21.7,347.8399963378906,5614.66015625,116.29
2025-03-19,3035.89990234375,1462.15,67.4,125.6942,19.9,350.8500061035156,5675.2900390625,116.29
2025-03-20,3040.0,1467.77,68.55,125.6942,19.8,353.5,5662.89013671875,116.29
2025-03-21,3018.199951171875,1466.49,68.52,126.2679,19.28,355.17999267578125,5667.56005859375,116.29
2025-03-22,,,,126.2679,,,,116.29
2025-03-23,,,,126.2679,,,,116.29
2025-03-24,3013.10009765625,1466.91,69.46,126.2679,17.48,353.239990234375,5767.56982421875,116.29
2025-03-25,3023.699951171875,1465.32,69.48,126.2679,17.15,351.0899963378906,5776.64990234375,116.29
2025-03-26,3020.89990234375,1467.25,70.05,126.2679,18.33,355.0,5712.2001953125,116.29
2025-03-27,3060.199951171875,1463.9,70.3,126.2679,18.69,350.260009765625,5693.31005859375,116.29
2025-03-28,3086.5,1469.2,69.74,126.4187,21.65,342.9599914550781,5580.93994140625,116.29
2025-03-29,,,,126.4187,,,,116.29
2025-03-30,,,,126.4187,,,,116.29
2025-03-31,3122.800048828125,1474.44,71.87,126.4187,22.28,332.3999938964844,5611.85009765625,116.29
2025-04-01,3118.89990234375,1471.0,71.61,126.4187,21.77,338.2200012207031,5633.06982421875,116.38
2025-04-02,3139.89990234375,1462.06,72.12,126.4187,21.51,336.260009765625,5670.97021484375,116.38
2025-04-03,3097.0,1450.55,67.43,126.4187,30.02,332.9200134277344,5396.52001953125,116.38
2025-04-04,3012.0,1457.76,62.42,125.8129,45.31,328.6700134277344,5074.080078125,116.38
2025-04-05,,,,125.8129,,,,116.38
2025-04-06,,,,125.8129,,,,116.38
2025-04-07,2951.300048828125,1470.22,61.05,125.8129,46.98,309.6000061035156,5062.25,116.38
2025-04-08,2968.39990234375,1477.97,60.04,125.8129,52.33,310.0299987792969,4982.77001953125,116.38
2025-04-09,3056.5,1472.75,62.63,125.8129,33.62,304.5299987792969,5456.89990234375,116.38
2025-04-10,3155.199951171875,1450.37,60.57,125.8129,40.72,325.0799865722656,5268.0498046875,116.38
2025-04-11,3222.199951171875,1418.79,61.91,124.0163,37.56,322.32000732421875,5363.35986328125,116.38
2025-04-12,,,,124.0163,,,,116.38
2025-04-13,,,,124.0163,,,,116.38
2025-04-14,3204.800048828125,1422.56,61.99,124.0163,30.89,325.3299865722656,5405.97021484375,116.38
2025-04-15,3218.699951171875,1427.16,61.74,124.0163,30.12,328.1400146484375,5396.6298828125,116.38
2025-04-16,3326.60009765625,1415.24,62.88,124.0163,32.64,323.5299987792969,5275.7001953125,116.38
2025-04-17,3308.699951171875,1416.1,65.07,124.0163,29.65,326.29998779296875,5282.7001953125,116.38
2025-04-18,,1423.49,,122.9865,,328.3500061035156,,116.38
2025-04-19,,,,122.9865,,,,116.38
2025-04-20,,,,122.9865,,,,116.38
2025-04-21,3406.199951171875,1420.52,63.48,122.9865,33.82,329.3099975585937,5158.2001953125,116.38
2025-04-22,3400.800048828125,1425.0,64.6,122.9865,30.57,328.6099853515625,5287.759765625,116.38
2025-04-23,3276.300048828125,1425.88,62.64,122.9865,28.45,333.94000244140625,5375.85986328125,116.38
2025-04-24,3332.0,1432.97,63.55,122.9865,26.47,333.7200012207031,5484.77001953125,116.38
2025-04-25,3282.39990234375,1440.72,63.85,122.8858,24.84,336.8699951171875,5525.2099609375,116.38
2025-04-26,,,,122.8858,,,,116.38
2025-04-27,,,,122.8858,,,,116.38
2025-04-28,3332.5,1436.31,63.3,122.8858,25.15,337.0799865722656,5528.75,116.38
2025-04-29,3318.800048828125,1432.01,61.84,122.8858,24.17,339.0599975585937,5560.830078125,116.38
2025-04-30,3305.0,1425.68,59.55,122.8858,24.7,338.739990234375,5569.06005859375,116.38
2025-05-01,3210.0,1437.58,60.59,122.8858,24.6,,5604.14013671875,116.27
2025-05-02,3231.89990234375,1398.89,59.67,122.4962,22.68,338.7900085449219,5686.669921875,116.27
2025-05-03,,,,122.4962,,,,116.27
2025-05-04,,,,122.4962,,,,116.27
2025-05-05,3311.300048828125,1375.11,58.5,122.4962,23.64,,5650.3798828125,116.27
2025-05-06,3411.39990234375,1377.15,60.42,122.4962,24.76,,5606.91015625,116.27
2025-05-07,3381.39990234375,1391.86,59.42,122.4962,23.55,341.3099975585937,5631.27978515625,116.27
2025-05-08,3296.60009765625,1403.61,61.25,122.4962,22.48,341.4700012207031,5663.93994140625,116.27
2025-05-09,3335.39990234375,1398.51,62.37,122.5191,21.9,341.489990234375,5659.91015625,116.27
2025-05-10,,,,122.5191,,,,116.27
2025-05-11,,,,122.5191,,,,116.27
2025-05-12,3220.0,1417.77,63.32,122.5191,18.39,347.0799865722656,5844.18994140625,116.27
2025-05-13,3240.300048828125,1418.65,65.04,122.5191,18.22,347.1700134277344,5886.5498046875,116.27
2025-05-14,3181.39990234375,1398.83,64.48,122.5191,18.62,351.7900085449219,5892.580078125,116.27
2025-05-15,3220.699951171875,1397.65,63.03,122.5191,17.83,349.1600036621094,5916.93017578125,116.27
2025-05-16,3182.0,1401.19,63.84,123.0737,17.24,350.45001220703125,5958.3798828125,116.27
2025-05-17,,,,123.0737,,,,116.27
2025-05-18,,,,123.0737,,,,116.27
2025-05-19,3228.89990234375,1388.48,63.98,123.0737,18.14,346.57000732421875,5963.60009765625,116.27
2025-05-20,3280.300048828125,1393.36,63.97,123.0737,18.09,347.0199890136719,5940.4599609375,116.27
2025-05-21,3309.300048828125,1371.64,62.93,123.0737,20.87,349.3800048828125,5844.60986328125,116.27
2025-05-22,3292.300048828125,1381.55,62.55,123.0737,20.28,344.79998779296875,5842.009765625,116.27
2025-05-23,3363.60009765625,1365.03,62.89,121.3837,22.29,345.2799987792969,5802.81982421875,116.27
2025-05-24,,,,121.3837,,,,116.27
2025-05-25,,,,121.3837,,,,116.27
2025-05-26,,,,121.3837,20.57,352.1099853515625,,116.27
2025-05-27,3299.10009765625,1375.85,61.61,121.3837,18.96,351.2799987792969,5921.5400390625,116.27
2025-05-28,3293.60009765625,1374.6,62.54,121.3837,19.31,356.3599853515625,5888.5498046875,116.27
2025-05-29,3317.10009765625,1371.75,61.66,121.3837,19.18,363.0799865722656,5912.169921875,116.27
2025-05-30,3288.89990234375,1381.13,61.46,121.7674,18.57,359.6199951171875,5911.68994140625,116.27
2025-05-31,,,,121.7674,,,,116.27
2025-06-01,,,,121.7674,,,,116.31
2025-06-02,3370.60009765625,1376.42,63.27,121.7674,18.36,359.69000244140625,5935.93994140625,116.31
2025-06-03,3350.199951171875,1378.45,64.1,121.7674,17.69,,5970.3701171875,116.31
2025-06-04,3373.5,1364.16,63.57,121.7674,17.61,369.8999938964844,5970.81005859375,116.31
2025-06-05,3350.699951171875,1355.97,64.06,121.7674,18.48,376.5400085449219,5939.2998046875,116.31
2025-06-06,3322.699951171875,1360.28,65.3,121.161,16.77,,6000.35986328125,116.31
2025-06-07,,,,121.161,,,,116.31
2025-06-08,,,,121.161,,,,116.31
2025-06-09,3332.10009765625,1354.99,65.99,121.161,17.16,382.989990234375,6005.8798828125,116.31
2025-06-10,3320.89990234375,1367.55,65.66,121.161,16.95,384.7900085449219,6038.81005859375,116.31
2025-06-11,3321.300048828125,1368.29,68.91,121.161,17.26,389.7900085449219,6022.240234375,116.31
2025-06-12,3380.89990234375,1356.47,68.73,121.161,18.02,390.6199951171875,6045.259765625,116.31
2025-06-13,3431.199951171875,1364.93,73.84,120.3245,20.82,387.2999877929688,5976.97021484375,116.31
2025-06-14,,,,120.3245,,,,116.31
2025-06-15,,,,120.3245,,,,116.31
2025-06-16,3396.39990234375,1357.55,72.53,120.3245,19.11,394.1600036621094,6033.10986328125,116.31
2025-06-17,3386.60009765625,1370.29,75.62,120.3245,21.6,395.1799926757813,5982.72021484375,116.31
2025-06-18,3389.800048828125,1372.11,75.89,120.3245,20.14,398.8599853515625,5980.8701171875,116.31
2025-06-19,,,,120.3245,22.17,399.2900085449219,,116.31
2025-06-20,3368.10009765625,1372.45,75.72,121.0408,20.62,405.3200073242188,5967.83984375,116.31
2025-06-21,,,,121.0408,,,,116.31
2025-06-22,,,,121.0408,,,,116.31
2025-06-23,3377.699951171875,1382.61,69.36,121.0408,19.83,404.3200073242188,6025.169921875,116.31
2025-06-24,3317.39990234375,1359.0,65.45,121.0408,17.48,417.760009765625,6092.18017578125,116.31
2025-06-25,3327.10009765625,1362.17,65.98,121.0408,16.76,419.510009765625,6092.16015625,116.31
2025-06-26,3333.5,1355.64,66.44,121.0408,16.59,415.6600036621094,6141.02001953125,116.31
2025-06-27,3273.699951171875,1360.72,66.66,119.659,16.32,412.7200012207031,6173.06982421875,116.31
2025-06-28,,,,119.659,,,,116.31
2025-06-29,,,,119.659,,,,116.31
2025-06-30,3294.39990234375,1353.5,66.3,119.659,16.73,414.6000061035156,6204.9501953125,116.31
2025-07-01,3336.699951171875,1358.06,66.64,119.659,16.83,416.260009765625,6198.009765625,116.52
2025-07-02,3348.0,1356.9,68.66,119.659,16.64,414.4299926757813,6227.419921875,116.52
2025-07-03,3331.60009765625,1364.65,68.13,119.659,16.38,420.9400024414063,6279.35009765625,116.52
2025-07-04,3332.5,,,119.2382,17.48,412.739990234375,,116.52
2025-07-05,,,,119.2382,,,,116.52
2025-07-06,,,,119.2382,,,,116.52
2025-07-07,3332.199951171875,1369.6,69.16,119.2382,17.79,413.0199890136719,6229.97998046875,116.52
2025-07-08,3307.0,1372.74,69.55,119.2382,16.81,421.2200012207031,6225.52001953125,116.52
2025-07-09,3311.60009765625,1375.04,69.61,119.2382,15.94,422.0199890136719,6263.259765625,116.52
2025-07-10,3317.39990234375,1373.37,67.78,119.2382,15.78,428.4200134277344,6280.4599609375,116.52
2025-07-11,3356.0,1375.37,69.63,119.9214,16.4,428.0700073242188,6259.75,116.52
2025-07-12,,,,119.9214,,,,116.52
2025-07-13,,,,119.9214,,,,116.52
2025-07-14,3351.5,1382.51,68.19,119.9214,17.2,432.489990234375,6268.56005859375,116.52
2025-07-15,3329.800048828125,1385.39,67.76,119.9214,17.38,434.7799987792969,6243.759765625,116.52
2025-07-16,3352.5,1390.84,67.13,119.9214,17.16,431.1600036621094,6263.7001953125,116.52
2025-07-17,3340.10009765625,1391.04,68.76,119.9214,16.52,431.6400146484375,6297.35986328125,116.52
2025-07-18,3353.0,1390.29,68.53,120.356,16.41,431.1000061035156,6296.7900390625,116.52
2025-07-19,,,,120.356,,,,116.52
2025-07-20,,,,120.356,,,,116.52
2025-07-21,3401.89990234375,1381.22,68.39,120.356,16.65,434.55999755859375,6305.60009765625,116.52
2025-07-22,3439.199951171875,1381.58,67.56,120.356,16.5,428.0499877929688,6309.6201171875,116.52
2025-07-23,3394.10009765625,1375.38,66.05,120.356,15.37,430.0400085449219,6358.91015625,116.52
2025-07-24,3371.0,1371.0,67.16,120.356,15.39,430.0299987792969,6363.35009765625,116.52
2025-07-25,3334.0,1382.92,66.38,119.9857,14.93,430.7799987792969,6388.64013671875,116.52
2025-07-26,,,,119.9857,,,,116.52
2025-07-27,,,,119.9857,,,,116.52
2025-07-28,3309.10009765625,1388.21,67.81,119.9857,15.03,433.3699951171875,6389.77001953125,116.52
2025-07-29,3323.39990234375,1390.63,70.27,119.9857,15.98,435.8399963378906,6370.85986328125,116.52
2025-07-30,3295.800048828125,1391.58,71.09,119.9857,15.48,439.80999755859375,6362.89990234375,116.52
2025-07-31,3293.199951171875,1396.19,70.36,119.9857,16.72,438.6000061035156,6339.39013671875,116.52
2025-08-01,3347.699951171875,1388.34,68.39,121.2122,20.38,420.7200012207031,6238.009765625,116.45
2025-08-02,,,,121.2122,,,,116.45
2025-08-03,,,,121.2122,,,,116.45
2025-08-04,3374.39990234375,1385.71,67.33,121.2122,17.52,424.7900085449219,6329.93994140625,116.45
2025-08-05,3381.89990234375,1386.64,66.2,121.2122,17.85,431.25,6299.18994140625,116.45
2025-08-06,3380.0,1384.64,65.38,121.2122,16.77,430.6799926757813,6345.06005859375,116.45
2025-08-07,3400.300048828125,1386.05,64.9,121.2122,16.57,435.3500061035156,6340.0,116.45
2025-08-08,3439.10009765625,1389.7,64.94,120.3329,15.15,433.4700012207031,6389.4501953125,116.45
2025-08-09,,,,120.3329,,,,116.45
2025-08-10,,,,120.3329,,,,116.45
2025-08-11,3353.10009765625,1392.74,65.03,120.3329,16.25,433.2900085449219,6373.4501953125,116.45
2025-08-12,3348.89990234375,1385.4,64.22,120.3329,14.73,431.6300048828125,6445.759765625,116.45
2025-08-13,3358.699951171875,1378.9,63.68,120.3329,14.49,436.9200134277344,6466.580078125,116.45
2025-08-14,3335.199951171875,1390.59,64.99,120.3329,14.83,436.5700073242188,6468.5400390625,116.45
2025-08-15,3336.0,1387.87,63.78,120.3377,15.09,,6449.7998046875,116.45
2025-08-16,,,,120.3377,,,,116.45
2025-08-17,,,,120.3377,,,,116.45
2025-08-18,3331.699951171875,1387.34,64.51,120.3377,14.99,429.1900024414063,6449.14990234375,116.45
2025-08-19,3313.39990234375,1392.04,63.38,120.3377,15.57,426.1799926757813,6411.3701171875,116.45
2025-08-20,3343.39990234375,1397.7,64.19,120.3377,15.69,423.6600036621094,6395.77978515625,116.45
2025-08-21,3336.89990234375,1401.88,64.56,120.3377,16.6,424.4100036621094,6370.169921875,116.45
2025-08-22,3374.39990234375,1381.71,64.08,120.2774,14.22,428.5,6466.91015625,116.45
2025-08-23,,,,120.2774,,,,116.45
2025-08-24,,,,120.2774,,,,116.45
2025-08-25,3373.800048828125,1389.06,65.18,120.2774,14.79,433.8900146484375,6439.31982421875,116.45
2025-08-26,3388.60009765625,1393.52,63.6,120.2774,14.62,429.4100036621094,6465.93994140625,116.45
2025-08-27,3404.60009765625,1394.54,64.49,120.2774,14.85,430.30999755859375,6481.39990234375,116.45
2025-08-28,3431.800048828125,1384.85,64.96,120.2774,14.43,431.80999755859375,6501.85986328125,116.45
2025-08-29,3473.699951171875,1389.76,64.36,120.2082,15.36,430.1199951171875,6460.259765625,116.45
2025-08-30,,,,120.2082,,,,116.45
2025-08-31,,,,120.2082,,,,116.45
2025-09-01,,,,120.2082,16.12,423.3299865722656,,117.06
2025-09-02,3549.39990234375,1394.76,65.95,120.2082,17.17,428.1499938964844,6415.5400390625,117.06
2025-09-03,3593.199951171875,1389.21,64.36,120.2082,16.35,430.3699951171875,6448.259765625,117.06
2025-09-04,3565.800048828125,1394.8,63.81,120.2082,15.3,432.3200073242188,6502.080078125,117.06
2025-09-05,3613.199951171875,1385.28,62.22,120.1282,15.18,432.8599853515625,6481.5,117.06
2025-09-06,,,,120.1282,,,,117.06
2025-09-07,,,,120.1282,,,,117.06
2025-09-08,3638.10009765625,1386.29,62.6,120.1282,15.11,434.8500061035156,6495.14990234375,117.06
2025-09-09,3643.300048828125,1388.16,62.97,120.1282,15.04,441.2799987792969,6512.60986328125,117.06
2025-09-10,3643.60009765625,1386.97,64.01,120.1282,15.35,450.0499877929688,6532.0400390625,117.06
2025-09-11,3636.89990234375,1388.97,62.71,120.1282,14.71,454.0,6587.47021484375,117.06
2025-09-12,3649.39990234375,1394.06,63.02,120.0611,14.76,462.739990234375,6584.2900390625,117.06
2025-09-13,,,,120.0611,,,,117.06
2025-09-14,,,,120.0611,,,,117.06
2025-09-15,3682.199951171875,1385.09,63.66,120.0611,15.69,464.6499938964844,6615.27978515625,117.06
2025-09-16,3688.89990234375,1381.49,64.89,120.0611,16.36,472.8500061035156,6606.759765625,117.06
2025-09-17,3681.800048828125,1375.5,64.41,120.0611,15.72,466.989990234375,6600.35009765625,117.06
2025-09-18,3643.699951171875,1388.51,63.91,120.0611,15.7,475.3399963378906,6631.9599609375,117.06
2025-09-19,3671.5,1397.43,63.02,119.7858,15.45,473.4400024414063,6664.35986328125,117.06
2025-09-20,,,,119.7858,,,,117.06
2025-09-21,,,,119.7858,,,,117.06
2025-09-22,3740.699951171875,1392.4,62.99,119.7858,16.1,478.2900085449219,6693.75,117.06
2025-09-23,3780.60009765625,1394.28,63.76,119.7858,16.64,481.5400085449219,6656.919921875,117.06
2025-09-24,3732.10009765625,1404.7,65.4,119.7858,16.18,480.3900146484375,6637.97021484375,117.06
2025-09-25,3736.89990234375,1408.67,65.51,119.7858,16.74,480.6300048828125,6604.72021484375,117.06
2025-09-26,3775.300048828125,1410.05,66.5,120.4349,15.29,468.0299987792969,6643.7001953125,117.06
2025-09-27,,,,120.4349,,,,117.06
2025-09-28,,,,120.4349,,,,117.06
2025-09-29,3820.89990234375,1399.76,64.27,120.4349,16.12,475.2200012207031,6661.2099609375,117.06
2025-09-30,3840.800048828125,1404.63,63.17,120.4349,16.28,474.0299987792969,6688.4599609375,117.06
2025-10-01,3867.5,1402.45,62.59,120.4349,16.29,479.3699951171875,6711.2001953125,117.42
2025-10-02,3839.699951171875,1406.72,61.28,120.4349,16.63,493.4100036621094,6715.35009765625,117.42
2025-10-03,3880.800048828125,1406.16,61.65,120.0881,16.65,,6715.7900390625,117.42
2025-10-04,,,,120.0881,,,,117.42
2025-10-05,,,,120.0881,,,,117.42
2025-10-06,3948.5,1410.47,62.49,120.0881,16.37,,6740.27978515625,117.42
2025-10-07,3976.60009765625,1413.12,62.52,120.0881,17.24,,6714.58984375,117.42
2025-10-08,4043.300048828125,1424.17,63.37,120.0881,16.3,,6753.72021484375,117.42
2025-10-09,3946.300048828125,1423.68,62.36,120.0881,16.43,,6735.10986328125,117.42
2025-10-10,3975.89990234375,1428.39,59.75,121.1163,21.66,506.9700012207031,6552.509765625,117.42
2025-10-11,,,,121.1163,,,,117.42
2025-10-12,,,,121.1163,,,,117.42
2025-10-13,4108.60009765625,,,121.1163,19.03,501.8699951171875,6654.72021484375,117.42
2025-10-14,4138.7001953125,1429.91,59.52,121.1163,20.81,496.8900146484375,6644.31005859375,117.42
2025-10-15,4176.89990234375,1423.12,59.08,121.1163,20.64,510.5499877929688,6671.06005859375,117.42
2025-10-16,4280.2001953125,1416.07,58.29,121.1163,25.31,524.4500122070312,6629.06982421875,117.42
2025-10-17,4189.89990234375,1421.89,58.3,120.7028,20.78,525.47998046875,6664.009765625,117.42
2025-10-18,,,,120.7028,,,,117.42
2025-10-19,,,,120.7028,,,,117.42
2025-10-20,4336.39990234375,1420.39,58.34,120.7028,18.23,535.280029296875,6735.1298828125,117.42
2025-10-21,4087.699951171875,1430.58,58.66,120.7028,17.87,535.280029296875,6735.35009765625,117.42
2025-10-22,4044.39990234375,1429.94,59.3,120.7028,18.6,542.5900268554688,6699.39990234375,117.42
2025-10-23,4125.5,1437.25,62.44,120.7028,17.3,536.3699951171875,6738.43994140625,117.42
2025-10-24,4118.39990234375,1438.35,62.27,120.9345,16.37,550.010009765625,6791.68994140625,117.42
2025-10-25,,,,120.9345,,,,117.42
2025-10-26,,,,120.9345,,,,117.42
2025-10-27,4001.89990234375,1432.72,62.13,120.9345,15.79,565.6900024414062,6875.16015625,117.42
2025-10-28,3966.199951171875,1432.72,60.97,120.9345,16.42,559.510009765625,6890.89013671875,117.42
2025-10-29,3983.699951171875,1420.83,61.26,120.9345,16.92,571.510009765625,6890.58984375,117.42
2025-10-30,4001.300048828125,1430.45,61.36,120.9345,16.91,575.2100219726562,6822.33984375,117.42
2025-10-31,3982.199951171875,1428.37,61.75,121.3859,17.44,579.4600219726562,6840.2001953125,117.42
2025-11-01,,,,121.3859,,,,117.2
2025-11-02,,,,121.3859,,,,117.2
2025-11-03,4000.300048828125,1430.65,61.79,121.3859,17.17,599.030029296875,6851.97021484375,117.2
2025-11-04,3947.699951171875,1440.22,61.38,121.3859,19.0,581.9400024414062,6771.5498046875,117.2
2025-11-05,3980.300048828125,1440.95,60.4,121.3859,18.01,565.4000244140625,6796.2900390625,117.2
2025-11-06,3979.89990234375,1449.28,60.24,121.3859,19.5,568.3800048828125,6720.31982421875,117.2
2025-11-07,3999.39990234375,1461.07,60.54,121.388,19.08,557.97998046875,6728.7998046875,117.2
2025-11-08,,,,121.388,,,,117.2
2025-11-09,,,,121.388,,,,117.2
2025-11-10,4111.7998046875,1456.34,60.94,121.388,17.6,575.3099975585938,6832.43017578125,117.2
2025-11-11,4106.7998046875,,,121.388,17.28,581.4099731445312,6846.60986328125,117.2
2025-11-12,4204.39990234375,1468.6,59.3,121.388,17.51,586.72998046875,6850.919921875,117.2
2025-11-13,4186.89990234375,1465.32,59.54,121.388,20.0,588.6500244140625,6737.490234375,117.2
2025-11-14,4087.60009765625,1453.2,60.87,120.9666,19.83,563.4299926757812,6734.10986328125,117.2
2025-11-15,,,,120.9666,,,,117.2
2025-11-16,,,,120.9666,,,,117.2
2025-11-17,4068.300048828125,1459.71,60.66,120.9666,22.38,576.6500244140625,6672.41015625,117.2
2025-11-18,4061.300048828125,1461.3,61.51,120.9666,24.69,556.4500122070312,6617.31982421875,117.2
2025-11-19,4077.699951171875,1467.69,60.27,120.9666,23.66,552.6599731445312,6642.16015625,117.2
2025-11-20,4056.5,1472.65,60.07,120.9666,26.42,564.2000122070312,6538.759765625,117.2
2025-11-21,4076.699951171875,1470.84,58.86,121.8653,23.43,540.3599853515625,6602.990234375,117.2
2025-11-22,,,,121.8653,,,,117.2
2025-11-23,,,,121.8653,,,,117.2
2025-11-24,4091.89990234375,1475.94,59.11,121.8653,20.52,540.8099975585938,6705.1201171875,117.2
2025-11-25,4139.2001953125,1468.02,58.25,121.8653,18.56,544.6199951171875,6765.8798828125,117.2
2025-11-26,4165.2001953125,1468.39,58.81,121.8653,17.19,559.3699951171875,6812.60986328125,117.2
2025-11-27,,,,121.8653,17.21,563.3599853515625,,117.2
2025-11-28,4218.2998046875,1467.65,58.58,121.0527,16.35,554.0,6849.08984375,117.2
2025-11-29,,,,121.0527,,,,117.2
2025-11-30,,,,121.0527,,,,117.2
2025-12-01,4239.2998046875,1467.79,59.47,121.0527,17.24,553.9600219726562,6812.6298828125,117.57
2025-12-02,4186.60009765625,1469.23,58.81,121.0527,16.59,565.719970703125,6829.3701171875,117.57
2025-12-03,4199.2998046875,1465.94,59.09,121.0527,16.08,570.7899780273438,6849.72021484375,117.57
2025-12-04,4211.7998046875,1473.22,59.82,121.0527,15.78,569.75,6857.1201171875,117.57
2025-12-05,4212.89990234375,1472.83,60.23,120.6863,15.41,580.8099975585938,6870.39990234375,117.57
2025-12-06,,,,120.6863,,,,117.57
2025-12-07,,,,120.6863,,,,117.57
2025-12-08,4187.2001953125,1469.19,59.04,120.6863,16.66,589.1699829101562,6846.509765625,117.57
2025-12-09,4206.7001953125,1469.48,58.4,120.6863,16.93,585.760009765625,6840.509765625,117.57
2025-12-10,4196.39990234375,1470.2,58.67,120.6863,15.77,585.52001953125,6886.68017578125,117.57
2025-12-11,4285.5,1471.38,57.76,120.6863,14.85,580.1599731445312,6901.0,117.57
2025-12-12,4300.10009765625,1477.72,57.61,120.1442,15.74,587.9299926757812,6827.41015625,117.57
2025-12-13,,,,120.1442,,,,117.57
2025-12-14,,,,120.1442,,,,117.57
2025-12-15,4306.7001953125,1468.62,56.97,120.1442,16.5,574.489990234375,6816.509765625,117.57
2025-12-16,4304.5,1472.48,55.44,120.1442,16.48,561.52001953125,6800.259765625,117.57
2025-12-17,4347.5,1475.05,56.07,120.1442,17.62,572.6199951171875,6721.43017578125,117.57
2025-12-18,4339.5,1473.21,56.22,120.1442,16.87,565.6500244140625,6774.759765625,117.57
2025-12-19,4361.39990234375,1477.26,56.8,120.1652,14.91,568.4000244140625,6834.5,117.57
2025-12-20,,,,120.1652,,,,117.57
2025-12-21,,,,120.1652,,,,117.57
2025-12-22,4444.60009765625,1480.13,58.18,120.1652,14.08,582.72998046875,6878.490234375,117.57
2025-12-23,4482.7998046875,1481.45,58.55,120.1652,14.0,584.6400146484375,6909.7900390625,117.57
2025-12-24,4480.60009765625,1443.62,58.72,120.1652,13.47,584.2100219726562,6932.0498046875,117.57
2025-12-25,,,,120.1652,,,,117.57
2025-12-26,4529.10009765625,1441.16,56.6,119.4723,13.6,590.0800170898438,6929.93994140625,117.57
2025-12-27,,,,119.4723,,,,117.57
2025-12-28,,,,119.4723,,,,117.57
2025-12-29,4325.10009765625,1433.88,57.89,119.4723,14.2,605.6900024414062,6905.740234375,117.57
2025-12-30,4370.10009765625,1439.42,57.79,119.4723,14.33,605.97998046875,6896.240234375,117.57
2025-12-31,4325.60009765625,1444.55,57.26,119.4723,14.95,,6845.5,117.57
2026-01-01,,,,119.4723,,,,118.03
2026-01-02,4314.39990234375,1444.45,57.21,119.6059,14.51,624.1699829101562,6858.47021484375,118.03
2026-01-03,,,,119.6059,,,,118.03
2026-01-04,,,,119.6059,,,,118.03
2026-01-05,4436.89990234375,1444.88,58.1,119.6059,14.9,648.739990234375,6902.0498046875,118.03
2026-01-06,4482.2001953125,1446.93,56.97,119.6059,14.75,659.4500122070312,6944.81982421875,118.03
2026-01-07,4449.2998046875,1447.45,56.01,119.6059,15.38,664.47998046875,6920.93017578125,118.03
2026-01-08,4449.7001953125,1452.15,57.74,119.6059,15.45,664.1799926757812,6921.4599609375,118.03
2026-01-09,4490.2998046875,1458.61,58.96,120.2215,14.49,668.25,6966.27978515625,118.03
2026-01-10,,,,120.2215,,,,118.03
2026-01-11,,,,120.2215,,,,118.03
2026-01-12,4604.2998046875,1467.08,59.39,120.2215,15.12,672.8599853515625,6977.27001953125,118.03
2026-01-13,4589.2001953125,1475.78,60.85,120.2215,15.98,680.7100219726562,6963.740234375,118.03
2026-01-14,4626.2998046875,1464.29,61.84,120.2215,16.75,685.760009765625,6926.60009765625,118.03
2026-01-15,4616.2998046875,1469.39,59.13,120.2215,15.84,696.3900146484375,6944.47021484375,118.03
2026-01-16,4588.39990234375,1474.05,59.4,120.0838,15.86,704.6400146484375,6940.009765625,118.03
2026-01-17,,,,120.0838,,,,118.03
2026-01-18,,,,120.0838,,,,118.03
2026-01-19,,,,120.0838,18.84,713.9600219726562,,118.03
2026-01-20,4759.60009765625,1478.33,60.3,120.0838,20.09,708.47998046875,6796.85986328125,118.03
2026-01-21,4831.7998046875,1465.95,60.38,120.0838,16.9,714.9400024414062,6875.6201171875,118.03
2026-01-22,4908.7998046875,1464.34,59.24,120.0838,15.64,722.2999877929688,6913.35009765625,118.03
2026-01-23,4976.2001953125,1462.89,60.7,118.8976,16.09,727.2899780273438,6915.60986328125,118.03
2026-01-24,,,,118.8976,,,,118.03
2026-01-25,,,,118.8976,,,,118.03
2026-01-26,5079.7001953125,1441.49,60.46,118.8976,16.15,720.0399780273438,6950.22998046875,118.03
2026-01-27,5079.89990234375,1437.45,62.04,118.8976,16.35,745.1300048828125,6978.60009765625,118.03
2026-01-28,5301.60009765625,1436.06,62.75,118.8976,16.35,758.719970703125,6978.02978515625,118.03
2026-01-29,5318.39990234375,1433.84,64.77,118.8976,16.88,765.5900268554688,6969.009765625,118.03
2026-01-30,4713.89990234375,1444.51,64.5,117.8996,17.44,768.4099731445312,6939.02978515625,118.03
2026-01-31,,,,117.8996,,,,118.03
2026-02-01,,,,117.8996,,,,118.4
2026-02-02,4622.5,1452.03,61.6,117.8996,16.34,725.4600219726562,6976.43994140625,118.4
2026-02-03,4903.7001953125,1447.7,62.62,117.8996,18.0,779.5399780273438,6917.81005859375,118.4
2026-02-04,4920.39990234375,1459.24,64.56,117.8996,18.64,790.3800048828125,6882.72021484375,118.4
2026-02-05,4861.39990234375,1463.13,62.9,117.8996,21.77,756.9500122070312,6798.39990234375,118.4
2026-02-06,4951.2001953125,1462.75,63.77,118.2407,17.76,748.0999755859375,6932.2998046875,118.4
2026-02-07,,,,118.2407,,,,118.4
2026-02-08,,,,118.2407,,,,118.4
2026-02-09,5050.89990234375,1458.12,64.53,118.2407,17.36,780.9400024414062,6964.81982421875,118.4
2026-02-10,5003.7998046875,1456.82,64.2,118.2407,17.79,780.760009765625,6941.81005859375,118.4
2026-02-11,5071.60009765625,1446.96,64.8,118.2407,17.65,788.75,6941.47021484375,118.4
2026-02-12,4923.7001953125,1439.8,63.08,118.2407,20.82,816.280029296875,6832.759765625,118.4
2026-02-13,5022.0,1442.9,63.05,117.5258,20.6,814.5900268554688,6836.169921875,118.4
2026-02-14,,,,117.5258,,,,118.4
2026-02-15,,,,117.5258,,,,118.4
2026-02-16,,,,117.5258,21.2,,,118.4
2026-02-17,4882.89990234375,1444.43,62.53,117.5258,20.29,,6843.22021484375,118.4
2026-02-18,4986.5,1445.15,65.33,117.5258,19.62,,6881.31005859375,118.4
2026-02-19,4975.89990234375,1450.1,66.66,117.5258,20.23,840.239990234375,6861.89013671875,118.4
2026-02-20,5059.2998046875,1445.97,66.69,117.9917,19.09,859.5900268554688,6909.509765625,118.4
2026-02-21,,,,117.9917,,,,118.4
2026-02-22,,,,117.9917,,,,118.4
2026-02-23,5204.7001953125,1442.62,66.36,117.9917,21.01,865.489990234375,6837.75,118.4
2026-02-24,5155.7998046875,1440.45,65.62,117.9917,19.55,886.8800048828125,6890.06982421875,118.4
2026-02-25,5206.39990234375,1427.12,65.3,117.9917,17.93,903.8300170898438,6946.1298828125,118.4
2026-02-26,5176.5,1433.32,65.1,117.9917,18.63,944.02001953125,6908.85986328125,118.4
2026-02-27,5230.5,1439.82,66.96,117.8223,19.86,933.3400268554688,6878.8798828125,118.4
2026-02-28,,,,117.8223,,,,118.4
2026-03-01,,,,117.8223,,,,118.8
2026-03-02,5294.39990234375,1439.8,71.13,117.8223,21.44,,6881.6201171875,118.8
2026-03-03,5107.39990234375,1485.6,74.48,117.8223,23.57,859.4000244140625,6816.6298828125,118.8
2026-03-04,5120.2001953125,1462.7,74.58,117.8223,21.15,756.7899780273438,6869.5,118.8
2026-03-05,5065.2998046875,1483.36,80.88,117.8223,23.75,831.219970703125,6830.7099609375,118.8
2026-03-06,5146.10009765625,1482.98,90.77,119.491,29.49,828.8300170898438,6740.02001953125,118.8
2026-03-07,,,,119.491,,,,118.8
2026-03-08,,,,119.491,,,,118.8
2026-03-09,5091.5,1478.15,94.65,119.491,25.5,775.3099975585938,6795.990234375,118.8
2026-03-10,5229.7001953125,1465.29,83.71,119.491,24.93,823.02001953125,6781.47998046875,118.8
2026-03-11,5167.39990234375,1474.94,86.8,119.491,24.23,834.0499877929688,6775.7998046875,118.8
2026-03-12,5115.7998046875,1491.81,95.61,119.491,27.29,827.510009765625,6672.6201171875,118.8
2026-03-13,5052.5,1498.88,98.48,120.5518,27.19,812.9299926757812,6632.18994140625,118.8
2026-03-14,,,,120.5518,,,,118.8
2026-03-15,,,,120.5518,,,,118.8
2026-03-16,4994.0,1493.01,93.39,120.5518,23.51,826.8300170898438,6699.3798828125,118.8
2026-03-17,5001.0,1488.68,96.01,120.5518,22.37,840.8900146484375,6716.08984375,118.8
2026-03-18,4889.89990234375,1500.19,96.12,120.5518,25.09,888.5700073242188,6624.7001953125,118.8
2026-03-19,4600.7001953125,1495.88,96.11,120.5518,24.06,862.3699951171875,6606.490234375,118.8
2026-03-20,4570.39990234375,1504.15,98.71,120.2757,26.78,862.5,6506.47998046875,118.8
2026-03-21,,,,120.2757,,,,118.8
2026-03-22,,,,120.2757,,,,118.8
2026-03-23,4404.10009765625,1492.07,89.33,120.2757,26.15,804.8599853515625,6581.0,118.8
2026-03-24,4399.2998046875,1496.95,93.18,120.2757,26.95,827.6400146484375,6556.3701171875,118.8
2026-03-25,4549.7998046875,1500.32,91.51,120.2757,25.33,838.7000122070312,6591.89990234375,118.8
2026-03-26,4375.5,1504.57,96.18,120.2757,27.44,808.8900146484375,6477.16015625,118.8
2026-03-27,4492.0,1509.86,101.26,120.8851,31.05,805.1900024414062,6368.85009765625,118.8
2026-03-28,,,,120.8851,,,,118.8
2026-03-29,,,,120.8851,,,,118.8
2026-03-30,4526.0,1518.7,104.69,120.8851,30.61,780.3200073242188,6343.72021484375,118.8
2026-03-31,4647.60009765625,1523.5,102.86,120.8851,25.25,744.5700073242188,6528.52001953125,118.8
2026-04-01,4783.2001953125,1511.31,101.9,120.8851,24.54,813.8400268554688,6575.31982421875,119.37
2026-04-02,4651.5,1509.54,113.23,120.8851,23.87,774.6300048828125,6582.68994140625,119.37
2026-04-03,,1510.17,,120.6565,,798.3200073242188,,119.37
2026-04-04,,,,120.6565,,,,119.37
2026-04-05,,,,120.6565,,,,119.37
2026-04-06,4656.7998046875,1507.55,114.01,120.6565,24.17,811.8400268554688,6611.830078125,119.37
2026-04-07,4657.10009765625,1501.86,114.58,120.6565,25.78,821.0999755859375,6616.85009765625,119.37
2026-04-08,4749.5,1477.1,96.17,120.6565,21.04,882.8099975585938,6782.81005859375,119.37
2026-04-09,4792.2001953125,1472.92,99.62,120.6565,19.49,865.75,6824.66015625,119.37
2026-04-10,4761.89990234375,1483.9,98.34,118.8552,19.23,878.780029296875,6816.89013671875,119.37
2026-04-11,,,,118.8552,,,,119.37
2026-04-12,,,,118.8552,,,,119.37
2026-04-13,4742.39990234375,1486.94,100.72,118.8552,19.12,870.780029296875,6886.240234375,119.37
2026-04-14,4825.0,1471.51,93.07,118.8552,18.36,897.0,6967.3798828125,119.37
2026-04-15,4800.0,1474.41,93.04,118.8552,18.17,916.5999755859376,7022.9501953125,119.37
2026-04-16,4785.39990234375,1478.19,96.46,118.8552,17.94,937.8699951171876,7041.27978515625,119.37
2026-04-17,4857.60009765625,1461.66,85.91,118.0795,17.48,931.4099731445312,7126.06005859375,119.37
2026-04-18,,,,118.0795,,,,119.37
2026-04-19,,,,118.0795,,,,119.37
2026-04-20,4806.60009765625,1470.31,91.06,118.0795,18.87,935.75,7109.14013671875,119.37
2026-04-21,4698.39990234375,1478.52,93.64,118.0795,19.5,962.260009765625,7064.009765625,119.37
2026-04-22,4732.5,1480.61,94.76,118.0795,18.92,964.52001953125,7137.89990234375,119.37
2026-04-23,4705.10009765625,1479.19,99.27,118.0795,19.31,975.6199951171876,7108.39990234375,119.37
2026-04-24,4722.2998046875,1476.47,98.42,118.7294,18.71,971.8699951171876,7165.080078125,119.37
2026-04-25,,,,118.7294,,,,119.37
2026-04-26,,,,118.7294,,,,119.37
2026-04-27,4675.39990234375,1473.4,99.89,118.7294,18.02,995.3300170898438,7173.91015625,119.37
2026-04-28,4591.5,1472.37,103.45,118.7294,17.83,999.030029296875,7138.7998046875,119.37
2026-04-29,4545.2001953125,1487.69,110.47,118.7294,18.81,1006.5900268554688,7135.9501953125,119.37
2026-04-30,4614.7001953125,1477.93,108.64,118.7294,16.89,992.1500244140624,7209.009765625,119.37
2026-05-01,4629.89990234375,1477.22,105.38,118.3926,16.99,,7230.1201171875,119.92
2026-05-02,,,,118.3926,,,,119.92
2026-05-03,,,,118.3926,,,,119.92
2026-05-04,4519.5,1476.01,109.76,118.3926,18.29,1049.6600341796875,7200.75,119.92
2026-05-05,4555.7998046875,1478.41,105.66,118.3926,17.38,,7259.22021484375,119.92
2026-05-06,4681.89990234375,1447.01,98.75,118.3926,17.39,1129.6300048828125,7365.1201171875,119.92
2026-05-07,4699.7998046875,1453.85,98.38,118.3926,17.08,1149.8599853515625,7337.10986328125,119.92
2026-05-08,4720.39990234375,1461.06,98.87,118.0392,17.19,1151.1700439453125,7398.93017578125,119.92
2026-05-09,,,,118.0392,,,,119.92
2026-05-10,,,,118.0392,,,,119.92
2026-05-11,4718.7001953125,1469.91,101.56,118.0392,18.38,1211.43994140625,7412.83984375,119.92
2026-05-12,4677.60009765625,1490.32,105.78,118.0392,17.99,1183.4100341796875,7400.9599609375,119.92
2026-05-13,4697.7001953125,1490.11,104.52,118.0392,17.87,1220.1700439453125,7444.25,119.92
2026-05-14,4678.10009765625,1491.75,104.66,118.0392,17.26,1243.1700439453125,7501.240234375,119.92
2026-05-15,4555.7998046875,1499.61,108.99,119.2825,18.43,1162.3900146484375,7408.5,119.92
2026-05-16,,,,119.2825,,,,119.92
2026-05-17,,,,119.2825,,,,119.92
2026-05-18,4552.5,1494.67,112.25,119.2825,17.82,1171.300048828125,7403.0498046875,119.92
2026-05-19,4506.2998046875,1508.49,112.09,119.2825,18.06,1132.4200439453125,7353.60986328125,119.92
2026-05-20,4531.2998046875,1498.77,101.69,119.2825,17.44,1125.510009765625,7432.97021484375,119.92
2026-05-21,4539.7998046875,1508.47,100.2,119.2825,16.76,1225.219970703125,7445.72021484375,119.92
2026-05-22,4521.0,1517.33,100.35,119.2868,16.7,1226.030029296875,7473.47021484375,119.92
2026-05-23,,,,119.2868,,,,119.92
2026-05-24,,,,119.2868,,,,119.92
2026-05-25,,,,119.2868,16.59,,,119.92
2026-05-26,4500.39990234375,1506.75,97.63,119.2868,17.01,1260.530029296875,7519.1201171875,119.92
2026-05-27,4447.5,1498.28,92.35,119.2868,16.29,1298.8599853515625,7520.35986328125,119.92
2026-05-28,4499.2998046875,1495.94,92.65,119.2868,15.74,1292.5699462890625,7563.6298828125,119.92
2026-05-29,4560.5,1503.96,91.16,118.8783,15.32,1342.8199462890625,7580.06005859375,119.92
2026-05-30,,,,118.8783,,,,119.92
2026-05-31,,,,118.8783,,,,119.92
2026-06-01,4475.2001953125,,95.96,118.8783,16.05,1399.9100341796875,7599.9599609375,
2026-06-02,4489.10009765625,,,118.8783,15.77,1407.22998046875,7609.77978515625,
2026-06-03,4436.7001953125,,,118.8783,16.06,,7553.68017578125,
2026-06-04,4475.7998046875,,,118.8783,15.4,1379.56005859375,7584.31005859375,
2026-06-05,4337.10009765625,,,118.8783,,1297.02001953125,7383.740234375,
2026-06-06,,,,118.8783,,,,
2026-06-07,,,,118.8783,,,,
2026-06-08,4331.5,,,118.8783,,1187.4000244140625,,
