date,kr_usd_exchange,vix,dxy_proxy,wti_oil,gold,sp500,dxy,kospi200,kr_cpi
2005-01-03,1038.0,14.08,,42.16,428.7000122070313,1202.0799560546875,81.30000305175781,115.36000061035156,73.594
2005-01-04,1038.0,13.98,,43.96,428.5,1188.050048828125,82.56999969482422,114.7699966430664,73.594
2005-01-05,1046.3,14.09,,43.41,426.6000061035156,1183.739990234375,82.54000091552734,114.6500015258789,73.594
2005-01-06,1058.0,13.58,,45.51,421.0,1187.8900146484375,83.1500015258789,112.94000244140624,73.594
2005-01-07,1051.0,13.49,,45.32,418.8999938964844,1186.18994140625,83.61000061035156,112.70999908447266,73.594
2005-01-08,,,,,,,,,73.594
2005-01-09,,,,,,,,,73.594
2005-01-10,1053.0,13.23,,45.31,419.1000061035156,1190.25,83.29000091552734,113.2699966430664,73.594
2005-01-11,1045.0,13.19,,45.66,421.8999938964844,1182.989990234375,83.0199966430664,114.66000366210938,73.594
2005-01-12,1042.0,12.56,,46.46,426.1000061035156,1187.699951171875,82.13999938964844,114.08999633789062,73.594
2005-01-13,1036.0,12.84,,48.11,424.5,1177.449951171875,82.51000213623047,115.01000213623048,73.594
2005-01-14,1043.0,12.43,,48.41,422.7000122070313,1184.52001953125,83.05999755859375,117.81999969482422,73.594
2005-01-15,,,,,,,,,73.594
2005-01-16,,,,,,,,,73.594
2005-01-17,,,,,,,83.05999755859375,119.91000366210938,73.594
2005-01-18,1035.8,12.47,,48.46,423.2000122070313,1195.97998046875,83.36000061035156,119.5,73.594
2005-01-19,1031.0,13.18,,47.61,423.0,1184.6300048828125,83.5999984741211,118.9000015258789,73.594
2005-01-20,1031.85,13.83,,47.01,422.3999938964844,1175.4100341796875,83.83999633789062,118.0199966430664,73.594
2005-01-21,1037.85,14.36,,48.31,426.7000122070313,1167.8699951171875,83.26000213623047,119.4000015258789,73.594
2005-01-22,,,,,,,,,73.594
2005-01-23,,,,,,,,,73.594
2005-01-24,1031.85,14.65,,48.61,426.8999938964844,1163.75,83.23999786376953,119.83000183105467,73.594
2005-01-25,1030.85,14.06,,49.43,422.0,1168.4100341796875,83.98999786376953,118.91000366210938,73.594
2005-01-26,1031.45,13.44,,48.8,426.8999938964844,1174.0699462890625,83.30000305175781,120.51000213623048,73.594
2005-01-27,1027.85,13.24,,48.8,426.2999877929688,1174.550048828125,83.43000030517578,120.16000366210938,73.594
2005-01-28,1024.0,13.24,,47.15,425.7999877929688,1171.3599853515625,83.4800033569336,119.6500015258789,73.594
2005-01-29,,,,,,,,,73.594
2005-01-30,,,,,,,,,73.594
2005-01-31,1026.85,12.82,,48.25,421.7999877929688,1181.27001953125,83.5999984741211,121.05999755859376,73.594
2005-02-01,1027.35,12.03,,47.1,420.7999877929688,1189.4100341796875,83.44999694824219,120.0,73.892
2005-02-02,1027.8,11.66,,46.65,421.1000061035156,1193.18994140625,83.5199966430664,119.73999786376952,73.892
2005-02-03,1024.85,11.79,,46.4,416.6000061035156,1189.8900146484375,83.97000122070312,120.63999938964844,73.892
2005-02-04,1027.0,11.21,,46.45,414.0,1203.030029296875,84.38999938964844,121.3000030517578,73.892
2005-02-05,,,,,,,,,73.892
2005-02-06,,,,,,,,,73.892
2005-02-07,1029.0,11.73,,45.35,413.6000061035156,1201.719970703125,85.04000091552734,123.1999969482422,73.892
2005-02-08,1036.0,11.6,,45.4,412.6000061035156,1202.300048828125,85.0999984741211,,73.892
2005-02-09,1039.0,12.0,,45.45,412.8999938964844,1191.989990234375,85.0199966430664,,73.892
2005-02-10,1044.0,11.51,,47.05,417.2000122070313,1197.010009765625,84.54000091552734,,73.892
2005-02-11,1033.0,11.43,,47.15,420.5,1205.300048828125,84.56999969482422,122.83999633789062,73.892
2005-02-12,,,,,,,,,73.892
2005-02-13,,,,,,,,,73.892
2005-02-14,1024.85,11.52,,47.5,425.7999877929688,1206.1400146484375,83.95999908447266,124.94000244140624,73.892
2005-02-15,1026.55,11.27,,47.3,425.8999938964844,1210.1199951171875,83.58999633789062,125.4800033569336,73.892
2005-02-16,1027.0,11.1,,48.35,425.5,1210.3399658203125,83.66999816894531,125.8499984741211,73.892
2005-02-17,1025.45,11.77,,47.5,427.2999877929688,1200.75,83.47000122070312,125.93000030517578,73.892
2005-02-18,1024.0,11.18,,48.45,427.1000061035156,1201.5899658203125,83.48999786376953,127.43000030517578,73.892
2005-02-19,,,,,,,,,73.892
2005-02-20,,,,,,,,,73.892
2005-02-21,,,,,,,83.55000305175781,128.08999633789062,73.892
2005-02-22,1004.85,13.14,,51.0,434.5,1184.1600341796875,82.41000366210938,126.73999786376952,73.892
2005-02-23,1002.85,12.39,,51.73,434.8999938964844,1190.800048828125,82.68000030517578,125.52999877929688,73.892
2005-02-24,1006.85,11.57,,52.05,434.5,1200.199951171875,82.87999725341797,127.80999755859376,73.892
2005-02-25,1007.85,11.49,,52.2,434.8999938964844,1211.3699951171875,82.66000366210938,129.1300048828125,73.892
2005-02-26,,,,,,,,,73.892
2005-02-27,,,,,,,,,73.892
2005-02-28,1000.85,12.08,,51.75,436.5,1203.5999755859375,82.51000213623047,130.85000610351562,73.892
2005-03-01,1003.85,12.04,,51.67,432.8999938964844,1210.4100341796875,82.7699966430664,,74.338
2005-03-02,1006.85,12.5,,53.0,432.7999877929688,1210.0799560546875,83.08000183105469,130.13999938964844,74.338
2005-03-03,1005.85,12.93,,53.6,429.8999938964844,1210.469970703125,83.27999877929688,130.61000061035156,74.338
2005-03-04,1008.0,11.94,,53.7,434.2000122070313,1222.1199951171875,82.54000091552734,130.61000061035156,74.338
2005-03-05,,,,,,,,,74.338
2005-03-06,,,,,,,,,74.338
2005-03-07,1004.45,12.26,,53.9,435.0,1225.31005859375,82.79000091552734,130.11000061035156,74.338
2005-03-08,1004.05,12.4,,54.55,440.2999877929688,1219.4300537109375,81.9800033569336,129.2100067138672,74.338
2005-03-09,1000.95,12.7,,54.75,442.1000061035156,1207.010009765625,81.62999725341797,130.25999450683594,74.338
2005-03-10,1000.05,12.49,,53.52,442.7999877929688,1209.25,81.56999969482422,128.75999450683594,74.338
2005-03-11,997.5,12.8,,54.4,446.2000122070313,1200.0799560546875,81.41999816894531,131.97000122070312,74.338
2005-03-12,,,,,,,,,74.338
2005-03-13,,,,,,,,,74.338
2005-03-14,1000.55,12.39,,54.9,441.1000061035156,1206.8299560546875,81.97000122070312,131.47000122070312,74.338
2005-03-15,1003.65,13.15,,55.05,440.8999938964844,1197.75,82.12000274658203,127.9499969482422,74.338
2005-03-16,1003.55,13.49,,56.5,443.7000122070313,1188.0699462890625,81.62000274658203,128.1699981689453,74.338
2005-03-17,1000.7,13.29,,56.4,438.7000122070313,1190.2099609375,81.83999633789062,126.68000030517578,74.338
2005-03-18,1004.85,13.14,,56.8,439.2999877929688,1189.6500244140625,82.12999725341797,126.81999969482422,74.338
2005-03-19,,,,,,,,,74.338
2005-03-20,,,,,,,,,74.338
2005-03-21,1009.0,13.61,,56.7,431.1000061035156,1183.780029296875,82.87999725341797,126.83999633789062,74.338
2005-03-22,1009.35,14.27,,55.95,431.2999877929688,1171.7099609375,83.36000061035156,126.87000274658205,74.338
2005-03-23,1008.0,14.06,,49.43,425.2000122070313,1172.530029296875,84.0,125.16000366210938,74.338
2005-03-24,1013.35,13.42,,49.7,424.7000122070313,1171.4200439453125,84.12999725341797,123.8000030517578,74.338
2005-03-25,1014.2,,,,,,,125.06999969482422,74.338
2005-03-26,,,,,,,,,74.338
2005-03-27,,,,,,,,,74.338
2005-03-28,1017.85,13.75,,54.06,425.8999938964844,1174.280029296875,84.62000274658203,126.72000122070312,74.338
2005-03-29,1023.85,14.49,,54.26,426.0,1165.3599853515625,84.31999969482422,124.12999725341795,74.338
2005-03-30,1023.0,13.64,,53.96,,1181.4100341796875,84.29000091552734,123.48999786376952,74.338
2005-03-31,1015.4,14.02,,55.31,428.7000122070313,1180.5899658203125,84.05999755859375,124.77999877929688,74.338
2005-04-01,1012.0,14.09,,57.26,425.8999938964844,1172.9200439453125,84.43000030517578,126.87999725341795,74.413
2005-04-02,,,,,,,,,74.413
2005-04-03,,,,,,,,,74.413
2005-04-04,1013.0,14.11,,56.86,423.8999938964844,1176.1199951171875,84.77999877929688,127.22000122070312,74.413
2005-04-05,1017.0,13.68,,55.83,424.5,1181.3900146484375,84.66000366210938,,74.413
2005-04-06,1013.0,13.15,,55.88,427.1000061035156,1184.0699462890625,84.68000030517578,127.8499984741211,74.413
2005-04-07,1012.0,12.33,,54.16,426.5,1191.1400146484375,84.87000274658203,127.91999816894533,74.413
2005-04-08,1015.0,12.62,,53.46,426.8999938964844,1181.199951171875,84.47000122070312,128.44000244140625,74.413
2005-04-09,,,,,,,,,74.413
2005-04-10,,,,,,,,,74.413
2005-04-11,1015.0,11.98,,53.71,428.6000061035156,1181.2099609375,84.16000366210938,127.58999633789062,74.413
2005-04-12,1016.0,11.3,,51.54,427.6000061035156,1187.760009765625,84.41999816894531,127.23999786376952,74.413
2005-04-13,1011.0,13.31,,50.21,429.2999877929688,1173.7900390625,84.41999816894531,127.27999877929688,74.413
2005-04-14,1019.0,14.53,,51.11,424.0,1162.050048828125,85.0,123.29000091552734,74.413
2005-04-15,1018.0,17.74,,50.61,424.8999938964844,1142.6199951171875,84.55999755859375,122.41000366210938,74.413
2005-04-16,,,,,,,,,74.413
2005-04-17,,,,,,,,,74.413
2005-04-18,1017.0,16.56,,50.52,427.5,1145.97998046875,84.0,119.76000213623048,74.413
2005-04-19,1013.0,14.96,,52.33,432.8999938964844,1152.780029296875,83.76000213623047,120.5,74.413
2005-04-20,1009.0,16.92,,52.45,435.2999877929688,1137.5,83.5199966430664,121.0500030517578,74.413
2005-04-21,1008.0,14.41,,52.49,433.0,1159.949951171875,83.69999694824219,121.30999755859376,74.413
2005-04-22,1004.0,15.38,,54.16,434.2999877929688,1152.1199951171875,83.5,121.36000061035156,74.413
2005-04-23,,,,,,,,,74.413
2005-04-24,,,,,,,,,74.413
2005-04-25,999.0,14.62,,53.16,434.6000061035156,1162.0999755859375,83.81999969482422,122.08000183105467,74.413
2005-04-26,998.7,14.91,,54.33,437.8999938964844,1151.8299560546875,83.95999908447266,121.91999816894533,74.413
2005-04-27,1002.7,14.87,,51.37,433.0,1156.3800048828125,84.12000274658203,119.95999908447266,74.413
2005-04-28,1002.0,16.86,,51.92,,1143.219970703125,84.3499984741211,118.36000061035156,74.413
2005-04-29,997.0,15.31,,49.2,435.0,1156.8499755859375,84.43000030517578,117.58000183105467,74.413
2005-04-30,,,,,,,,,74.413
2005-05-01,,,,,,,,,74.338
2005-05-02,1001.0,15.12,,50.94,429.5,1162.1600341796875,84.48999786376953,118.45999908447266,74.338
2005-05-03,1002.0,14.53,,49.6,426.7000122070313,1161.1700439453125,84.51000213623047,117.88999938964844,74.338
2005-05-04,997.5,13.85,,50.22,429.0,1175.6500244140625,84.0,119.9499969482422,74.338
2005-05-05,999.6,13.98,,51.12,429.7999877929688,1172.6300048828125,83.94000244140625,,74.338
2005-05-06,999.0,14.05,,51.3,426.1000061035156,1171.3499755859375,84.61000061035156,121.26000213623048,74.338
2005-05-07,,,,,,,,,74.338
2005-05-08,,,,,,,,,74.338
2005-05-09,1001.0,13.75,,52.04,426.2000122070313,1178.8399658203125,84.63999938964844,120.4800033569336,74.338
2005-05-10,999.01,14.91,,51.76,427.2000122070313,1166.219970703125,84.44999694824219,120.4000015258789,74.338
2005-05-11,997.0,14.45,,50.39,427.2000122070313,1171.1099853515625,84.94000244140625,119.0199966430664,74.338
2005-05-12,999.5,16.12,,48.83,421.6000061035156,1159.3599853515625,85.48999786376953,118.69000244140624,74.338
2005-05-13,1000.0,16.32,,48.65,420.2000122070313,1154.050048828125,86.0999984741211,118.87000274658205,74.338
2005-05-14,,,,,,,,,74.338
2005-05-15,,,,,,,,,74.338
2005-05-16,1009.0,15.68,,48.64,418.8999938964844,1165.68994140625,86.12000274658203,119.6500015258789,74.338
2005-05-17,1004.0,14.57,,48.97,419.3999938964844,1173.800048828125,86.20999908447266,119.51000213623048,74.338
2005-05-18,1003.0,13.63,,46.99,421.5,1185.56005859375,85.81999969482422,120.08000183105467,74.338
2005-05-19,1006.0,13.32,,47.0,420.5,1191.0799560546875,86.08999633789062,123.04000091552734,74.338
2005-05-20,1007.0,13.14,,47.25,417.3999938964844,1189.280029296875,86.62999725341797,123.0199966430664,74.338
2005-05-21,,,,,,,,,74.338
2005-05-22,,,,,,,,,74.338
2005-05-23,1004.0,12.95,,48.68,416.6000061035156,1193.8599853515625,86.4000015258789,122.87000274658205,74.338
2005-05-24,1003.0,12.69,,49.14,417.5,1194.0699462890625,86.37000274658203,122.91000366210938,74.338
2005-05-25,1000.0,12.58,,50.37,418.7999877929688,1190.010009765625,86.3499984741211,121.37000274658205,74.338
2005-05-26,1002.0,12.24,,50.89,418.0,1197.6199951171875,86.8499984741211,121.6999969482422,74.338
2005-05-27,1000.0,12.15,,51.65,419.7999877929688,1198.780029296875,86.41999816894531,123.88999938964844,74.338
2005-05-28,,,,,,,,,74.338
2005-05-29,,,,,,,,,74.338
2005-05-30,,,,,,,,124.63999938964844,74.338
2005-05-31,1005.0,13.29,,52.08,416.2999877929688,1191.5,87.76000213623047,124.83999633789062,74.338
2005-06-01,1010.0,12.36,,54.4,415.2999877929688,1202.219970703125,88.11000061035156,124.9000015258789,74.114
2005-06-02,1013.0,11.84,,53.46,422.7000122070313,1204.2900390625,87.75,125.04000091552734,74.114
2005-06-03,1006.0,12.15,,55.08,423.7000122070313,1196.02001953125,88.04000091552734,125.6999969482422,74.114
2005-06-04,,,,,,,,,74.114
2005-06-05,,,,,,,,,74.114
2005-06-06,1003.0,12.28,,54.46,426.5,1197.510009765625,87.5999984741211,,74.114
2005-06-07,1004.7,12.39,,53.84,424.7999877929688,1197.260009765625,87.48999786376953,124.79000091552734,74.114
2005-06-08,1005.6,12.7,,52.51,424.7000122070313,1194.6700439453125,87.87999725341797,125.62000274658205,74.114
2005-06-09,1005.0,12.08,,54.36,424.2000122070313,1200.9300537109375,88.06999969482422,127.22000122070312,74.114
2005-06-10,1006.72,11.96,,53.55,427.3999938964844,1198.1099853515625,88.69000244140625,127.68000030517578,74.114
2005-06-11,,,,,,,,,74.114
2005-06-12,,,,,,,,,74.114
2005-06-13,1016.0,11.65,,55.47,429.2999877929688,1200.8199462890625,88.94999694824219,127.6500015258789,74.114
2005-06-14,1014.5,11.79,,55.03,427.5,1203.9100341796875,89.26000213623047,126.9000015258789,74.114
2005-06-15,1014.0,11.46,,55.53,429.1000061035156,1206.5799560546875,88.6500015258789,129.27000427246094,74.114
2005-06-16,1012.9,11.15,,56.48,436.2000122070313,1210.9599609375,88.72000122070312,129.27000427246094,74.114
2005-06-17,1008.1,11.48,,58.4,438.2999877929688,1216.9599609375,87.7300033569336,129.3300018310547,74.114
2005-06-18,,,,,,,,,74.114
2005-06-19,,,,,,,,,74.114
2005-06-20,1011.9,11.47,,59.19,438.3999938964844,1216.0999755859375,88.48999786376953,128.1699981689453,74.114
2005-06-21,1008.0,11.08,,58.9,438.8999938964844,1213.6099853515625,88.18000030517578,127.66000366210938,74.114
2005-06-22,1009.2,11.05,,58.27,438.1000061035156,1213.8800048828125,88.55999755859375,129.24000549316406,74.114
2005-06-23,1010.5,12.13,,59.23,441.7000122070313,1200.72998046875,89.12000274658203,130.38999938964844,74.114
2005-06-24,1013.5,12.18,,59.63,440.5,1191.5699462890625,88.77999877929688,129.0800018310547,74.114
2005-06-25,,,,,,,,,74.114
2005-06-26,,,,,,,,,74.114
2005-06-27,1013.5,12.52,,59.78,440.2999877929688,1190.68994140625,88.44999694824219,127.4499969482422,74.114
2005-06-28,1023.5,11.58,,58.32,436.3999938964844,1201.5699462890625,88.98999786376953,127.91999816894533,74.114
2005-06-29,1030.0,11.77,,57.23,,1199.8499755859375,89.11000061035156,128.41000366210938,74.114
2005-06-30,1034.5,12.04,,56.63,435.8999938964844,1191.3299560546875,89.11000061035156,129.42999267578125,74.114
2005-07-01,1033.0,11.4,,59.11,427.7999877929688,1194.43994140625,90.12999725341795,130.58999633789062,74.413
2005-07-02,,,,,,,,,74.413
2005-07-03,,,,,,,,,74.413
2005-07-04,,,,,,,90.43000030517578,130.9499969482422,74.413
2005-07-05,1050.0,11.68,,59.71,422.8999938964844,1204.989990234375,90.44000244140624,130.5399932861328,74.413
2005-07-06,1048.0,12.27,,61.24,423.5,1194.93994140625,90.37999725341795,130.64999389648438,74.413
2005-07-07,1051.0,12.49,,60.76,423.2999877929688,1197.8699951171875,90.27999877929688,131.72000122070312,74.413
2005-07-08,1054.0,11.45,,59.71,422.8999938964844,1211.8599853515625,90.25,131.27999877929688,74.413
2005-07-09,,,,,,,,,74.413
2005-07-10,,,,,,,,,74.413
2005-07-11,1040.5,11.28,,59.23,425.5,1219.43994140625,89.45999908447266,133.8800048828125,74.413
2005-07-12,1035.0,10.95,,60.49,426.2999877929688,1222.2099609375,88.41000366210938,134.25999450683594,74.413
2005-07-13,1040.0,10.84,,60.0,423.8999938964844,1223.2900390625,89.30999755859375,135.25,74.413
2005-07-14,1032.0,10.81,,57.83,419.6000061035156,1226.5,89.4000015258789,136.97999572753906,74.413
2005-07-15,1038.0,10.33,,58.36,420.7000122070313,1227.9200439453125,89.72000122070312,136.47999572753906,74.413
2005-07-16,,,,,,,,,74.413
2005-07-17,,,,,,,,,74.413
2005-07-18,1032.5,10.77,,57.12,420.5,1221.1300048828125,89.63999938964844,136.77999877929688,74.413
2005-07-19,1043.5,10.45,,57.61,419.7000122070313,1229.3499755859375,89.8499984741211,138.66000366210938,74.413
2005-07-20,1043.5,10.23,,56.73,421.7000122070313,1235.199951171875,89.33999633789062,138.57000732421875,74.413
2005-07-21,1035.0,10.97,,57.31,425.3999938964844,1227.0400390625,88.93000030517578,138.6199951171875,74.413
2005-07-22,1018.5,10.52,,57.75,424.7000122070313,1233.6800537109375,89.63999938964844,138.3699951171875,74.413
2005-07-23,,,,,,,,,74.413
2005-07-24,,,,,,,,,74.413
2005-07-25,1024.0,11.1,,58.16,425.7000122070313,1229.030029296875,89.5999984741211,140.5500030517578,74.413
2005-07-26,1029.5,10.99,,59.05,423.3999938964844,1231.1600341796875,90.0,140.52999877929688,74.413
2005-07-27,1029.0,10.36,,59.12,424.7000122070313,1236.7900390625,89.7300033569336,140.72999572753906,74.413
2005-07-28,1027.7,10.52,,59.91,427.2999877929688,1243.719970703125,89.33999633789062,142.3800048828125,74.413
2005-07-29,1026.5,11.57,,60.71,429.8999938964844,1234.1800537109375,89.3499984741211,143.32000732421875,74.413
2005-07-30,,,,,,,,,74.413
2005-07-31,,,,,,,,,74.413
2005-08-01,1024.5,12.08,,61.51,431.8999938964844,1235.3499755859375,88.80000305175781,143.9600067138672,74.636
2005-08-02,1019.5,11.75,,61.87,431.8999938964844,1244.1199951171875,88.76000213623047,144.3000030517578,74.636
2005-08-03,1016.0,11.83,,60.76,436.8999938964844,1245.0400390625,87.98999786376953,144.2100067138672,74.636
2005-08-04,1013.5,12.52,,61.6,437.8999938964844,1235.8599853515625,87.80000305175781,143.52000427246094,74.636
2005-08-05,1016.0,12.48,,62.44,437.2000122070313,1226.4200439453125,88.05999755859375,140.6999969482422,74.636
2005-08-06,,,,,,,,,74.636
2005-08-07,,,,,,,,,74.636
2005-08-08,1016.0,13.21,,63.92,434.7000122070313,1223.1300048828125,87.91999816894531,140.49000549316406,74.636
2005-08-09,1014.0,12.4,,63.13,434.2000122070313,1231.3800048828125,87.88999938964844,142.11000061035156,74.636
2005-08-10,1011.6,12.38,,64.8,436.5,1229.1300048828125,87.61000061035156,142.6999969482422,74.636
2005-08-11,1013.1,12.42,,65.67,445.5,1237.81005859375,87.0999984741211,145.35000610351562,74.636
2005-08-12,1014.1,12.74,,66.71,445.8999938964844,1230.3900146484375,86.9800033569336,146.0399932861328,74.636
2005-08-13,,,,,,,,,74.636
2005-08-14,,,,,,,,,74.636
2005-08-15,1015.0,12.26,,66.21,442.2000122070313,1233.8699951171875,87.31999969482422,,74.636
2005-08-16,1016.4,13.52,,66.11,446.1000061035156,1219.3399658203125,87.43000030517578,144.3000030517578,74.636
2005-08-17,1017.1,13.3,,63.29,439.8999938964844,1220.239990234375,88.0,143.8699951171875,74.636
2005-08-18,1022.1,13.42,,63.47,439.5,1219.02001953125,88.58999633789062,141.16000366210938,74.636
2005-08-19,1028.15,13.42,,65.51,437.2000122070313,1219.7099609375,88.58000183105469,140.67999267578125,74.636
2005-08-20,,,,,,,,,74.636
2005-08-21,,,,,,,,,74.636
2005-08-22,1021.15,13.42,,65.46,438.1000061035156,1221.72998046875,88.13999938964844,144.39999389648438,74.636
2005-08-23,1028.0,13.34,,65.81,439.3999938964844,1217.5899658203125,88.08000183105469,144.27000427246094,74.636
2005-08-24,1029.15,14.17,,67.1,437.2999877929688,1209.5899658203125,87.91000366210938,141.27000427246094,74.636
2005-08-25,1026.4,13.73,,67.29,438.3999938964844,1212.3699951171875,87.63999938964844,141.75,74.636
2005-08-26,1028.7,13.72,,66.05,437.3999938964844,1205.0999755859375,87.86000061035156,140.36000061035156,74.636
2005-08-27,,,,,,,,,74.636
2005-08-28,,,,,,,,,74.636
2005-08-29,1030.0,13.52,,67.41,437.0,1212.280029296875,88.25,137.4199981689453,74.636
2005-08-30,1039.2,13.65,,69.91,431.2000122070313,1208.4100341796875,88.3499984741211,138.67999267578125,74.636
2005-08-31,1039.0,12.6,,68.63,433.7999877929688,1220.3299560546875,87.58000183105469,140.08999633789062,74.636
2005-09-01,1030.75,13.15,,69.5,442.2999877929688,1221.5899658203125,86.55000305175781,143.1300048828125,75.008
2005-09-02,1024.75,13.57,,66.91,444.2000122070313,1218.02001953125,86.30000305175781,144.3000030517578,75.008
2005-09-03,,,,,,,,,75.008
2005-09-04,,,,,,,,,75.008
2005-09-05,,,,,,,,144.05999755859375,75.008
2005-09-06,1024.4,12.93,,65.83,444.3999938964844,1233.3900146484375,86.56999969482422,145.2100067138672,75.008
2005-09-07,1026.4,12.52,,64.38,444.8999938964844,1236.3599853515625,86.97000122070312,147.9499969482422,75.008
2005-09-08,1026.8,12.93,,64.8,446.7000122070313,1231.6700439453125,87.04000091552734,148.41000366210938,75.008
2005-09-09,1024.3,11.98,,64.21,449.0,1241.47998046875,86.88999938964844,149.33999633789062,75.008
2005-09-10,,,,,,,,,75.008
2005-09-11,,,,,,,,,75.008
2005-09-12,1026.0,11.65,,63.29,449.7000122070313,1240.56005859375,87.70999908447266,150.1300048828125,75.008
2005-09-13,1025.65,12.39,,63.18,446.1000061035156,1231.199951171875,87.75,150.2899932861328,75.008
2005-09-14,1025.41,12.91,,65.2,449.7999877929688,1227.1600341796875,87.66999816894531,152.02999877929688,75.008
2005-09-15,1025.05,12.49,,64.64,455.5,1227.72998046875,88.12999725341797,151.99000549316406,75.008
2005-09-16,1029.8,11.22,,62.91,459.5,1237.9100341796875,88.05000305175781,152.5500030517578,75.008
2005-09-17,,,,,,,,,75.008
2005-09-18,,,,,,,,,75.008
2005-09-19,1027.3,12.14,,67.21,466.7000122070313,1231.02001953125,88.44000244140625,,75.008
2005-09-20,1030.25,12.64,,66.24,466.2000122070313,1221.3399658203125,88.5999984741211,154.69000244140625,75.008
2005-09-21,1027.7,13.79,,66.96,468.8999938964844,1210.199951171875,88.13999938964844,155.33999633789062,75.008
2005-09-22,1027.7,13.33,,67.07,466.6000061035156,1214.6199951171875,88.55999755859375,155.7100067138672,75.008
2005-09-23,1035.25,12.96,,64.67,463.5,1215.2900390625,89.20999908447266,152.38999938964844,75.008
2005-09-24,,,,,,,,,75.008
2005-09-25,,,,,,,,,75.008
2005-09-26,1033.2,13.04,,65.98,465.8999938964844,1215.6300048828125,89.11000061035156,156.38999938964844,75.008
2005-09-27,1035.0,12.76,,64.94,462.6000061035156,1215.6600341796875,89.5999984741211,156.52000427246094,75.008
2005-09-28,1039.2,12.63,,66.36,469.7000122070313,1216.8900146484375,89.47000122070312,158.8800048828125,75.008
2005-09-29,1039.4,12.24,,66.83,472.2000122070313,1227.6800537109375,89.4000015258789,159.05999755859375,75.008
2005-09-30,1042.4,11.92,,66.21,469.0,1228.81005859375,89.5199966430664,157.5500030517578,75.008
2005-10-01,,,,,,,,,74.859
2005-10-02,,,,,,,,,74.859
2005-10-03,1043.4,12.46,,65.36,466.1000061035156,1226.699951171875,90.12999725341795,,74.859
2005-10-04,1042.75,13.2,,63.74,466.1000061035156,1214.469970703125,90.0999984741211,160.42999267578125,74.859
2005-10-05,1039.7,14.55,,62.56,466.1000061035156,1196.3900146484375,89.9800033569336,158.10000610351562,74.859
2005-10-06,1039.2,14.96,,61.81,471.8999938964844,1191.489990234375,88.66000366210938,154.64999389648438,74.859
2005-10-07,1037.3,14.59,,61.81,474.7000122070313,1195.9000244140625,89.16999816894531,154.39999389648438,74.859
2005-10-08,,,,,,,,,74.859
2005-10-09,,,,,,,,,74.859
2005-10-10,,15.55,,60.71,475.1000061035156,1187.3299560546875,89.45999908447266,157.82000732421875,74.859
2005-10-11,1040.75,15.63,,63.84,477.1000061035156,1184.8699951171875,89.97000122070312,160.05999755859375,74.859
2005-10-12,1042.25,16.22,,64.13,473.8999938964844,1177.6800537109375,89.62999725341797,156.3300018310547,74.859
2005-10-13,1049.0,16.47,,63.05,471.1000061035156,1176.8399658203125,89.80999755859375,152.85000610351562,74.859
2005-10-14,1042.2,14.87,,62.61,469.2000122070313,1186.5699462890625,89.3499984741211,152.47999572753906,74.859
2005-10-15,,,,,,,,,74.859
2005-10-16,,,,,,,,,74.859
2005-10-17,1048.0,14.67,,64.26,474.1000061035156,1190.0999755859375,89.80000305175781,150.85000610351562,74.859
2005-10-18,1053.0,15.33,,62.94,472.1000061035156,1178.1400146484375,90.29000091552734,152.25999450683594,74.859
2005-10-19,1052.8,13.5,,62.11,463.5,1195.760009765625,89.98999786376953,148.11000061035156,74.859
2005-10-20,1053.8,16.11,,61.04,461.0,1177.800048828125,89.91000366210938,149.41000366210938,74.859
2005-10-21,1059.8,16.13,,61.05,467.0,1179.5899658203125,90.30999755859376,152.22000122070312,74.859
2005-10-22,,,,,,,,,74.859
2005-10-23,,,,,,,,,74.859
2005-10-24,1055.9,14.74,,60.63,465.0,1199.3800048828125,90.11000061035156,152.27000427246094,74.859
2005-10-25,1047.4,14.53,,62.83,472.7999877929688,1196.5400390625,89.23999786376953,151.75999450683594,74.859
2005-10-26,1045.0,14.59,,60.85,471.2000122070313,1191.3800048828125,89.48999786376953,151.4499969482422,74.859
2005-10-27,1039.4,16.02,,61.03,473.7999877929688,1178.9000244140625,89.0999984741211,149.8800048828125,74.859
2005-10-28,1042.4,14.25,,61.3,473.0,1198.4100341796875,89.58999633789062,146.5500030517578,74.859
2005-10-29,,,,,,,,,74.859
2005-10-30,,,,,,,,,74.859
2005-10-31,1043.5,15.32,,59.8,465.1000061035156,1207.010009765625,90.06999969482422,148.83999633789062,74.859
2005-11-01,1042.4,14.85,,59.85,458.7999877929688,1202.760009765625,90.08000183105467,152.97999572753906,74.561
2005-11-02,1039.0,13.48,,59.75,462.7999877929688,1214.760009765625,89.72000122070312,155.60000610351562,74.561
2005-11-03,1045.0,13.0,,61.7,460.1000061035156,1219.93994140625,90.44000244140624,156.88999938964844,74.561
2005-11-04,1049.0,13.17,,60.6,456.2999877929688,1220.1400146484375,91.26000213623048,157.27999877929688,74.561
2005-11-05,,,,,,,,,74.561
2005-11-06,,,,,,,,,74.561
2005-11-07,1048.15,13.1,,59.4,459.0,1222.81005859375,91.29000091552734,156.75,74.561
2005-11-08,1046.65,13.08,,59.7,460.8999938964844,1218.5899658203125,91.37000274658205,157.72000122070312,74.561
2005-11-09,1046.4,12.8,,59.65,466.2999877929688,1220.6500244140625,91.5,157.8699951171875,74.561
2005-11-10,1046.4,11.9,,57.8,466.6000061035156,1230.9599609375,92.08000183105467,158.69000244140625,74.561
2005-11-11,,11.63,,57.45,468.2999877929688,1234.719970703125,91.9800033569336,161.80999755859375,74.561
2005-11-12,,,,,,,,,74.561
2005-11-13,,,,,,,,,74.561
2005-11-14,1037.0,12.18,,57.6,468.2000122070313,1233.760009765625,92.12999725341795,162.02000427246094,74.561
2005-11-15,1034.9,12.23,,57.05,468.1000061035156,1229.010009765625,92.08999633789062,161.49000549316406,74.561
2005-11-16,1037.0,12.26,,57.85,478.2999877929688,1231.2099609375,92.33000183105467,163.24000549316406,74.561
2005-11-17,1034.4,11.25,,56.2,486.2000122070313,1242.800048828125,91.87999725341795,163.3800048828125,74.561
2005-11-18,1035.9,11.12,,56.3,485.6000061035156,1248.27001953125,91.93000030517578,163.74000549316406,74.561
2005-11-19,,,,,,,,,74.561
2005-11-20,,,,,,,,,74.561
2005-11-21,1038.1,10.82,,57.75,489.0,1254.8499755859375,92.02999877929688,163.10000610351562,74.561
2005-11-22,1045.2,10.6,,58.3,492.6000061035156,1261.22998046875,91.5,159.67999267578125,74.561
2005-11-23,1035.4,10.96,,58.35,492.1000061035156,1265.6099853515625,91.51000213623048,164.47000122070312,74.561
2005-11-24,,,,,,,,165.55999755859375,74.561
2005-11-25,1041.4,10.88,,,,1268.25,92.04000091552734,165.50999450683594,74.561
2005-11-26,,,,,,,,,74.561
2005-11-27,,,,,,,,,74.561
2005-11-28,1039.4,11.84,,57.36,498.2999877929688,1257.4599609375,90.9800033569336,165.52000427246094,74.561
2005-11-29,1036.1,11.89,,56.46,499.1000061035156,1257.47998046875,91.62000274658205,163.6999969482422,74.561
2005-11-30,1037.4,12.06,,57.33,494.6000061035156,1249.47998046875,91.56999969482422,165.9499969482422,74.561
2005-12-01,1036.9,11.24,,58.46,502.5,1264.6700439453125,91.81999969482422,166.97000122070312,74.785
2005-12-02,1035.15,11.01,,59.31,503.2999877929688,1265.0799560546875,91.9499969482422,167.55999755859375,74.785
2005-12-03,,,,,,,,,74.785
2005-12-04,,,,,,,,,74.785
2005-12-05,1036.4,11.6,,59.91,508.8999938964844,1262.0899658203125,91.4800033569336,168.22999572753906,74.785
2005-12-06,1034.05,11.52,,59.96,510.2000122070313,1263.699951171875,91.44000244140624,169.24000549316406,74.785
2005-12-07,1035.4,12.18,,59.21,514.2999877929688,1257.3699951171875,91.88999938964844,170.2100067138672,74.785
2005-12-08,1034.05,12.21,,60.66,519.2999877929688,1255.8399658203125,91.26000213623048,170.1300048828125,74.785
2005-12-09,1033.6,11.69,,59.41,527.0,1259.3699951171875,91.25,169.16000366210938,74.785
2005-12-10,,,,,,,,,74.785
2005-12-11,,,,,,,,,74.785
2005-12-12,1033.4,11.47,,61.36,528.4000244140625,1260.4300537109375,90.3499984741211,171.35000610351562,74.785
2005-12-13,1025.0,11.11,,61.36,521.0,1267.4300537109375,90.37999725341795,171.64999389648438,74.785
2005-12-14,1012.0,10.48,,60.86,506.5,1272.739990234375,89.83000183105469,171.14999389648438,74.785
2005-12-15,1014.95,10.73,,60.01,503.8999938964844,1270.93994140625,90.0199966430664,171.55999755859375,74.785
2005-12-16,1015.9,10.68,,58.01,503.3999938964844,1267.3199462890625,89.69999694824219,169.4499969482422,74.785
2005-12-17,,,,,,,,,74.785
2005-12-18,,,,,,,,,74.785
2005-12-19,1014.8,11.38,,57.31,503.6000061035156,1259.9200439453125,89.87000274658203,171.91000366210938,74.785
2005-12-20,1016.5,11.19,,57.81,494.6000061035156,1259.6199951171875,90.77999877929688,172.0500030517578,74.785
2005-12-21,1018.1,10.81,,58.56,493.0,1262.7900390625,90.94000244140624,173.9499969482422,74.785
2005-12-22,1016.05,10.29,,58.08,502.7000122070313,1268.1199951171875,90.72000122070312,173.88999938964844,74.785
2005-12-23,1013.5,10.27,,58.08,503.0,1268.6600341796875,90.83999633789062,175.11000061035156,74.785
2005-12-24,,,,,,,,,74.785
2005-12-25,,,,,,,,,74.785
2005-12-26,,,,,,,,176.27000427246094,74.785
2005-12-27,1012.2,11.57,,58.16,508.0,1256.5400390625,91.19000244140624,177.1999969482422,74.785
2005-12-28,1013.05,11.35,,59.81,514.2000122070312,1258.1700439453125,91.26000213623048,176.16000366210938,74.785
2005-12-29,1009.0,11.61,,60.26,515.7000122070312,1254.4200439453125,91.0999984741211,177.42999267578125,74.785
2005-12-30,1010.0,12.07,,61.06,517.0999755859375,1248.2900390625,91.16999816894533,,74.785
2005-12-31,,,,,,,,,74.785
2006-01-01,,,,,,,,,75.231
2006-01-02,,,101.4155,,,,,178.2899932861328,75.231
2006-01-03,1002.9,11.14,100.7558,63.11,530.7000122070312,1268.800048828125,89.83999633789062,178.80999755859375,75.231
2006-01-04,998.1,11.37,100.2288,63.41,533.9000244140625,1273.4599609375,89.13999938964844,179.91000366210938,75.231
2006-01-05,994.2,11.31,100.2992,62.81,526.2999877929688,1273.47998046875,89.33000183105469,178.82000732421875,75.231
2006-01-06,989.2,11.0,100.0241,64.21,539.7000122070312,1285.449951171875,88.8499984741211,180.8699951171875,75.231
2006-01-07,,,,,,,,,75.231
2006-01-08,,,,,,,,,75.231
2006-01-09,977.4,11.13,100.1794,63.56,549.0999755859375,1290.1500244140625,89.25,180.3000030517578,75.231
2006-01-10,981.8,10.86,100.1436,63.41,544.2999877929688,1289.68994140625,89.33000183105469,178.97999572753906,75.231
2006-01-11,977.4,10.94,99.871,63.91,548.7999877929688,1294.1800537109375,88.98999786376953,178.6699981689453,75.231
2006-01-12,973.8,11.2,100.0643,63.96,548.2999877929688,1286.06005859375,89.44000244140625,179.64999389648438,75.231
2006-01-13,987.3,11.23,99.9675,63.86,556.0999755859375,1287.6099853515625,88.88999938964844,181.7100067138672,75.231
2006-01-14,,,,,,,,,75.231
2006-01-15,,,,,,,,,75.231
2006-01-16,,,99.9715,,,,,182.38999938964844,75.231
2006-01-17,989.0,11.91,100.2447,66.36,553.4000244140625,1282.9300537109375,89.30000305175781,178.27000427246094,75.231
2006-01-18,991.9,12.25,100.4085,65.76,543.7000122070312,1277.9300537109375,89.26000213623047,173.80999755859375,75.231
2006-01-19,985.0,11.98,100.1862,66.86,558.4000244140625,1285.0400390625,89.38999938964844,174.92999267578125,75.231
2006-01-20,986.6,14.56,99.9017,68.16,553.5,1261.489990234375,88.94999694824219,170.60000610351562,75.231
2006-01-21,,,,,,,,,75.231
2006-01-22,,,,,,,,,75.231
2006-01-23,981.4,13.93,99.3783,68.06,558.2999877929688,1263.8199462890625,87.94999694824219,168.0399932861328,75.231
2006-01-24,975.5,13.31,99.3434,66.83,557.7000122070312,1266.8599853515625,88.05999755859375,171.7899932861328,75.231
2006-01-25,968.5,12.87,99.348,65.6,562.2000122070312,1264.6800537109375,88.33000183105469,173.52000427246094,75.231
2006-01-26,968.8,12.42,99.4798,65.8,559.7000122070312,1273.8299560546875,88.62000274658203,174.7100067138672,75.231
2006-01-27,970.5,11.97,99.6433,67.81,558.7000122070312,1283.719970703125,89.31999969482422,178.63999938964844,75.231
2006-01-28,,,,,,,,,75.231
2006-01-29,,,,,,,,,75.231
2006-01-30,970.5,12.39,99.7144,68.36,565.7999877929688,1285.18994140625,89.41999816894531,,75.231
2006-01-31,958.9,12.95,99.4311,67.86,570.7999877929688,1280.0799560546875,88.95999908447266,180.6499938964844,75.231
2006-02-01,962.0,12.36,99.6132,66.61,569.4000244140625,1282.4599609375,89.51000213623047,178.07000732421875,75.381
2006-02-02,971.95,13.23,99.7916,64.71,572.5,1270.8399658203125,89.37000274658203,177.9199981689453,75.381
2006-02-03,969.9,12.96,100.118,65.41,567.4000244140625,1264.030029296875,89.88999938964844,172.6699981689453,75.381
2006-02-04,,,,,,,,,75.381
2006-02-05,,,,,,,,,75.381
2006-02-06,963.0,13.04,100.1372,65.11,570.2000122070312,1265.02001953125,90.29000091552734,173.66000366210938,75.381
2006-02-07,967.3,13.59,100.1759,63.01,551.0,1254.780029296875,90.23999786376952,172.38999938964844,75.381
2006-02-08,970.3,12.83,100.4879,62.51,550.0999755859375,1265.6500244140625,90.43000030517578,169.44000244140625,75.381
2006-02-09,972.2,13.12,100.2117,62.66,564.5,1263.780029296875,90.29000091552734,170.92999267578125,75.381
2006-02-10,967.6,12.87,100.322,62.01,550.2000122070312,1266.989990234375,90.5500030517578,172.67999267578125,75.381
2006-02-11,,,,,,,,,75.381
2006-02-12,,,,,,,,,75.381
2006-02-13,976.3,13.35,100.3955,61.26,539.0,1262.8599853515625,90.54000091552734,170.61000061035156,75.381
2006-02-14,969.4,12.25,100.3987,59.61,545.9000244140625,1275.530029296875,90.54000091552734,171.64999389648438,75.381
2006-02-15,973.5,12.31,100.4489,57.61,539.7000122070312,1280.0,90.72000122070312,168.30999755859375,75.381
2006-02-16,974.1,11.48,100.5183,58.61,546.0,1289.3800048828125,90.7300033569336,169.8000030517578,75.381
2006-02-17,972.3,12.01,100.3404,59.76,551.7999877929688,1287.239990234375,90.63999938964844,172.39999389648438,75.381
2006-02-18,,,,,,,,,75.381
2006-02-19,,,,,,,,,75.381
2006-02-20,,,100.3447,,,,,174.27999877929688,75.381
2006-02-21,968.4,12.41,100.2346,61.21,553.9000244140625,1283.030029296875,90.5500030517578,174.0399932861328,75.381
2006-02-22,974.1,11.88,100.3879,59.03,553.9000244140625,1292.6700439453125,90.66999816894533,173.25999450683594,75.381
2006-02-23,969.1,11.87,100.1956,58.03,548.4000244140625,1287.7900390625,90.38999938964844,176.17999267578125,75.381
2006-02-24,966.3,11.46,100.2594,61.46,558.7999877929688,1289.4300537109375,90.61000061035156,176.9600067138672,75.381
2006-02-25,,,,,,,,,75.381
2006-02-26,,,,,,,,,75.381
2006-02-27,968.4,11.59,100.0724,61.01,554.7000122070312,1294.1199951171875,90.62999725341795,178.10000610351562,75.381
2006-02-28,970.9,12.34,99.7695,61.37,561.5999755859375,1280.6600341796875,90.11000061035156,177.4499969482422,75.381
2006-03-01,970.5,11.54,99.8355,62.01,563.5,1291.239990234375,90.22000122070312,,75.827
2006-03-02,968.7,11.72,99.5969,63.36,568.2000122070312,1289.1400146484375,89.55999755859375,176.85000610351562,75.827
2006-03-03,971.0,11.96,99.7024,63.61,566.0,1287.22998046875,89.66000366210938,171.6699981689453,75.827
2006-03-04,,,,,,,,,75.827
2006-03-05,,,,,,,,,75.827
2006-03-06,974.7,12.74,99.9834,62.46,554.9000244140625,1278.260009765625,89.88999938964844,173.86000061035156,75.827
2006-03-07,976.3,12.66,100.564,61.51,552.7000122070312,1275.8800048828125,90.7699966430664,170.1300048828125,75.827
2006-03-08,981.95,12.32,100.8565,60.06,542.5,1278.469970703125,90.62000274658205,169.75999450683594,75.827
2006-03-09,981.8,12.68,100.7718,60.51,545.5,1272.22998046875,90.75,169.1699981689453,75.827
2006-03-10,979.9,11.85,100.9566,59.91,539.9000244140625,1281.4200439453125,90.8499984741211,170.3699951171875,75.827
2006-03-11,,,,,,,,,75.827
2006-03-12,,,,,,,,,75.827
2006-03-13,980.4,11.37,100.8563,61.81,546.0999755859375,1284.1300048828125,90.54000091552734,172.82000732421875,75.827
2006-03-14,976.7,10.74,100.312,63.01,551.7000122070312,1297.47998046875,90.0,171.10000610351562,75.827
2006-03-15,974.5,11.35,100.2121,62.11,553.0999755859375,1303.02001953125,89.69999694824219,172.27999877929688,75.827
2006-03-16,974.8,11.98,99.9049,63.46,554.4000244140625,1305.3299560546875,89.06999969482422,172.66000366210938,75.827
2006-03-17,970.8,12.12,99.8614,62.81,554.0999755859375,1307.25,88.91999816894531,173.47999572753906,75.827
2006-03-18,,,,,,,,,75.827
2006-03-19,,,,,,,,,75.827
2006-03-20,966.8,11.79,100.0491,60.31,555.2000122070312,1305.0799560546875,89.12999725341797,174.25999450683594,75.827
2006-03-21,968.1,11.62,100.4716,60.41,552.4000244140625,1297.22998046875,89.62000274658203,172.8699951171875,75.827
2006-03-22,973.3,11.21,100.496,60.03,550.9000244140625,1305.0400390625,89.72000122070312,169.27999877929688,75.827
2006-03-23,975.0,11.17,100.8256,62.13,550.0999755859375,1301.6700439453125,90.45999908447266,169.67999267578125,75.827
2006-03-24,979.2,11.19,100.7773,63.9,560.0,1302.949951171875,90.06999969482422,170.86000061035156,75.827
2006-03-25,,,,,,,,,75.827
2006-03-26,,,,,,,,,75.827
2006-03-27,975.4,11.46,100.8359,63.75,567.0,1301.6099853515625,90.06999969482422,172.44000244140625,75.827
2006-03-28,976.5,11.58,100.7995,65.65,566.5999755859375,1293.22998046875,90.25,172.77000427246094,75.827
2006-03-29,974.9,10.95,101.0474,66.0,573.0,1302.8900146484375,90.25,172.9600067138672,75.827
2006-03-30,975.7,11.57,100.5698,66.7,586.7000122070312,1300.25,89.38999938964844,173.61000061035156,75.827
2006-03-31,971.4,11.39,100.56,66.25,581.7999877929688,1294.8699951171875,89.7300033569336,176.2100067138672,75.827
2006-04-01,,,,,,,,,75.902
2006-04-02,,,,,,,,,75.902
2006-04-03,970.4,11.57,100.6204,66.07,589.4000244140625,1297.81005859375,89.62999725341797,178.88999938964844,75.902
2006-04-04,962.8,11.14,100.1319,65.75,586.0,1305.9300537109375,88.83000183105469,179.77000427246094,75.902
2006-04-05,957.1,11.13,100.0792,66.76,587.9000244140625,1311.56005859375,88.62999725341797,179.97000122070312,75.902
2006-04-06,953.1,11.45,100.1578,67.22,595.2000122070312,1309.0400390625,88.95999908447266,181.1000061035156,75.902
2006-04-07,952.8,12.26,100.4187,67.02,588.4000244140625,1295.5,89.62999725341797,181.97000122070312,75.902
2006-04-08,,,,,,,,,75.902
2006-04-09,,,,,,,,,75.902
2006-04-10,953.4,12.19,100.4091,68.29,597.5999755859375,1296.6199951171875,89.72000122070312,181.30999755859372,75.902
2006-04-11,954.6,13.0,100.2903,69.03,595.2000122070312,1286.5699462890625,89.44000244140625,179.61000061035156,75.902
2006-04-12,960.2,12.76,100.3589,68.53,597.5,1288.1199951171875,89.62000274658203,179.1300048828125,75.902
2006-04-13,961.2,12.38,100.4759,69.53,596.5,1289.1199951171875,89.62000274658203,181.91000366210935,75.902
2006-04-14,957.9,,100.4697,,,,,185.6699981689453,75.902
2006-04-15,,,,,,,,,75.902
2006-04-16,,,,,,,,,75.902
2006-04-17,955.4,12.58,99.8719,70.3,615.4000244140625,1285.3299560546875,88.63999938964844,184.3000030517578,75.902
2006-04-18,953.4,11.4,99.6747,71.28,620.0,1307.280029296875,88.23999786376953,184.8999938964844,75.902
2006-04-19,945.2,11.32,99.3467,72.07,632.5999755859375,1309.9300537109375,87.79000091552734,186.33999633789065,75.902
2006-04-20,948.1,11.64,99.4974,71.96,619.7999877929688,1311.4599609375,88.25,185.8600006103516,75.902
2006-04-21,948.0,11.59,99.4345,73.73,632.2000122070312,1311.280029296875,88.05000305175781,188.1999969482422,75.902
2006-04-22,,,,,,,,,75.902
2006-04-23,,,,,,,,,75.902
2006-04-24,939.6,11.75,99.117,70.19,620.5999755859375,1308.1099853515625,87.44999694824219,185.41000366210935,75.902
2006-04-25,944.9,11.75,98.9687,67.43,631.0,1301.739990234375,87.31999969482422,185.5399932861328,75.902
2006-04-26,946.4,11.76,98.8907,71.71,638.7999877929688,1305.4100341796875,87.22000122070312,188.33999633789065,75.902
2006-04-27,944.6,11.84,98.5149,70.76,633.2999877929688,1309.719970703125,86.62999725341797,188.3999938964844,75.902
2006-04-28,942.8,11.59,98.1412,71.8,651.7999877929688,1310.6099853515625,86.11000061035156,184.1000061035156,75.902
2006-04-29,,,,,,,,,75.902
2006-04-30,,,,,,,,,75.902
2006-05-01,942.7,12.54,97.9085,73.75,657.5,1305.18994140625,85.97000122070312,,76.05
2006-05-02,939.6,11.99,97.6571,74.62,664.7000122070312,1313.2099609375,85.79000091552734,186.1699981689453,76.05
2006-05-03,934.0,11.99,97.5572,72.26,665.9000244140625,1308.1199951171875,85.83999633789062,186.02999877929688,76.05
2006-05-04,939.4,11.86,97.4878,69.98,674.2000122070312,1312.25,85.83999633789062,186.97999572753903,76.05
2006-05-05,939.3,11.62,97.2585,70.09,682.2000122070312,1325.760009765625,85.12000274658203,,76.05
2006-05-06,,,,,,,,,76.05
2006-05-07,,,,,,,,,76.05
2006-05-08,927.4,12.0,97.1945,69.75,677.7999877929688,1324.6600341796875,85.2300033569336,188.7899932861328,76.05
2006-05-09,931.6,11.99,96.9578,70.71,699.4000244140625,1325.1400146484375,84.83000183105469,188.50999450683597,76.05
2006-05-10,928.8,11.78,96.6391,72.15,703.7000122070312,1322.8499755859375,84.5,188.6199951171875,76.05
2006-05-11,935.2,12.49,96.5383,73.0,719.7999877929688,1305.9200439453125,84.2699966430664,190.1999969482422,76.05
2006-05-12,932.77,14.19,96.8788,71.87,710.2999877929688,1291.239990234375,83.95999908447266,187.2700042724609,76.05
2006-05-13,,,,,,,,,76.05
2006-05-14,,,,,,,,,76.05
2006-05-15,943.2,13.57,97.3588,69.25,683.5999755859375,1294.5,84.54000091552734,183.0800018310547,76.05
2006-05-16,944.8,13.35,97.1959,69.4,691.5,1292.0799560546875,84.16999816894531,179.0,76.05
2006-05-17,936.8,16.26,97.4725,68.65,690.5,1270.3199462890625,84.8499984741211,181.69000244140625,76.05
2006-05-18,946.5,16.99,97.7033,69.63,679.5999755859375,1261.81005859375,84.51000213623047,177.17999267578125,76.05
2006-05-19,946.0,17.18,97.933,68.44,656.7000122070312,1267.030029296875,84.87999725341797,177.94000244140625,76.05
2006-05-20,,,,,,,,,76.05
2006-05-21,,,,,,,,,76.05
2006-05-22,951.5,17.72,97.9377,69.23,657.0,1262.0699462890625,84.3499984741211,173.60000610351562,76.05
2006-05-23,944.6,18.26,97.7045,70.78,673.0,1256.5799560546875,84.3499984741211,172.77999877929688,76.05
2006-05-24,949.2,17.36,98.3936,69.47,637.0,1258.5699462890625,84.94999694824219,173.36000061035156,76.05
2006-05-25,948.7,15.5,97.8423,70.92,648.4000244140625,1272.8800048828125,84.6500015258789,168.3300018310547,76.05
2006-05-26,945.3,14.26,97.8995,71.35,650.9000244140625,1280.1600341796875,85.26000213623047,171.8300018310547,76.05
2006-05-27,,,,,,,,,76.05
2006-05-28,,,,,,,,,76.05
2006-05-29,,,97.8936,,,,,172.63999938964844,76.05
2006-05-30,945.3,18.66,97.588,71.85,653.9000244140625,1259.8699951171875,84.27999877929688,171.00999450683594,76.05
2006-05-31,945.3,16.44,97.7705,71.42,642.5,1270.0899658203125,84.72000122070312,,76.05
2006-06-01,946.9,14.52,97.7726,70.11,627.5999755859375,1285.7099609375,84.79000091552734,168.02999877929688,75.902
2006-06-02,947.9,14.32,97.5544,72.73,635.5,1288.219970703125,84.05000305175781,169.85000610351562,75.902
2006-06-03,,,,,,,,,75.902
2006-06-04,,,,,,,,,75.902
2006-06-05,942.7,16.65,97.3681,72.5,643.2000122070312,1265.2900390625,84.13999938964844,168.8300018310547,75.902
2006-06-06,942.8,17.34,98.1449,72.43,629.4000244140625,1263.8499755859375,84.7300033569336,,75.902
2006-06-07,948.0,17.8,98.1641,70.9,627.4000244140625,1256.1500244140625,84.98999786376953,164.1699981689453,75.902
2006-06-08,953.1,18.35,98.9313,70.25,609.0999755859375,1257.9300537109375,85.91000366210938,158.11000061035156,75.902
2006-06-09,954.2,18.12,98.5471,71.62,608.2000122070312,1252.300048828125,85.72000122070312,159.61000061035156,75.902
2006-06-10,,,,,,,,,75.902
2006-06-11,,,,,,,,,75.902
2006-06-12,956.6,20.96,98.5494,70.28,606.7999877929688,1237.43994140625,85.8499984741211,160.0500030517578,75.902
2006-06-13,961.4,23.81,98.9201,68.48,562.5,1223.68994140625,86.43000030517578,155.42999267578125,75.902
2006-06-14,961.8,21.46,98.8338,69.12,562.2999877929688,1230.0400390625,86.13999938964844,157.6999969482422,75.902
2006-06-15,959.3,15.9,98.8846,69.78,566.5,1256.1600341796875,86.0199966430664,157.36000061035156,75.902
2006-06-16,955.2,17.25,98.9127,69.75,578.0,1251.5400390625,85.91999816894531,163.0500030517578,75.902
2006-06-17,,,,,,,,,75.902
2006-06-18,,,,,,,,,75.902
2006-06-19,960.9,17.83,99.145,69.21,568.7999877929688,1240.1300048828125,86.30999755859375,161.7899932861328,75.902
2006-06-20,956.5,16.69,99.0117,69.3,576.9000244140625,1240.1199951171875,86.18000030517578,158.47999572753906,75.902
2006-06-21,955.6,15.52,98.5544,70.07,587.5,1252.199951171875,85.77999877929688,158.6300048828125,75.902
2006-06-22,955.0,15.88,99.0856,70.62,582.2000122070312,1245.5999755859375,86.38999938964844,160.1999969482422,75.902
2006-06-23,955.8,15.89,99.4216,70.5,584.7999877929688,1244.5,86.81999969482422,158.8800048828125,75.902
2006-06-24,,,,,,,,,75.902
2006-06-25,,,,,,,,,75.902
2006-06-26,959.2,15.62,99.3634,71.63,584.7999877929688,1250.56005859375,86.48999786376953,160.17999267578125,75.902
2006-06-27,958.6,16.4,99.219,72.05,581.5999755859375,1239.199951171875,86.47000122070312,161.36000061035156,75.902
2006-06-28,957.5,15.79,99.392,72.15,578.2999877929688,1246.0,86.62999725341797,160.17999267578125,75.902
2006-06-29,960.4,13.03,99.2158,73.5,586.5,1272.8699951171875,85.87000274658203,163.3000030517578,75.902
2006-06-30,948.5,13.08,98.2483,73.94,613.5,1270.199951171875,85.22000122070312,167.4499969482422,75.902
2006-07-01,,,,,,,,,76.199
2006-07-02,,,,,,,,,76.199
2006-07-03,944.5,13.05,98.0371,,,1280.18994140625,85.18000030517578,167.3300018310547,76.199
2006-07-04,,,98.0221,,,,,166.14999389648438,76.199
2006-07-05,946.6,14.15,98.308,75.2,627.2999877929688,1270.9100341796875,85.5999984741211,165.50999450683594,76.199
2006-07-06,949.2,13.65,98.138,75.0,634.0999755859375,1274.0799560546875,85.3499984741211,163.47000122070312,76.199
2006-07-07,947.6,13.97,97.7508,73.76,632.7999877929688,1265.47998046875,84.9800033569336,164.6999969482422,76.199
2006-07-08,,,,,,,,,76.199
2006-07-09,,,,,,,,,76.199
2006-07-10,941.6,14.02,97.9813,73.5,624.0999755859375,1267.3399658203125,85.5,168.27000427246094,76.199
2006-07-11,946.6,13.14,98.2132,74.05,641.2000122070312,1272.4300537109375,85.36000061035156,168.4499969482422,76.199
2006-07-12,948.5,14.49,98.5202,74.99,649.4000244140625,1258.5999755859375,85.91000366210938,167.92999267578125,76.199
2006-07-13,949.0,17.79,98.5583,76.7,652.9000244140625,1242.280029296875,85.79000091552734,166.35000610351562,76.199
2006-07-14,953.7,18.05,98.6814,76.8,666.5999755859375,1236.199951171875,86.08999633789062,162.3300018310547,76.199
2006-07-15,,,,,,,,,76.199
2006-07-16,,,,,,,,,76.199
2006-07-17,953.5,18.64,99.0767,75.7,650.5999755859375,1234.489990234375,86.95999908447266,,76.199
2006-07-18,958.3,17.74,99.1341,73.87,628.2999877929688,1236.8599853515625,87.01000213623047,159.69000244140625,76.199
2006-07-19,957.6,15.55,98.9262,72.79,641.5999755859375,1259.81005859375,86.45999908447266,159.75999450683594,76.199
2006-07-20,951.7,16.21,98.6014,74.0,631.7000122070312,1249.1300048828125,86.22000122070312,165.11000061035156,76.199
2006-07-21,949.7,17.4,98.5221,73.52,619.5999755859375,1240.2900390625,85.93000030517578,165.0,76.199
2006-07-22,,,,,,,,,76.199
2006-07-23,,,,,,,,,76.199
2006-07-24,951.4,14.98,98.7795,74.29,612.7000122070312,1260.9100341796875,86.33999633789062,163.92999267578125,76.199
2006-07-25,951.9,14.85,98.9388,73.46,617.5999755859375,1268.8800048828125,86.63999938964844,166.25,76.199
2006-07-26,954.3,14.62,98.742,73.82,621.5999755859375,1268.4000244140625,85.93000030517578,166.10000610351562,76.199
2006-07-27,952.0,14.94,98.2283,74.5,632.4000244140625,1263.199951171875,85.87000274658203,168.52000427246094,76.199
2006-07-28,953.6,14.33,98.0539,73.3,634.7999877929688,1278.550048828125,85.44000244140625,168.5399932861328,76.199
2006-07-29,,,,,,,,,76.199
2006-07-30,,,,,,,,,76.199
2006-07-31,954.9,14.95,97.9996,74.56,634.2000122070312,1276.6600341796875,85.30000305175781,168.50999450683594,76.199
2006-08-01,955.7,15.05,98.1715,74.93,646.2999877929688,1270.9200439453125,85.05000305175781,167.13999938964844,76.645
2006-08-02,962.0,14.34,97.9432,76.16,651.5999755859375,1277.4100341796875,85.05000305175781,168.27000427246094,76.645
2006-08-03,965.4,14.46,98.0694,75.59,644.9000244140625,1280.27001953125,85.0199966430664,167.94000244140625,76.645
2006-08-04,964.6,14.34,97.6005,74.78,644.0,1279.3599853515625,84.56999969482422,169.67999267578125,76.645
2006-08-05,,,,,,,,,76.645
2006-08-06,,,,,,,,,76.645
2006-08-07,962.3,15.23,97.5088,77.05,647.7999877929688,1275.77001953125,84.75,167.61000061035156,76.645
2006-08-08,963.4,15.23,97.6524,76.29,645.7000122070312,1271.47998046875,84.66000366210938,170.67999267578125,76.645
2006-08-09,959.3,15.2,97.4402,76.28,650.5,1265.949951171875,84.70999908447266,171.11000061035156,76.645
2006-08-10,957.6,14.46,97.8887,74.17,634.9000244140625,1271.81005859375,85.08000183105469,169.44000244140625,76.645
2006-08-11,961.4,14.3,97.7863,74.38,633.5,1266.739990234375,85.5199966430664,167.64999389648438,76.645
2006-08-12,,,,,,,,,76.645
2006-08-13,,,,,,,,,76.645
2006-08-14,965.6,14.26,97.9677,73.33,628.5,1268.2099609375,85.63999938964844,168.19000244140625,76.645
2006-08-15,965.5,13.42,97.8043,72.95,622.5,1285.5799560546875,85.22000122070312,,76.645
2006-08-16,964.9,12.41,97.3894,71.64,628.7000122070312,1295.4300537109375,84.87999725341797,171.00999450683594,76.645
2006-08-17,960.6,12.24,97.3486,70.12,615.4000244140625,1297.47998046875,85.04000091552734,172.64999389648438,76.645
2006-08-18,958.3,11.64,97.7577,70.93,612.0999755859375,1302.300048828125,85.08999633789062,173.1699981689453,76.645
2006-08-19,,,,,,,,,76.645
2006-08-20,,,,,,,,,76.645
2006-08-21,956.4,12.22,97.3856,72.45,625.7000122070312,1297.52001953125,84.62999725341797,171.9600067138672,76.645
2006-08-22,956.1,12.19,97.6079,72.55,624.5999755859375,1298.8199462890625,85.18000030517578,173.80999755859375,76.645
2006-08-23,955.4,12.4,97.5731,71.45,623.7000122070312,1292.989990234375,85.12999725341797,172.3300018310547,76.645
2006-08-24,958.9,12.4,97.7939,72.02,619.5,1296.06005859375,85.27999877929688,171.0800018310547,76.645
2006-08-25,961.8,12.31,97.8827,72.13,622.0,1295.0899658203125,85.37999725341797,172.9199981689453,76.645
2006-08-26,,,,,,,,,76.645
2006-08-27,,,,,,,,,76.645
2006-08-28,963.7,12.18,97.8467,70.47,615.2999877929688,1301.780029296875,85.2300033569336,172.63999938964844,76.645
2006-08-29,960.8,12.28,97.7748,69.74,610.7000122070312,1304.280029296875,84.91000366210938,174.7899932861328,76.645
2006-08-30,961.1,12.22,97.5792,70.2,617.7000122070312,1305.3699951171875,84.97000122070312,174.16000366210938,76.645
2006-08-31,961.1,12.31,97.644,70.38,625.9000244140625,1303.8199462890625,85.05000305175781,175.44000244140625,76.645
2006-09-01,960.3,11.96,97.5084,69.24,624.4000244140625,1311.010009765625,84.94000244140625,175.99000549316406,76.868
2006-09-02,,,,,,,,,76.868
2006-09-03,,,,,,,,,76.868
2006-09-04,,,97.4981,,624.4000244140625,,,176.32000732421875,76.868
2006-09-05,956.5,12.63,97.4392,68.7,638.5,1313.25,85.0,176.75,76.868
2006-09-06,957.0,13.74,97.6087,67.75,633.5,1300.260009765625,85.0999984741211,176.19000244140625,76.868
2006-09-07,956.1,13.88,97.8108,67.37,617.0,1294.02001953125,85.52999877929688,175.42999267578125,76.868
2006-09-08,956.2,13.16,98.2119,66.3,609.5999755859375,1298.9200439453125,85.94999694824219,175.77999877929688,76.868
2006-09-09,,,,,,,,,76.868
2006-09-10,,,,,,,,,76.868
2006-09-11,957.3,12.99,98.3845,65.42,590.0,1299.5400390625,85.91999816894531,173.0,76.868
2006-09-12,959.2,11.92,98.2781,63.81,586.9000244140625,1313.0,85.91999816894531,172.27999877929688,76.868
2006-09-13,958.7,11.18,98.1775,64.09,589.0999755859375,1318.0699462890625,85.87000274658203,172.92999267578125,76.868
2006-09-14,957.4,11.55,98.0088,63.27,579.2999877929688,1316.280029296875,85.66000366210938,176.35000610351562,76.868
2006-09-15,956.2,11.76,98.2104,63.3,576.4000244140625,1319.6600341796875,85.98999786376953,176.50999450683594,76.868
2006-09-16,,,,,,,,,76.868
2006-09-17,,,,,,,,,76.868
2006-09-18,956.2,11.78,98.1332,63.84,586.2000122070312,1321.1800537109375,85.80999755859375,178.27999877929688,76.868
2006-09-19,951.8,11.98,98.1703,61.77,576.7999877929688,1317.6400146484375,85.94000244140625,178.32000732421875,76.868
2006-09-20,950.7,11.39,98.1556,60.0,580.0,1325.1800537109375,85.80999755859375,177.33999633789062,76.868
2006-09-21,944.1,12.25,97.9458,61.62,582.2000122070312,1318.030029296875,85.18000030517578,177.30999755859375,76.868
2006-09-22,946.7,12.59,97.8667,59.79,589.4000244140625,1314.780029296875,85.19999694824219,175.0,76.868
2006-09-23,,,,,,,,,76.868
2006-09-24,,,,,,,,,76.868
2006-09-25,943.7,12.12,97.9909,60.74,589.9000244140625,1326.3699951171875,85.29000091552734,176.02999877929688,76.868
2006-09-26,943.7,11.53,98.0555,60.63,591.2000122070312,1336.3499755859375,85.62999725341797,174.5800018310547,76.868
2006-09-27,943.4,11.58,98.0107,62.96,597.2999877929688,1336.5899658203125,85.66000366210938,176.74000549316406,76.868
2006-09-28,944.6,11.72,98.0381,62.46,605.0,1338.8800048828125,85.72000122070312,178.2100067138672,76.868
2006-09-29,946.0,11.98,98.1054,62.9,598.5999755859375,1335.8499755859375,85.97000122070312,178.0500030517578,76.868
2006-09-30,,,,,,,,,76.868
2006-10-01,,,,,,,,,76.496
2006-10-02,947.6,12.57,97.9247,60.96,597.7000122070312,1331.3199462890625,85.58999633789062,178.4600067138672,76.496
2006-10-03,947.6,12.24,98.1267,58.64,576.2999877929688,1334.1099853515625,85.70999908447266,,76.496
2006-10-04,948.9,11.86,98.3682,59.53,562.0,1350.199951171875,85.83999633789062,175.47999572753906,76.496
2006-10-05,948.9,11.98,98.2776,60.02,571.0,1353.219970703125,85.91999816894531,,76.496
2006-10-06,948.9,11.56,98.5619,59.68,572.4000244140625,1349.5899658203125,86.44000244140625,,76.496
2006-10-07,,,,,,,,,76.496
2006-10-08,,,,,,,,,76.496
2006-10-09,,11.68,98.5702,59.93,578.4000244140625,1350.6600341796875,86.5199966430664,171.77999877929688,76.496
2006-10-10,959.2,11.52,98.9125,58.5,571.9000244140625,1353.4200439453125,87.0199966430664,172.77999877929688,76.496
2006-10-11,957.9,11.62,98.9146,57.56,572.2999877929688,1349.949951171875,87.12000274658203,172.50999450683594,76.496
2006-10-12,957.6,11.09,98.831,58.23,576.2999877929688,1362.8299560546875,86.91999816894531,173.10000610351562,76.496
2006-10-13,953.9,10.75,98.8002,58.69,588.7999877929688,1365.6199951171875,87.12000274658203,175.4199981689453,76.496
2006-10-14,,,,,,,,,76.496
2006-10-15,,,,,,,,,76.496
2006-10-16,955.2,11.09,98.71,59.91,594.7000122070312,1369.06005859375,87.0,176.50999450683594,76.496
2006-10-17,954.2,11.73,98.5354,58.91,589.7000122070312,1364.050048828125,86.87000274658203,175.85000610351562,76.496
2006-10-18,955.2,11.34,98.6164,57.66,588.9000244140625,1365.800048828125,86.87999725341797,176.19000244140625,76.496
2006-10-19,957.1,10.9,98.2897,58.55,599.0,1366.9599609375,86.23999786376953,176.11000061035156,76.496
2006-10-20,957.1,10.63,98.1629,57.35,593.0,1368.5999755859375,86.2699966430664,177.35000610351562,76.496
2006-10-21,,,,,,,,,76.496
2006-10-22,,,,,,,,,76.496
2006-10-23,959.3,11.08,98.4483,56.74,579.7000122070312,1377.02001953125,86.70999908447266,177.36000061035156,76.496
2006-10-24,958.2,10.78,98.349,57.55,584.4000244140625,1377.3800048828125,86.62999725341797,177.49000549316406,76.496
2006-10-25,955.5,10.66,98.2057,59.09,587.5999755859375,1382.219970703125,86.37999725341797,178.1999969482422,76.496
2006-10-26,949.5,10.56,97.8907,60.27,596.7999877929688,1389.0799560546875,85.88999938964844,178.52999877929688,76.496
2006-10-27,947.2,10.8,97.4914,60.75,598.2000122070312,1377.3399658203125,85.55999755859375,177.85000610351562,76.496
2006-10-28,,,,,,,,,76.496
2006-10-29,,,,,,,,,76.496
2006-10-30,944.3,11.2,97.5672,58.41,604.7000122070312,1377.9300537109375,85.58999633789062,175.99000549316406,76.496
2006-10-31,942.2,11.1,97.3901,58.72,604.0999755859375,1377.93994140625,85.31999969482422,176.83999633789062,76.496
2006-11-01,939.1,11.51,97.4949,58.64,616.5999755859375,1367.81005859375,85.31999969482422,177.94000244140625,76.125
2006-11-02,938.7,11.42,97.6556,57.87,625.4000244140625,1367.3399658203125,85.33999633789062,179.22000122070312,76.125
2006-11-03,937.0,11.16,97.7209,59.13,626.9000244140625,1364.300048828125,85.70999908447266,179.13999938964844,76.125
2006-11-04,,,,,,,,,76.125
2006-11-05,,,,,,,,,76.125
2006-11-06,942.1,11.16,97.806,60.11,625.7999877929688,1379.780029296875,85.75,178.41000366210938,76.125
2006-11-07,938.2,11.09,97.4453,58.94,625.7000122070312,1382.8399658203125,85.43000030517578,179.4499969482422,76.125
2006-11-08,934.7,10.75,97.58,59.93,616.4000244140625,1385.719970703125,85.41000366210938,178.61000061035156,76.125
2006-11-09,936.2,11.01,97.5041,61.18,635.0,1378.3299560546875,85.18000030517578,181.30999755859372,76.125
2006-11-10,933.7,10.79,97.4638,59.66,628.4000244140625,1380.9000244140625,85.05000305175781,180.77999877929688,76.125
2006-11-11,,,,,,,,,76.125
2006-11-12,,,,,,,,,76.125
2006-11-13,934.7,10.86,97.7904,58.59,624.2000122070312,1384.4200439453125,85.36000061035156,180.92999267578125,76.125
2006-11-14,936.7,10.5,97.7475,58.28,623.7999877929688,1393.219970703125,85.23999786376953,182.3000030517578,76.125
2006-11-15,941.1,10.31,97.8359,58.79,622.5,1396.5699462890625,85.33999633789062,182.8999938964844,76.125
2006-11-16,937.2,10.16,97.8098,56.23,620.5999755859375,1399.760009765625,85.5,182.69000244140625,76.125
2006-11-17,938.5,10.05,97.9855,55.9,621.5,1401.199951171875,85.37000274658203,182.94000244140625,76.125
2006-11-18,,,,,,,,,76.125
2006-11-19,,,,,,,,,76.125
2006-11-20,935.2,9.97,98.0254,56.42,621.2000122070312,1400.5,85.41999816894531,181.6000061035156,76.125
2006-11-21,935.0,9.9,98.0215,58.01,628.2000122070312,1402.81005859375,85.23999786376953,182.05999755859372,76.125
2006-11-22,933.6,10.14,97.5315,57.28,628.7000122070312,1406.0899658203125,84.6500015258789,184.2400054931641,76.125
2006-11-23,,,97.5314,,,,84.4800033569336,183.7700042724609,76.125
2006-11-24,931.8,10.73,97.0657,,628.7000122070312,1400.949951171875,83.70999908447266,183.91000366210935,76.125
2006-11-25,,,,,,,,,76.125
2006-11-26,,,,,,,,,76.125
2006-11-27,930.3,12.3,96.9986,60.3,,1381.9599609375,83.51000213623047,184.2700042724609,76.125
2006-11-28,930.5,11.62,96.8428,60.97,637.2000122070312,1386.719970703125,83.20999908447266,182.4199981689453,76.125
2006-11-29,930.4,10.83,96.8577,62.45,635.5,1399.47998046875,83.44000244140625,183.8000030517578,76.125
2006-11-30,929.0,10.91,96.5779,62.97,646.9000244140625,1400.6300048828125,82.91999816894531,184.9600067138672,76.125
2006-12-01,928.3,11.66,96.4585,63.43,644.7000122070312,1396.7099609375,82.4800033569336,185.27999877929688,76.348
2006-12-02,,,,,,,,,76.348
2006-12-03,,,,,,,,,76.348
2006-12-04,927.1,11.23,96.4319,62.39,645.2000122070312,1409.1199951171875,82.48999786376953,184.30999755859372,76.348
2006-12-05,924.1,11.27,96.2082,62.4,642.2999877929688,1414.760009765625,82.44999694824219,183.52999877929688,76.348
2006-12-06,915.7,11.33,96.2839,62.2,630.5,1412.9000244140625,82.7699966430664,182.6000061035156,76.348
2006-12-07,913.7,12.67,96.3207,62.54,631.9000244140625,1407.2900390625,82.80000305175781,182.19000244140625,76.348
2006-12-08,919.8,12.07,96.6123,62.06,626.0999755859375,1409.8399658203125,83.33000183105469,179.49000549316406,76.348
2006-12-09,,,,,,,,,76.348
2006-12-10,,,,,,,,,76.348
2006-12-11,925.4,10.71,96.6646,61.26,630.0,1413.0400390625,83.12000274658203,179.5,76.348
2006-12-12,922.3,10.65,96.7119,61.06,627.0,1411.56005859375,82.97000122070312,177.92999267578125,76.348
2006-12-13,922.1,10.18,96.7296,61.34,627.9000244140625,1413.2099609375,82.97000122070312,178.75,76.348
2006-12-14,920.5,9.97,96.7946,62.48,626.5999755859375,1425.489990234375,83.6500015258789,183.57000732421875,76.348
2006-12-15,922.8,10.05,96.9857,63.4,615.0,1427.0899658203125,84.05999755859375,183.82000732421875,76.348
2006-12-16,,,,,,,,,76.348
2006-12-17,,,,,,,,,76.348
2006-12-18,926.9,10.6,97.1559,62.19,614.0,1422.47998046875,83.9800033569336,185.3800048828125,76.348
2006-12-19,931.6,10.3,96.9313,62.87,621.5999755859375,1425.550048828125,83.45999908447266,184.6300048828125,76.348
2006-12-20,925.7,10.26,96.7762,63.08,620.5999755859375,1423.530029296875,83.5199966430664,186.5399932861328,76.348
2006-12-21,927.2,10.53,96.9148,62.05,618.2000122070312,1418.300048828125,83.56999969482422,185.80999755859372,76.348
2006-12-22,928.3,11.36,97.1113,61.81,619.0999755859375,1410.760009765625,83.94000244140625,185.97999572753903,76.348
2006-12-23,,,,,,,,,76.348
2006-12-24,,,,,,,,,76.348
2006-12-25,,,97.1221,,,,,,76.348
2006-12-26,929.6,11.26,97.1786,61.07,623.7000122070312,1416.9000244140625,84.06999969482422,185.6199951171875,76.348
2006-12-27,929.1,10.64,97.2076,60.31,627.2000122070312,1426.8399658203125,83.94000244140625,184.3000030517578,76.348
2006-12-28,929.4,10.99,97.0656,60.39,634.0999755859375,1424.72998046875,83.81999969482422,185.38999938964844,76.348
2006-12-29,930.0,11.56,97.0312,60.85,635.2000122070312,1418.300048828125,83.72000122070312,,76.348
2006-12-30,,,,,,,,,76.348
2006-12-31,,,,,,,,,76.348
2007-01-01,,,97.0323,,,,,,76.496
2007-01-02,925.4,,,60.77,635.2000122070312,,83.19999694824219,185.6999969482422,76.496
2007-01-03,926.0,12.04,97.1281,58.31,627.0999755859375,1416.5999755859375,83.91999816894531,182.1300048828125,76.496
2007-01-04,931.3,11.51,97.5251,55.65,623.9000244140625,1418.3399658203125,84.31999969482422,180.5200042724609,76.496
2007-01-05,934.1,12.14,97.7801,56.29,604.9000244140625,1409.7099609375,84.62999725341797,179.10000610351562,76.496
2007-01-06,,,,,,,,,76.496
2007-01-07,,,,,,,,,76.496
2007-01-08,937.9,12.0,97.788,56.08,607.5,1412.8399658203125,84.5999984741211,177.0800018310547,76.496
2007-01-09,938.3,11.91,97.9642,55.65,613.0999755859375,1412.1099853515625,84.73999786376953,177.52000427246094,76.496
2007-01-10,937.7,11.47,98.0943,53.95,611.5999755859375,1414.8499755859375,85.08000183105469,174.99000549316406,76.496
2007-01-11,938.6,10.87,98.0845,51.91,612.4000244140625,1423.8199462890625,85.30999755859375,176.25999450683594,76.496
2007-01-12,939.6,10.15,97.921,52.96,625.5,1430.72998046875,85.02999877929688,179.36000061035156,76.496
2007-01-13,,,,,,,,,76.496
2007-01-14,,,,,,,,,76.496
2007-01-15,,,97.9201,,,,,179.82000732421875,76.496
2007-01-16,938.1,10.74,97.9816,51.23,624.5999755859375,1431.9000244140625,85.05000305175781,179.72999572753906,76.496
2007-01-17,936.7,10.59,97.7509,52.3,632.0999755859375,1430.6199951171875,84.9800033569336,178.5,76.496
2007-01-18,936.4,10.85,97.8286,50.51,627.0999755859375,1426.3699951171875,84.91000366210938,179.1199951171875,76.496
2007-01-19,936.2,10.4,97.6868,51.98,635.5,1430.5,84.86000061035156,176.22999572753906,76.496
2007-01-20,,,,,,,,,76.496
2007-01-21,,,,,,,,,76.496
2007-01-22,940.5,10.77,97.827,51.11,633.2999877929688,1422.949951171875,85.0199966430664,176.8300018310547,76.496
2007-01-23,940.0,10.34,97.8117,53.61,645.2000122070312,1427.989990234375,84.66999816894531,176.89999389648438,76.496
2007-01-24,935.5,9.89,97.908,54.24,647.5999755859375,1440.1300048828125,84.94000244140625,179.3699951171875,76.496
2007-01-25,935.9,11.22,97.8396,53.49,647.7999877929688,1423.9000244140625,85.11000061035156,179.1199951171875,76.496
2007-01-26,940.5,11.13,98.1491,55.38,644.5,1422.1800537109375,85.27999877929688,177.5800018310547,76.496
2007-01-27,,,,,,,,,76.496
2007-01-28,,,,,,,,,76.496
2007-01-29,940.1,11.45,98.2066,54.01,643.0999755859375,1420.6199951171875,85.0999984741211,176.41000366210938,76.496
2007-01-30,942.2,10.96,98.1515,57.03,644.2000122070312,1428.8199462890625,85.02999877929688,177.4499969482422,76.496
2007-01-31,941.0,10.42,97.964,58.17,652.0,1438.239990234375,84.61000061035156,175.99000549316406,76.496
2007-02-01,937.0,10.31,97.7101,57.35,657.4000244140625,1445.93994140625,84.62999725341797,179.10000610351562,77.017
2007-02-02,937.0,10.08,97.9743,59.01,646.2000122070312,1448.3900146484375,84.95999908447266,183.1999969482422,77.017
2007-02-03,,,,,,,,,77.017
2007-02-04,,,,,,,,,77.017
2007-02-05,935.5,10.55,97.87,58.69,650.9000244140625,1446.989990234375,85.08000183105469,183.72999572753903,77.017
2007-02-06,932.5,10.65,97.7357,58.91,653.5999755859375,1448.0,84.77999877929688,185.08999633789065,77.017
2007-02-07,933.2,10.32,97.7239,57.75,652.2999877929688,1450.02001953125,84.75,184.6699981689453,77.017
2007-02-08,934.5,10.44,97.8169,59.76,658.0,1448.31005859375,84.69999694824219,184.25,77.017
2007-02-09,934.3,11.1,97.7076,59.86,667.5,1438.06005859375,84.87000274658203,184.72000122070312,77.017
2007-02-10,,,,,,,,,77.017
2007-02-11,,,,,,,,,77.017
2007-02-12,937.4,11.61,97.9409,57.76,662.5999755859375,1433.3699951171875,85.1500015258789,182.8000030517578,77.017
2007-02-13,939.4,10.34,97.7063,58.98,663.9000244140625,1444.260009765625,84.7300033569336,183.2899932861328,77.017
2007-02-14,938.2,10.23,97.2779,58.0,667.4000244140625,1455.300048828125,84.19999694824219,185.72000122070312,77.017
2007-02-15,934.2,10.22,97.1588,57.92,667.2999877929688,1456.81005859375,84.01000213623047,186.82000732421875,77.017
2007-02-16,936.0,10.02,97.164,59.38,668.7999877929688,1455.5400390625,84.08999633789062,187.57000732421875,77.017
2007-02-17,,,,,,,,,77.017
2007-02-18,,,,,,,,,77.017
2007-02-19,,,97.1545,,,,,,77.017
2007-02-20,938.2,10.24,97.321,58.32,657.0999755859375,1459.6800537109375,84.19000244140625,188.1199951171875,77.017
2007-02-21,938.2,10.2,97.27,59.4,680.2000122070312,1457.6300048828125,84.20999908447266,187.8999938964844,77.017
2007-02-22,938.7,10.18,97.266,60.28,679.4000244140625,1456.3800048828125,84.31999969482422,189.72000122070312,77.017
2007-02-23,937.5,10.58,97.1756,60.28,683.0999755859375,1451.18994140625,84.06999969482422,190.19000244140625,77.017
2007-02-24,,,,,,,,,77.017
2007-02-25,,,,,,,,,77.017
2007-02-26,938.5,11.15,97.2281,61.41,686.5,1449.3699951171875,83.93000030517578,190.1199951171875,77.017
2007-02-27,938.5,18.31,97.0883,61.46,683.9000244140625,1399.0400390625,83.4800033569336,188.1499938964844,77.017
2007-02-28,942.3,15.42,97.2386,61.78,669.4000244140625,1406.8199462890625,83.56999969482422,183.1999969482422,77.017
2007-03-01,941.4,15.82,97.3358,61.97,662.2999877929688,1403.1700439453125,83.68000030517578,,77.464
2007-03-02,947.4,18.61,97.3691,61.58,641.5,1387.1700439453125,83.73999786376953,,77.464
2007-03-03,,,,,,,,,77.464
2007-03-04,,,,,,,,,77.464
2007-03-05,949.1,19.63,97.6716,60.05,636.7000122070312,1374.1199951171875,84.1500015258789,177.69000244140625,77.464
2007-03-06,947.6,15.96,97.5123,60.66,643.7999877929688,1395.4100341796875,84.06999969482422,181.22999572753903,77.464
2007-03-07,947.1,15.24,97.4558,61.85,650.5999755859375,1391.969970703125,83.77999877929688,182.3600006103516,77.464
2007-03-08,945.6,14.29,97.5731,61.63,653.4000244140625,1401.8900146484375,84.0999984741211,183.94000244140625,77.464
2007-03-09,945.1,14.09,97.4559,60.06,650.0,1402.8399658203125,84.23999786376953,183.8699951171875,77.464
2007-03-10,,,,,,,,,77.464
2007-03-11,,,,,,,,,77.464
2007-03-12,943.8,13.99,97.3013,58.94,648.4000244140625,1406.5999755859375,83.86000061035156,186.3600006103516,77.464
2007-03-13,944.3,18.13,97.2203,58.03,647.5999755859375,1377.949951171875,83.7300033569336,185.72000122070312,77.464
2007-03-14,946.2,17.27,97.2759,58.15,640.9000244140625,1387.1700439453125,83.61000061035156,181.80999755859372,77.464
2007-03-15,944.1,16.43,97.2476,57.52,645.7000122070312,1392.280029296875,83.68000030517578,184.41000366210935,77.464
2007-03-16,944.6,16.79,97.0407,57.06,652.5999755859375,1386.949951171875,83.2300033569336,184.4199981689453,77.464
2007-03-17,,,,,,,,,77.464
2007-03-18,,,,,,,,,77.464
2007-03-19,943.6,14.59,97.1062,56.65,653.0999755859375,1402.06005859375,83.38999938964844,186.30999755859372,77.464
2007-03-20,941.3,13.27,96.7985,56.41,657.9000244140625,1410.93994140625,83.11000061035156,186.33999633789065,77.464
2007-03-21,937.7,12.19,96.6195,56.98,659.0,1435.0400390625,82.7699966430664,186.2400054931641,77.464
2007-03-22,937.9,12.93,96.3893,60.21,663.4000244140625,1434.5400390625,83.08999633789062,187.1499938964844,77.464
2007-03-23,937.2,12.95,96.5662,61.07,656.7000122070312,1436.1099853515625,83.27999877929688,186.88999938964844,77.464
2007-03-24,,,,,,,,,77.464
2007-03-25,,,,,,,,,77.464
2007-03-26,937.65,13.16,96.5493,61.77,663.4000244140625,1437.5,83.08000183105469,187.19000244140625,77.464
2007-03-27,940.7,13.48,96.4558,62.98,662.0999755859375,1428.6099853515625,83.01000213623047,187.67999267578125,77.464
2007-03-28,939.6,14.98,96.4894,64.11,666.5,1417.22998046875,83.02999877929688,185.9600067138672,77.464
2007-03-29,940.4,15.14,96.5067,66.1,661.5,1422.530029296875,83.08999633789062,187.44000244140625,77.464
2007-03-30,941.1,14.64,96.3183,65.94,663.0,1420.8599853515625,82.93000030517578,187.6000061035156,77.464
2007-03-31,,,,,,,,,77.464
2007-04-01,,,,,,,,,77.761
2007-04-02,937.0,14.53,96.3175,66.03,665.7000122070312,1424.550048828125,82.87000274658203,188.55999755859372,77.761
2007-04-03,936.4,13.46,96.3774,64.59,664.0,1437.77001953125,83.1500015258789,189.1199951171875,77.761
2007-04-04,936.1,13.24,96.3646,64.4,672.0999755859375,1439.3699951171875,82.95999908447266,191.7700042724609,77.761
2007-04-05,932.1,13.23,96.1188,64.26,674.2000122070312,1443.760009765625,82.68000030517578,191.41000366210935,77.761
2007-04-06,931.6,,96.2526,,,,,191.6300048828125,77.761
2007-04-07,,,,,,,,,77.761
2007-04-08,,,,,,,,,77.761
2007-04-09,932.6,13.14,96.293,61.51,671.9000244140625,1444.6099853515625,83.0999984741211,193.8500061035156,77.761
2007-04-10,933.6,12.68,96.1179,61.92,676.5,1448.3900146484375,82.69999694824219,193.5500030517578,77.761
2007-04-11,932.2,13.49,96.0293,61.98,676.7999877929688,1438.8699951171875,82.66999816894531,195.2700042724609,77.761
2007-04-12,931.6,12.71,95.7999,63.87,675.0999755859375,1447.800048828125,82.37000274658203,196.80999755859372,77.761
2007-04-13,929.0,12.2,95.711,63.63,685.4000244140625,1452.8499755859375,82.12999725341797,195.8500061035156,77.761
2007-04-14,,,,,,,,,77.761
2007-04-15,,,,,,,,,77.761
2007-04-16,931.4,11.98,95.5538,63.63,690.0999755859375,1468.3299560546875,82.06999969482422,197.1000061035156,77.761
2007-04-17,928.6,12.14,95.3832,63.14,688.2000122070312,1471.47998046875,81.83000183105469,196.57000732421875,77.761
2007-04-18,927.9,12.42,95.3109,63.14,689.0999755859375,1472.5,81.73999786376953,197.30999755859372,77.761
2007-04-19,928.5,12.54,95.2712,61.81,684.2999877929688,1470.72998046875,81.63999938964844,194.58999633789065,77.761
2007-04-20,927.4,12.07,95.1692,63.56,692.0,1484.3499755859375,81.63999938964844,197.2400054931641,77.761
2007-04-21,,,,,,,,,77.761
2007-04-22,,,,,,,,,77.761
2007-04-23,926.1,13.04,95.1833,65.33,690.5999755859375,1480.9300537109375,81.73999786376953,198.6199951171875,77.761
2007-04-24,927.25,13.12,95.1608,64.1,684.2000122070312,1480.4100341796875,81.55000305175781,200.0200042724609,77.761
2007-04-25,926.6,13.21,94.8497,65.33,684.0999755859375,1495.4200439453125,81.43000030517578,198.42999267578125,77.761
2007-04-26,928.55,12.79,95.1653,65.08,674.9000244140625,1494.25,81.75,199.75,77.761
2007-04-27,929.0,12.45,95.0103,66.45,678.7000122070312,1494.0699462890625,81.52999877929688,198.27999877929688,77.761
2007-04-28,,,,,,,,,77.761
2007-04-29,,,,,,,,,77.761
2007-04-30,931.0,14.22,94.8365,65.78,680.5,1482.3699951171875,81.44999694824219,198.5500030517578,77.761
2007-05-01,930.7,13.51,95.0037,64.43,674.4000244140625,1486.300048828125,81.5999984741211,,77.836
2007-05-02,929.8,13.08,95.0352,63.78,672.2999877929688,1495.9200439453125,81.73999786376953,199.8600006103516,77.836
2007-05-03,926.7,13.09,95.0167,63.23,681.7999877929688,1502.3900146484375,81.94999694824219,200.6699981689453,77.836
2007-05-04,927.3,12.91,94.9118,61.89,687.2000122070312,1505.6199951171875,81.73999786376953,201.55999755859372,77.836
2007-05-05,,,,,,,,,77.836
2007-05-06,,,,,,,,,77.836
2007-05-07,922.3,13.15,94.6914,61.48,688.0,1509.47998046875,81.68000030517578,203.57000732421875,77.836
2007-05-08,922.7,13.21,94.8648,62.26,685.0999755859375,1507.719970703125,81.94000244140625,203.50999450683597,77.836
2007-05-09,923.2,12.88,94.7933,61.54,680.2999877929688,1512.5799560546875,82.0199966430664,204.7700042724609,77.836
2007-05-10,925.65,13.6,94.9506,61.85,665.0999755859375,1491.469970703125,82.29000091552734,205.50999450683597,77.836
2007-05-11,926.1,12.95,95.0035,62.35,670.5999755859375,1505.8499755859375,82.12000274658203,206.05999755859372,77.836
2007-05-12,,,,,,,,,77.836
2007-05-13,,,,,,,,,77.836
2007-05-14,923.15,13.96,94.8267,62.55,668.5,1503.1500244140625,82.06999969482422,206.27999877929688,77.836
2007-05-15,924.2,14.01,94.5574,63.16,673.0,1501.18994140625,81.75,204.22000122070312,77.836
2007-05-16,923.6,13.5,94.8143,62.57,660.2000122070312,1514.1400146484375,82.16000366210938,205.6199951171875,77.836
2007-05-17,927.8,13.51,94.8339,64.83,656.2000122070312,1512.75,82.31999969482422,207.3500061035156,77.836
2007-05-18,934.0,12.76,94.6573,64.93,661.0,1522.75,82.19999694824219,206.69000244140625,77.836
2007-05-19,,,,,,,,,77.836
2007-05-20,,,,,,,,,77.836
2007-05-21,929.9,13.3,94.7026,66.25,662.9000244140625,1525.0999755859375,82.36000061035156,208.7400054931641,77.836
2007-05-22,931.7,13.06,94.5753,64.91,659.0999755859375,1524.1199951171875,82.38999938964844,210.69000244140625,77.836
2007-05-23,931.2,13.24,94.4557,65.1,661.9000244140625,1522.280029296875,82.30999755859375,211.1499938964844,77.836
2007-05-24,932.7,14.08,94.7025,63.62,653.0,1507.510009765625,82.41000366210938,,77.836
2007-05-25,928.0,13.34,94.5022,64.59,655.0999755859375,1515.72998046875,82.33000183105469,210.5399932861328,77.836
2007-05-26,,,,,,,,,77.836
2007-05-27,,,,,,,,,77.836
2007-05-28,,,94.4959,,,,,211.8800048828125,77.836
2007-05-29,927.5,13.53,94.3533,63.19,657.0999755859375,1518.1099853515625,82.30999755859375,212.05999755859372,77.836
2007-05-30,930.8,12.83,94.549,63.47,653.0999755859375,1530.22998046875,82.43000030517578,211.75999450683597,77.836
2007-05-31,927.4,13.05,94.3215,64.02,661.0,1530.6199951171875,82.30000305175781,216.4499969482422,77.836
2007-06-01,928.1,12.78,94.132,65.09,671.2000122070312,1536.3399658203125,82.31999969482422,218.7400054931641,77.836
2007-06-02,,,,,,,,,77.836
2007-06-03,,,,,,,,,77.836
2007-06-04,927.3,13.29,93.9969,66.17,670.7000122070312,1539.1800537109375,82.05999755859375,221.8999938964844,77.836
2007-06-05,926.5,13.63,93.9986,65.63,669.5999755859375,1530.949951171875,81.88999938964844,222.3699951171875,77.836
2007-06-06,926.8,14.87,94.1217,65.97,669.2999877929688,1517.3800048828125,81.9000015258789,,77.836
2007-06-07,926.5,17.06,94.3537,66.93,660.0999755859375,1490.719970703125,82.29000091552734,223.1699981689453,77.836
2007-06-08,932.3,14.84,94.7599,64.78,645.5,1507.6700439453125,82.69000244140625,219.8000030517578,77.836
2007-06-09,,,,,,,,,77.836
2007-06-10,,,,,,,,,77.836
2007-06-11,931.7,14.71,94.6576,65.93,654.2999877929688,1509.1199951171875,82.70999908447266,218.38999938964844,77.836
2007-06-12,930.2,16.67,94.6991,65.36,648.5,1493.0,82.88999938964844,219.94000244140625,77.836
2007-06-13,931.5,14.73,94.9011,66.17,648.2000122070312,1515.6700439453125,83.04000091552734,218.58999633789065,77.836
2007-06-14,929.7,13.64,94.9029,67.62,651.5999755859375,1522.969970703125,83.12999725341797,224.4600067138672,77.836
2007-06-15,927.6,13.94,94.6228,68.04,654.5,1532.9100341796875,82.8499984741211,224.6100006103516,77.836
2007-06-16,,,,,,,,,77.836
2007-06-17,,,,,,,,,77.836
2007-06-18,928.4,13.42,94.5475,69.06,655.7999877929688,1531.050048828125,82.70999908447266,228.8000030517578,77.836
2007-06-19,927.6,12.85,94.3227,69.15,660.7000122070312,1533.699951171875,82.54000091552734,229.0399932861328,77.836
2007-06-20,927.6,14.67,94.3618,68.5,656.0999755859375,1512.8399658203125,82.5199966430664,226.5800018310547,77.836
2007-06-21,926.6,14.21,94.6073,68.35,650.5999755859375,1522.18994140625,82.7300033569336,227.80999755859372,77.836
2007-06-22,927.9,15.75,94.4371,68.85,653.5,1502.56005859375,82.33999633789062,224.9499969482422,77.836
2007-06-23,,,,,,,,,77.836
2007-06-24,,,,,,,,,77.836
2007-06-25,926.2,16.65,94.5105,68.83,651.2999877929688,1497.739990234375,82.31999969482422,223.3999938964844,77.836
2007-06-26,926.1,18.89,94.4678,67.78,642.0999755859375,1492.8900146484375,82.29000091552734,222.42999267578125,77.836
2007-06-27,927.4,15.53,94.5633,68.98,641.7000122070312,1506.3399658203125,82.31999969482422,220.3500061035156,77.836
2007-06-28,926.6,15.54,94.2395,69.61,647.5,1505.7099609375,82.33000183105469,222.6000061035156,77.836
2007-06-29,922.6,16.23,94.1393,70.47,648.0999755859375,1503.3499755859375,81.91999816894531,221.30999755859372,77.836
2007-06-30,,,,,,,,,77.836
2007-07-01,,,,,,,,,78.134
2007-07-02,921.3,15.4,93.634,71.11,656.5,1519.4300537109375,81.38999938964844,224.75,78.134
2007-07-03,917.7,14.92,93.697,71.41,652.9000244140625,1524.8699951171875,81.43000030517578,229.2899932861328,78.134
2007-07-04,,,93.6965,,,,,233.42999267578125,78.134
2007-07-05,921.7,15.48,93.7653,71.81,648.4000244140625,1525.4000244140625,81.54000091552734,234.75,78.134
2007-07-06,919.4,14.72,93.5759,72.8,652.7000122070312,1530.43994140625,81.45999908447266,236.5200042724609,78.134
2007-07-07,,,,,,,,,78.134
2007-07-08,,,,,,,,,78.134
2007-07-09,920.9,15.16,93.5519,72.14,660.5,1531.8499755859375,81.43000030517578,239.67999267578125,78.134
2007-07-10,919.6,17.57,93.3339,72.8,662.5,1510.1199951171875,80.86000061035156,241.0200042724609,78.134
2007-07-11,919.1,16.64,93.3089,72.58,660.2999877929688,1518.760009765625,80.7300033569336,240.4600067138672,78.134
2007-07-12,918.4,15.54,93.1198,72.55,666.7000122070312,1547.699951171875,80.63999938964844,242.8600006103516,78.134
2007-07-13,916.4,15.15,93.0133,73.89,665.7999877929688,1552.5,80.58000183105469,250.19000244140625,78.134
2007-07-14,,,,,,,,,78.134
2007-07-15,,,,,,,,,78.134
2007-07-16,917.9,15.59,92.9094,74.11,665.0,1549.52001953125,80.5199966430664,247.91000366210935,78.134
2007-07-17,917.9,15.63,92.9095,74.03,664.7000122070312,1549.3699951171875,80.54000091552734,,78.134
2007-07-18,916.2,16.0,92.7959,75.03,672.5999755859375,1546.1700439453125,80.41999816894531,244.9199981689453,78.134
2007-07-19,915.7,15.23,92.7332,75.9,677.2000122070312,1553.0799560546875,80.41999816894531,245.6999969482422,78.134
2007-07-20,914.7,16.95,92.7179,75.53,683.9000244140625,1534.0999755859375,80.29000091552734,251.4499969482422,78.134
2007-07-21,,,,,,,,,78.134
2007-07-22,,,,,,,,,78.134
2007-07-23,914.9,16.81,92.6585,74.65,680.7999877929688,1541.5699462890625,80.3499984741211,252.27999877929688,78.134
2007-07-24,913.8,18.55,92.505,73.38,684.2000122070312,1511.0400390625,80.08000183105469,252.6100006103516,78.134
2007-07-25,913.6,18.1,92.9189,75.74,673.2999877929688,1518.0899658203125,80.6500015258789,253.92999267578125,78.134
2007-07-26,917.9,20.74,93.1186,74.96,662.5,1482.6600341796875,80.44999694824219,248.75,78.134
2007-07-27,921.4,24.17,93.5485,77.03,660.0,1458.949951171875,80.94999694824219,238.33999633789065,78.134
2007-07-28,,,,,,,,,78.134
2007-07-29,,,,,,,,,78.134
2007-07-30,923.0,20.87,93.5918,76.82,664.0999755859375,1473.9100341796875,80.8499984741211,241.38999938964844,78.134
2007-07-31,919.0,23.52,93.4264,78.2,666.9000244140625,1455.27001953125,80.7699966430664,244.32000732421875,78.134
2007-08-01,924.9,23.67,93.4011,76.49,663.5999755859375,1465.81005859375,80.87000274658203,234.3600006103516,78.208
2007-08-02,922.6,21.22,93.3038,76.84,664.5999755859375,1472.199951171875,80.70999908447266,233.83999633789065,78.208
2007-08-03,922.5,25.16,93.1039,75.41,672.5,1433.06005859375,80.18000030517578,236.91000366210935,78.208
2007-08-04,,,,,,,,,78.208
2007-08-05,,,,,,,,,78.208
2007-08-06,923.1,22.94,93.1112,72.03,671.5,1467.6700439453125,80.25,233.9199981689453,78.208
2007-08-07,922.6,21.56,93.3171,72.25,670.5999755859375,1476.7099609375,80.4800033569336,234.5,78.208
2007-08-08,923.8,21.45,93.0989,72.23,674.5,1497.489990234375,80.33999633789062,240.07000732421875,78.208
2007-08-09,922.7,26.48,93.441,71.62,661.4000244140625,1453.0899658203125,80.73999786376953,241.0,78.208
2007-08-10,931.5,28.3,93.5214,71.49,670.2999877929688,1453.6400146484375,80.68000030517578,230.67999267578125,78.208
2007-08-11,,,,,,,,,78.208
2007-08-12,,,,,,,,,78.208
2007-08-13,929.1,26.57,93.6032,71.6,669.7000122070312,1452.9200439453125,81.05000305175781,233.8800048828125,78.208
2007-08-14,932.2,27.68,94.0416,72.4,668.5999755859375,1426.5400390625,81.48999786376953,230.4499969482422,78.208
2007-08-15,932.0,30.67,94.5014,73.36,668.9000244140625,1406.699951171875,81.81999969482422,,78.208
2007-08-16,945.9,30.83,94.9055,70.99,648.2999877929688,1411.27001953125,81.7300033569336,215.6699981689453,78.208
2007-08-17,950.2,29.99,94.319,71.9,656.9000244140625,1445.93994140625,81.43000030517578,208.57000732421875,78.208
2007-08-18,,,,,,,,,78.208
2007-08-19,,,,,,,,,78.208
2007-08-20,942.6,26.33,94.2138,71.12,656.7000122070312,1445.550048828125,81.4000015258789,219.72000122070312,78.208
2007-08-21,943.2,25.25,94.2676,69.49,656.7000122070312,1447.1199951171875,81.48999786376953,220.17999267578125,78.208
2007-08-22,943.8,22.89,94.0998,69.3,659.0999755859375,1464.0699462890625,81.25,223.2400054931641,78.208
2007-08-23,941.4,22.62,93.9827,69.86,658.9000244140625,1462.5,81.13999938964844,228.6000061035156,78.208
2007-08-24,941.45,20.72,93.6863,71.17,668.0,1479.3699951171875,80.66999816894531,227.17999267578125,78.208
2007-08-25,,,,,,,,,78.208
2007-08-26,,,,,,,,,78.208
2007-08-27,938.3,22.72,93.6109,71.98,666.7999877929688,1466.7900390625,80.73999786376953,228.6499938964844,78.208
2007-08-28,939.4,26.3,93.8394,71.79,664.4000244140625,1432.3599853515625,80.76000213623047,232.3800048828125,78.208
2007-08-29,941.7,23.81,93.7174,73.52,666.2999877929688,1463.760009765625,80.69999694824219,232.32000732421875,78.208
2007-08-30,940.1,25.06,93.7324,73.37,665.0,1457.6400146484375,80.79000091552734,234.22000122070312,78.208
2007-08-31,938.1,23.38,93.6674,73.98,673.0,1473.989990234375,80.79000091552734,238.27999877929688,78.208
2007-09-01,,,,,,,,,78.655
2007-09-02,,,,,,,,,78.655
2007-09-03,938.1,,93.6691,,,,,238.72000122070312,78.655
2007-09-04,938.8,22.78,93.6433,75.07,682.5,1489.4200439453125,80.87999725341797,237.91000366210935,78.655
2007-09-05,937.8,24.58,93.5453,75.74,681.7000122070312,1472.2900390625,80.62000274658203,236.6100006103516,78.655
2007-09-06,938.7,23.99,93.4468,76.34,695.5999755859375,1478.550048828125,80.47000122070312,239.6100006103516,78.655
2007-09-07,937.7,26.23,93.2939,76.7,700.7999877929688,1453.550048828125,79.95999908447266,238.9199981689453,78.655
2007-09-08,,,,,,,,,78.655
2007-09-09,,,,,,,,,78.655
2007-09-10,939.9,27.38,93.2349,77.53,703.2999877929688,1451.699951171875,79.81999969482422,232.44000244140625,78.655
2007-09-11,936.5,25.27,92.9244,78.16,712.2000122070312,1471.489990234375,79.69999694824219,234.1199951171875,78.655
2007-09-12,931.6,24.96,92.6386,79.85,711.9000244140625,1471.56005859375,79.36000061035156,229.44000244140625,78.655
2007-09-13,927.4,24.76,92.6172,80.05,709.5,1483.949951171875,79.51000213623047,233.8600006103516,78.655
2007-09-14,927.9,24.92,92.7083,79.14,709.5999755859375,1484.25,79.62000274658203,236.5399932861328,78.655
2007-09-15,,,,,,,,,78.655
2007-09-16,,,,,,,,,78.655
2007-09-17,929.4,26.48,92.823,80.55,715.7999877929688,1476.6500244140625,79.72000122070312,236.72000122070312,78.655
2007-09-18,929.8,20.35,92.6584,81.51,715.7999877929688,1519.780029296875,79.20999908447266,232.4199981689453,78.655
2007-09-19,924.8,20.03,92.1534,81.99,722.0,1529.030029296875,79.30000305175781,241.0800018310547,78.655
2007-09-20,918.7,20.45,91.4212,83.85,732.4000244140625,1518.75,78.58000183105469,242.4199981689453,78.655
2007-09-21,920.7,19.0,91.4854,83.38,731.4000244140625,1525.75,78.5999984741211,243.4499969482422,78.655
2007-09-22,,,,,,,,,78.655
2007-09-23,,,,,,,,,78.655
2007-09-24,919.1,19.37,91.4017,82.51,732.0999755859375,1517.72998046875,78.52999877929688,,78.655
2007-09-25,920.7,18.6,91.3392,81.2,731.5999755859375,1517.2099609375,78.30999755859375,,78.655
2007-09-26,920.8,17.63,91.4335,80.31,728.2999877929688,1525.4200439453125,78.48999786376953,,78.655
2007-09-27,919.9,17.0,91.3497,82.86,732.7000122070312,1531.3800048828125,78.33999633789062,247.1000061035156,78.655
2007-09-28,913.6,18.0,90.9446,81.64,742.7999877929688,1526.75,77.72000122070312,247.1999969482422,78.655
2007-09-29,,,,,,,,,78.655
2007-09-30,,,,,,,,,78.655
2007-10-01,914.5,17.84,90.8801,80.31,747.2000122070312,1547.0400390625,77.9000015258789,249.3000030517578,78.803
2007-10-02,915.7,18.49,91.12,80.0,729.7999877929688,1546.6300048828125,78.30000305175781,256.79998779296875,78.803
2007-10-03,915.5,18.8,91.1038,79.97,729.2999877929688,1539.5899658203125,78.56999969482422,,78.803
2007-10-04,916.3,18.44,91.1632,81.48,737.7999877929688,1542.8399658203125,78.4800033569336,254.9199981689453,78.803
2007-10-05,915.9,16.91,90.7393,81.2,741.2999877929688,1557.5899658203125,78.30999755859375,253.6300048828125,78.803
2007-10-06,,,,,,,,,78.803
2007-10-07,,,,,,,,,78.803
2007-10-08,915.9,17.46,90.748,78.97,732.7999877929688,1552.5799560546875,78.66999816894531,255.8699951171875,78.803
2007-10-09,918.2,16.12,90.8609,80.23,737.4000244140625,1565.1500244140625,78.52999877929688,256.19000244140625,78.803
2007-10-10,919.3,16.67,90.7154,81.3,740.4000244140625,1562.469970703125,78.37999725341797,259.7900085449219,78.803
2007-10-11,915.5,18.88,90.4901,83.05,751.2999877929688,1554.4100341796875,78.08000183105469,261.82000732421875,78.803
2007-10-12,917.6,17.73,90.5945,83.73,748.7000122070312,1561.800048828125,78.22000122070312,257.3099975585937,78.803
2007-10-13,,,,,,,,,78.803
2007-10-14,,,,,,,,,78.803
2007-10-15,916.7,19.25,90.5387,86.19,757.0999755859375,1548.7099609375,78.08999633789062,257.67999267578125,78.803
2007-10-16,917.5,20.02,90.7123,87.58,757.0,1538.530029296875,78.25,253.42999267578125,78.803
2007-10-17,917.3,18.54,90.515,87.19,757.5,1541.239990234375,78.12000274658203,250.47999572753903,78.803
2007-10-18,916.0,18.5,90.3084,89.48,764.0999755859375,1540.0799560546875,77.58999633789062,252.6000061035156,78.803
2007-10-19,915.5,22.96,90.1014,88.58,764.0,1500.6300048828125,77.41000366210938,248.3500061035156,78.803
2007-10-20,,,,,,,,,78.803
2007-10-21,,,,,,,,,78.803
2007-10-22,916.8,21.64,90.6777,87.6,755.7999877929688,1506.3299560546875,78.05999755859375,239.94000244140625,78.803
2007-10-23,918.0,20.41,90.1899,86.45,759.0,1519.5899658203125,77.58999633789062,244.8999938964844,78.803
2007-10-24,917.5,20.8,90.2262,88.3,761.5999755859375,1515.8800048828125,77.55000305175781,243.30999755859372,78.803
2007-10-25,915.0,21.17,89.9925,92.09,767.2999877929688,1514.4000244140625,77.27999877929688,248.8000030517578,78.803
2007-10-26,908.9,19.56,89.6508,91.73,783.9000244140625,1535.280029296875,77.02999877929688,255.6499938964844,78.803
2007-10-27,,,,,,,,,78.803
2007-10-28,,,,,,,,,78.803
2007-10-29,910.2,19.87,89.4118,93.45,789.0999755859375,1540.97998046875,76.83999633789062,260.3999938964844,78.803
2007-10-30,906.7,21.07,89.3252,90.33,784.2999877929688,1531.02001953125,76.7699966430664,258.8699951171875,78.803
2007-10-31,903.2,18.53,89.1389,94.16,792.0,1549.3800048828125,76.4800033569336,260.4200134277344,78.803
2007-11-01,907.0,23.21,89.1628,93.53,790.7000122070312,1508.43994140625,76.58999633789062,260.760009765625,78.803
2007-11-02,908.0,23.01,88.8924,95.81,805.7000122070312,1509.6500244140625,76.33999633789062,254.7400054931641,78.803
2007-11-03,,,,,,,,,78.803
2007-11-04,,,,,,,,,78.803
2007-11-05,907.5,24.31,88.8851,94.06,808.0999755859375,1502.1700439453125,76.43000030517578,253.91000366210935,78.803
2007-11-06,906.2,21.39,88.4938,96.65,820.7999877929688,1520.27001953125,76.04000091552734,259.239990234375,78.803
2007-11-07,905.2,26.49,88.0631,96.46,831.0,1475.6199951171875,75.41000366210938,258.739990234375,78.803
2007-11-08,907.0,26.16,88.2631,95.51,835.2000122070312,1474.77001953125,75.45999908447266,249.97000122070312,78.803
2007-11-09,910.4,28.5,88.4615,96.36,832.5,1453.699951171875,75.4000015258789,252.2100067138672,78.803
2007-11-10,,,,,,,,,78.803
2007-11-11,,,,,,,,,78.803
2007-11-12,,31.09,88.465,94.4,805.7999877929688,1439.1800537109375,75.9000015258789,243.88999938964844,78.803
2007-11-13,914.6,24.1,89.1016,91.18,797.2000122070312,1481.050048828125,75.87999725341797,244.72999572753903,78.803
2007-11-14,913.1,25.94,88.9671,94.02,813.0,1470.5799560546875,75.80999755859375,250.2100067138672,78.803
2007-11-15,919.1,28.06,89.4413,93.37,785.9000244140625,1451.1500244140625,76.06999969482422,247.38999938964844,78.803
2007-11-16,917.3,25.49,89.3182,94.81,785.7000122070312,1458.739990234375,75.83000183105469,244.1300048828125,78.803
2007-11-17,,,,,,,,,78.803
2007-11-18,,,,,,,,,78.803
2007-11-19,920.5,26.01,89.5262,95.75,776.7999877929688,1433.27001953125,75.77999877929688,239.77999877929688,78.803
2007-11-20,921.8,24.88,89.2622,99.16,790.2999877929688,1439.699951171875,75.20999908447266,236.91000366210935,78.803
2007-11-21,932.8,26.84,89.3352,98.57,797.5999755859375,1416.77001953125,75.06999969482422,228.83999633789065,78.803
2007-11-22,932.8,,89.3269,,,,,228.1000061035156,78.803
2007-11-23,930.5,25.61,89.2384,98.24,824.0,1440.699951171875,75.05000305175781,225.5399932861328,78.803
2007-11-24,,,,,,,,,78.803
2007-11-25,,,,,,,,,78.803
2007-11-26,929.0,28.91,89.145,97.66,826.0,1407.219970703125,74.86000061035156,236.00999450683597,78.803
2007-11-27,931.8,26.28,89.4082,94.39,813.7000122070312,1428.22998046875,75.0999984741211,236.3800048828125,78.803
2007-11-28,931.2,24.11,89.4195,90.71,800.0999755859375,1469.02001953125,75.08000183105469,232.8699951171875,78.803
2007-11-29,928.3,23.97,89.3681,90.98,795.2999877929688,1469.719970703125,75.58999633789062,238.67999267578125,78.803
2007-11-30,920.9,22.87,89.6212,88.6,782.2000122070312,1481.1400146484375,76.1500015258789,241.91000366210935,78.803
2007-12-01,,,,,,,,,79.101
2007-12-02,,,,,,,,,79.101
2007-12-03,923.8,23.61,89.6403,89.29,788.2999877929688,1472.4200439453125,75.93000030517578,241.6100006103516,79.101
2007-12-04,922.3,23.79,89.6672,88.31,801.2999877929688,1462.7900390625,75.69000244140625,244.0399932861328,79.101
2007-12-05,923.0,22.53,89.8751,87.45,797.5,1485.010009765625,76.41000366210938,247.02999877929688,79.101
2007-12-06,921.8,20.96,89.9268,90.25,801.2000122070312,1507.3399658203125,76.37999725341797,249.6300048828125,79.101
2007-12-07,918.9,20.85,89.74,88.23,794.4000244140625,1504.6600341796875,76.29000091552734,247.3800048828125,79.101
2007-12-08,,,,,,,,,79.101
2007-12-09,,,,,,,,,79.101
2007-12-10,923.3,20.74,89.6811,87.72,807.7000122070312,1515.9599609375,76.05999755859375,244.25,79.101
2007-12-11,923.7,23.59,89.7176,90.12,811.4000244140625,1477.6500244140625,76.22000122070312,246.8500061035156,79.101
2007-12-12,926.1,22.47,89.7349,94.41,813.5,1486.5899658203125,76.13999938964844,247.1499938964844,79.101
2007-12-13,925.25,22.56,90.1374,92.35,799.0,1488.4100341796875,76.55999755859375,245.2100067138672,79.101
2007-12-14,929.8,23.27,90.4345,91.31,793.2999877929688,1467.949951171875,77.44000244140625,241.5,79.101
2007-12-15,,,,,,,,,79.101
2007-12-16,,,,,,,,,79.101
2007-12-17,933.4,24.52,90.5363,90.69,794.7999877929688,1445.9000244140625,77.4000015258789,234.3300018310547,79.101
2007-12-18,938.35,22.64,90.5602,89.93,803.0,1454.97998046875,77.41000366210938,236.6499938964844,79.101
2007-12-19,939.2,21.68,90.6147,91.11,801.0999755859375,1453.0,77.58999633789062,,79.101
2007-12-20,943.4,20.58,90.4695,90.88,799.2000122070312,1460.1199951171875,77.79000091552734,234.3999938964844,79.101
2007-12-21,940.3,18.47,90.3672,93.19,811.5999755859375,1484.4599609375,77.72000122070312,239.6000061035156,79.101
2007-12-22,,,,,,,,,79.101
2007-12-23,,,,,,,,,79.101
2007-12-24,939.2,18.6,90.1788,94.0,812.7999877929688,1496.449951171875,77.56999969482422,245.13999938964844,79.101
2007-12-25,,,90.1786,,,,,,79.101
2007-12-26,938.7,18.66,89.9226,95.89,826.0,1497.6600341796875,77.1500015258789,243.47999572753903,79.101
2007-12-27,940.0,20.26,89.684,96.63,828.5999755859375,1476.27001953125,76.61000061035156,243.3800048828125,79.101
2007-12-28,935.6,20.74,89.4069,96.03,839.5999755859375,1478.489990234375,76.22000122070312,241.2700042724609,79.101
2007-12-29,,,,,,,,,79.101
2007-12-30,,,,,,,,,79.101
2007-12-31,935.8,22.5,89.6304,95.95,834.9000244140625,1468.3599853515625,76.69999694824219,,79.101
2008-01-01,,,89.6297,,,,,,79.472
2008-01-02,936.6,23.17,89.3514,99.64,857.0,1447.1600341796875,75.97000122070312,235.3000030517578,79.472
2008-01-03,936.2,22.49,89.231,99.17,866.4000244140625,1447.1600341796875,75.88999938964844,234.6699981689453,79.472
2008-01-04,938.1,23.94,89.2467,97.9,863.0999755859375,1411.6300048828125,75.79000091552734,235.7700042724609,79.472
2008-01-05,,,,,,,,,79.472
2008-01-06,,,,,,,,,79.472
2008-01-07,940.0,23.79,89.5718,95.08,859.5999755859375,1416.1800537109375,76.16999816894531,231.0,79.472
2008-01-08,939.0,25.43,89.3398,96.43,878.0,1390.18994140625,76.11000061035156,230.33999633789065,79.472
2008-01-09,937.1,24.12,89.6807,95.64,879.5,1409.1300048828125,76.41999816894531,232.52999877929688,79.472
2008-01-10,937.2,23.45,89.6226,93.92,891.7000122070312,1420.3299560546875,75.93000030517578,229.47000122070312,79.472
2008-01-11,937.2,23.68,89.5215,92.74,896.0999755859375,1401.02001953125,75.9800033569336,224.41000366210935,79.472
2008-01-12,,,,,,,,,79.472
2008-01-13,,,,,,,,,79.472
2008-01-14,937.0,22.9,89.2749,94.23,901.5999755859376,1416.25,75.61000061035156,222.80999755859372,79.472
2008-01-15,935.2,23.34,89.1555,91.87,901.0,1380.949951171875,75.56999969482422,220.91000366210935,79.472
2008-01-16,942.5,24.38,89.6701,90.8,880.5999755859375,1373.199951171875,76.26000213623047,215.8699951171875,79.472
2008-01-17,945.7,28.46,89.6484,90.11,879.5,1333.25,76.16999816894531,218.8300018310547,79.472
2008-01-18,945.9,27.18,89.8993,90.55,880.7999877929688,1325.18994140625,76.37999725341797,219.8699951171875,79.472
2008-01-19,,,,,,,,,79.472
2008-01-20,,,,,,,,,79.472
2008-01-21,,,89.9265,,,,,213.6000061035156,79.472
2008-01-22,946.9,31.01,89.84,89.64,889.5999755859375,1310.5,76.3499984741211,204.5500030517578,79.472
2008-01-23,953.2,29.02,89.9138,87.65,882.5,1338.5999755859375,76.4000015258789,207.22999572753903,79.472
2008-01-24,948.6,27.78,89.203,89.98,905.5,1352.0699462890625,75.69000244140625,211.1999969482422,79.472
2008-01-25,948.2,29.08,89.2184,90.37,910.5,1330.6099853515625,75.97000122070312,215.05999755859372,79.472
2008-01-26,,,,,,,,,79.472
2008-01-27,,,,,,,,,79.472
2008-01-28,948.7,27.78,88.9555,90.99,927.0999755859376,1353.9599609375,75.58000183105469,206.5200042724609,79.472
2008-01-29,941.5,27.32,88.8342,91.66,925.0999755859376,1362.300048828125,75.54000091552734,208.8000030517578,79.472
2008-01-30,945.0,27.62,88.7442,92.34,920.5999755859376,1355.81005859375,75.02999877929688,203.5,79.472
2008-01-31,943.4,26.2,88.6547,91.67,922.7000122070312,1378.550048828125,75.18000030517578,207.7700042724609,79.472
2008-02-01,944.5,24.02,88.4824,89.03,908.7000122070312,1395.4200439453125,75.44999694824219,209.0800018310547,79.771
2008-02-02,,,,,,,,,79.771
2008-02-03,,,,,,,,,79.771
2008-02-04,941.3,25.99,88.4788,90.07,904.9000244140624,1380.8199462890625,75.37000274658203,216.22999572753903,79.771
2008-02-05,943.1,28.24,89.076,88.32,885.9000244140625,1336.6400146484375,76.12000274658203,216.91000366210935,79.771
2008-02-06,941.4,28.97,88.9987,87.16,900.7000122070312,1326.449951171875,76.13999938964844,,79.771
2008-02-07,941.3,27.66,89.4221,88.07,906.0999755859376,1336.9100341796875,76.94000244140625,,79.771
2008-02-08,944.6,28.01,89.2226,91.77,918.4000244140624,1331.2900390625,76.66999816894531,,79.771
2008-02-09,,,,,,,,,79.771
2008-02-10,,,,,,,,,79.771
2008-02-11,945.0,27.6,89.2149,93.56,922.9000244140624,1339.1300048828125,76.58000183105469,208.9199981689453,79.771
2008-02-12,943.9,26.33,88.9539,92.82,907.4000244140624,1348.8599853515625,76.31999969482422,209.00999450683597,79.771
2008-02-13,945.3,24.88,89.1382,93.28,906.5,1367.2099609375,76.4000015258789,207.55999755859372,79.771
2008-02-14,944.3,25.54,88.9055,95.42,907.4000244140624,1348.8599853515625,76.1500015258789,216.1999969482422,79.771
2008-02-15,944.6,25.02,88.9006,95.57,902.7999877929688,1349.989990234375,76.0999984741211,215.3800048828125,79.771
2008-02-16,,,,,,,,,79.771
2008-02-17,,,,,,,,,79.771
2008-02-18,,,88.9004,,,,,215.4600067138672,79.771
2008-02-19,944.1,25.59,88.9626,99.99,926.5999755859376,1348.780029296875,76.0,218.3699951171875,79.771
2008-02-20,947.5,24.4,89.2572,100.86,934.5999755859376,1360.030029296875,76.12000274658203,213.83999633789065,79.771
2008-02-21,948.2,25.12,88.716,98.57,946.0999755859376,1342.530029296875,75.5999984741211,216.3800048828125,79.771
2008-02-22,948.2,24.06,88.7082,99.03,944.7000122070312,1353.1099853515625,75.5199966430664,213.72999572753903,79.771
2008-02-23,,,,,,,,,79.771
2008-02-24,,,,,,,,,79.771
2008-02-25,948.2,23.03,88.5373,99.4,937.5999755859376,1371.800048828125,75.52999877929688,217.07000732421875,79.771
2008-02-26,946.5,21.9,88.0998,100.83,946.0999755859376,1381.2900390625,74.76000213623047,217.22000122070312,79.771
2008-02-27,938.1,22.69,87.3353,99.59,958.2000122070312,1380.02001953125,74.20999908447266,218.8699951171875,79.771
2008-02-28,937.2,23.53,87.0363,102.6,964.5,1367.6800537109375,73.72000122070312,220.58999633789065,79.771
2008-02-29,942.8,26.54,87.1654,101.78,972.0999755859376,1330.6300048828125,73.70999908447266,216.8500061035156,79.771
2008-03-01,,,,,,,,,80.515
2008-03-02,,,,,,,,,80.515
2008-03-03,947.1,26.28,87.2381,102.42,981.5,1331.3399658203125,73.69999694824219,211.72999572753903,80.515
2008-03-04,947.45,25.52,87.3039,99.72,963.9000244140624,1326.75,73.66000366210938,212.13999938964844,80.515
2008-03-05,948.15,24.6,87.1347,104.45,986.2000122070312,1333.699951171875,73.4800033569336,212.13999938964844,80.515
2008-03-06,952.7,27.55,86.9105,105.51,975.0,1304.3399658203125,73.0,214.9199981689453,80.515
2008-03-07,956.8,27.49,87.1258,105.12,972.2000122070312,1293.3699951171875,73.02999877929688,210.57000732421875,80.515
2008-03-08,,,,,,,,,80.515
2008-03-09,,,,,,,,,80.515
2008-03-10,966.1,29.38,87.1452,107.9,969.9000244140624,1273.3699951171875,72.98999786376953,206.2899932861328,80.515
2008-03-11,966.4,26.36,87.1763,108.73,974.2000122070312,1320.6500244140625,73.27999877929688,208.05999755859372,80.515
2008-03-12,969.3,27.22,86.728,109.86,978.7999877929688,1308.77001953125,72.4000015258789,210.4900054931641,80.515
2008-03-13,982.1,27.29,86.3891,110.21,992.2999877929688,1315.47998046875,72.06999969482422,204.4199981689453,80.515
2008-03-14,997.1,31.16,86.4301,110.03,998.2000122070312,1288.1400146484375,71.66000366210938,202.6300048828125,80.515
2008-03-15,,,,,,,,,80.515
2008-03-16,,,,,,,,,80.515
2008-03-17,1021.45,32.24,86.3417,105.74,1001.4000244140624,1276.5999755859375,71.45999908447266,199.67999267578125,80.515
2008-03-18,1008.4,25.79,86.1191,109.57,1003.2000122070312,1330.739990234375,71.56999969482422,201.7899932861328,80.515
2008-03-19,1008.55,29.84,86.5755,103.25,944.7000122070312,1298.4200439453125,72.13999938964844,206.47999572753903,80.515
2008-03-20,1009.15,26.62,87.3293,102.57,919.5999755859376,1329.510009765625,72.75,206.6199951171875,80.515
2008-03-21,1002.0,,87.2111,,,,,209.69000244140625,80.515
2008-03-22,,,,,,,,,80.515
2008-03-23,,,,,,,,,80.515
2008-03-24,993.7,25.73,87.3103,101.7,918.2999877929688,1349.8800048828125,72.94999694824219,211.0,80.515
2008-03-25,975.8,25.72,86.8339,101.78,934.5999755859376,1352.989990234375,72.27999877929688,213.72999572753903,80.515
2008-03-26,993.1,26.08,86.5513,105.83,949.0,1341.1300048828125,71.51000213623047,214.41000366210935,80.515
2008-03-27,990.08,25.88,86.4583,107.56,948.7999877929688,1325.760009765625,71.66000366210938,213.8500061035156,80.515
2008-03-28,992.4,25.71,86.6369,105.59,930.5999755859376,1315.219970703125,71.68000030517578,217.22000122070312,80.515
2008-03-29,,,,,,,,,80.515
2008-03-30,,,,,,,,,80.515
2008-03-31,988.6,25.61,86.6881,101.54,916.2000122070312,1322.699951171875,71.80000305175781,217.6499938964844,80.515
2008-04-01,979.0,22.68,87.0276,100.92,882.9000244140625,1370.1800537109375,72.55999755859375,217.80999755859372,80.962
2008-04-02,975.7,23.43,86.8886,104.83,895.2000122070312,1367.530029296875,72.26000213623047,223.75999450683597,80.962
2008-04-03,977.2,23.21,86.6424,103.92,905.0,1369.31005859375,72.22000122070312,226.9900054931641,80.962
2008-04-04,973.5,22.45,86.5108,106.09,909.0,1370.4000244140625,72.0199966430664,226.9499969482422,80.962
2008-04-05,,,,,,,,,80.962
2008-04-06,,,,,,,,,80.962
2008-04-07,974.6,22.42,86.603,108.91,922.7000122070312,1372.5400390625,72.19999694824219,227.7899932861328,80.962
2008-04-08,975.7,22.36,86.7369,108.54,914.0,1365.5400390625,72.2300033569336,225.1000061035156,80.962
2008-04-09,975.7,22.81,86.5764,110.89,933.5999755859376,1354.489990234375,71.83000183105469,,80.962
2008-04-10,975.0,21.98,86.5131,110.07,928.2999877929688,1360.550048828125,72.12000274658203,226.44000244140625,80.962
2008-04-11,975.8,23.46,86.5029,110.14,923.5999755859376,1332.8299560546875,71.80999755859375,228.8000030517578,80.962
2008-04-12,,,,,,,,,80.962
2008-04-13,,,,,,,,,80.962
2008-04-14,979.3,23.82,86.3492,111.71,925.4000244140624,1328.3199462890625,71.87999725341797,224.5399932861328,80.962
2008-04-15,991.3,22.78,86.4705,113.77,928.7000122070312,1334.4300537109375,72.0199966430664,223.50999450683597,80.962
2008-04-16,989.1,20.53,85.9037,114.8,945.0999755859376,1364.7099609375,71.41000366210938,225.3600006103516,80.962
2008-04-17,991.6,20.37,86.1077,114.8,939.7999877929688,1365.56005859375,71.68000030517578,226.97999572753903,80.962
2008-04-18,1000.0,20.13,86.5277,116.56,912.2000122070312,1390.3299560546875,72.01000213623047,227.25,80.962
2008-04-19,,,,,,,,,80.962
2008-04-20,,,,,,,,,80.962
2008-04-21,997.5,20.5,86.2979,117.48,914.7000122070312,1388.1700439453125,71.6500015258789,231.1100006103516,80.962
2008-04-22,996.8,20.87,85.927,119.17,922.2999877929688,1375.93994140625,71.33000183105469,229.22000122070312,80.962
2008-04-23,990.7,20.26,86.3841,119.28,906.2000122070312,1379.9300537109375,71.81999969482422,230.55999755859372,80.962
2008-04-24,995.65,20.06,86.7154,117.1,886.7999877929688,1388.8199462890625,72.54000091552734,230.7700042724609,80.962
2008-04-25,994.0,19.59,86.8337,119.64,887.2000122070312,1397.8399658203125,72.79000091552734,234.55999755859372,80.962
2008-04-26,,,,,,,,,80.962
2008-04-27,,,,,,,,,80.962
2008-04-28,996.3,19.64,86.7635,118.78,892.9000244140625,1396.3699951171875,72.79000091552734,234.97000122070312,80.962
2008-04-29,1001.55,20.24,86.873,115.67,874.2000122070312,1390.93994140625,72.88999938964844,233.2400054931641,80.962
2008-04-30,1005.0,20.79,86.8907,113.7,862.7999877929688,1385.5899658203125,72.51000213623047,235.0,80.962
2008-05-01,1004.0,18.88,87.1347,112.6,848.9000244140625,1409.3399658203125,73.27999877929688,,81.63
2008-05-02,1009.0,18.18,87.2311,116.36,856.0999755859375,1413.9000244140625,73.5,238.17999267578125,81.63
2008-05-03,,,,,,,,,81.63
2008-05-04,,,,,,,,,81.63
2008-05-05,1007.8,18.9,87.0636,119.94,872.2999877929688,1407.489990234375,73.19000244140625,,81.63
2008-05-06,1015.0,18.21,86.847,121.82,876.0,1418.260009765625,73.0,239.52999877929688,81.63
2008-05-07,1030.0,19.73,87.3421,123.56,869.5999755859375,1392.5699462890625,73.51000213623047,238.66000366210935,81.63
2008-05-08,1040.5,19.4,87.4575,123.77,880.5999755859375,1397.6800537109375,73.4800033569336,237.3699951171875,81.63
2008-05-09,1044.0,19.41,87.2528,125.94,884.5,1388.280029296875,73.05000305175781,233.97999572753903,81.63
2008-05-10,,,,,,,,,81.63
2008-05-11,,,,,,,,,81.63
2008-05-12,1043.0,17.79,87.0403,124.02,883.7000122070312,1403.5799560546875,72.94999694824219,,81.63
2008-05-13,1047.0,17.98,87.1332,125.83,868.5,1403.0400390625,73.2699966430664,237.0200042724609,81.63
2008-05-14,1047.0,17.66,87.3659,124.21,865.4000244140625,1408.6600341796875,73.4000015258789,237.0399932861328,81.63
2008-05-15,1043.0,16.3,87.1823,124.25,879.0,1423.5699462890625,73.3499984741211,243.1100006103516,81.63
2008-05-16,1037.0,16.47,86.7855,126.5,899.0,1425.3499755859375,72.83999633789062,243.5399932861328,81.63
2008-05-17,,,,,,,,,81.63
2008-05-18,,,,,,,,,81.63
2008-05-19,1041.0,17.01,86.8225,127.15,905.0,1426.6300048828125,73.04000091552734,242.6699981689453,81.63
2008-05-20,1047.0,17.58,86.5627,128.93,919.5,1413.4000244140625,72.4000015258789,240.6199951171875,81.63
2008-05-21,1039.0,18.59,86.1595,132.99,928.0,1390.7099609375,71.94000244140625,237.1499938964844,81.63
2008-05-22,1044.0,18.05,86.3223,130.04,917.9000244140624,1394.3499755859375,72.27999877929688,235.30999755859372,81.63
2008-05-23,1045.5,19.55,86.1922,131.58,925.5999755859376,1375.9300537109375,71.88999938964844,234.13999938964844,81.63
2008-05-24,,,,,,,,,81.63
2008-05-25,,,,,,,,,81.63
2008-05-26,,,86.19,,,,,230.42999267578125,81.63
2008-05-27,1041.0,19.64,86.4459,128.81,907.7000122070312,1385.3499755859375,72.33999633789062,233.97000122070312,81.63
2008-05-28,1033.5,19.07,86.4951,131.0,900.5,1390.8399658203125,72.55000305175781,231.1699981689453,81.63
2008-05-29,1030.0,18.14,86.5616,126.7,877.2000122070312,1398.260009765625,73.0199966430664,236.38999938964844,81.63
2008-05-30,1028.5,17.83,86.5504,127.35,887.2999877929688,1400.3800048828125,72.87999725341797,237.4600067138672,81.63
2008-05-31,,,,,,,,,81.63
2008-06-01,,,,,,,,,82.151
2008-06-02,1022.3,19.83,86.6321,127.75,892.9000244140625,1385.6700439453125,72.93000030517578,236.77999877929688,82.151
2008-06-03,1016.8,20.24,86.8359,124.33,881.5999755859375,1377.6500244140625,73.23999786376953,233.13999938964844,82.151
2008-06-04,1019.0,20.8,87.0999,122.3,879.9000244140625,1377.199951171875,73.41999816894531,235.08999633789065,82.151
2008-06-05,1023.0,18.63,87.0968,127.93,871.7999877929688,1404.050048828125,73.04000091552734,234.75999450683597,82.151
2008-06-06,1030.5,23.56,86.8028,138.51,895.4000244140625,1360.6800537109375,72.38999938964844,,82.151
2008-06-07,,,,,,,,,82.151
2008-06-08,,,,,,,,,82.151
2008-06-09,1032.0,23.12,86.9096,134.44,894.7000122070312,1361.760009765625,72.8499984741211,231.3500061035156,82.151
2008-06-10,1027.5,23.18,87.4705,131.38,867.9000244140625,1358.43994140625,73.69999694824219,226.55999755859372,82.151
2008-06-11,1030.3,24.12,87.2059,136.43,879.7000122070312,1335.489990234375,73.20999908447266,227.4199981689453,82.151
2008-06-12,1033.3,23.33,87.6187,136.91,869.2000122070312,1339.8699951171875,73.86000061035156,221.1699981689453,82.151
2008-06-13,1044.0,21.22,87.7622,134.84,870.2999877929688,1360.030029296875,74.1500015258789,222.7899932861328,82.151
2008-06-14,,,,,,,,,82.151
2008-06-15,,,,,,,,,82.151
2008-06-16,1038.5,20.95,87.3911,134.52,883.5999755859375,1360.1400146484375,73.61000061035156,224.91000366210935,82.151
2008-06-17,1021.8,21.13,87.2103,133.99,884.2999877929688,1350.9300537109375,73.51000213623047,223.66000366210935,82.151
2008-06-18,1029.25,22.24,87.1872,136.54,890.9000244140625,1337.81005859375,73.44000244140625,226.6000061035156,82.151
2008-06-19,1028.0,21.58,87.0815,131.88,901.7000122070312,1342.8299560546875,73.4800033569336,222.02999877929688,82.151
2008-06-20,1031.5,22.87,86.9036,134.78,901.2999877929688,1317.9300537109375,73.02999877929688,220.57000732421875,82.151
2008-06-21,,,,,,,,,82.151
2008-06-22,,,,,,,,,82.151
2008-06-23,1036.8,22.64,87.2163,135.98,884.7999877929688,1318.0,73.43000030517578,218.50999450683597,82.151
2008-06-24,1032.5,22.42,86.9666,136.49,889.2000122070312,1314.2900390625,73.23999786376953,217.97000122070312,82.151
2008-06-25,1034.3,21.14,87.0535,133.92,880.0,1321.969970703125,72.93000030517578,218.9499969482422,82.151
2008-06-26,1041.3,23.93,86.6793,138.91,913.0999755859376,1283.1500244140625,72.48999786376953,219.1199951171875,82.151
2008-06-27,1041.75,23.44,86.643,139.69,929.2999877929688,1278.3800048828125,72.36000061035156,214.58999633789065,82.151
2008-06-28,,,,,,,,,82.151
2008-06-29,,,,,,,,,82.151
2008-06-30,1046.8,23.95,86.7621,139.96,926.2000122070312,1280.0,72.45999908447266,213.5200042724609,82.151
2008-07-01,1050.5,23.65,86.8447,141.06,942.5,1284.9100341796875,72.37000274658203,213.0200042724609,82.747
2008-07-02,1036.5,25.92,86.4782,143.74,944.7999877929688,1261.52001953125,72.02999877929688,207.9600067138672,82.747
2008-07-03,1044.5,24.79,86.8843,145.31,931.9000244140624,1262.9000244140625,72.73999786376953,205.7100067138672,82.747
2008-07-04,,,86.8781,,,,,201.7400054931641,82.747
2008-07-05,,,,,,,,,82.747
2008-07-06,,,,,,,,,82.747
2008-07-07,1044.5,25.78,86.9617,141.38,927.2999877929688,1252.31005859375,72.66999816894531,202.33999633789065,82.747
2008-07-08,1026.25,23.15,86.9778,136.06,921.9000244140624,1273.699951171875,73.01000213623047,196.5200042724609,82.747
2008-07-09,1000.0,25.23,86.5335,135.88,927.2999877929688,1244.68994140625,72.58000183105469,194.6100006103516,82.747
2008-07-10,998.2,25.59,86.5122,141.47,940.9000244140624,1253.3900146484375,72.48999786376953,196.33999633789065,82.747
2008-07-11,1000.3,27.49,86.221,144.96,959.5,1239.489990234375,72.0999984741211,200.1199951171875,82.747
2008-07-12,,,,,,,,,82.747
2008-07-13,,,,,,,,,82.747
2008-07-14,1003.8,28.48,86.1079,145.16,972.7000122070312,1228.300048828125,71.91999816894531,199.1199951171875,82.747
2008-07-15,1006.3,28.54,85.8731,138.68,977.7000122070312,1214.9100341796875,71.87000274658203,193.00999450683597,82.747
2008-07-16,1006.75,25.1,85.9285,134.63,961.7999877929688,1245.3599853515625,72.05999755859375,192.47999572753903,82.747
2008-07-17,1011.0,25.01,85.9387,129.43,970.0,1260.3199462890625,72.23999786376953,194.88999938964844,82.747
2008-07-18,1013.0,24.05,86.0735,128.94,957.2999877929688,1260.6800537109375,72.19000244140625,192.8600006103516,82.747
2008-07-19,,,,,,,,,82.747
2008-07-20,,,,,,,,,82.747
2008-07-21,1017.0,23.05,86.0151,131.43,963.0999755859376,1260.0,71.98999786376953,200.0,82.747
2008-07-22,1014.0,21.18,86.1909,127.25,948.0,1277.0,72.44999694824219,199.7700042724609,82.747
2008-07-23,1009.0,21.31,86.2664,123.73,922.4000244140624,1282.18994140625,72.80999755859375,203.63999938964844,82.747
2008-07-24,1006.8,23.44,86.4017,124.62,922.0,1252.5400390625,72.93000030517578,208.33999633789065,82.747
2008-07-25,1007.0,22.91,86.3916,122.59,926.5999755859376,1257.760009765625,72.86000061035156,204.2700042724609,82.747
2008-07-26,,,,,,,,,82.747
2008-07-27,,,,,,,,,82.747
2008-07-28,1006.0,24.23,86.4666,124.72,927.5999755859376,1234.3699951171875,72.6500015258789,203.97000122070312,82.747
2008-07-29,1006.0,22.03,86.8175,122.21,916.4000244140624,1263.199951171875,73.30999755859375,199.8999938964844,82.747
2008-07-30,1012.3,21.21,86.8167,126.74,902.9000244140624,1284.260009765625,73.31999969482422,201.82000732421875,82.747
2008-07-31,1011.5,22.94,86.8567,124.17,913.9000244140624,1267.3800048828125,73.2300033569336,204.1199951171875,82.747
2008-08-01,1015.75,22.57,86.8257,125.03,909.0,1260.31005859375,73.41999816894531,201.42999267578125,82.598
2008-08-02,,,,,,,,,82.598
2008-08-03,,,,,,,,,82.598
2008-08-04,1016.75,23.49,87.0611,121.45,900.0999755859375,1249.010009765625,73.45999908447266,197.55999755859372,82.598
2008-08-05,1017.0,21.14,87.3281,118.71,878.5999755859375,1284.8800048828125,73.87999725341797,196.44000244140625,82.598
2008-08-06,1015.5,20.23,87.6004,118.57,875.5999755859375,1289.18994140625,74.23999786376953,202.27999877929688,82.598
2008-08-07,1016.0,21.15,87.8732,119.84,870.7000122070312,1266.0699462890625,74.55000305175781,200.30999755859372,82.598
2008-08-08,1028.0,20.66,88.8939,115.42,857.7999877929688,1296.3199462890625,75.8499984741211,200.75999450683597,82.598
2008-08-09,,,,,,,,,82.598
2008-08-10,,,,,,,,,82.598
2008-08-11,1030.0,20.12,89.035,114.44,821.5,1305.3199462890625,76.12999725341797,202.4199981689453,82.598
2008-08-12,1034.2,21.17,89.1916,113.1,808.2000122070312,1289.5899658203125,76.1500015258789,202.1199951171875,82.598
2008-08-13,1039.5,21.55,89.3211,115.96,825.0,1285.8299560546875,76.20999908447266,200.25999450683597,82.598
2008-08-14,1039.5,20.34,89.3675,115.05,808.2000122070312,1292.9300537109375,76.66999816894531,201.5,82.598
2008-08-15,1039.3,19.58,89.7244,113.46,786.0,1298.199951171875,77.18000030517578,,82.598
2008-08-16,,,,,,,,,82.598
2008-08-17,,,,,,,,,82.598
2008-08-18,1042.8,20.98,89.5966,112.92,799.7000122070312,1278.5999755859375,77.12000274658203,200.97000122070312,82.598
2008-08-19,1051.3,21.28,89.6465,114.39,811.0999755859375,1266.68994140625,76.83999633789062,197.55999755859372,82.598
2008-08-20,1047.3,20.42,89.6977,115.48,810.2999877929688,1274.5400390625,76.95999908447266,197.3500061035156,82.598
2008-08-21,1053.6,19.82,88.9128,121.23,833.0,1277.719970703125,76.19999694824219,193.8500061035156,82.598
2008-08-22,1062.3,18.81,89.2381,114.48,827.4000244140625,1292.199951171875,76.80999755859375,192.0399932861328,82.598
2008-08-23,,,,,,,,,82.598
2008-08-24,,,,,,,,,82.598
2008-08-25,1077.8,20.97,89.3094,114.85,819.7999877929688,1266.8399658203125,76.79000091552734,192.9900054931641,82.598
2008-08-26,1087.5,20.49,89.7007,116.31,822.2000122070312,1271.510009765625,77.25,191.3600006103516,82.598
2008-08-27,1084.0,19.76,89.6419,118.17,828.0999755859375,1281.6600341796875,77.05000305175781,191.6000061035156,82.598
2008-08-28,1081.3,19.43,89.8225,115.58,830.9000244140625,1300.6800537109375,77.1500015258789,188.75,82.598
2008-08-29,1089.0,20.65,90.0567,115.55,829.2999877929688,1282.8299560546875,77.37999725341797,188.9600067138672,82.598
2008-08-30,,,,,,,,,82.598
2008-08-31,,,,,,,,,82.598
2008-09-01,,,90.08,,,,,182.1300048828125,82.673
2008-09-02,1134.45,21.99,90.8438,109.63,805.0,1277.5799560546875,78.05999755859375,182.41000366210935,82.673
2008-09-03,1147.9,21.43,90.8286,109.38,802.7000122070312,1274.97998046875,78.08999633789062,184.3600006103516,82.673
2008-09-04,1130.3,24.03,91.1621,107.99,797.9000244140625,1236.8299560546875,78.61000061035156,183.57000732421875,82.673
2008-09-05,1117.8,23.06,91.341,106.47,797.5999755859375,1242.31005859375,78.93000030517578,180.4900054931641,82.673
2008-09-06,,,,,,,,,82.673
2008-09-07,,,,,,,,,82.673
2008-09-08,1081.2,22.64,91.663,106.35,797.5,1267.7900390625,79.58999633789062,189.97000122070312,82.673
2008-09-09,1099.5,25.47,91.5779,103.23,787.0999755859375,1224.510009765625,79.25,186.9900054931641,82.673
2008-09-10,1091.3,24.52,92.1283,102.66,757.9000244140625,1232.0400390625,79.8499984741211,188.5,82.673
2008-09-11,1110.0,24.39,92.4901,100.95,741.2999877929688,1249.050048828125,80.1500015258789,185.2700042724609,82.673
2008-09-12,1106.5,25.66,91.4706,101.19,760.2999877929688,1251.699951171875,78.97000122070312,189.8999938964844,82.673
2008-09-13,,,,,,,,,82.673
2008-09-14,,,,,,,,,82.673
2008-09-15,1117.85,31.7,91.757,95.52,783.0999755859375,1192.699951171875,78.91000366210938,,82.673
2008-09-16,1159.75,30.3,92.0594,91.49,776.5,1213.5999755859375,79.06999969482422,179.0,82.673
2008-09-17,1115.5,36.22,92.0982,97.39,846.5999755859375,1156.3900146484375,78.0999984741211,183.5399932861328,82.673
2008-09-18,1152.4,33.1,91.7111,97.5,892.7000122070312,1206.510009765625,78.0199966430664,179.25,82.673
2008-09-19,1139.5,32.07,91.0014,104.05,860.5999755859375,1255.0799560546875,77.68000030517578,188.30999755859372,82.673
2008-09-20,,,,,,,,,82.673
2008-09-21,,,,,,,,,82.673
2008-09-22,1127.3,33.85,90.1119,122.61,903.9000244140624,1207.0899658203125,76.1500015258789,189.16000366210935,82.673
2008-09-23,1146.5,35.72,90.1221,107.85,885.5,1188.219970703125,76.47000122070312,191.5800018310547,82.673
2008-09-24,1153.5,35.19,90.4602,106.84,889.0,1185.8699951171875,76.79000091552734,193.17999267578125,82.673
2008-09-25,1148.8,32.82,90.4651,111.54,877.7000122070312,1209.1800537109375,76.98999786376953,193.8699951171875,82.673
2008-09-26,1160.1,34.74,90.6872,106.77,882.9000244140625,1213.27001953125,76.94999694824219,190.6000061035156,82.673
2008-09-27,,,,,,,,,82.673
2008-09-28,,,,,,,,,82.673
2008-09-29,1185.75,46.72,91.3961,96.29,888.2000122070312,1106.4200439453125,77.47000122070312,188.1000061035156,82.673
2008-09-30,1206.3,39.39,92.3773,100.7,874.2000122070312,1166.3599853515625,79.44999694824219,186.6199951171875,82.673
2008-10-01,1194.85,39.81,92.511,98.23,880.7000122070312,1161.06005859375,79.45999908447266,185.5200042724609,82.598
2008-10-02,1222.9,45.26,93.3792,93.84,839.0,1114.280029296875,80.44000244140625,182.6999969482422,82.598
2008-10-03,1220.9,45.14,93.5414,93.91,828.9000244140625,1099.22998046875,80.30999755859375,,82.598
2008-10-04,,,,,,,,,82.598
2008-10-05,,,,,,,,,82.598
2008-10-06,1267.4,52.05,95.1629,88.15,862.7000122070312,1056.8900146484375,81.68000030517578,175.02999877929688,82.598
2008-10-07,1328.4,53.68,95.4889,90.18,878.4000244140625,996.22998046875,80.97000122070312,176.4600067138672,82.598
2008-10-08,1415.25,57.53,96.9684,88.94,903.0999755859376,984.9400024414062,80.91000366210938,167.16000366210938,82.598
2008-10-09,1381.4,63.92,96.5143,86.5,883.0999755859375,909.9199829101562,81.16000366210938,168.86000061035156,82.598
2008-10-10,1306.4,69.95,97.999,77.44,855.4000244140625,899.219970703125,83.0,162.0500030517578,82.598
2008-10-11,,,,,,,,,82.598
2008-10-12,,,,,,,,,82.598
2008-10-13,,54.99,97.9686,81.17,838.9000244140625,1003.3499755859376,81.87999725341797,167.91000366210938,82.598
2008-10-14,1207.25,55.13,96.2544,78.69,836.2999877929688,998.010009765625,81.36000061035156,178.14999389648438,82.598
2008-10-15,1237.5,69.25,97.2045,74.38,835.5,907.8400268554688,82.05000305175781,174.27999877929688,82.598
2008-10-16,1369.5,67.61,98.368,69.81,801.5,946.4299926757812,82.45999908447266,157.6300048828125,82.598
2008-10-17,1333.3,70.33,97.7255,71.9,785.0999755859375,940.5499877929688,82.41000366210938,153.05999755859375,82.598
2008-10-18,,,,,,,,,82.598
2008-10-19,,,,,,,,,82.598
2008-10-20,1315.0,52.97,98.1605,74.08,787.5999755859375,985.4000244140624,83.0999984741211,157.50999450683594,82.598
2008-10-21,1320.1,53.11,99.4242,71.29,766.0999755859375,955.0499877929688,83.98999786376953,155.8000030517578,82.598
2008-10-22,1418.5,69.65,101.2131,66.92,733.2999877929688,896.780029296875,85.37000274658203,148.1300048828125,82.598
2008-10-23,1408.7,67.8,101.1071,67.17,713.2999877929688,908.1099853515624,85.36000061035156,137.47000122070312,82.598
2008-10-24,1430.8,79.13,101.8442,63.34,729.0999755859375,876.77001953125,86.44000244140625,123.2699966430664,82.598
2008-10-25,,,,,,,,,82.598
2008-10-26,,,,,,,,,82.598
2008-10-27,1441.7,80.06,102.3415,61.92,741.7000122070312,848.9199829101562,86.93000030517578,125.93000030517578,82.598
2008-10-28,1467.7,66.96,102.4236,62.8,739.2999877929688,940.510009765625,87.02999877929688,132.4199981689453,82.598
2008-10-29,1426.9,69.96,100.0967,67.45,752.7999877929688,930.0900268554688,85.06999969482422,128.67999267578125,82.598
2008-10-30,1250.18,62.9,99.4568,65.79,737.2000122070312,954.0900268554688,84.55999755859375,144.4199981689453,82.598
2008-10-31,1277.5,59.89,99.7662,68.1,716.7999877929688,968.75,85.62999725341797,147.5,82.598
2008-11-01,,,,,,,,,82.375
2008-11-02,,,,,,,,,82.375
2008-11-03,1262.0,53.68,99.4345,63.93,725.4000244140625,966.2999877929688,86.3499984741211,148.80999755859375,82.375
2008-11-04,1287.9,47.73,97.9957,70.41,756.0,1005.75,84.77999877929688,151.6300048828125,82.375
2008-11-05,1266.3,54.56,98.0953,65.41,741.2999877929688,952.77001953125,84.61000061035156,154.92999267578125,82.375
2008-11-06,1330.8,63.68,99.5364,60.72,731.2000122070312,904.8800048828124,85.88999938964844,143.3699951171875,82.375
2008-11-07,1310.0,56.1,99.3944,61.06,733.2000122070312,930.989990234375,85.91000366210938,148.44000244140625,82.375
2008-11-08,,,,,,,,,82.375
2008-11-09,,,,,,,,,82.375
2008-11-10,1326.18,59.98,99.5897,62.19,745.5999755859375,919.2100219726562,85.91000366210938,150.83999633789062,82.375
2008-11-11,,61.44,99.6041,59.38,732.0,898.9500122070312,87.06999969482422,147.6699981689453,82.375
2008-11-12,1354.5,66.46,101.1947,55.95,717.7000122070312,852.2999877929688,87.47000122070312,147.27000427246094,82.375
2008-11-13,1392.5,59.83,101.774,58.31,704.9000244140625,911.2899780273438,86.94000244140625,142.6999969482422,82.375
2008-11-14,1399.3,66.31,100.9705,57.18,742.4000244140625,873.2899780273438,86.36000061035156,142.25999450683594,82.375
2008-11-15,,,,,,,,,82.375
2008-11-16,,,,,,,,,82.375
2008-11-17,1410.0,69.15,101.1029,55.14,741.9000244140625,850.75,86.80999755859375,140.57000732421875,82.375
2008-11-18,1447.4,67.64,101.3965,54.42,732.5999755859375,859.1199951171875,87.37000274658203,134.8800048828125,82.375
2008-11-19,1445.9,74.26,101.8804,53.64,735.9000244140625,806.5800170898438,87.30999755859375,132.3300018310547,82.375
2008-11-20,1496.0,80.86,103.2737,48.86,748.5999755859375,752.4400024414062,87.97000122070312,123.54000091552734,82.375
2008-11-21,1493.3,72.67,103.6289,49.22,791.7000122070312,800.030029296875,88.19000244140625,130.75999450683594,82.375
2008-11-22,,,,,,,,,82.375
2008-11-23,,,,,,,,,82.375
2008-11-24,1507.9,64.7,101.502,53.63,819.4000244140625,851.8099975585938,86.08000183105469,126.0199966430664,82.375
2008-11-25,1501.4,60.9,100.7997,50.02,818.4000244140625,857.3900146484375,85.0,128.00999450683594,82.375
2008-11-26,1477.3,54.92,101.2566,54.2,808.5,887.6799926757812,85.66999816894531,134.5,82.375
2008-11-27,,,101.2564,,,,,139.1699981689453,82.375
2008-11-28,1468.0,55.84,101.6468,55.21,816.2000122070312,896.239990234375,86.5199966430664,140.66000366210938,82.375
2008-11-29,,,,,,,,,82.375
2008-11-30,,,,,,,,,82.375
2008-12-01,1439.4,68.51,102.1744,49.34,774.5999755859375,816.2100219726562,86.72000122070312,138.3300018310547,82.375
2008-12-02,1463.5,62.98,101.9891,47.05,781.2999877929688,848.8099975585938,86.69999694824219,133.6999969482422,82.375
2008-12-03,1467.8,60.72,102.4251,46.79,768.7999877929688,870.739990234375,87.02999877929688,133.6199951171875,82.375
2008-12-04,1479.0,63.64,102.0715,43.8,763.7999877929688,845.219970703125,86.44000244140625,131.42999267578125,82.375
2008-12-05,1475.6,59.93,103.4902,41.01,750.5,876.0700073242188,87.12000274658203,134.3300018310547,82.375
2008-12-06,,,,,,,,,82.375
2008-12-07,,,,,,,,,82.375
2008-12-08,1445.0,58.49,101.7227,43.69,767.4000244140625,909.7000122070312,85.55999755859375,144.88999938964844,82.375
2008-12-09,1439.0,58.91,101.7346,42.0,772.4000244140625,888.6699829101562,85.83999633789062,145.1999969482422,82.375
2008-12-10,1393.0,55.73,101.2913,43.1,807.0999755859375,899.239990234375,85.4800033569336,150.72999572753906,82.375
2008-12-11,1354.5,55.78,99.5101,47.77,824.9000244140625,873.5900268554688,83.83000183105469,151.92999267578125,82.375
2008-12-12,1369.0,54.28,100.319,46.27,818.9000244140625,879.72998046875,83.63999938964844,144.3800048828125,82.375
2008-12-13,,,,,,,,,82.375
2008-12-14,,,,,,,,,82.375
2008-12-15,1360.9,56.76,99.1001,44.61,835.4000244140625,868.5700073242188,82.2699966430664,151.42999267578125,82.375
2008-12-16,1347.4,52.37,98.4771,43.84,841.7000122070312,913.1799926757812,80.68000030517578,151.35000610351562,82.375
2008-12-17,1324.0,49.84,96.8227,40.17,867.5,904.4199829101562,78.91000366210938,152.6199951171875,82.375
2008-12-18,1285.0,47.34,96.8447,36.73,859.5999755859375,885.280029296875,79.47000122070312,153.24000549316406,82.375
2008-12-19,1287.9,44.93,98.1278,33.17,836.4000244140625,887.8800048828125,81.30000305175781,154.10000610351562,82.375
2008-12-20,,,,,,,,,82.375
2008-12-21,,,,,,,,,82.375
2008-12-22,1308.0,44.56,98.1643,31.1,846.2000122070312,871.6300048828125,81.08999633789062,153.97999572753906,82.375
2008-12-23,1331.0,45.02,98.2698,30.28,837.2000122070312,863.1599731445312,81.23999786376953,148.92999267578125,82.375
2008-12-24,1304.3,44.21,98.2249,32.94,847.0999755859375,868.1500244140625,81.20999908447266,147.02000427246094,82.375
2008-12-25,,,98.2419,,,,,,82.375
2008-12-26,1298.9,43.38,98.2594,37.58,870.4000244140625,872.7999877929688,80.88999938964844,145.80999755859375,82.375
2008-12-27,,,,,,,,,82.375
2008-12-28,,,,,,,,,82.375
2008-12-29,1262.0,43.9,97.9359,39.89,874.5999755859375,869.4199829101562,80.68000030517578,145.72000122070312,82.375
2008-12-30,1257.4,41.63,98.3833,38.95,869.2999877929688,890.6400146484375,80.9000015258789,146.35000610351562,82.375
2008-12-31,1262.0,40.0,98.6518,44.6,883.5999755859375,903.25,81.30999755859375,,82.375
2009-01-01,,,,,,,,,82.45
2009-01-02,1318.3,39.19,98.6008,46.17,878.7999877929688,931.7999877929688,81.83999633789062,151.14999389648438,82.45
2009-01-03,,,,,,,,,82.45
2009-01-04,,,,,,,,,82.45
2009-01-05,1313.5,39.08,98.9195,48.61,857.2000122070312,927.4500122070312,82.63999938964844,153.8300018310547,82.45
2009-01-06,1307.0,38.56,98.7871,48.56,865.4000244140625,934.7000122070312,82.8499984741211,156.7899932861328,82.45
2009-01-07,1292.3,43.39,98.089,42.75,841.0999755859375,906.6500244140624,82.27999877929688,161.36000061035156,82.45
2009-01-08,1328.25,42.56,98.3223,41.68,853.9000244140625,909.72998046875,81.54000091552734,157.75999450683594,82.45
2009-01-09,1347.5,42.82,98.8752,40.69,854.2999877929688,890.3499755859375,82.66000366210938,154.1699981689453,82.45
2009-01-10,,,,,,,,,82.45
2009-01-11,,,,,,,,,82.45
2009-01-12,1349.0,45.84,99.6022,37.65,820.2999877929688,870.260009765625,83.0199966430664,151.00999450683594,82.45
2009-01-13,1353.0,43.27,100.3597,37.77,820.0999755859375,871.7899780273438,84.2699966430664,152.4499969482422,82.45
2009-01-14,1353.0,49.14,100.7546,37.43,808.2000122070312,842.6199951171875,84.41999816894531,154.5,82.45
2009-01-15,1391.5,51.0,101.4653,35.41,806.7000122070312,843.739990234375,84.44000244140625,145.0500030517578,82.45
2009-01-16,1351.5,46.11,100.711,35.38,839.2999877929688,850.1199951171875,84.20999908447266,148.02999877929688,82.45
2009-01-17,,,,,,,,,82.45
2009-01-18,,,,,,,,,82.45
2009-01-19,,,,,,,,150.02000427246094,82.45
2009-01-20,1351.5,56.65,,38.57,854.5999755859375,805.219970703125,86.22000122070312,146.5500030517578,82.45
2009-01-21,1368.0,46.42,102.1007,42.56,849.5999755859375,840.239990234375,85.81999969482422,143.2899932861328,82.45
2009-01-22,1374.0,47.29,101.8432,42.33,858.2000122070312,827.5,85.5199966430664,145.11000061035156,82.45
2009-01-23,1390.8,47.27,102.1096,45.12,895.2999877929688,831.9500122070312,85.61000061035156,141.75,82.45
2009-01-24,,,,,,,,,82.45
2009-01-25,,,,,,,,,82.45
2009-01-26,1390.8,45.69,100.9764,46.5,908.5,836.5700073242188,84.7300033569336,,82.45
2009-01-27,1390.0,42.25,101.1702,41.67,899.2000122070312,845.7100219726562,84.43000030517578,,82.45
2009-01-28,1369.0,39.66,100.5461,42.04,888.0999755859375,874.0900268554688,84.66999816894531,151.0399932861328,82.45
2009-01-29,1369.0,42.63,101.3398,41.58,905.0999755859376,845.1400146484375,85.27999877929688,152.2899932861328,82.45
2009-01-30,1380.0,44.84,102.1169,41.73,927.2999877929688,825.8800048828125,86.0,151.3300018310547,82.45
2009-01-31,,,,,,,,,82.45
2009-02-01,,,,,,,,,83.045
2009-02-02,1390.0,45.52,102.5067,41.35,906.7000122070312,825.4400024414062,86.06999969482422,149.0,83.045
2009-02-03,1394.5,43.06,101.8506,40.87,892.0,838.510009765625,85.05000305175781,151.4199981689453,83.045
2009-02-04,1378.4,43.85,101.9056,40.27,901.5999755859376,832.22998046875,85.69999694824219,155.99000549316406,83.045
2009-02-05,1384.2,43.73,101.9517,41.15,913.5999755859376,845.8499755859375,86.05999755859375,154.0,83.045
2009-02-06,1368.7,43.37,101.7455,40.24,913.9000244140624,868.5999755859375,85.3499984741211,158.89999389648438,83.045
2009-02-07,,,,,,,,,83.045
2009-02-08,,,,,,,,,83.045
2009-02-09,1374.0,43.64,100.9637,39.58,892.4000244140625,869.8900146484375,84.79000091552734,157.6999969482422,83.045
2009-02-10,1388.0,46.67,101.7094,37.54,913.7000122070312,827.1599731445312,85.80999755859375,156.83999633789062,83.045
2009-02-11,1390.0,44.53,102.24,35.93,943.7999877929688,833.739990234375,85.77999877929688,155.25999450683594,83.045
2009-02-12,1394.0,41.25,102.598,34.03,948.5,835.1900024414062,86.55000305175781,153.66000366210938,83.045
2009-02-13,1403.5,42.93,102.2958,37.63,941.5,826.8400268554688,86.04000091552734,155.19000244140625,83.045
2009-02-14,,,,,,,,,83.045
2009-02-15,,,,,,,,,83.045
2009-02-16,,,,,,,,152.66000366210938,83.045
2009-02-17,1454.8,48.66,103.7625,34.96,967.0,789.1699829101562,87.58000183105469,146.60000610351562,83.045
2009-02-18,1459.0,48.46,104.0385,34.67,977.7000122070312,788.4199829101562,88.01000213623047,144.2100067138672,83.045
2009-02-19,1480.7,47.08,103.7656,39.6,976.0999755859376,778.9400024414062,87.44000244140625,143.60000610351562,83.045
2009-02-20,1519.5,49.3,104.0244,39.35,1001.7999877929688,770.0499877929688,86.48999786376953,138.30999755859375,83.045
2009-02-21,,,,,,,,,83.045
2009-02-22,,,,,,,,,83.045
2009-02-23,1495.5,52.62,103.7416,37.66,994.5999755859376,743.3300170898438,87.23999786376953,142.77999877929688,83.045
2009-02-24,1516.0,45.49,103.9829,38.86,969.0999755859376,773.1400146484375,86.88999938964844,137.82000732421875,83.045
2009-02-25,1515.7,44.67,104.3086,41.64,965.7000122070312,764.9000244140625,87.91000366210938,138.64999389648438,83.045
2009-02-26,1512.8,44.66,104.1813,43.18,941.7999877929688,752.8300170898438,87.7300033569336,136.97999572753906,83.045
2009-02-27,1532.8,46.35,104.9284,44.15,941.5,735.0900268554688,88.01000213623047,138.07000732421875,83.045
2009-02-28,,,,,,,,,83.045
2009-03-01,,,,,,,,,83.64
2009-03-02,1570.1,52.65,105.9617,40.07,939.0,700.8200073242188,88.94000244140625,132.47000122070312,83.64
2009-03-03,1551.2,50.93,106.0249,41.57,912.9000244140624,696.3300170898438,88.91000366210938,133.77999877929688,83.64
2009-03-04,1550.95,47.56,105.4558,45.28,906.0,712.8699951171875,88.58000183105469,138.2100067138672,83.64
2009-03-05,1567.1,50.17,105.8064,43.54,927.0,682.5499877929688,89.11000061035156,138.25,83.64
2009-03-06,1549.6,49.33,105.3937,45.43,942.0999755859376,683.3800048828125,88.51000213623047,137.8300018310547,83.64
2009-03-07,,,,,,,,,83.64
2009-03-08,,,,,,,,,83.64
2009-03-09,1541.0,49.68,106.0182,47.01,917.7000122070312,676.530029296875,89.01000213623047,140.0,83.64
2009-03-10,1501.0,44.37,105.1153,45.68,895.5999755859375,719.5999755859375,88.93000030517578,142.72999572753906,83.64
2009-03-11,1466.0,43.61,104.8499,42.46,910.4000244140624,721.3599853515625,87.87000274658203,147.60000610351562,83.64
2009-03-12,1494.75,41.18,104.89,46.91,923.7000122070312,750.739990234375,87.66000366210938,148.02000427246094,83.64
2009-03-13,1481.2,42.36,104.1106,46.22,929.7999877929688,756.5499877929688,87.43000030517578,147.2899932861328,83.64
2009-03-14,,,,,,,,,83.64
2009-03-15,,,,,,,,,83.64
2009-03-16,1435.0,43.74,103.2005,47.33,921.5999755859376,753.8900146484375,86.94999694824219,147.0,83.64
2009-03-17,1415.75,40.8,103.2305,48.97,916.4000244140624,778.1199951171875,86.93000030517578,152.1699981689453,83.64
2009-03-18,1409.0,40.06,103.0005,48.12,888.7000122070312,794.3499755859375,84.5999984741211,152.88999938964844,83.64
2009-03-19,1388.5,43.68,100.3951,51.46,958.2999877929688,784.0399780273438,83.12999725341797,151.50999450683594,83.64
2009-03-20,1396.5,45.89,101.0581,51.55,955.7999877929688,768.5399780273438,83.83999633789062,152.5800018310547,83.64
2009-03-21,,,,,,,,,83.64
2009-03-22,,,,,,,,,83.64
2009-03-23,1382.9,43.23,101.103,53.05,952.0999755859376,822.9199829101562,83.43000030517578,156.4199981689453,83.64
2009-03-24,1378.9,42.93,101.0319,53.36,923.2999877929688,806.1199951171875,83.86000061035156,159.55999755859375,83.64
2009-03-25,1362.2,42.25,100.9674,52.24,935.4000244140624,813.8800048828125,83.80999755859375,160.27999877929688,83.64
2009-03-26,1334.8,40.36,101.097,53.87,939.5999755859376,832.8599853515625,84.16999816894531,162.22000122070312,83.64
2009-03-27,1350.9,41.04,101.8388,52.41,923.0,815.9400024414062,85.11000061035156,161.66000366210938,83.64
2009-03-28,,,,,,,,,83.64
2009-03-29,,,,,,,,,83.64
2009-03-30,1391.9,45.54,102.749,48.49,915.5,787.530029296875,85.87000274658203,156.22999572753906,83.64
2009-03-31,1372.3,44.14,102.3761,49.64,922.5999755859376,797.8699951171875,85.43000030517578,157.00999450683594,83.64
2009-04-01,1378.25,42.28,102.1252,48.46,926.0999755859376,811.0800170898438,85.5,160.4600067138672,83.862
2009-04-02,1329.5,42.04,100.8733,52.61,907.4000244140624,834.3800048828125,84.44999694824219,166.17999267578125,83.862
2009-04-03,1335.5,39.7,100.6429,52.52,895.5999755859375,842.5,84.16999816894531,167.11000061035156,83.862
2009-04-04,,,,,,,,,83.862
2009-04-05,,,,,,,,,83.862
2009-04-06,1304.5,40.93,100.9428,51.1,871.5,835.47998046875,84.56999969482422,168.6199951171875,83.862
2009-04-07,1317.5,40.39,100.9808,49.13,882.2000122070312,815.5499877929688,85.29000091552734,168.33999633789062,83.862
2009-04-08,1349.5,38.85,100.8948,49.37,884.7999877929688,825.1599731445312,85.36000061035156,162.67999267578125,83.862
2009-04-09,1316.0,36.53,100.7988,52.24,882.2000122070312,856.5599975585938,85.79000091552734,169.47999572753906,83.862
2009-04-10,1328.0,,100.7597,,,,,,83.862
2009-04-11,,,,,,,,,83.862
2009-04-12,,,,,,,,,83.862
2009-04-13,1328.9,37.81,100.1369,50.22,894.7000122070312,858.72998046875,84.63999938964844,171.69000244140625,83.862
2009-04-14,1319.5,37.67,99.9097,49.51,890.9000244140625,841.5,84.63999938964844,172.02999877929688,83.862
2009-04-15,1333.0,36.17,100.1497,49.26,892.7999877929688,852.0599975585938,85.08000183105469,171.2100067138672,83.862
2009-04-16,1331.0,35.79,100.0517,49.97,879.2999877929688,865.2999877929688,85.2300033569336,171.72999572753906,83.862
2009-04-17,1327.0,33.94,100.5719,50.36,867.4000244140625,869.5999755859375,85.9800033569336,171.3300018310547,83.862
2009-04-18,,,,,,,,,83.862
2009-04-19,,,,,,,,,83.862
2009-04-20,1330.0,39.18,101.448,45.82,887.0,832.3900146484375,86.63999938964844,172.3000030517578,83.862
2009-04-21,1349.0,37.14,101.1794,46.65,882.0999755859375,850.0800170898438,86.58000183105469,171.9600067138672,83.862
2009-04-22,1345.5,38.1,101.1142,47.41,891.7999877929688,843.5499877929688,86.19000244140625,174.39999389648438,83.862
2009-04-23,1343.0,37.15,101.0065,48.46,905.9000244140624,851.9199829101562,85.5199966430664,176.13999938964844,83.862
2009-04-24,1338.2,36.82,100.0244,50.65,913.5999755859376,866.22998046875,84.70999908447266,174.1300048828125,83.862
2009-04-25,,,,,,,,,83.862
2009-04-26,,,,,,,,,83.862
2009-04-27,1338.4,38.32,100.7258,49.29,907.4000244140624,857.510009765625,85.69999694824219,172.1300048828125,83.862
2009-04-28,1351.8,37.95,101.3145,49.01,892.7999877929688,855.1599731445312,85.16000366210938,167.24000549316406,83.862
2009-04-29,1335.7,36.08,100.0009,50.19,899.7999877929688,873.6400146484375,84.47000122070312,172.0800018310547,83.862
2009-04-30,1277.0,36.5,100.1042,50.35,890.7000122070312,872.8099975585938,84.61000061035156,176.0,83.862
2009-05-01,1277.0,35.3,100.0057,52.18,887.5999755859375,877.52001953125,84.55000305175781,,83.862
2009-05-02,,,,,,,,,83.862
2009-05-03,,,,,,,,,83.862
2009-05-04,1267.5,34.53,99.134,54.45,901.5999755859376,907.239990234375,83.97000122070312,179.69000244140625,83.862
2009-05-05,1267.5,33.36,98.8529,53.81,903.7000122070312,903.7999877929688,84.16000366210938,,83.862
2009-05-06,1272.0,32.45,98.9044,56.29,910.5,919.530029296875,83.80000305175781,178.82000732421875,83.862
2009-05-07,1257.3,33.44,98.552,56.67,915.0,907.3900146484376,83.94000244140625,179.74000549316406,83.862
2009-05-08,1242.25,32.05,98.1269,58.58,914.4000244140624,929.22998046875,82.52999877929688,181.0399932861328,83.862
2009-05-09,,,,,,,,,83.862
2009-05-10,,,,,,,,,83.862
2009-05-11,1232.9,32.87,97.747,57.79,913.0,909.239990234375,82.68000030517578,181.3500061035156,83.862
2009-05-12,1238.0,31.8,97.8269,58.81,923.5,908.3499755859376,82.30999755859375,179.72999572753906,83.862
2009-05-13,1239.0,33.65,98.0276,58.0,925.5,883.9199829101562,82.5,181.13999938964844,83.862
2009-05-14,1264.0,31.37,98.1271,58.58,928.0,893.0700073242188,82.27999877929688,,83.862
2009-05-15,1252.0,33.12,98.1063,56.52,930.9000244140624,882.8800048828125,83.0199966430664,177.8000030517578,83.862
2009-05-16,,,,,,,,,83.862
2009-05-17,,,,,,,,,83.862
2009-05-18,1260.5,30.24,97.9412,58.99,921.2999877929688,909.7100219726562,82.66999816894531,177.25999450683594,83.862
2009-05-19,1244.5,28.8,97.2827,59.52,926.2999877929688,908.1300048828124,81.9800033569336,182.75999450683597,83.862
2009-05-20,1246.0,29.03,96.5707,61.45,937.0,903.469970703125,80.98999786376953,183.8000030517578,83.862
2009-05-21,1245.0,31.35,96.6039,60.49,950.7999877929688,888.3300170898438,80.55999755859375,181.82000732421875,83.862
2009-05-22,1242.0,32.63,95.8788,61.15,958.5,887.0,79.95999908447266,179.00999450683594,83.862
2009-05-23,,,,,,,,,83.862
2009-05-24,,,,,,,,,83.862
2009-05-25,,,,,,,,178.57000732421875,83.862
2009-05-26,1264.25,30.62,95.988,62.48,953.0999755859376,910.3300170898438,80.12999725341797,174.77000427246094,83.862
2009-05-27,1264.4,32.36,95.9622,63.41,953.2000122070312,893.0599975585938,80.33000183105469,173.75,83.862
2009-05-28,1261.8,31.67,96.1313,65.09,961.5,906.8300170898438,80.43000030517578,178.19000244140625,83.862
2009-05-29,1249.0,28.92,95.268,66.31,978.7999877929688,919.1400146484376,80.43000030517578,178.6999969482422,83.862
2009-05-30,,,,,,,,,83.862
2009-05-31,,,,,,,,,83.862
2009-06-01,1232.7,30.04,94.8107,68.59,978.5999755859376,942.8699951171876,79.16999816894531,180.8999938964844,83.788
2009-06-02,1234.2,29.63,94.6556,68.58,983.2000122070312,944.739990234375,78.4000015258789,180.47000122070312,83.788
2009-06-03,1232.1,31.02,95.0751,66.14,964.5,931.760009765625,79.5,180.30999755859372,83.788
2009-06-04,1246.25,30.18,95.2922,68.8,981.2000122070312,942.4600219726562,79.41000366210938,175.75,83.788
2009-06-05,1247.5,29.62,96.0412,68.43,961.7000122070312,940.0900268554688,80.66999816894531,177.77000427246094,83.788
2009-06-06,,,,,,,,,83.788
2009-06-07,,,,,,,,,83.788
2009-06-08,1247.4,29.77,96.6548,68.05,951.7000122070312,939.1400146484376,80.91000366210938,177.6699981689453,83.788
2009-06-09,1258.5,28.27,95.9537,70.02,954.0,942.4299926757812,79.79000091552734,174.91000366210938,83.788
2009-06-10,1253.5,28.46,96.1277,71.38,954.0,939.1500244140624,80.33000183105469,180.91000366210935,83.788
2009-06-11,1248.7,28.11,95.4993,72.69,961.2999877929688,944.8900146484376,79.41000366210938,181.42999267578125,83.788
2009-06-12,1246.0,28.15,95.836,72.13,940.0999755859376,946.2100219726562,80.13999938964844,182.69000244140625,83.788
2009-06-13,,,,,,,,,83.788
2009-06-14,,,,,,,,,83.788
2009-06-15,1257.0,30.81,96.7519,70.54,926.9000244140624,923.719970703125,81.13999938964844,180.66000366210935,83.788
2009-06-16,1255.7,32.68,96.2616,70.47,931.5999755859376,911.969970703125,80.70999908447266,178.8800048828125,83.788
2009-06-17,1269.0,31.54,96.64,71.07,935.4000244140624,910.7100219726562,80.16999816894531,177.8000030517578,83.788
2009-06-18,1263.5,30.03,96.1482,71.42,934.0,918.3699951171876,80.61000061035156,175.5399932861328,83.788
2009-06-19,1264.2,27.99,96.0325,69.6,935.5999755859376,921.22998046875,80.26000213623047,176.6300048828125,83.788
2009-06-20,,,,,,,,,83.788
2009-06-21,,,,,,,,,83.788
2009-06-22,1278.6,31.17,96.8818,67.09,920.5999755859376,893.0399780273438,80.77999877929688,179.02000427246094,83.788
2009-06-23,1281.7,30.58,96.5196,68.81,923.9000244140624,895.0999755859375,79.83999633789062,174.32000732421875,83.788
2009-06-24,1273.0,29.05,96.2369,68.14,934.0999755859376,900.9400024414062,80.55999755859375,175.0800018310547,83.788
2009-06-25,1285.1,26.36,96.7072,69.7,939.0999755859376,920.260009765625,80.4000015258789,178.86000061035156,83.788
2009-06-26,1278.3,25.93,96.1935,69.16,940.7000122070312,918.9000244140624,79.87999725341797,179.27999877929688,83.788
2009-06-27,,,,,,,,,83.788
2009-06-28,,,,,,,,,83.788
2009-06-29,1278.0,25.35,96.242,71.47,940.4000244140624,927.22998046875,79.83999633789062,178.80999755859375,83.788
2009-06-30,1273.5,26.35,96.3761,69.82,927.0999755859376,919.3200073242188,80.12999725341797,178.99000549316406,83.788
2009-07-01,1256.9,26.22,95.6581,69.32,941.0,923.3300170898438,79.62999725341797,181.9499969482422,84.086
2009-07-02,1270.7,27.95,96.3216,66.68,930.7000122070312,896.4199829101562,80.1500015258789,181.8500061035156,84.086
2009-07-03,1265.7,,,,,,,182.9199981689453,84.086
2009-07-04,,,,,,,,,84.086
2009-07-05,,,,,,,,,84.086
2009-07-06,1267.0,29.0,96.6174,64.06,924.0,898.719970703125,80.44999694824219,184.5,84.086
2009-07-07,1268.7,30.85,96.6321,62.88,928.7999877929688,881.030029296875,80.62000274658203,185.1100006103516,84.086
2009-07-08,1277.5,31.3,97.0204,60.15,909.0,879.5599975585938,80.7699966430664,184.72999572753903,84.086
2009-07-09,1277.7,29.78,96.6219,60.36,915.9000244140624,882.6799926757812,79.86000061035156,184.72000122070312,84.086
2009-07-10,1288.4,29.02,97.0819,59.93,912.2000122070312,879.1300048828125,80.2300033569336,184.55999755859372,84.086
2009-07-11,,,,,,,,,84.086
2009-07-12,,,,,,,,,84.086
2009-07-13,1309.0,26.31,96.9995,59.69,922.2000122070312,901.0499877929688,80.12999725341797,178.14999389648438,84.086
2009-07-14,1294.2,25.02,96.6599,59.62,922.5,905.8400268554688,80.18000030517578,179.42999267578125,84.086
2009-07-15,1270.6,25.89,95.8004,61.49,939.0999755859376,932.6799926757812,79.31999969482422,184.25999450683597,84.086
2009-07-16,1266.0,25.42,95.7241,62.07,935.0999755859376,940.739990234375,79.22000122070312,186.22000122070312,84.086
2009-07-17,1254.5,24.34,95.6036,63.56,937.2000122070312,940.3800048828124,79.3499984741211,187.16000366210935,84.086
2009-07-18,,,,,,,,,84.086
2009-07-19,,,,,,,,,84.086
2009-07-20,1244.0,24.4,95.0903,63.93,948.5,951.1300048828124,78.91000366210938,192.25,84.086
2009-07-21,1245.5,23.87,95.0564,64.81,946.5999755859376,954.5800170898438,78.93000030517578,193.6199951171875,84.086
2009-07-22,1251.1,23.47,94.8659,64.58,953.0,954.0700073242188,78.70999908447266,194.2899932861328,84.086
2009-07-23,1244.8,23.43,94.532,66.1,954.5,976.2899780273438,78.80000305175781,194.3999938964844,84.086
2009-07-24,1245.0,23.09,94.7046,66.96,952.7999877929688,979.260009765625,78.75,195.1300048828125,84.086
2009-07-25,,,,,,,,,84.086
2009-07-26,,,,,,,,,84.086
2009-07-27,1242.4,24.28,94.6659,68.34,953.2999877929688,982.1799926757812,78.62999725341797,198.07000732421875,84.086
2009-07-28,1236.3,25.01,94.5592,67.24,939.0,979.6199951171876,78.8499984741211,198.5200042724609,84.086
2009-07-29,1243.8,25.61,95.1678,63.42,927.2000122070312,975.1500244140624,79.62999725341797,198.2400054931641,84.086
2009-07-30,1230.5,25.4,94.8967,66.9,934.9000244140624,986.75,79.29000091552734,199.8800048828125,84.086
2009-07-31,1222.2,25.92,94.2526,69.26,953.7000122070312,987.47998046875,78.3499984741211,202.9600067138672,84.086
2009-08-01,,,,,,,,,84.384
2009-08-02,,,,,,,,,84.384
2009-08-03,1214.0,25.56,93.6331,71.59,956.5999755859376,1002.6300048828124,77.63999938964844,203.80999755859372,84.384
2009-08-04,1219.9,24.89,93.7281,71.4,967.5,1005.6500244140624,77.7699966430664,204.1000061035156,84.384
2009-08-05,1225.5,24.9,93.7848,71.97,964.2000122070312,1002.719970703125,77.5199966430664,203.19000244140625,84.384
2009-08-06,1225.0,25.67,93.9358,71.96,960.7000122070312,997.0800170898438,78.06999969482422,203.7400054931641,84.384
2009-08-07,1224.0,24.76,94.4692,70.97,957.2999877929688,1010.47998046875,78.97000122070312,204.9499969482422,84.384
2009-08-08,,,,,,,,,84.384
2009-08-09,,,,,,,,,84.384
2009-08-10,1227.6,24.99,94.6087,70.59,945.0,1007.0999755859376,79.26000213623047,204.7700042724609,84.384
2009-08-11,1242.7,25.99,94.8678,69.46,945.7999877929688,994.3499755859376,79.18000030517578,204.9600067138672,84.384
2009-08-12,1242.0,25.45,94.5394,70.08,950.7000122070312,1005.8099975585938,78.79000091552734,202.6699981689453,84.384
2009-08-13,1237.2,24.71,94.2392,70.57,954.7000122070312,1012.72998046875,78.48999786376953,202.4600067138672,84.384
2009-08-14,1239.5,24.27,94.475,67.51,947.0,1004.0900268554688,78.88999938964844,206.4600067138672,84.384
2009-08-15,,,,,,,,,84.384
2009-08-16,,,,,,,,,84.384
2009-08-17,1258.5,27.89,95.1024,66.72,934.2999877929688,979.72998046875,79.29000091552734,200.5200042724609,84.384
2009-08-18,1246.4,26.18,95.1118,69.22,937.7000122070312,989.6699829101562,78.94000244140625,201.3300018310547,84.384
2009-08-19,1251.4,26.26,94.4084,72.54,943.2999877929688,996.4600219726562,78.47000122070312,201.0800018310547,84.384
2009-08-20,1245.5,25.09,94.3492,72.4,940.2999877929688,1007.3699951171876,78.37999725341797,205.22000122070312,84.384
2009-08-21,1242.5,25.01,94.0103,73.12,953.2000122070312,1026.1300048828125,78.04000091552734,206.25999450683597,84.384
2009-08-22,,,,,,,,,84.384
2009-08-23,,,,,,,,,84.384
2009-08-24,1240.5,25.14,93.9345,73.68,942.2999877929688,1025.5699462890625,78.2699966430664,210.6000061035156,84.384
2009-08-25,1247.8,24.92,93.9066,71.6,944.5,1028.0,78.23999786376953,209.1199951171875,84.384
2009-08-26,1248.8,24.95,94.8662,71.38,944.2999877929688,1028.1199951171875,78.66000366210938,210.6199951171875,84.384
2009-08-27,1247.3,24.68,94.7943,72.49,945.5,1030.97998046875,78.01000213623047,208.6199951171875,84.384
2009-08-28,1244.8,24.76,94.4489,72.72,957.0,1028.9300537109375,78.37000274658203,209.7400054931641,84.384
2009-08-29,,,,,,,,,84.384
2009-08-30,,,,,,,,,84.384
2009-08-31,1248.0,26.01,94.6202,69.97,951.7000122070312,1020.6199951171876,78.16999816894531,207.44000244140625,84.384
2009-09-01,1245.0,29.15,95.2201,68.11,954.7000122070312,998.0399780273438,78.76000213623047,211.88999938964844,84.459
2009-09-02,1246.2,28.9,95.1575,68.03,976.5999755859376,994.75,78.37999725341797,210.50999450683597,84.459
2009-09-03,1244.0,27.1,94.959,67.9,995.7999877929688,1003.239990234375,78.45999908447266,210.6000061035156,84.459
2009-09-04,1237.3,25.26,94.5811,67.95,994.9000244140624,1016.4000244140624,78.13999938964844,209.80999755859372,84.459
2009-09-05,,,,,,,,,84.459
2009-09-06,,,,,,,,,84.459
2009-09-07,,,,,,,,,84.459
2009-09-08,1228.2,25.62,93.7323,71.08,997.9000244140624,1025.3900146484375,77.31999969482422,211.3999938964844,84.459
2009-09-09,1220.5,24.32,93.6915,71.27,995.2999877929688,1033.3699951171875,77.08999633789062,210.08999633789065,84.459
2009-09-10,1223.0,23.55,93.6947,71.95,995.4000244140624,1044.1400146484375,76.81999969482422,214.9199981689453,84.459
2009-09-11,1221.0,24.15,93.3225,69.34,1004.9000244140624,1042.72998046875,76.61000061035156,215.80999755859372,84.459
2009-09-12,,,,,,,,,84.459
2009-09-13,,,,,,,,,84.459
2009-09-14,1220.5,23.86,93.6196,68.86,999.9000244140624,1049.3399658203125,76.69999694824219,213.4199981689453,84.459
2009-09-15,1217.4,23.42,93.4427,70.81,1005.0,1052.6300048828125,76.54000091552734,216.13999938964844,84.459
2009-09-16,1205.5,23.69,92.9072,72.5,1018.9000244140624,1068.760009765625,76.23999786376953,220.52999877929688,84.459
2009-09-17,1206.0,23.65,92.8287,72.48,1012.2999877929688,1065.489990234375,76.19000244140625,222.30999755859372,84.459
2009-09-18,1207.0,23.92,93.1233,71.95,1009.2000122070312,1068.300048828125,76.43000030517578,222.33999633789065,84.459
2009-09-19,,,,,,,,,84.459
2009-09-20,,,,,,,,,84.459
2009-09-21,1202.35,24.06,93.3547,69.74,1003.7000122070312,1064.6600341796875,76.77999877929688,221.8500061035156,84.459
2009-09-22,1201.75,23.08,92.8664,71.5,1014.2000122070312,1071.6600341796875,76.12000274658203,225.2700042724609,84.459
2009-09-23,1194.0,23.49,92.979,68.74,1013.0,1060.8699951171875,76.05000305175781,224.69000244140625,84.459
2009-09-24,1190.7,24.95,93.4708,65.74,997.5,1050.780029296875,76.9000015258789,222.3500061035156,84.459
2009-09-25,1184.25,25.61,93.5535,65.91,990.2000122070312,1044.3800048828125,76.80999755859375,221.82000732421875,84.459
2009-09-26,,,,,,,,,84.459
2009-09-27,,,,,,,,,84.459
2009-09-28,1192.0,24.88,93.4669,66.69,992.5,1062.97998046875,77.05000305175781,219.66000366210935,84.459
2009-09-29,1187.5,25.19,93.7776,66.56,993.0999755859376,1060.6099853515625,77.12000274658203,221.58999633789065,84.459
2009-09-30,1175.0,25.61,93.1907,70.46,1008.0,1057.0799560546875,76.6500015258789,219.75,84.459
2009-10-01,1173.35,28.27,93.5995,70.67,999.5,1029.8499755859375,77.19000244140625,215.94000244140625,84.235
2009-10-02,1182.0,28.68,93.6756,69.8,1003.2000122070312,1025.2099609375,77.0,,84.235
2009-10-03,,,,,,,,,84.235
2009-10-04,,,,,,,,,84.235
2009-10-05,1165.25,26.84,93.3356,70.26,1016.7000122070312,1040.4599609375,76.63999938964844,210.3800048828125,84.235
2009-10-06,1166.0,25.7,92.619,70.71,1038.5999755859375,1054.719970703125,76.33999633789062,209.25,84.235
2009-10-07,1167.0,24.68,92.794,69.6,1043.300048828125,1057.5799560546875,76.48999786376953,208.94000244140625,84.235
2009-10-08,1166.25,24.18,92.2074,71.69,1055.4000244140625,1065.47998046875,75.97000122070312,211.00999450683597,84.235
2009-10-09,1164.3,23.12,92.2984,71.75,1047.800048828125,1071.489990234375,76.43000030517578,215.57000732421875,84.235
2009-10-10,,,,,,,,,84.235
2009-10-11,,,,,,,,,84.235
2009-10-12,,23.01,,73.24,1056.699951171875,1076.18994140625,76.12999725341797,214.22999572753903,84.235
2009-10-13,1166.0,22.99,91.8273,74.1,1064.199951171875,1073.18994140625,75.9800033569336,213.1000061035156,84.235
2009-10-14,1157.5,22.86,91.5047,75.2,1063.9000244140625,1092.02001953125,75.55000305175781,215.8999938964844,84.235
2009-10-15,1158.0,21.72,91.4367,77.55,1049.800048828125,1096.56005859375,75.4800033569336,217.47000122070312,84.235
2009-10-16,1155.0,21.43,91.6541,78.54,1050.699951171875,1087.6800537109375,75.5999984741211,214.91000366210935,84.235
2009-10-17,,,,,,,,,84.235
2009-10-18,,,,,,,,,84.235
2009-10-19,1166.0,21.49,91.4406,79.47,1057.300048828125,1097.9100341796875,75.51000213623047,216.19000244140625,84.235
2009-10-20,1182.0,20.9,91.801,78.87,1057.800048828125,1091.06005859375,75.56999969482422,217.52999877929688,84.235
2009-10-21,1179.9,22.22,91.3805,81.03,1063.699951171875,1081.4000244140625,74.97000122070312,216.63999938964844,84.235
2009-10-22,1188.0,20.69,91.6075,80.82,1057.800048828125,1092.9100341796875,75.08999633789062,213.25,84.235
2009-10-23,1189.0,22.27,91.7331,80.11,1055.5999755859375,1079.5999755859375,75.47000122070312,214.72999572753903,84.235
2009-10-24,,,,,,,,,84.235
2009-10-25,,,,,,,,,84.235
2009-10-26,1178.4,24.31,92.0998,78.61,1042.0999755859375,1066.949951171875,76.05999755859375,217.4499969482422,84.235
2009-10-27,1190.0,24.83,92.5335,79.45,1034.699951171875,1063.4100341796875,76.13999938964844,216.47000122070312,84.235
2009-10-28,1185.4,27.91,92.8152,77.39,1029.9000244140625,1042.6300048828125,76.43000030517578,211.02999877929688,84.235
2009-10-29,1187.2,24.76,92.4708,79.84,1046.4000244140625,1066.1099853515625,75.91999816894531,207.67999267578125,84.235
2009-10-30,1182.0,30.69,92.6207,77.04,1039.699951171875,1036.18994140625,76.30000305175781,206.80999755859372,84.235
2009-10-31,,,,,,,,,84.235
2009-11-01,,,,,,,,,84.384
2009-11-02,1181.0,29.78,92.4501,78.08,1053.4000244140625,1042.8800048828125,76.29000091552734,204.25,84.384
2009-11-03,1188.1,28.81,92.9037,79.58,1084.300048828125,1045.4100341796875,76.38999938964844,203.1300048828125,84.384
2009-11-04,1172.7,27.72,92.3725,80.3,1086.699951171875,1046.5,75.63999938964844,207.17999267578125,84.384
2009-11-05,1174.8,25.43,92.3437,79.64,1088.699951171875,1066.6300048828125,75.73999786376953,203.5200042724609,84.384
2009-11-06,1167.6,24.19,92.3848,77.4,1095.0999755859375,1069.300048828125,75.81999969482422,206.52999877929688,84.384
2009-11-07,,,,,,,,,84.384
2009-11-08,,,,,,,,,84.384
2009-11-09,1154.6,23.15,91.6861,79.44,1100.800048828125,1093.0799560546875,75.02999877929688,207.2899932861328,84.384
2009-11-10,1161.1,22.84,91.6659,79.01,1101.9000244140625,1093.010009765625,75.0199966430664,208.22999572753903,84.384
2009-11-11,,23.04,,79.16,1114.0,1098.510009765625,75.16000366210938,210.0800018310547,84.384
2009-11-12,1160.5,24.24,91.9461,77.25,1106.0,1087.239990234375,75.5999984741211,206.6699981689453,84.384
2009-11-13,1156.3,23.36,91.5754,76.34,1116.0999755859375,1093.47998046875,75.33000183105469,206.83999633789065,84.384
2009-11-14,,,,,,,,,84.384
2009-11-15,,,,,,,,,84.384
2009-11-16,1152.0,22.89,91.194,78.91,1138.5999755859375,1109.300048828125,74.91000366210938,209.8999938964844,84.384
2009-11-17,1155.0,22.41,91.7419,79.08,1138.800048828125,1110.3199462890625,75.37000274658203,209.0,84.384
2009-11-18,1153.5,21.63,91.249,79.55,1140.699951171875,1109.800048828125,75.18000030517578,211.55999755859372,84.384
2009-11-19,1161.5,22.63,91.7827,77.47,1141.4000244140625,1094.9000244140625,75.29000091552734,213.88999938964844,84.384
2009-11-20,1157.9,22.19,91.9906,76.83,1146.4000244140625,1091.3800048828125,75.66000366210938,213.75999450683597,84.384
2009-11-21,,,,,,,,,84.384
2009-11-22,,,,,,,,,84.384
2009-11-23,1152.0,21.16,91.4864,76.49,1164.300048828125,1106.239990234375,75.08999633789062,213.72000122070312,84.384
2009-11-24,1154.5,20.47,91.5539,74.88,1165.5,1105.6500244140625,75.06999969482422,211.9199981689453,84.384
2009-11-25,1153.0,20.48,90.9669,77.25,1186.9000244140625,1110.6300048828125,74.2699966430664,212.6100006103516,84.384
2009-11-26,,,,,,,,,84.384
2009-11-27,1173.4,24.85,91.5272,75.95,1174.199951171875,1091.489990234375,75.0,200.72999572753903,84.384
2009-11-28,,,,,,,,,84.384
2009-11-29,,,,,,,,,84.384
2009-11-30,1164.4,24.51,91.3717,77.19,1181.0999755859375,1095.6300048828125,74.87999725341797,204.75,84.384
2009-12-01,1154.0,21.92,90.8323,78.39,1199.0999755859375,1108.8599853515625,74.36000061035156,207.07000732421875,84.682
2009-12-02,1149.0,21.12,90.8906,76.62,1212.0,1109.239990234375,74.66999816894531,210.25,84.682
2009-12-03,1150.0,22.46,90.9152,76.42,1217.4000244140625,1099.9200439453125,74.62999725341797,213.30999755859372,84.682
2009-12-04,1151.0,21.25,91.3806,75.41,1168.800048828125,1105.97998046875,75.91000366210938,214.5,84.682
2009-12-05,,,,,,,,,84.682
2009-12-06,,,,,,,,,84.682
2009-12-07,1152.45,22.1,91.5414,73.89,1163.4000244140625,1103.25,75.7699966430664,215.5500030517578,84.682
2009-12-08,1151.22,23.69,91.9513,72.59,1142.800048828125,1091.93994140625,76.30999755859375,214.91000366210935,84.682
2009-12-09,1160.0,22.66,92.014,70.67,1120.4000244140625,1095.949951171875,76.04000091552734,215.75,84.682
2009-12-10,1165.0,22.32,92.0073,70.54,1125.699951171875,1102.3499755859375,76.04000091552734,218.72999572753903,84.682
2009-12-11,1162.5,21.59,92.2946,69.86,1119.4000244140625,1106.4100341796875,76.56999969482422,218.7700042724609,84.682
2009-12-12,,,,,,,,,84.682
2009-12-13,,,,,,,,,84.682
2009-12-14,1156.0,21.15,92.0305,69.48,1123.300048828125,1114.1099853515625,76.3499984741211,219.50999450683597,84.682
2009-12-15,1156.5,21.49,92.3635,70.62,1122.4000244140625,1107.9300537109375,76.95999908447266,219.6000061035156,84.682
2009-12-16,1160.3,20.54,92.1496,72.64,1135.5,1109.1800537109375,77.0,219.32000732421875,84.682
2009-12-17,1172.9,22.51,93.225,72.58,1106.800048828125,1096.0799560546875,77.69000244140625,216.8999938964844,84.682
2009-12-18,1171.2,21.68,93.1632,73.3,1110.800048828125,1102.469970703125,77.81999969482422,216.67999267578125,84.682
2009-12-19,,,,,,,,,84.682
2009-12-20,,,,,,,,,84.682
2009-12-21,1185.4,20.49,,72.71,1095.4000244140625,1114.050048828125,78.04000091552734,216.1999969482422,84.682
2009-12-22,1179.0,19.54,93.2903,73.48,1086.0,1118.02001953125,78.25,217.8699951171875,84.682
2009-12-23,1182.0,19.71,92.9295,76.03,1093.300048828125,1120.5899658203125,77.9000015258789,218.9499969482422,84.682
2009-12-24,1173.07,19.47,92.8694,76.83,1104.0999755859375,1126.47998046875,77.83999633789062,221.6699981689453,84.682
2009-12-25,,,,,,,,,84.682
2009-12-26,,,,,,,,,84.682
2009-12-27,,,,,,,,,84.682
2009-12-28,1168.0,19.93,92.6993,78.67,1107.199951171875,1127.780029296875,77.62999725341797,222.02999877929688,84.682
2009-12-29,1166.0,20.01,92.8838,78.87,1097.0,1126.199951171875,77.83000183105469,220.33999633789065,84.682
2009-12-30,1163.65,19.96,93.0872,79.35,1091.5,1126.4200439453125,77.91000366210938,221.8600006103516,84.682
2009-12-31,1163.65,21.68,92.9124,79.39,1095.199951171875,1115.0999755859375,77.86000061035156,,84.682
2010-01-01,,,,,,,,,85.351
2010-01-02,,,,,,,,,85.351
2010-01-03,,,,,,,,,85.351
2010-01-04,1149.0,20.04,92.3566,81.52,1117.699951171875,1132.989990234375,77.52999877929688,223.4900054931641,85.351
2010-01-05,1138.2,19.35,92.2236,81.74,1118.0999755859375,1136.52001953125,77.62000274658203,222.83999633789065,85.351
2010-01-06,1130.0,19.16,92.0941,83.12,1135.9000244140625,1137.1400146484375,77.48999786376953,224.6699981689453,85.351
2010-01-07,1135.0,19.06,92.3684,82.6,1133.0999755859375,1141.68994140625,77.91000366210938,221.30999755859372,85.351
2010-01-08,1127.75,18.13,92.1485,82.74,1138.199951171875,1144.97998046875,77.47000122070312,222.66000366210935,85.351
2010-01-09,,,,,,,,,85.351
2010-01-10,,,,,,,,,85.351
2010-01-11,1120.0,17.55,91.5997,82.54,1150.699951171875,1146.97998046875,77.0,222.22999572753903,85.351
2010-01-12,1120.25,18.25,91.7005,80.79,1128.9000244140625,1136.219970703125,76.94999694824219,223.0399932861328,85.351
2010-01-13,1122.0,17.85,91.7272,79.66,1136.4000244140625,1145.6800537109375,76.8499984741211,219.1699981689453,85.351
2010-01-14,1122.5,17.63,91.5864,79.35,1142.5999755859375,1148.4599609375,76.7300033569336,221.19000244140625,85.351
2010-01-15,1123.0,17.91,91.7668,77.96,1130.0999755859375,1136.030029296875,77.31999969482422,223.2100067138672,85.351
2010-01-16,,,,,,,,,85.351
2010-01-17,,,,,,,,,85.351
2010-01-18,,,,,,,,224.3800048828125,85.351
2010-01-19,1129.3,17.58,91.9611,78.98,1139.699951171875,1150.22998046875,77.5,224.1300048828125,85.351
2010-01-20,1133.5,18.68,92.6766,77.42,1112.300048828125,1138.0400390625,78.33999633789062,224.8300018310547,85.351
2010-01-21,1141.0,22.27,92.6627,75.84,1102.699951171875,1116.47998046875,78.31999969482422,226.16000366210935,85.351
2010-01-22,1153.0,27.31,92.943,74.25,1089.199951171875,1091.760009765625,78.27999877929688,220.67999267578125,85.351
2010-01-23,,,,,,,,,85.351
2010-01-24,,,,,,,,,85.351
2010-01-25,1146.0,25.41,92.9099,74.9,1095.199951171875,1096.780029296875,78.19000244140625,219.3300018310547,85.351
2010-01-26,1163.1,24.55,93.3298,74.67,1097.9000244140625,1092.1700439453125,78.43000030517578,214.88999938964844,85.351
2010-01-27,1162.0,23.14,93.2835,73.64,1084.4000244140625,1097.5,78.68000030517578,213.0200042724609,85.351
2010-01-28,1151.4,23.73,93.2635,73.62,1083.5999755859375,1084.530029296875,78.9000015258789,215.6699981689453,85.351
2010-01-29,1158.7,24.62,93.7638,72.85,1083.0,1073.8699951171875,79.45999908447266,210.33999633789065,85.351
2010-01-30,,,,,,,,,85.351
2010-01-31,,,,,,,,,85.351
2010-02-01,1165.75,22.59,93.7321,74.41,1104.300048828125,1089.18994140625,79.23999786376953,210.75999450683597,85.523
2010-02-02,1158.95,21.48,93.4136,77.21,1117.4000244140625,1103.3199462890625,79.01000213623047,209.2700042724609,85.523
2010-02-03,1148.1,21.6,93.6268,76.96,1111.4000244140625,1097.280029296875,79.37000274658203,211.8600006103516,85.523
2010-02-04,1145.9,26.08,94.1401,73.13,1062.4000244140625,1063.1099853515625,79.91999816894531,211.72000122070312,85.523
2010-02-05,1168.95,26.11,94.6218,71.15,1052.199951171875,1066.18994140625,80.44000244140625,205.05999755859372,85.523
2010-02-06,,,,,,,,,85.523
2010-02-07,,,,,,,,,85.523
2010-02-08,1170.0,26.51,,71.87,1065.699951171875,1056.739990234375,80.30000305175781,203.3699951171875,85.523
2010-02-09,1158.0,26.0,,73.71,1076.699951171875,1070.52001953125,79.86000061035156,206.00999450683597,85.523
2010-02-10,1161.0,25.4,,74.48,1075.800048828125,1068.1300048828125,80.02999877929688,205.94000244140625,85.523
2010-02-11,1156.2,23.96,,75.23,1094.199951171875,1078.469970703125,79.98999786376953,209.72999572753903,85.523
2010-02-12,1151.0,22.73,93.9976,74.11,1089.5,1075.510009765625,80.31999969482422,208.7400054931641,85.523
2010-02-13,,,,,,,,,85.523
2010-02-14,,,,,,,,,85.523
2010-02-15,,,,,,,,,85.523
2010-02-16,1147.0,22.25,93.482,76.98,1119.300048828125,1094.8699951171875,79.69999694824219,209.72999572753903,85.523
2010-02-17,1144.0,21.72,93.7171,77.27,1119.5,1099.510009765625,80.37999725341797,213.44000244140625,85.523
2010-02-18,1144.2,20.63,93.8752,78.97,1118.0,1106.75,80.4000015258789,212.5500030517578,85.523
2010-02-19,1153.0,20.02,93.9569,79.77,1121.300048828125,1109.1700439453125,80.63999938964844,208.6999969482422,85.523
2010-02-20,,,,,,,,,85.523
2010-02-21,,,,,,,,,85.523
2010-02-22,1149.2,19.94,93.7402,80.04,1112.5999755859375,1108.010009765625,80.51000213623047,,85.523
2010-02-23,1155.0,21.37,93.9794,78.61,1102.699951171875,1094.5999755859375,80.8499984741211,213.4499969482422,85.523
2010-02-24,1156.0,20.27,93.9775,79.75,1096.5,1105.239990234375,80.8499984741211,210.9199981689453,85.523
2010-02-25,1166.2,20.1,94.3797,77.99,1107.800048828125,1102.93994140625,80.79000091552734,207.55999755859372,85.523
2010-02-26,1159.0,19.5,93.6602,79.72,1118.300048828125,1104.489990234375,80.36000061035156,208.3600006103516,85.523
2010-02-27,,,,,,,,,85.523
2010-02-28,,,,,,,,,85.523
2010-03-01,1153.0,19.26,93.7979,78.71,1117.800048828125,1115.7099609375,80.66000366210938,,85.696
2010-03-02,1147.0,19.06,93.488,79.62,1136.9000244140625,1118.31005859375,80.5199966430664,211.44000244140625,85.696
2010-03-03,1141.0,18.83,92.9861,80.91,1142.699951171875,1118.7900390625,79.9800033569336,212.3600006103516,85.696
2010-03-04,1145.5,18.72,93.4079,80.21,1132.5999755859375,1122.969970703125,80.55999755859375,211.91000366210935,85.696
2010-03-05,1139.5,17.42,93.2623,81.5,1134.800048828125,1138.699951171875,80.43000030517578,214.0500030517578,85.696
2010-03-06,,,,,,,,,85.696
2010-03-07,,,,,,,,,85.696
2010-03-08,1131.5,17.79,93.2446,81.85,1123.5999755859375,1138.5,80.43000030517578,217.72999572753903,85.696
2010-03-09,1135.15,17.92,93.1941,81.5,1122.0,1140.449951171875,80.58999633789062,217.82000732421875,85.696
2010-03-10,1128.1,18.57,93.0426,82.07,1107.800048828125,1145.6099853515625,80.44999694824219,217.82000732421875,85.696
2010-03-11,1133.43,18.06,93.0533,82.1,1108.0,1150.239990234375,80.31999969482422,216.75999450683597,85.696
2010-03-12,1128.33,17.58,92.6616,81.26,1101.5,1149.989990234375,79.83000183105469,217.3500061035156,85.696
2010-03-13,,,,,,,,,85.696
2010-03-14,,,,,,,,,85.696
2010-03-15,1134.5,18.0,92.9642,79.79,1105.0999755859375,1150.510009765625,80.25,215.4900054931641,85.696
2010-03-16,1133.0,17.69,92.595,81.75,1122.199951171875,1159.4599609375,79.75,215.25,85.696
2010-03-17,1128.0,16.91,92.4446,82.93,1124.0,1166.2099609375,79.63999938964844,220.27999877929688,85.696
2010-03-18,1131.5,16.62,92.7451,82.16,1127.4000244140625,1165.8299560546875,80.22000122070312,219.0200042724609,85.696
2010-03-19,1133.58,16.97,93.0407,80.58,1107.4000244140625,1159.9000244140625,80.72000122070312,220.47999572753903,85.696
2010-03-20,,,,,,,,,85.696
2010-03-21,,,,,,,,,85.696
2010-03-22,1135.5,16.87,93.1333,81.26,1099.300048828125,1165.81005859375,80.6500015258789,218.5200042724609,85.696
2010-03-23,1136.8,16.35,93.006,81.68,1103.5,1174.1700439453125,80.9000015258789,220.08999633789065,85.696
2010-03-24,1137.0,17.55,93.6468,80.29,1088.5999755859375,1167.719970703125,81.83999633789062,220.08999633789065,85.696
2010-03-25,1142.3,18.4,93.5885,80.25,1092.699951171875,1165.72998046875,82.12000274658203,221.07000732421875,85.696
2010-03-26,1138.0,17.77,93.6873,79.75,1104.199951171875,1166.5899658203125,81.68000030517578,222.25,85.696
2010-03-27,,,,,,,,,85.696
2010-03-28,,,,,,,,,85.696
2010-03-29,1135.0,17.59,93.2959,81.92,1110.300048828125,1173.219970703125,81.36000061035156,221.6000061035156,85.696
2010-03-30,1131.0,17.13,93.2627,82.14,1104.5,1173.27001953125,81.47000122070312,222.47999572753903,85.696
2010-03-31,1131.2,17.59,92.8987,83.45,1113.300048828125,1169.4300537109375,81.06999969482422,221.5800018310547,85.696
2010-04-01,1126.3,17.47,92.6661,84.53,1125.0999755859375,1178.0999755859375,80.77999877929688,225.47000122070312,86.041
2010-04-02,1125.9,,92.9057,,,,,226.69000244140625,86.041
2010-04-03,,,,,,,,,86.041
2010-04-04,,,,,,,,,86.041
2010-04-05,1122.8,17.02,92.6644,86.36,1132.9000244140625,1187.43994140625,81.08999633789062,227.47999572753903,86.041
2010-04-06,1123.9,16.23,92.7373,86.54,1135.0999755859375,1189.43994140625,81.38999938964844,227.50999450683597,86.041
2010-04-07,1120.0,16.62,92.7452,85.64,1152.300048828125,1182.449951171875,81.44000244140625,227.30999755859372,86.041
2010-04-08,1123.0,16.48,92.7211,85.17,1152.199951171875,1186.43994140625,81.52999877929688,228.2700042724609,86.041
2010-04-09,1117.0,16.14,92.4772,84.6,1161.0999755859375,1194.3699951171875,81.08999633789062,226.80999755859372,86.041
2010-04-10,,,,,,,,,86.041
2010-04-11,,,,,,,,,86.041
2010-04-12,1114.0,15.58,92.243,84.07,1161.5999755859375,1196.47998046875,80.55999755859375,224.58999633789065,86.041
2010-04-13,1123.7,16.2,92.2689,83.8,1152.800048828125,1197.300048828125,80.51000213623047,224.69000244140625,86.041
2010-04-14,1111.5,15.59,91.9297,85.62,1159.0,1210.6500244140625,80.19000244140625,228.0800018310547,86.041
2010-04-15,1107.0,15.89,92.2029,85.25,1159.699951171875,1211.6700439453125,80.4800033569336,229.1699981689453,86.041
2010-04-16,1110.0,18.36,92.5253,82.97,1136.300048828125,1192.1300048828125,80.81999969482422,227.69000244140625,86.041
2010-04-17,,,,,,,,,86.041
2010-04-18,,,,,,,,,86.041
2010-04-19,1118.1,17.34,92.8577,81.52,1135.199951171875,1197.52001953125,81.0,223.6499938964844,86.041
2010-04-20,1117.8,15.73,92.4338,82.98,1138.5999755859375,1207.1700439453125,81.05000305175781,225.1300048828125,86.041
2010-04-21,1107.6,16.32,92.4482,82.78,1148.199951171875,1205.93994140625,81.16000366210938,229.08999633789065,86.041
2010-04-22,1108.2,16.47,92.7277,82.89,1142.300048828125,1208.6700439453125,81.56999969482422,227.75999450683597,86.041
2010-04-23,1108.5,16.62,92.6622,84.34,1153.0999755859375,1217.280029296875,81.3499984741211,227.3600006103516,86.041
2010-04-24,,,,,,,,,86.041
2010-04-25,,,,,,,,,86.041
2010-04-26,1104.0,17.47,92.5187,84.2,1153.5,1212.050048828125,81.4800033569336,229.63999938964844,86.041
2010-04-27,1110.0,22.81,93.0956,82.43,1161.699951171875,1183.7099609375,82.1500015258789,229.27999877929688,86.041
2010-04-28,1118.0,21.08,93.4856,83.22,1171.300048828125,1191.3599853515625,82.37999725341797,226.97999572753903,86.041
2010-04-29,1114.8,18.44,92.9013,85.17,1168.4000244140625,1206.780029296875,82.0,226.1100006103516,86.041
2010-04-30,1108.0,22.05,92.8423,86.07,1180.0999755859375,1186.68994140625,81.87000274658203,227.9499969482422,86.041
2010-05-01,,,,,,,,,86.128
2010-05-02,,,,,,,,,86.128
2010-05-03,1118.4,20.19,93.235,86.19,1182.699951171875,1202.260009765625,82.2699966430664,225.1000061035156,86.128
2010-05-04,1115.0,23.84,93.8137,82.73,1168.5999755859375,1173.5999755859375,83.30000305175781,224.75999450683597,86.128
2010-05-05,1115.0,24.91,94.3968,80.0,1174.5999755859375,1165.8699951171875,84.08000183105469,,86.128
2010-05-06,1140.9,32.8,95.3032,77.18,1196.9000244140625,1128.1500244140625,84.88999938964844,220.2100067138672,86.128
2010-05-07,1155.3,40.95,95.2952,75.1,1210.0,1110.8800048828125,84.44999694824219,215.08999633789065,86.128
2010-05-08,,,,,,,,,86.128
2010-05-09,,,,,,,,,86.128
2010-05-10,1131.8,28.84,94.3096,76.89,1200.4000244140625,1159.72998046875,84.16000366210938,219.1000061035156,86.128
2010-05-11,1133.75,28.32,94.4305,76.37,1219.9000244140625,1155.7900390625,84.47000122070312,217.6300048828125,86.128
2010-05-12,1144.02,25.52,94.5515,75.65,1242.699951171875,1171.6700439453125,84.83000183105469,216.77999877929688,86.128
2010-05-13,1129.2,26.68,94.5071,74.38,1228.800048828125,1157.43994140625,85.20999908447266,220.8000030517578,86.128
2010-05-14,1130.0,31.24,95.3746,71.61,1227.4000244140625,1135.6800537109375,86.0999984741211,221.0800018310547,86.128
2010-05-15,,,,,,,,,86.128
2010-05-16,,,,,,,,,86.128
2010-05-17,1152.75,30.84,95.9795,70.08,1227.699951171875,1136.93994140625,86.20999908447266,215.3600006103516,86.128
2010-05-18,1146.0,33.55,95.6212,69.38,1214.300048828125,1120.800048828125,87.16000366210938,214.4199981689453,86.128
2010-05-19,1163.9,35.32,96.5083,69.91,1192.5999755859375,1115.050048828125,86.38999938964844,212.42999267578125,86.128
2010-05-20,1193.5,45.79,96.9483,68.28,1187.800048828125,1071.5899658203125,85.56999969482422,208.77999877929688,86.128
2010-05-21,1193.0,40.1,96.2911,68.03,1175.699951171875,1087.68994140625,85.37000274658203,,86.128
2010-05-22,,,,,,,,,86.128
2010-05-23,,,,,,,,,86.128
2010-05-24,1213.65,38.32,96.6433,68.23,1193.800048828125,1073.6500244140625,86.20999908447266,210.2700042724609,86.128
2010-05-25,1250.0,34.61,97.5487,64.78,1197.800048828125,1074.030029296875,86.77999877929688,204.8300018310547,86.128
2010-05-26,1253.2,35.02,97.1879,71.52,1213.300048828125,1067.949951171875,87.12000274658203,206.6199951171875,86.128
2010-05-27,1222.95,29.68,96.3611,74.56,1211.9000244140625,1103.06005859375,86.18000030517578,209.8300018310547,86.128
2010-05-28,1194.5,32.07,96.3062,74.0,1212.199951171875,1089.4100341796875,86.4800033569336,212.1000061035156,86.128
2010-05-29,,,,,,,,,86.128
2010-05-30,,,,,,,,,86.128
2010-05-31,,,,,,,,214.33999633789065,86.128
2010-06-01,1216.0,35.54,96.6123,72.7,1224.800048828125,1070.7099609375,86.63999938964844,213.0200042724609,86.041
2010-06-02,1216.5,30.17,96.615,72.88,1220.5999755859375,1098.3800048828125,86.79000091552734,,86.041
2010-06-03,1198.5,29.46,96.461,74.62,1208.300048828125,1102.8299560546875,87.13999938964844,217.5800018310547,86.041
2010-06-04,1201.5,35.48,97.1688,71.43,1216.199951171875,1064.8800048828125,88.2300033569336,218.02999877929688,86.041
2010-06-05,,,,,,,,,86.041
2010-06-06,,,,,,,,,86.041
2010-06-07,1235.61,36.57,97.503,71.55,1239.300048828125,1050.469970703125,88.4000015258789,214.3800048828125,86.041
2010-06-08,1233.99,33.7,97.3425,71.88,1244.0,1062.0,88.38999938964844,216.0800018310547,86.041
2010-06-09,1247.3,33.73,96.8938,74.38,1228.5,1055.68994140625,87.9000015258789,215.25999450683597,86.041
2010-06-10,1250.4,30.57,96.4877,75.48,1220.800048828125,1086.8399658203125,87.16999816894531,215.72999572753903,86.041
2010-06-11,1245.9,28.79,96.5616,73.89,1228.9000244140625,1091.5999755859375,87.51000213623047,219.22000122070312,86.041
2010-06-12,,,,,,,,,86.041
2010-06-13,,,,,,,,,86.041
2010-06-14,1221.2,28.58,95.8082,74.99,1223.300048828125,1089.6300048828125,86.51000213623047,221.42999267578125,86.041
2010-06-15,1229.0,25.87,95.7049,76.84,1233.199951171875,1115.22998046875,85.9800033569336,221.33999633789065,86.041
2010-06-16,1211.0,25.92,95.5668,77.67,1229.300048828125,1114.6099853515625,86.08000183105469,223.33999633789065,86.041
2010-06-17,1212.8,25.05,95.4973,76.82,1247.5,1116.0400390625,85.69000244140625,223.4499969482422,86.041
2010-06-18,1202.55,23.95,95.2981,77.18,1257.199951171875,1117.510009765625,85.69999694824219,223.7700042724609,86.041
2010-06-19,,,,,,,,,86.041
2010-06-20,,,,,,,,,86.041
2010-06-21,1173.6,24.88,94.8505,77.84,1239.699951171875,1113.199951171875,85.93000030517578,227.69000244140625,86.041
2010-06-22,1182.95,27.05,95.1165,77.15,1239.9000244140625,1095.31005859375,86.11000061035156,226.4499969482422,86.041
2010-06-23,1187.1,26.91,95.4853,75.9,1234.0999755859375,1092.0400390625,85.73999786376953,225.58999633789065,86.041
2010-06-24,1188.9,29.74,95.6194,75.96,1245.5,1073.68994140625,85.7300033569336,227.4499969482422,86.041
2010-06-25,1215.1,28.53,95.4582,78.45,1255.800048828125,1076.760009765625,85.30999755859375,225.6300048828125,86.041
2010-06-26,,,,,,,,,86.041
2010-06-27,,,,,,,,,86.041
2010-06-28,1202.85,29.0,95.2696,78.26,1238.199951171875,1074.5699462890625,85.6500015258789,225.5500030517578,86.041
2010-06-29,1216.85,34.13,96.0199,75.93,1242.0,1041.239990234375,86.02999877929688,,86.041
2010-06-30,1220.85,34.54,95.9934,75.59,1245.5,1030.7099609375,86.0199966430664,220.8500061035156,86.041
2010-07-01,1227.0,32.86,95.8018,72.95,1206.300048828125,1027.3699951171875,84.72000122070312,218.6499938964844,86.214
2010-07-02,1228.5,30.12,95.6345,72.06,1207.4000244140625,1022.5800170898438,84.43000030517578,217.00999450683597,86.214
2010-07-03,,,,,,,,,86.214
2010-07-04,,,,,,,,,86.214
2010-07-05,,,,,,,,,86.214
2010-07-06,1222.0,29.65,95.1069,71.96,1194.800048828125,1028.06005859375,84.08000183105469,219.1199951171875,86.214
2010-07-07,1221.55,26.84,95.1795,74.05,1198.5999755859375,1060.27001953125,83.81999969482422,217.4499969482422,86.214
2010-07-08,1209.4,25.71,94.7734,75.46,1195.800048828125,1070.25,83.81999969482422,220.77999877929688,86.214
2010-07-09,1197.5,24.98,94.683,76.08,1209.5999755859375,1077.9599609375,83.94999694824219,224.44000244140625,86.214
2010-07-10,,,,,,,,,86.214
2010-07-11,,,,,,,,,86.214
2010-07-12,1203.35,24.43,94.9598,74.93,1198.5,1078.75,84.19999694824219,225.8600006103516,86.214
2010-07-13,1212.5,24.56,94.3856,77.16,1213.300048828125,1095.3399658203125,83.63999938964844,226.13999938964844,86.214
2010-07-14,1201.55,24.89,94.3247,77.02,1206.800048828125,1095.1700439453125,83.43000030517578,229.2700042724609,86.214
2010-07-15,1201.5,25.14,94.1988,76.67,1208.0999755859375,1096.47998046875,82.55999755859375,228.38999938964844,86.214
2010-07-16,1202.5,26.25,94.5061,75.96,1188.0,1064.8800048828125,82.48999786376953,226.33999633789065,86.214
2010-07-17,,,,,,,,,86.214
2010-07-18,,,,,,,,,86.214
2010-07-19,1216.0,25.97,94.602,76.53,1181.699951171875,1071.25,82.51000213623047,225.32000732421875,86.214
2010-07-20,1206.4,23.93,94.542,77.32,1191.5,1083.47998046875,82.75,225.83999633789065,86.214
2010-07-21,1203.5,25.64,94.4496,76.27,1191.5999755859375,1069.5899658203125,83.38999938964844,227.8800048828125,86.214
2010-07-22,1202.95,24.63,94.1135,79.01,1195.5,1093.6700439453125,82.5999984741211,226.22999572753903,86.214
2010-07-23,1198.5,23.47,94.1431,78.68,1187.699951171875,1102.6600341796875,82.45999908447266,229.5,86.214
2010-07-24,,,,,,,,,86.214
2010-07-25,,,,,,,,,86.214
2010-07-26,1191.0,22.73,93.7556,78.93,1183.0,1115.010009765625,82.08999633789062,230.8699951171875,86.214
2010-07-27,1181.95,23.19,93.7583,77.46,1158.0,1113.8399658203125,82.18000030517578,230.92999267578125,86.214
2010-07-28,1185.0,24.25,93.7506,77.06,1160.4000244140625,1106.1300048828125,82.18000030517578,231.55999755859372,86.214
2010-07-29,1185.35,24.13,93.6004,78.3,1168.4000244140625,1101.530029296875,81.63999938964844,231.16000366210935,86.214
2010-07-30,1182.0,23.5,93.2793,78.85,1181.699951171875,1101.5999755859375,81.54000091552734,229.25,86.214
2010-07-31,,,,,,,,,86.214
2010-08-01,,,,,,,,,86.647
2010-08-02,1172.5,22.01,92.7916,81.25,1183.4000244140625,1125.8599853515625,80.94000244140625,232.22000122070312,86.647
2010-08-03,1167.2,22.63,92.6258,82.52,1185.199951171875,1120.4599609375,80.5999984741211,233.3800048828125,86.647
2010-08-04,1167.25,22.21,92.731,82.49,1193.699951171875,1127.239990234375,80.88999938964844,233.13999938964844,86.647
2010-08-05,1166.0,22.1,92.6401,82.0,1197.199951171875,1125.81005859375,80.81999969482422,232.38999938964844,86.647
2010-08-06,1161.0,21.74,92.5915,80.67,1203.4000244140625,1121.6400146484375,80.41000366210938,232.3500061035156,86.647
2010-08-07,,,,,,,,,86.647
2010-08-08,,,,,,,,,86.647
2010-08-09,1160.0,22.14,92.6726,81.46,1200.699951171875,1127.7900390625,80.70999908447266,233.13999938964844,86.647
2010-08-10,1168.6,22.37,93.2197,80.24,1196.199951171875,1121.06005859375,80.80000305175781,232.0399932861328,86.647
2010-08-11,1182.0,25.39,93.7778,78.09,1197.5,1089.469970703125,82.29000091552734,228.97999572753903,86.647
2010-08-12,1185.9,25.73,93.8905,75.68,1214.800048828125,1083.6099853515625,82.63999938964844,223.9600067138672,86.647
2010-08-13,1183.7,26.24,94.0457,75.39,1214.9000244140625,1079.25,82.94999694824219,227.00999450683597,86.647
2010-08-14,,,,,,,,,86.647
2010-08-15,,,,,,,,,86.647
2010-08-16,1186.9,26.1,93.7902,75.17,1224.5,1079.3800048828125,82.52999877929688,226.50999450683597,86.647
2010-08-17,1176.0,24.33,93.4239,75.76,1226.5999755859375,1092.5400390625,82.2300033569336,227.9600067138672,86.647
2010-08-18,1174.0,24.59,93.3719,75.39,1229.699951171875,1094.1600341796875,82.22000122070312,228.8999938964844,86.647
2010-08-19,1172.15,26.44,93.7141,74.45,1233.800048828125,1075.6300048828125,82.44999694824219,231.8800048828125,86.647
2010-08-20,1183.2,25.49,94.2087,73.45,1227.199951171875,1071.68994140625,83.05999755859375,231.1699981689453,86.647
2010-08-21,,,,,,,,,86.647
2010-08-22,,,,,,,,,86.647
2010-08-23,1181.6,25.66,94.3295,72.71,1226.9000244140625,1067.3599853515625,83.12000274658203,230.1999969482422,86.647
2010-08-24,1191.0,27.46,94.4362,71.24,1231.800048828125,1051.8699951171875,83.1500015258789,229.4199981689453,86.647
2010-08-25,1196.15,26.7,94.7372,72.07,1239.5,1055.3299560546875,83.26000213623047,225.9900054931641,86.647
2010-08-26,1190.1,27.37,94.3523,73.36,1235.4000244140625,1047.219970703125,82.93000030517578,225.38999938964844,86.647
2010-08-27,1195.1,24.45,94.3462,75.17,1236.0,1064.5899658203125,82.91999816894531,225.5200042724609,86.647
2010-08-28,,,,,,,,,86.647
2010-08-29,,,,,,,,,86.647
2010-08-30,1191.0,27.21,94.5922,74.69,1237.0999755859375,1048.9200439453125,83.16000366210938,229.6300048828125,86.647
2010-08-31,1198.0,26.05,94.7204,71.93,1248.300048828125,1049.3299560546875,83.19999694824219,226.80999755859372,86.647
2010-09-01,1184.0,23.89,94.1148,73.97,1246.300048828125,1080.2900390625,82.5199966430664,229.41000366210935,87.337
2010-09-02,1178.0,23.19,94.0852,74.99,1251.5,1090.0999755859375,82.45999908447266,230.66000366210935,87.337
2010-09-03,1173.0,21.31,93.6952,74.52,1249.199951171875,1104.510009765625,83.0999984741211,231.0399932861328,87.337
2010-09-04,,,,,,,,,87.337
2010-09-05,,,,,,,,,87.337
2010-09-06,,,,,,,,,87.337
2010-09-07,1177.0,23.8,94.042,73.98,1257.300048828125,1091.8399658203125,82.81999969482422,232.4499969482422,87.337
2010-09-08,1171.5,23.25,93.7785,74.65,1255.5999755859375,1098.8699951171875,82.58999633789062,230.94000244140625,87.337
2010-09-09,1166.75,22.81,93.7033,74.25,1248.9000244140625,1104.1800537109375,82.66999816894531,231.52999877929688,87.337
2010-09-10,1164.85,21.99,93.6768,76.4,1244.5,1109.550048828125,82.69999694824219,233.92999267578125,87.337
2010-09-11,,,,,,,,,87.337
2010-09-12,,,,,,,,,87.337
2010-09-13,1159.0,21.21,93.0767,77.17,1245.0999755859375,1121.9000244140625,81.91000366210938,236.33999633789065,87.337
2010-09-14,1159.5,21.56,92.6182,76.78,1269.699951171875,1121.0999755859375,81.08000183105469,235.97999572753903,87.337
2010-09-15,1158.0,22.1,92.9313,75.92,1266.699951171875,1125.0699462890625,81.48999786376953,237.13999938964844,87.337
2010-09-16,1161.0,21.72,92.9108,74.58,1271.9000244140625,1124.6600341796875,81.23999786376953,235.3699951171875,87.337
2010-09-17,1160.0,22.01,92.9418,73.63,1275.5999755859375,1125.5899658203125,81.4000015258789,237.63999938964844,87.337
2010-09-18,,,,,,,,,87.337
2010-09-19,,,,,,,,,87.337
2010-09-20,1160.5,21.5,92.7496,74.81,1279.0,1142.7099609375,81.33999633789062,238.2899932861328,87.337
2010-09-21,1160.0,22.35,92.6684,72.96,1272.4000244140625,1139.780029296875,80.44000244140625,,87.337
2010-09-22,1150.0,22.51,92.0647,72.98,1290.199951171875,1134.280029296875,79.83000183105469,,87.337
2010-09-23,1150.65,23.87,92.0233,73.4,1294.300048828125,1124.8299560546875,80.01000213623047,,87.337
2010-09-24,1154.2,21.71,91.5996,74.63,1296.0,1148.6700439453125,79.38999938964844,239.8000030517578,87.337
2010-09-25,,,,,,,,,87.337
2010-09-26,,,,,,,,,87.337
2010-09-27,1146.0,22.54,91.4803,76.51,1296.699951171875,1142.1600341796875,79.33999633789062,241.3800048828125,87.337
2010-09-28,1145.5,22.6,91.3493,76.15,1306.5999755859375,1147.699951171875,79.01000213623047,240.58999633789065,87.337
2010-09-29,1139.0,23.25,91.1632,77.85,1308.5,1144.72998046875,78.69000244140625,242.2700042724609,87.337
2010-09-30,1140.1,23.7,91.3415,79.95,1307.800048828125,1141.199951171875,78.72000122070312,242.9499969482422,87.337
2010-10-01,1130.25,22.5,90.836,81.57,1316.0999755859375,1146.239990234375,78.08999633789062,243.4900054931641,87.337
2010-10-02,,,,,,,,,87.337
2010-10-03,,,,,,,,,87.337
2010-10-04,1122.25,23.53,91.0015,81.43,1315.4000244140625,1137.030029296875,78.44999694824219,243.9900054931641,87.337
2010-10-05,1129.85,21.76,90.5622,82.83,1338.9000244140625,1160.75,77.75,244.22000122070312,87.337
2010-10-06,1117.4,21.49,90.1411,83.21,1346.4000244140625,1159.969970703125,77.38999938964844,247.6999969482422,87.337
2010-10-07,1114.0,21.56,90.286,81.34,1333.9000244140625,1158.06005859375,77.38999938964844,247.22000122070312,87.337
2010-10-08,1120.7,20.71,90.1133,82.66,1344.199951171875,1165.1500244140625,77.31999969482422,246.50999450683597,87.337
2010-10-09,,,,,,,,,87.337
2010-10-10,,,,,,,,,87.337
2010-10-11,,18.96,,82.18,1353.300048828125,1165.3199462890625,77.44000244140625,245.44000244140625,87.337
2010-10-12,1130.15,18.93,90.2203,81.67,1345.699951171875,1169.77001953125,77.36000061035156,242.3500061035156,87.337
2010-10-13,1119.0,19.07,89.7779,83.03,1369.5,1178.0999755859375,77.06999969482422,242.9900054931641,87.337
2010-10-14,1110.4,19.88,89.5228,82.71,1376.699951171875,1173.81005859375,76.6500015258789,246.25,87.337
2010-10-15,1109.6,19.03,89.6815,81.23,1371.0999755859375,1176.18994140625,77.04000091552734,246.55999755859372,87.337
2010-10-16,,,,,,,,,87.337
2010-10-17,,,,,,,,,87.337
2010-10-18,1115.0,19.09,89.8484,83.06,1371.199951171875,1184.7099609375,76.93000030517578,242.63999938964844,87.337
2010-10-19,1126.7,20.63,90.5499,79.57,1335.0999755859375,1165.9000244140625,78.18000030517578,240.1100006103516,87.337
2010-10-20,1124.9,19.79,90.1446,81.93,1343.300048828125,1178.1700439453125,77.16999816894531,241.7899932861328,87.337
2010-10-21,1128.4,19.27,90.138,80.03,1324.699951171875,1180.260009765625,77.41999816894531,242.52999877929688,87.337
2010-10-22,1125.6,18.78,90.4063,81.15,1324.4000244140625,1183.0799560546875,77.47000122070312,245.83999633789065,87.337
2010-10-23,,,,,,,,,87.337
2010-10-24,,,,,,,,,87.337
2010-10-25,1115.6,19.85,89.9328,82.0,1338.300048828125,1185.6199951171875,77.0999984741211,248.16000366210935,87.337
2010-10-26,1122.0,20.22,90.2818,82.6,1338.0,1185.6400146484375,77.70999908447266,248.3800048828125,87.337
2010-10-27,1130.0,20.71,90.8038,81.9,1322.199951171875,1182.449951171875,78.1500015258789,246.6100006103516,87.337
2010-10-28,1123.0,20.88,90.2407,82.2,1342.0999755859375,1183.780029296875,77.30999755859375,246.41000366210935,87.337
2010-10-29,1124.0,21.2,90.0935,81.45,1357.0999755859375,1183.260009765625,77.2699966430664,242.97999572753903,87.337
2010-10-30,,,,,,,,,87.337
2010-10-31,,,,,,,,,87.337
2010-11-01,1116.73,21.83,90.0307,82.94,1350.199951171875,1184.3800048828125,77.30000305175781,247.41000366210935,86.906
2010-11-02,1111.0,21.57,89.6847,83.91,1356.4000244140625,1193.5699462890625,76.72000122070312,247.92999267578125,86.906
2010-11-03,1109.8,19.56,89.7079,84.45,1337.0999755859375,1197.9599609375,76.4800033569336,249.9900054931641,86.906
2010-11-04,1106.53,18.52,88.9831,86.49,1382.699951171875,1221.06005859375,75.87999725341797,251.1199951171875,86.906
2010-11-05,1107.7,18.26,89.2441,86.85,1397.300048828125,1225.8499755859375,76.55000305175781,251.22000122070312,86.906
2010-11-06,,,,,,,,,86.906
2010-11-07,,,,,,,,,86.906
2010-11-08,1114.0,18.29,89.5711,87.07,1402.800048828125,1223.25,77.02999877929688,251.72999572753903,86.906
2010-11-09,1111.4,19.08,89.558,87.04,1409.800048828125,1213.4000244140625,77.44000244140625,252.07000732421875,86.906
2010-11-10,1109.6,18.47,89.9056,87.77,1399.0999755859375,1218.7099609375,77.62999725341797,255.1300048828125,86.906
2010-11-11,,18.64,,87.77,1403.0999755859375,1213.5400390625,78.22000122070312,247.50999450683597,86.906
2010-11-12,1127.2,20.61,90.1701,84.89,1365.4000244140625,1199.2099609375,78.08000183105469,248.3500061035156,86.906
2010-11-13,,,,,,,,,86.906
2010-11-14,,,,,,,,,86.906
2010-11-15,1134.7,20.2,90.4331,84.88,1368.4000244140625,1197.75,78.5199966430664,249.22000122070312,86.906
2010-11-16,1129.8,22.58,91.1102,82.33,1338.300048828125,1178.3399658203125,79.20999908447266,247.83999633789065,86.906
2010-11-17,1143.75,21.76,90.9282,80.43,1336.800048828125,1178.5899658203125,79.08000183105469,,86.906
2010-11-18,1129.9,18.75,90.649,81.88,1352.9000244140625,1196.68994140625,78.62000274658203,251.1499938964844,86.906
2010-11-19,1131.15,18.04,90.6986,81.65,1352.199951171875,1199.72998046875,78.5,253.0399932861328,86.906
2010-11-20,,,,,,,,,86.906
2010-11-21,,,,,,,,,86.906
2010-11-22,1126.0,18.37,90.7023,81.24,1357.699951171875,1197.8399658203125,78.68000030517578,254.0,86.906
2010-11-23,1162.0,20.63,91.4318,80.79,1377.5,1180.72998046875,79.68000030517578,252.1199951171875,86.906
2010-11-24,1146.0,19.56,91.2179,83.21,1372.9000244140625,1198.3499755859375,79.87000274658203,252.3800048828125,86.906
2010-11-25,,,,,,,,,86.906
2010-11-26,1153.95,22.22,91.8152,83.87,1362.300048828125,1189.4000244140625,80.36000061035156,249.30999755859372,86.906
2010-11-27,,,,,,,,,86.906
2010-11-28,,,,,,,,,86.906
2010-11-29,1164.05,21.53,92.1997,85.73,1366.0,1187.760009765625,80.83999633789062,248.9199981689453,86.906
2010-11-30,1157.2,23.54,92.1494,84.12,1385.0,1180.550048828125,81.19999694824219,249.63999938964844,86.906
2010-12-01,1149.0,21.36,91.6799,86.75,1387.300048828125,1206.0699462890625,80.70999908447266,252.8000030517578,87.251
2010-12-02,1148.0,19.39,91.2651,87.98,1388.5,1221.530029296875,80.30000305175781,256.0199890136719,87.251
2010-12-03,1136.5,18.01,90.8788,89.18,1405.4000244140625,1224.7099609375,79.37999725341797,257.6499938964844,87.251
2010-12-04,,,,,,,,,87.251
2010-12-05,,,,,,,,,87.251
2010-12-06,1136.7,18.02,91.0167,89.33,1415.300048828125,1223.1199951171875,79.56999969482422,257.32000732421875,87.251
2010-12-07,1130.0,17.99,90.9732,88.69,1408.300048828125,1223.75,79.86000061035156,258.6300048828125,87.251
2010-12-08,1142.5,17.74,91.3376,88.3,1382.5,1228.280029296875,80.0,257.510009765625,87.251
2010-12-09,1140.0,17.25,91.3923,88.35,1392.0999755859375,1233.0,80.06999969482422,262.32000732421875,87.251
2010-12-10,1143.0,17.61,91.2831,87.81,1384.300048828125,1240.4000244140625,80.06999969482422,261.739990234375,87.251
2010-12-11,,,,,,,,,87.251
2010-12-12,,,,,,,,,87.251
2010-12-13,1144.9,17.55,90.8837,88.62,1397.300048828125,1240.4599609375,79.27999877929688,263.3099975585937,87.251
2010-12-14,1139.0,17.61,90.764,88.33,1403.5999755859375,1241.5899658203125,79.37000274658203,265.1300048828125,87.251
2010-12-15,1154.95,17.94,91.094,88.66,1385.5,1235.22998046875,80.26000213623047,265.95001220703125,87.251
2010-12-16,1155.0,17.39,91.3773,87.71,1370.4000244140625,1242.8699951171875,80.18000030517578,264.9200134277344,87.251
2010-12-17,1155.05,16.11,91.5555,88.02,1378.5999755859375,1243.9100341796875,80.37000274658203,267.6700134277344,87.251
2010-12-18,,,,,,,,,87.251
2010-12-19,,,,,,,,,87.251
2010-12-20,1154.1,16.41,91.6398,88.68,1385.5,1247.0799560546875,80.62999725341797,267.4200134277344,87.251
2010-12-21,1155.15,16.49,91.519,89.3,1388.199951171875,1254.5999755859375,80.72000122070312,269.3099975585937,87.251
2010-12-22,1153.9,15.45,91.429,89.83,1386.800048828125,1258.8399658203125,80.7300033569336,269.6000061035156,87.251
2010-12-23,1151.9,16.47,91.3013,90.84,1380.0,1256.77001953125,80.5,269.6199951171875,87.251
2010-12-24,,,,,,,,268.5,87.251
2010-12-25,,,,,,,,,87.251
2010-12-26,,,,,,,,,87.251
2010-12-27,1148.9,17.67,91.1963,90.99,1382.4000244140625,1257.5400390625,80.37000274658203,267.3500061035156,87.251
2010-12-28,1143.0,17.52,90.9848,91.48,1405.199951171875,1258.510009765625,80.36000061035156,269.0400085449219,87.251
2010-12-29,1143.0,17.28,90.7669,91.13,1413.0999755859375,1259.780029296875,79.80000305175781,270.44000244140625,87.251
2010-12-30,1130.6,17.52,90.5146,89.85,1405.5999755859375,1257.8800048828125,79.5199966430664,271.19000244140625,87.251
2010-12-31,,17.75,,91.38,1421.0999755859375,1257.6400146484375,79.02999877929688,,87.251
2011-01-01,,,,,,,,,88.288
2011-01-02,,,,,,,,,88.288
2011-01-03,1124.3,17.61,89.9524,91.59,1422.5999755859375,1271.8699951171875,79.12999725341797,273.8099975585937,88.288
2011-01-04,1124.2,17.38,90.3277,89.39,1378.5,1270.199951171875,79.44000244140625,275.7799987792969,88.288
2011-01-05,1127.3,17.02,90.5715,90.3,1373.4000244140625,1276.56005859375,80.26000213623047,275.3500061035156,88.288
2011-01-06,1121.0,17.4,90.9125,88.37,1371.4000244140625,1273.8499755859375,80.79000091552734,274.7200012207031,88.288
2011-01-07,1120.2,17.14,91.0001,88.07,1368.5,1271.5,81.01000213623047,275.6099853515625,88.288
2011-01-08,,,,,,,,,88.288
2011-01-09,,,,,,,,,88.288
2011-01-10,1128.1,17.54,91.03,89.24,1373.699951171875,1269.75,80.87999725341797,273.989990234375,88.288
2011-01-11,1124.0,16.89,90.8431,91.11,1384.0,1274.47998046875,80.8499984741211,275.1000061035156,88.288
2011-01-12,1111.6,16.24,90.4111,91.85,1385.699951171875,1285.9599609375,80.02999877929688,276.1700134277344,88.288
2011-01-13,1111.2,16.39,89.9019,91.39,1386.9000244140625,1283.760009765625,79.19000244140625,275.5199890136719,88.288
2011-01-14,1114.55,15.46,90.0461,91.53,1360.4000244140625,1293.239990234375,79.16000366210938,278.1700134277344,88.288
2011-01-15,,,,,,,,,88.288
2011-01-16,,,,,,,,,88.288
2011-01-17,,,,,,,,277.04998779296875,88.288
2011-01-18,1111.0,15.87,89.821,91.38,1368.0999755859375,1295.02001953125,78.95999908447266,276.6000061035156,88.288
2011-01-19,1113.2,17.31,89.6948,90.85,1370.199951171875,1281.9200439453125,78.63999938964844,279.25,88.288
2011-01-20,1124.1,17.99,90.1316,88.56,1346.5,1280.260009765625,78.81999969482422,277.75,88.288
2011-01-21,1118.0,18.47,89.7204,88.22,1341.0,1283.3499755859375,78.20999908447266,272.6700134277344,88.288
2011-01-22,,,,,,,,,88.288
2011-01-23,,,,,,,,,88.288
2011-01-24,1118.0,17.65,89.5375,86.74,1344.5,1290.8399658203125,78.05000305175781,274.5,88.288
2011-01-25,1121.6,17.59,89.7279,85.08,1332.300048828125,1291.1800537109375,78.0,275.17999267578125,88.288
2011-01-26,1116.0,16.64,89.5091,86.15,1333.0,1296.6300048828125,77.9000015258789,278.8099975585937,88.288
2011-01-27,1114.3,16.15,89.5728,84.45,1318.4000244140625,1299.5400390625,77.7300033569336,279.20001220703125,88.288
2011-01-28,1115.6,20.04,89.8189,88.15,1340.699951171875,1276.3399658203125,78.12999725341797,278.45001220703125,88.288
2011-01-29,,,,,,,,,88.288
2011-01-30,,,,,,,,,88.288
2011-01-31,1119.1,19.53,89.694,90.99,1333.800048828125,1286.1199951171875,77.73999786376953,273.1199951171875,88.288
2011-02-01,1113.6,17.63,89.1436,89.54,1339.5999755859375,1307.5899658203125,77.06999969482422,273.45001220703125,88.892
2011-02-02,1113.6,17.3,89.0737,89.78,1331.5,1304.030029296875,77.16000366210938,,88.892
2011-02-03,1113.6,16.69,89.2522,89.42,1352.300048828125,1307.0999755859375,77.75,,88.892
2011-02-04,1113.6,15.93,89.391,87.87,1348.300048828125,1310.8699951171875,78.04000091552734,,88.892
2011-02-05,,,,,,,,,88.892
2011-02-06,,,,,,,,,88.892
2011-02-07,1103.6,16.28,89.3556,86.3,1347.5999755859375,1319.050048828125,78.02999877929688,274.8999938964844,88.892
2011-02-08,1100.9,15.81,89.1241,85.85,1363.4000244140625,1324.5699462890625,78.0,273.1600036621094,88.892
2011-02-09,1107.4,15.87,89.4166,85.59,1364.800048828125,1320.8800048828125,77.63999938964844,269.8999938964844,88.892
2011-02-10,1120.9,16.09,89.6266,85.44,1361.9000244140625,1321.8699951171875,78.25,264.57000732421875,88.892
2011-02-11,1126.3,15.69,89.8784,84.39,1359.9000244140625,1329.1500244140625,78.45999908447266,260.3999938964844,88.892
2011-02-12,,,,,,,,,88.892
2011-02-13,,,,,,,,,88.892
2011-02-14,1125.9,15.95,89.8543,83.66,1364.5999755859375,1332.3199462890625,78.61000061035156,,88.892
2011-02-15,1121.3,16.37,89.8871,83.13,1373.5999755859375,1328.010009765625,78.56999969482422,265.3999938964844,88.892
2011-02-16,1115.3,16.72,89.7059,83.8,1374.699951171875,1336.3199462890625,78.22000122070312,262.5599975585937,88.892
2011-02-17,1114.5,16.59,89.4102,85.05,1384.699951171875,1340.4300537109375,78.0,261.2300109863281,88.892
2011-02-18,1111.0,16.43,89.1974,85.03,1388.199951171875,1343.010009765625,77.66000366210938,265.79998779296875,88.892
2011-02-19,,,,,,,,,88.892
2011-02-20,,,,,,,,,88.892
2011-02-21,,,,,,,,,88.892
2011-02-22,1125.35,20.8,89.4617,92.65,1400.5,1315.43994140625,77.7699966430664,260.1300048828125,88.892
2011-02-23,1125.2,22.13,89.4186,96.04,1413.4000244140625,1307.4000244140625,77.41000366210938,259.2099914550781,88.892
2011-02-24,1130.55,21.32,89.2346,95.83,1415.300048828125,1306.0999755859375,77.05999755859375,257.69000244140625,88.892
2011-02-25,1125.0,19.22,89.1664,96.52,1408.699951171875,1319.8800048828125,77.27999877929688,259.2799987792969,88.892
2011-02-26,,,,,,,,,88.892
2011-02-27,,,,,,,,,88.892
2011-02-28,1123.7,18.35,88.9391,97.1,1409.300048828125,1327.219970703125,76.88999938964844,256.3599853515625,88.892
2011-03-01,1123.5,21.01,88.831,99.63,1430.699951171875,1306.3299560546875,77.05000305175781,,89.238
2011-03-02,1121.0,20.7,88.7317,102.27,1437.199951171875,1308.43994140625,76.66999816894531,254.9600067138672,89.238
2011-03-03,1115.4,18.6,88.637,101.92,1416.0,1330.969970703125,76.4800033569336,260.4800109863281,89.238
2011-03-04,1117.5,19.06,88.4898,104.34,1428.199951171875,1321.1500244140625,76.4000015258789,265.4200134277344,89.238
2011-03-05,,,,,,,,,89.238
2011-03-06,,,,,,,,,89.238
2011-03-07,1115.35,20.66,88.5207,105.37,1434.0999755859375,1310.1300048828125,76.5,261.44000244140625,89.238
2011-03-08,1115.0,19.82,88.6454,105.06,1426.9000244140625,1321.8199462890625,76.80000305175781,,89.238
2011-03-09,1114.45,20.22,88.5328,104.39,1429.300048828125,1320.02001953125,76.72000122070312,263.79998779296875,89.238
2011-03-10,1123.7,21.88,88.8698,102.73,1412.199951171875,1295.1099853515625,77.27999877929688,260.5899963378906,89.238
2011-03-11,1126.0,20.08,88.691,101.14,1421.5,1304.280029296875,76.77999877929688,256.8299865722656,89.238
2011-03-12,,,,,,,,,89.238
2011-03-13,,,,,,,,,89.238
2011-03-14,1127.0,21.13,88.5191,101.2,1424.5999755859375,1296.3900146484375,76.3499984741211,260.69000244140625,89.238
2011-03-15,1135.6,24.32,88.7845,97.23,1392.5999755859375,1281.8699951171875,76.33000183105469,254.2899932861328,89.238
2011-03-16,1132.6,29.4,88.9785,97.99,1396.0,1256.8800048828125,76.68000030517578,259.44000244140625,89.238
2011-03-17,1133.1,26.37,88.6549,101.47,1404.0,1273.719970703125,76.04000091552734,259.79998779296875,89.238
2011-03-18,1126.0,24.44,88.5221,101.06,1415.9000244140625,1279.2099609375,75.72000122070312,262.3900146484375,89.238
2011-03-19,,,,,,,,,89.238
2011-03-20,,,,,,,,,89.238
2011-03-21,1121.5,20.61,88.2032,102.36,1426.199951171875,1298.3800048828125,75.4000015258789,264.8900146484375,89.238
2011-03-22,1120.6,20.21,88.0665,104.53,1427.5,1293.77001953125,75.43000030517578,266.04998779296875,89.238
2011-03-23,1124.1,19.17,88.3328,105.21,1437.9000244140625,1297.5400390625,75.79000091552734,265.6700134277344,89.238
2011-03-24,1118.6,18.0,88.0592,105.04,1434.800048828125,1309.6600341796875,75.66000366210938,268.92999267578125,89.238
2011-03-25,1110.7,17.91,88.1716,104.89,1426.0999755859375,1313.800048828125,76.22000122070312,271.6600036621094,89.238
2011-03-26,,,,,,,,,89.238
2011-03-27,,,,,,,,,89.238
2011-03-28,1111.5,19.44,88.3058,103.54,1419.800048828125,1310.18994140625,76.12999725341797,272.1300048828125,89.238
2011-03-29,1112.2,18.16,88.3991,104.34,1416.0,1319.43994140625,76.25,274.2200012207031,89.238
2011-03-30,1100.5,17.71,88.2298,103.8,1423.800048828125,1328.260009765625,76.12000274658203,277.0400085449219,89.238
2011-03-31,1097.25,17.74,88.0299,106.19,1438.9000244140625,1325.8299560546875,75.86000061035156,278.8699951171875,89.238
2011-04-01,1086.7,17.4,87.7993,107.55,1428.0999755859375,1332.4100341796875,75.83000183105469,280.7300109863281,89.325
2011-04-02,,,,,,,,,89.325
2011-04-03,,,,,,,,,89.325
2011-04-04,1086.45,17.5,87.8406,108.14,1432.199951171875,1332.8699951171875,75.91000366210938,280.010009765625,89.325
2011-04-05,1086.5,17.25,87.7483,107.82,1451.800048828125,1332.6300048828125,75.87999725341797,282.0299987792969,89.325
2011-04-06,1084.0,16.9,87.4913,108.38,1457.699951171875,1335.5400390625,75.51000213623047,281.3500061035156,89.325
2011-04-07,1088.6,17.11,87.532,109.82,1458.5,1333.510009765625,75.58999633789062,280.45001220703125,89.325
2011-04-08,1082.0,17.87,87.1493,112.27,1473.4000244140625,1328.1700439453125,75.06999969482422,281.04998779296875,89.325
2011-04-09,,,,,,,,,89.325
2011-04-10,,,,,,,,,89.325
2011-04-11,1085.5,16.59,87.094,109.5,1467.4000244140625,1324.4599609375,75.05999755859375,280.489990234375,89.325
2011-04-12,1091.8,17.09,87.2943,105.75,1452.9000244140625,1314.1600341796875,74.8499984741211,276.1300048828125,89.325
2011-04-13,1086.3,16.92,87.2093,106.6,1454.9000244140625,1314.4100341796875,74.9800033569336,280.67999267578125,89.325
2011-04-14,1086.55,16.27,87.0802,107.73,1471.699951171875,1314.52001953125,74.68000030517578,283.1499938964844,89.325
2011-04-15,1087.0,15.32,87.005,109.17,1485.300048828125,1319.6800537109375,74.83000183105469,282.79998779296875,89.325
2011-04-16,,,,,,,,,89.325
2011-04-17,,,,,,,,,89.325
2011-04-18,1088.0,16.96,87.5081,106.7,1492.300048828125,1305.1400146484375,75.5,282.1400146484375,89.325
2011-04-19,1085.7,15.83,87.0791,107.18,1494.5,1312.6199951171875,75.02999877929688,280.42999267578125,89.325
2011-04-20,1076.5,15.07,86.5642,110.84,1498.300048828125,1330.3599853515625,74.37000274658203,287.19000244140625,89.325
2011-04-21,1079.5,14.69,86.2256,111.72,1503.199951171875,1337.3800048828125,74.0,291.1600036621094,89.325
2011-04-22,1080.8,,86.3742,,,,,290.8399963378906,89.325
2011-04-23,,,,,,,,,89.325
2011-04-24,,,,,,,,,89.325
2011-04-25,1081.1,15.77,86.4026,111.68,1508.5999755859375,1335.25,73.98999786376953,292.69000244140625,89.325
2011-04-26,1083.6,15.62,86.2576,111.72,1503.0,1347.239990234375,73.83999633789062,291.3800048828125,89.325
2011-04-27,1078.8,15.35,86.2519,112.31,1516.699951171875,1355.6600341796875,73.5199966430664,292.0799865722656,89.325
2011-04-28,1072.9,14.62,85.8419,112.38,1530.800048828125,1360.47998046875,73.12000274658203,292.1499938964844,89.325
2011-04-29,1068.4,14.75,85.5999,113.39,1556.0,1363.6099853515625,72.93000030517578,290.3900146484375,89.325
2011-04-30,,,,,,,,,89.325
2011-05-01,,,,,,,,,89.497
2011-05-02,1065.5,15.99,85.5199,113.03,1556.699951171875,1361.219970703125,72.94999694824219,295.3500061035156,89.497
2011-05-03,1071.3,16.7,85.6352,110.6,1540.0999755859375,1356.6199951171875,73.13999938964844,291.6499938964844,89.497
2011-05-04,1076.3,17.08,85.8917,108.79,1514.9000244140625,1347.3199462890625,73.02999877929688,288.4599914550781,89.497
2011-05-05,1081.3,18.2,86.508,99.89,1480.9000244140625,1335.0999755859375,74.19000244140625,,89.497
2011-05-06,1085.1,18.4,86.4575,96.87,1491.199951171875,1340.199951171875,74.83999633789062,283.67999267578125,89.497
2011-05-07,,,,,,,,,89.497
2011-05-08,,,,,,,,,89.497
2011-05-09,1081.0,17.16,86.8346,100.32,1502.9000244140625,1346.2900390625,74.73999786376953,282.5899963378906,89.497
2011-05-10,1082.2,15.91,86.6518,103.39,1516.5999755859375,1357.1600341796875,74.61000061035156,,89.497
2011-05-11,1076.0,16.95,86.7195,97.88,1501.0999755859375,1342.0799560546875,75.33000183105469,286.29998779296875,89.497
2011-05-12,1088.0,16.03,87.0767,98.53,1506.5999755859375,1348.6500244140625,75.23999786376953,280.0199890136719,89.497
2011-05-13,1086.8,17.07,87.4176,99.21,1493.4000244140625,1337.77001953125,75.76000213623047,279.5899963378906,89.497
2011-05-14,,,,,,,,,89.497
2011-05-15,,,,,,,,,89.497
2011-05-16,1091.7,18.24,87.3311,96.91,1490.4000244140625,1329.469970703125,75.47000122070312,277.2200012207031,89.497
2011-05-17,1088.3,17.55,87.6307,96.4,1479.800048828125,1328.97998046875,75.4000015258789,277.1499938964844,89.497
2011-05-18,1087.6,16.23,87.295,99.52,1495.5999755859375,1340.6800537109375,75.47000122070312,281.760009765625,89.497
2011-05-19,1086.0,15.52,87.2638,97.99,1492.199951171875,1343.5999755859375,75.12000274658203,276.4700012207031,89.497
2011-05-20,1082.7,17.43,87.3044,99.15,1508.800048828125,1333.27001953125,75.43000030517578,278.5899963378906,89.497
2011-05-21,,,,,,,,,89.497
2011-05-22,,,,,,,,,89.497
2011-05-23,1097.8,18.27,87.8941,97.06,1515.300048828125,1317.3699951171875,76.0999984741211,271.19000244140625,89.497
2011-05-24,1093.2,17.82,87.662,99.13,1523.199951171875,1316.280029296875,75.87999725341797,271.7799987792969,89.497
2011-05-25,1101.6,17.07,87.6136,100.78,1526.5999755859375,1320.469970703125,75.93000030517578,268.6199951171875,89.497
2011-05-26,1089.0,16.09,87.5588,100.18,1522.800048828125,1325.68994140625,75.55000305175781,276.3299865722656,89.497
2011-05-27,1082.2,15.98,86.9525,100.58,1536.300048828125,1331.0999755859375,74.94999694824219,277.3500061035156,89.497
2011-05-28,,,,,,,,,89.497
2011-05-29,,,,,,,,,89.497
2011-05-30,,,,,,,,,89.497
2011-05-31,1078.0,15.45,86.656,102.7,1535.9000244140625,1345.199951171875,74.63999938964844,282.760009765625,89.497
2011-06-01,1076.2,18.3,86.5964,100.3,1542.4000244140625,1314.550048828125,74.68000030517578,282.75,89.67
2011-06-02,1081.4,18.09,86.8435,100.41,1532.0,1312.93994140625,74.33000183105469,278.760009765625,89.67
2011-06-03,1077.0,17.95,86.4234,100.28,1541.699951171875,1300.1600341796875,73.77999877929688,278.8399963378906,89.67
2011-06-04,,,,,,,,,89.67
2011-06-05,,,,,,,,,89.67
2011-06-06,1078.55,18.49,86.4669,99.07,1546.5,1286.1700439453125,73.94999694824219,,89.67
2011-06-07,1081.8,18.07,86.3627,99.18,1543.300048828125,1284.93994140625,73.5199966430664,276.9700012207031,89.67
2011-06-08,1080.0,18.79,86.5714,100.77,1538.0999755859375,1279.56005859375,73.93000030517578,274.4599914550781,89.67
2011-06-09,1082.8,17.77,86.5913,101.95,1542.0999755859375,1289.0,74.19000244140625,272.44000244140625,89.67
2011-06-10,1084.0,18.86,87.042,99.3,1528.5999755859375,1270.97998046875,74.79000091552734,269.0400085449219,89.67
2011-06-11,,,,,,,,,89.67
2011-06-12,,,,,,,,,89.67
2011-06-13,1085.2,19.61,87.0579,97.2,1515.0,1271.8299560546875,74.51000213623047,269.7900085449219,89.67
2011-06-14,1082.4,18.26,86.6771,99.37,1523.800048828125,1287.8699951171875,74.33000183105469,273.6700134277344,89.67
2011-06-15,1083.0,21.32,87.3342,94.83,1525.5999755859375,1265.4200439453125,75.5999984741211,274.5299987792969,89.67
2011-06-16,1091.15,22.73,87.6917,94.95,1529.300048828125,1267.6400146484375,75.75,268.8800048828125,89.67
2011-06-17,1085.8,21.85,87.2179,93.02,1538.5999755859375,1271.5,74.98999786376953,266.2200012207031,89.67
2011-06-18,,,,,,,,,89.67
2011-06-19,,,,,,,,,89.67
2011-06-20,1082.25,19.99,87.1908,93.23,1541.5,1278.3599853515625,75.02999877929688,264.3900146484375,89.67
2011-06-21,1078.45,18.86,86.857,93.7,1546.0,1295.52001953125,74.54000091552734,268.6499938964844,89.67
2011-06-22,1073.85,18.52,86.8067,94.96,1552.9000244140625,1287.1400146484375,74.77999877929688,270.7099914550781,89.67
2011-06-23,1082.85,19.29,87.455,90.7,1520.0999755859375,1283.5,75.44999694824219,269.3399963378906,89.67
2011-06-24,1078.7,21.1,87.5014,90.89,1500.5,1268.449951171875,75.66999816894531,274.3099975585937,89.67
2011-06-25,,,,,,,,,89.67
2011-06-26,,,,,,,,,89.67
2011-06-27,1084.95,20.56,87.5225,90.65,1496.0,1280.0999755859375,75.38999938964844,271.44000244140625,89.67
2011-06-28,1080.3,19.17,87.2178,92.9,1499.699951171875,1296.6700439453125,75.05999755859375,270.4100036621094,89.67
2011-06-29,1073.0,17.27,86.8014,94.85,1509.9000244140625,1307.4100341796875,74.69000244140625,274.6099853515625,89.67
2011-06-30,1066.3,16.52,86.4786,95.3,1502.300048828125,1320.6400146484375,74.30000305175781,275.1700134277344,89.67
2011-07-01,1065.05,15.87,86.3613,94.81,1482.300048828125,1339.6700439453125,74.3499984741211,278.7699890136719,90.102
2011-07-02,,,,,,,,,90.102
2011-07-03,,,,,,,,,90.102
2011-07-04,,,,,,,,,90.102
2011-07-05,1065.0,16.06,86.4253,96.92,1512.300048828125,1337.8800048828125,74.69000244140625,283.8800048828125,90.102
2011-07-06,1066.5,16.34,86.6825,96.67,1528.699951171875,1339.219970703125,75.12000274658203,285.1199951171875,90.102
2011-07-07,1063.9,15.95,86.4825,98.7,1530.199951171875,1353.219970703125,74.95999908447266,286.07000732421875,90.102
2011-07-08,1056.9,15.95,86.615,96.2,1541.199951171875,1343.800048828125,75.18000030517578,286.04998779296875,90.102
2011-07-09,,,,,,,,,90.102
2011-07-10,,,,,,,,,90.102
2011-07-11,1057.6,18.39,87.1013,95.16,1548.800048828125,1319.489990234375,75.98999786376953,282.4599914550781,90.102
2011-07-12,1064.05,19.87,87.1701,97.41,1561.9000244140625,1313.6400146484375,75.80999755859375,275.8999938964844,90.102
2011-07-13,1055.1,19.91,86.5697,98.04,1585.199951171875,1317.719970703125,75.20999908447266,278.32000732421875,90.102
2011-07-14,1055.55,20.8,86.5234,95.75,1589.0,1308.8699951171875,75.25,278.0299987792969,90.102
2011-07-15,1058.0,19.53,86.5169,97.24,1589.800048828125,1316.1400146484375,75.12999725341797,279.5899963378906,90.102
2011-07-16,,,,,,,,,90.102
2011-07-17,,,,,,,,,90.102
2011-07-18,1061.85,20.95,86.9549,95.94,1602.0999755859375,1305.43994140625,75.4800033569336,276.7099914550781,90.102
2011-07-19,1059.6,19.21,86.4386,97.49,1600.9000244140625,1326.72998046875,75.22000122070312,276.5799865722656,90.102
2011-07-20,1053.95,19.09,86.2794,98.11,1596.699951171875,1325.8399658203125,74.79000091552734,280.4100036621094,90.102
2011-07-21,1054.5,17.56,85.8378,98.96,1586.800048828125,1343.800048828125,74.0199966430664,279.20001220703125,90.102
2011-07-22,1050.25,17.52,85.8623,99.53,1601.300048828125,1345.02001953125,74.19999694824219,282.5899963378906,90.102
2011-07-23,,,,,,,,,90.102
2011-07-24,,,,,,,,,90.102
2011-07-25,1053.45,19.35,85.8006,98.97,1612.0,1337.4300537109375,74.05999755859375,279.6600036621094,90.102
2011-07-26,1049.2,20.23,85.4692,99.61,1616.5999755859375,1331.93994140625,73.47000122070312,282.0400085449219,90.102
2011-07-27,1052.5,22.98,85.7126,97.4,1615.0,1304.8900146484375,74.08999633789062,282.70001220703125,90.102
2011-07-28,1051.55,23.74,85.8245,97.48,1613.4000244140625,1300.6700439453125,74.22000122070312,280.0400085449219,90.102
2011-07-29,1054.0,25.25,85.7282,95.68,1628.300048828125,1292.280029296875,73.9000015258789,277.1099853515625,90.102
2011-07-30,,,,,,,,,90.102
2011-07-31,,,,,,,,,90.102
2011-08-01,1051.3,23.66,86.0391,94.98,1619.0,1286.93994140625,74.26000213623047,282.3599853515625,90.707
2011-08-02,1052.4,24.79,86.0533,93.78,1641.9000244140625,1254.050048828125,74.51000213623047,275.3999938964844,90.707
2011-08-03,1058.85,23.38,86.0706,91.87,1663.4000244140625,1260.3399658203125,74.04000091552734,267.79998779296875,90.707
2011-08-04,1061.5,31.66,86.9299,86.75,1656.199951171875,1200.0699462890625,75.12000274658203,261.5400085449219,90.707
2011-08-05,1067.2,32.0,87.1084,86.89,1648.800048828125,1199.3800048828125,74.5999984741211,251.8999938964844,90.707
2011-08-06,,,,,,,,,90.707
2011-08-07,,,,,,,,,90.707
2011-08-08,1082.9,48.0,87.1873,81.27,1710.199951171875,1119.4599609375,74.79000091552734,242.4499969482422,90.707
2011-08-09,1087.45,35.06,87.3919,79.32,1740.0,1172.530029296875,74.61000061035156,233.5200042724609,90.707
2011-08-10,1080.1,42.99,87.3792,83.05,1781.300048828125,1120.760009765625,74.63999938964844,,90.707
2011-08-11,1078.2,39.0,87.3215,85.48,1748.800048828125,1172.6400146484375,74.68000030517578,234.13999938964844,90.707
2011-08-12,1078.9,36.36,87.177,85.19,1740.199951171875,1178.81005859375,74.61000061035156,230.3800048828125,90.707
2011-08-13,,,,,,,,,90.707
2011-08-14,,,,,,,,,90.707
2011-08-15,1078.8,31.87,86.7515,87.88,1755.5,1204.489990234375,73.83999633789062,,90.707
2011-08-16,1068.05,32.85,86.7115,86.65,1782.4000244140625,1192.760009765625,74.01000213623047,242.22999572753903,90.707
2011-08-17,1068.55,31.58,86.5518,87.58,1791.199951171875,1193.8900146484375,73.66999816894531,243.42999267578125,90.707
2011-08-18,1076.75,42.67,87.1271,82.38,1818.9000244140625,1140.6500244140625,74.23999786376953,238.30999755859372,90.707
2011-08-19,1087.2,43.05,86.8286,82.33,1848.9000244140625,1123.530029296875,73.98999786376953,222.97999572753903,90.707
2011-08-20,,,,,,,,,90.707
2011-08-21,,,,,,,,,90.707
2011-08-22,1083.15,42.44,87.0753,84.42,1888.699951171875,1123.8199462890625,74.06999969482422,219.1499938964844,90.707
2011-08-23,1077.2,36.27,86.9001,85.35,1858.300048828125,1162.3499755859375,73.87000274658203,228.1199951171875,90.707
2011-08-24,1083.65,35.9,87.1316,84.99,1754.0999755859375,1177.5999755859375,74.01000213623047,225.13999938964844,90.707
2011-08-25,1088.25,39.76,87.2306,85.15,1759.800048828125,1159.27001953125,74.27999877929688,227.0200042724609,90.707
2011-08-26,1079.5,35.59,87.0751,85.37,1794.0999755859375,1176.800048828125,73.80999755859375,229.0,90.707
2011-08-27,,,,,,,,,90.707
2011-08-28,,,,,,,,,90.707
2011-08-29,1073.45,32.28,86.8433,87.27,1788.4000244140625,1210.0799560546875,73.72000122070312,235.77999877929688,90.707
2011-08-30,1072.15,32.89,87.001,88.9,1826.699951171875,1212.9200439453125,73.94000244140625,237.63999938964844,90.707
2011-08-31,1063.9,31.62,86.7739,88.81,1828.5,1218.8900146484375,74.12999725341797,242.16000366210935,90.707
2011-09-01,1061.4,31.82,86.8512,88.93,1826.0,1204.4200439453125,74.4800033569336,242.3699951171875,90.62
2011-09-02,1064.85,33.92,87.1797,86.45,1873.699951171875,1173.969970703125,74.75,240.16000366210935,90.62
2011-09-03,,,,,,,,,90.62
2011-09-04,,,,,,,,,90.62
2011-09-05,,,,,,,,228.88999938964844,90.62
2011-09-06,1076.9,37.0,88.1645,85.99,1869.9000244140625,1165.239990234375,75.91999816894531,226.6499938964844,90.62
2011-09-07,1070.65,33.38,87.9699,89.34,1814.199951171875,1198.6199951171875,75.45999908447266,236.1199951171875,90.62
2011-09-08,1075.3,34.32,88.1162,89.05,1854.4000244140625,1185.9000244140625,76.23999786376953,238.47000122070312,90.62
2011-09-09,1077.1,38.52,88.9514,87.24,1856.4000244140625,1154.22998046875,77.19000244140625,233.3999938964844,90.62
2011-09-10,,,,,,,,,90.62
2011-09-11,,,,,,,,,90.62
2011-09-12,1076.75,38.59,89.2192,88.19,1809.9000244140625,1162.27001953125,77.56999969482422,,90.62
2011-09-13,1076.75,36.91,89.2653,90.21,1826.800048828125,1172.8699951171875,76.91000366210938,,90.62
2011-09-14,1107.45,34.6,89.419,88.91,1823.5,1188.6800537109375,76.83000183105469,225.1499938964844,90.62
2011-09-15,1113.25,31.97,89.0647,89.4,1778.5,1209.1099853515625,76.23999786376953,228.5800018310547,90.62
2011-09-16,1112.4,30.98,89.1108,87.96,1812.0999755859373,1216.010009765625,76.58000183105469,237.5,90.62
2011-09-17,,,,,,,,,90.62
2011-09-18,,,,,,,,,90.62
2011-09-19,1139.4,32.73,89.9336,85.7,1776.4000244140625,1204.0899658203125,77.38999938964844,235.32000732421875,90.62
2011-09-20,1140.0,32.86,89.8777,86.92,1806.5999755859373,1202.0899658203125,77.02999877929688,237.52999877929688,90.62
2011-09-21,1152.4,37.32,90.3453,85.77,1805.5,1166.760009765625,77.33999633789062,239.50999450683597,90.62
2011-09-22,1179.7,41.35,92.075,80.29,1739.199951171875,1129.56005859375,78.37999725341797,232.0500030517578,90.62
2011-09-23,1164.9,41.25,91.6904,79.58,1637.5,1136.4300537109375,78.30000305175781,218.6199951171875,90.62
2011-09-24,,,,,,,,,90.62
2011-09-25,,,,,,,,,90.62
2011-09-26,1181.0,39.02,91.7724,79.97,1592.5,1162.949951171875,78.36000061035156,214.17999267578125,90.62
2011-09-27,1164.5,37.71,90.8985,84.18,1650.5999755859375,1175.3800048828125,77.51000213623047,225.2899932861328,90.62
2011-09-28,1171.9,41.08,91.0227,80.94,1616.300048828125,1151.06005859375,77.8499984741211,223.82000732421875,90.62
2011-09-29,1172.6,38.84,91.3033,81.87,1615.5,1160.4000244140625,77.91999816894531,230.3699951171875,90.62
2011-09-30,1180.9,42.96,91.9998,78.93,1620.4000244140625,1131.4200439453125,78.55000305175781,230.41000366210935,90.62
2011-10-01,,,,,,,,,90.448
2011-10-02,,,,,,,,,90.448
2011-10-03,1180.0,45.45,92.5128,77.34,1656.0,1099.22998046875,79.44999694824219,,90.448
2011-10-04,1197.5,40.82,92.9508,75.4,1614.699951171875,1123.949951171875,79.5999984741211,221.92999267578125,90.448
2011-10-05,1186.5,37.81,92.3008,79.41,1640.300048828125,1144.030029296875,78.91000366210938,217.33999633789065,90.448
2011-10-06,1184.0,36.27,91.9661,82.32,1651.9000244140625,1164.969970703125,78.52999877929688,223.94000244140625,90.448
2011-10-07,1170.5,36.2,91.2469,82.7,1634.5,1155.4599609375,78.72000122070312,230.2700042724609,90.448
2011-10-08,,,,,,,,,90.448
2011-10-09,,,,,,,,,90.448
2011-10-10,,33.02,,85.14,1669.5999755859375,1194.8900146484375,77.5999984741211,230.82000732421875,90.448
2011-10-11,1171.15,32.86,90.9162,85.54,1659.699951171875,1195.5400390625,77.58000183105469,234.8000030517578,90.448
2011-10-12,1164.5,31.26,90.3378,85.3,1681.300048828125,1207.25,76.98999786376953,236.66000366210935,90.448
2011-10-13,1157.75,30.7,90.6603,83.96,1667.300048828125,1203.6600341796875,76.98999786376953,238.08999633789065,90.448
2011-10-14,1156.0,28.24,90.2116,86.8,1681.800048828125,1224.5799560546875,76.62000274658203,239.6699981689453,90.448
2011-10-15,,,,,,,,,90.448
2011-10-16,,,,,,,,,90.448
2011-10-17,1148.35,33.39,90.266,86.38,1675.5,1200.8599853515625,77.13999938964844,243.4900054931641,90.448
2011-10-18,1149.5,31.56,90.5907,88.34,1651.699951171875,1225.3800048828125,77.12999725341797,239.88999938964844,90.448
2011-10-19,1133.5,34.44,90.3317,86.11,1646.0,1209.8800048828125,77.11000061035156,242.1100006103516,90.448
2011-10-20,1147.0,34.78,91.1026,86.07,1611.9000244140625,1215.3900146484375,76.97000122070312,235.57000732421875,90.448
2011-10-21,1147.2,31.32,90.279,87.19,1635.0999755859375,1238.25,76.30000305175781,240.0200042724609,90.448
2011-10-22,,,,,,,,,90.448
2011-10-23,,,,,,,,,90.448
2011-10-24,1133.2,29.26,89.8558,91.12,1651.5,1254.18994140625,76.0199966430664,248.2100067138672,90.448
2011-10-25,1131.25,32.22,89.9525,92.98,1699.5999755859375,1229.050048828125,76.25,247.1999969482422,90.448
2011-10-26,1134.65,29.86,90.0836,90.2,1722.699951171875,1242.0,76.19999694824219,247.55999755859372,90.448
2011-10-27,1106.6,25.46,88.7882,93.96,1746.699951171875,1284.5899658203125,74.87000274658203,,90.448
2011-10-28,1102.5,24.53,88.6382,93.32,1746.199951171875,1285.0899658203125,75.08999633789062,252.47000122070312,90.448
2011-10-29,,,,,,,,,90.448
2011-10-30,,,,,,,,,90.448
2011-10-31,1112.05,29.96,89.2053,93.19,1724.199951171875,1253.300048828125,76.16999816894531,249.8800048828125,90.448
2011-11-01,1122.05,34.77,90.7296,92.19,1711.0,1218.280029296875,77.26000213623047,249.9199981689453,90.534
2011-11-02,1120.65,32.74,90.244,92.51,1728.699951171875,1237.9000244140625,77.01000213623047,248.02999877929688,90.534
2011-11-03,1127.4,30.5,90.2961,94.07,1764.199951171875,1261.1500244140625,76.66999816894531,244.08999633789065,90.534
2011-11-04,1110.6,30.16,90.3154,94.26,1755.300048828125,1253.22998046875,76.91000366210938,252.33999633789065,90.534
2011-11-05,,,,,,,,,90.534
2011-11-06,,,,,,,,,90.534
2011-11-07,1117.3,29.85,90.3832,95.52,1790.300048828125,1261.1199951171875,76.95999908447266,250.77999877929688,90.534
2011-11-08,1118.1,27.48,90.172,96.8,1798.4000244140625,1275.9200439453125,76.66999816894531,248.32000732421875,90.534
2011-11-09,1118.85,36.16,90.6991,95.74,1790.9000244140625,1229.0999755859375,77.93000030517578,249.22999572753903,90.534
2011-11-10,1131.85,32.81,90.8588,97.78,1758.9000244140625,1239.699951171875,77.63999938964844,236.0200042724609,90.534
2011-11-11,,30.04,,98.99,1787.5,1263.8499755859375,76.94000244140625,242.9900054931641,90.534
2011-11-12,,,,,,,,,90.534
2011-11-13,,,,,,,,,90.534
2011-11-14,1126.05,31.13,90.7215,98.14,1777.800048828125,1251.780029296875,77.55999755859375,248.2700042724609,90.534
2011-11-15,1128.5,31.22,91.1081,99.37,1781.699951171875,1257.81005859375,77.87999725341797,246.2100067138672,90.534
2011-11-16,1134.15,33.51,91.1237,102.59,1773.800048828125,1236.9100341796875,78.16000366210938,241.97999572753903,90.534
2011-11-17,1132.15,34.51,91.1822,98.82,1719.800048828125,1216.1300048828125,78.29000091552734,244.6000061035156,90.534
2011-11-18,1138.5,32.0,91.3676,97.67,1724.699951171875,1215.6500244140625,78.0199966430664,239.42999267578125,90.534
2011-11-19,,,,,,,,,90.534
2011-11-20,,,,,,,,,90.534
2011-11-21,1143.0,32.91,91.9978,96.73,1678.300048828125,1192.97998046875,78.30000305175781,,90.534
2011-11-22,1146.65,31.97,92.0193,97.76,1702.199951171875,1188.0400390625,78.2300033569336,237.8000030517578,90.534
2011-11-23,1159.7,33.98,92.7463,96.16,1695.699951171875,1161.7900390625,79.0,231.67999267578125,90.534
2011-11-24,,,,,,,,,90.534
2011-11-25,1162.0,34.47,93.1455,96.91,1685.5,1158.6700439453125,79.61000061035156,231.02999877929688,90.534
2011-11-26,,,,,,,,,90.534
2011-11-27,,,,,,,,,90.534
2011-11-28,1152.5,32.13,92.4983,98.21,1710.800048828125,1192.550048828125,79.29000091552734,236.58999633789065,90.534
2011-11-29,1139.5,30.64,92.2163,99.79,1713.4000244140625,1195.18994140625,79.0,242.5,90.534
2011-11-30,1140.05,27.8,91.4728,100.36,1745.5,1246.9599609375,78.38999938964844,241.19000244140625,90.534
2011-12-01,1126.55,27.41,91.227,100.2,1735.300048828125,1244.5799560546875,78.31999969482422,251.5200042724609,90.879
2011-12-02,1128.0,27.52,91.3532,100.97,1747.0,1244.280029296875,78.62999725341797,251.19000244140625,90.879
2011-12-03,,,,,,,,,90.879
2011-12-04,,,,,,,,,90.879
2011-12-05,1124.5,27.84,91.1087,100.94,1730.699951171875,1257.0799560546875,78.61000061035156,252.22000122070312,90.879
2011-12-06,1128.5,28.13,91.2817,101.25,1727.9000244140625,1258.469970703125,78.51000213623047,249.47999572753903,90.879
2011-12-07,1129.05,28.67,91.2331,100.45,1740.9000244140625,1261.010009765625,78.4800033569336,251.57000732421875,90.879
2011-12-08,1133.55,30.59,91.668,98.35,1709.800048828125,1234.3499755859375,78.80999755859375,250.30999755859372,90.879
2011-12-09,1146.6,26.38,91.6122,99.4,1712.800048828125,1255.18994140625,78.62999725341797,244.92999267578125,90.879
2011-12-10,,,,,,,,,90.879
2011-12-11,,,,,,,,,90.879
2011-12-12,1149.2,25.67,92.3375,97.77,1664.199951171875,1236.469970703125,79.56999969482422,248.5500030517578,90.879
2011-12-13,1157.0,25.41,92.5456,100.24,1659.9000244140625,1225.72998046875,80.25,243.47999572753903,90.879
2011-12-14,1158.3,26.04,93.2176,94.92,1584.300048828125,1211.8199462890625,80.52999877929688,242.3500061035156,90.879
2011-12-15,1156.95,25.11,92.8858,93.84,1574.5999755859375,1215.75,80.23999786376953,236.72000122070312,90.879
2011-12-16,1158.5,24.29,92.8252,93.55,1595.5999755859375,1219.6600341796875,80.25,239.82000732421875,90.879
2011-12-17,,,,,,,,,90.879
2011-12-18,,,,,,,,,90.879
2011-12-19,1175.5,24.92,92.8685,93.86,1594.4000244140625,1205.3499755859375,80.25,231.7400054931641,90.879
2011-12-20,1157.0,23.22,92.432,97.16,1615.5999755859375,1241.300048828125,79.87999725341797,233.8300018310547,90.879
2011-12-21,1150.8,21.43,92.5262,98.54,1611.9000244140625,1243.719970703125,80.0199966430664,241.50999450683597,90.879
2011-12-22,1154.0,21.16,92.3883,99.42,1608.9000244140625,1254.0,79.91999816894531,241.3999938964844,90.879
2011-12-23,1149.0,20.73,92.3897,99.72,1604.699951171875,1265.3299560546875,80.01000213623047,244.22000122070312,90.879
2011-12-24,,,,,,,,,90.879
2011-12-25,,,,,,,,,90.879
2011-12-26,,,,,,,,,90.879
2011-12-27,1155.65,21.91,92.4137,101.29,1594.199951171875,1265.4300537109375,79.79000091552734,240.7899932861328,90.879
2011-12-28,1157.0,23.52,92.8374,99.44,1562.9000244140625,1249.6400146484375,80.48999786376953,238.1499938964844,90.879
2011-12-29,1156.5,22.65,92.7398,99.68,1539.9000244140625,1263.02001953125,80.4800033569336,238.0800018310547,90.879
2011-12-30,1158.5,23.4,92.4262,98.83,1565.800048828125,1257.5999755859375,80.16999816894531,,90.879
2011-12-31,,,,,,,,,90.879
2012-01-01,,,,,,,,,91.242
2012-01-02,,,,,,,,,91.242
2012-01-03,1143.7,22.97,91.7551,102.96,1599.699951171875,1277.06005859375,79.61000061035156,245.82000732421875,91.242
2012-01-04,1147.35,22.22,92.0345,103.22,1611.9000244140625,1277.300048828125,80.08999633789062,244.2400054931641,91.242
2012-01-05,1155.55,21.48,92.5773,101.81,1619.4000244140625,1281.06005859375,80.94000244140625,243.55999755859372,91.242
2012-01-06,1160.0,20.63,92.7183,101.56,1616.0999755859375,1277.81005859375,81.23999786376953,240.57000732421875,91.242
2012-01-07,,,,,,,,,91.242
2012-01-08,,,,,,,,,91.242
2012-01-09,1158.8,21.07,92.7418,101.31,1607.5,1280.699951171875,81.05000305175781,238.0200042724609,91.242
2012-01-10,1153.55,20.69,92.2461,102.24,1631.0,1292.0799560546875,80.80000305175781,241.69000244140625,91.242
2012-01-11,1159.55,21.05,92.554,100.89,1639.199951171875,1292.47998046875,81.3499984741211,240.8300018310547,91.242
2012-01-12,1151.25,20.47,92.2274,99.03,1647.300048828125,1295.5,80.7699966430664,243.4600067138672,91.242
2012-01-13,1150.35,20.91,92.5385,98.69,1630.4000244140625,1289.0899658203125,81.43000030517578,245.27999877929688,91.242
2012-01-14,,,,,,,,,91.242
2012-01-15,,,,,,,,,91.242
2012-01-16,,,,,,,,,91.242
2012-01-17,1142.85,22.2,92.0142,100.7,1655.199951171875,1293.6700439453125,81.18000030517578,247.80999755859372,91.242
2012-01-18,1139.0,20.89,91.6943,100.61,1659.5,1308.0400390625,80.5999984741211,247.82000732421875,91.242
2012-01-19,1133.6,19.87,91.3316,100.32,1654.0999755859375,1314.5,80.20999908447266,251.2700042724609,91.242
2012-01-20,1133.0,18.28,91.3661,98.15,1663.699951171875,1315.3800048828125,80.22000122070312,256.6099853515625,91.242
2012-01-21,,,,,,,,,91.242
2012-01-22,,,,,,,,,91.242
2012-01-23,1125.4,18.67,90.986,99.47,1678.0,1316.0,79.69000244140625,,91.242
2012-01-24,1129.25,18.91,91.181,98.84,1664.199951171875,1314.6500244140625,79.86000061035156,,91.242
2012-01-25,1129.05,18.31,91.277,99.23,1699.800048828125,1326.06005859375,79.56999969482422,257.1400146484375,91.242
2012-01-26,1120.1,18.57,90.3962,99.76,1726.300048828125,1318.4300537109375,79.41000366210938,257.5199890136719,91.242
2012-01-27,1120.5,18.53,90.2559,99.47,1731.800048828125,1316.3299560546875,78.9000015258789,258.6499938964844,91.242
2012-01-28,,,,,,,,,91.242
2012-01-29,,,,,,,,,91.242
2012-01-30,1128.0,19.4,90.4762,98.75,1731.0,1313.010009765625,79.16000366210938,255.2100067138672,91.242
2012-01-31,1125.7,19.44,90.5538,98.46,1737.800048828125,1312.4100341796875,79.27999877929688,256.8999938964844,91.242
2012-02-01,1126.35,18.55,90.0963,97.63,1747.0999755859375,1324.0899658203125,78.91999816894531,257.0599975585937,91.588
2012-02-02,1115.65,17.98,89.8765,96.36,1756.800048828125,1325.5400390625,78.97000122070312,260.3500061035156,91.588
2012-02-03,1116.0,17.1,89.8491,97.8,1737.9000244140625,1344.9000244140625,78.94000244140625,258.5299987792969,91.588
2012-02-04,,,,,,,,,91.588
2012-02-05,,,,,,,,,91.588
2012-02-06,1121.0,17.76,89.7907,96.89,1722.800048828125,1344.3299560546875,79.08999633789062,258.92999267578125,91.588
2012-02-07,1117.0,17.65,89.5968,98.55,1746.4000244140625,1347.050048828125,78.56999969482422,259.79998779296875,91.588
2012-02-08,1116.4,18.16,89.6555,98.8,1729.300048828125,1349.9599609375,78.63999938964844,262.94000244140625,91.588
2012-02-09,1118.55,18.63,89.6246,99.88,1739.0,1351.949951171875,78.55999755859375,264.5,91.588
2012-02-10,1123.0,20.79,90.1024,98.68,1723.300048828125,1342.6400146484375,79.11000061035156,261.1700134277344,91.588
2012-02-11,,,,,,,,,91.588
2012-02-12,,,,,,,,,91.588
2012-02-13,1119.95,19.04,89.8895,100.39,1723.0,1351.77001953125,78.94000244140625,262.75,91.588
2012-02-14,1126.55,19.54,90.1919,100.82,1715.9000244140625,1350.5,79.58000183105469,262.3800048828125,91.588
2012-02-15,1124.65,21.14,90.1932,101.82,1726.300048828125,1343.22998046875,79.66999816894531,265.8800048828125,91.588
2012-02-16,1128.65,19.22,90.3109,102.33,1726.800048828125,1358.0400390625,79.33999633789062,261.8900146484375,91.588
2012-02-17,1126.25,17.78,90.23,103.27,1724.5,1361.22998046875,79.33000183105469,265.82000732421875,91.588
2012-02-18,,,,,,,,,91.588
2012-02-19,,,,,,,,,91.588
2012-02-20,,,,,,,,265.95001220703125,91.588
2012-02-21,1124.25,18.19,90.0117,105.88,1757.0999755859375,1362.2099609375,79.04000091552734,265.8900146484375,91.588
2012-02-22,1126.45,18.19,90.2472,105.99,1770.0,1357.6600341796875,79.20999908447266,266.6300048828125,91.588
2012-02-23,1128.9,16.8,90.1108,107.44,1784.9000244140625,1363.4599609375,78.80999755859375,263.5799865722656,91.588
2012-02-24,1124.0,17.31,89.9104,109.39,1775.0999755859375,1365.739990234375,78.3499984741211,265.20001220703125,91.588
2012-02-25,,,,,,,,,91.588
2012-02-26,,,,,,,,,91.588
2012-02-27,1127.25,18.19,89.9635,108.49,1773.5999755859375,1367.5899658203125,78.55999755859375,261.29998779296875,91.588
2012-02-28,1125.85,17.96,89.8103,106.59,1787.0,1372.1800537109375,78.2699966430664,263.45001220703125,91.588
2012-02-29,1117.1,18.43,89.7487,107.08,1709.9000244140625,1365.6800537109375,78.7300033569336,267.1300048828125,91.588
2012-03-01,1116.0,17.26,89.7817,108.76,1721.0999755859375,1374.0899658203125,78.77999877929688,,91.614
2012-03-02,1116.5,17.29,90.135,106.68,1708.800048828125,1369.6300048828125,79.4000015258789,267.45001220703125,91.614
2012-03-03,,,,,,,,,91.614
2012-03-04,,,,,,,,,91.614
2012-03-05,1116.0,18.05,90.2748,106.7,1703.0,1364.3299560546875,79.31999969482422,264.75,91.614
2012-03-06,1122.64,20.87,90.8237,104.71,1671.4000244140625,1343.3599853515625,79.86000061035156,262.8500061035156,91.614
2012-03-07,1123.7,19.07,90.6837,106.16,1683.300048828125,1352.6300048828125,79.70999908447266,260.3500061035156,91.614
2012-03-08,1117.2,17.95,90.2598,106.65,1698.0999755859375,1365.9100341796875,79.16000366210938,262.8500061035156,91.614
2012-03-09,1116.0,17.11,90.4341,107.4,1710.9000244140625,1370.8699951171875,80.04000091552734,265.6199951171875,91.614
2012-03-10,,,,,,,,,91.614
2012-03-11,,,,,,,,,91.614
2012-03-12,1124.15,15.64,90.6643,106.34,1699.199951171875,1371.0899658203125,79.87000274658203,263.739990234375,91.614
2012-03-13,1123.45,14.8,90.5363,106.7,1693.699951171875,1395.949951171875,80.19000244140625,266.8999938964844,91.614
2012-03-14,1126.1,15.31,90.9325,105.49,1642.5,1394.280029296875,80.55999755859375,269.8500061035156,91.614
2012-03-15,1124.85,15.42,90.7866,105.19,1659.0999755859375,1402.5999755859375,80.1500015258789,269.760009765625,91.614
2012-03-16,1125.7,14.47,90.5245,107.03,1655.5,1404.1700439453125,79.77999877929688,268.2699890136719,91.614
2012-03-17,,,,,,,,,91.614
2012-03-18,,,,,,,,,91.614
2012-03-19,1120.35,15.04,90.292,108.09,1666.9000244140625,1409.75,79.44999694824219,270.2699890136719,91.614
2012-03-20,1128.05,15.58,90.6065,105.68,1646.699951171875,1405.52001953125,79.58999633789062,269.67999267578125,91.614
2012-03-21,1130.25,15.13,90.6761,106.87,1650.0,1402.8900146484375,79.62999725341797,267.7900085449219,91.614
2012-03-22,1134.6,15.57,90.8225,104.98,1642.300048828125,1392.780029296875,79.73999786376953,267.9800109863281,91.614
2012-03-23,1135.0,14.82,90.6156,106.43,1662.300048828125,1397.1099853515625,79.33999633789062,267.95001220703125,91.614
2012-03-24,,,,,,,,,91.614
2012-03-25,,,,,,,,,91.614
2012-03-26,1133.35,14.26,90.3266,107.07,1685.5,1416.510009765625,78.93000030517578,267.4100036621094,91.614
2012-03-27,1134.4,15.59,90.2796,107.32,1684.800048828125,1412.52001953125,79.04000091552734,270.7099914550781,91.614
2012-03-28,1136.3,15.47,90.603,105.4,1657.9000244140625,1405.5400390625,79.16000366210938,269.6400146484375,91.614
2012-03-29,1139.75,15.48,90.7285,102.79,1652.199951171875,1403.280029296875,79.18000030517578,267.1300048828125,91.614
2012-03-30,1131.4,15.5,90.4593,103.03,1669.300048828125,1408.469970703125,78.93000030517578,266.5799865722656,91.614
2012-03-31,,,,,,,,,91.614
2012-04-01,,,,,,,,,91.605
2012-04-02,1125.75,15.64,90.247,105.25,1677.5,1419.0400390625,78.81999969482422,268.989990234375,91.605
2012-04-03,1122.35,15.66,90.1921,104.02,1670.0,1413.3800048828125,79.4800033569336,272.4599914550781,91.605
2012-04-04,1131.25,16.44,90.8284,101.53,1612.300048828125,1398.9599609375,79.76000213623047,268.3299865722656,91.605
2012-04-05,1129.5,16.7,90.8781,103.29,1628.5,1398.0799560546875,80.06999969482422,,91.605
2012-04-06,1131.75,,90.9375,,,,,,91.605
2012-04-07,,,,,,,,,91.605
2012-04-08,,,,,,,,,91.605
2012-04-09,1138.1,18.81,90.9624,102.45,1642.5,1382.199951171875,79.7300033569336,,91.605
2012-04-10,1139.5,20.39,91.2728,101.12,1659.5,1358.5899658203125,79.88999938964844,265.3800048828125,91.605
2012-04-11,1143.35,20.02,91.1768,102.66,1659.0,1368.7099609375,79.77999877929688,,91.605
2012-04-12,1137.4,17.2,90.7694,103.69,1679.5,1387.5699462890625,79.27999877929688,263.95001220703125,91.605
2012-04-13,1134.2,19.55,91.0558,102.84,1659.0999755859375,1370.260009765625,79.87999725341797,266.8599853515625,91.605
2012-04-14,,,,,,,,,91.605
2012-04-15,,,,,,,,,91.605
2012-04-16,1138.0,19.55,91.2355,102.92,1648.699951171875,1369.5699462890625,79.55000305175781,264.489990234375,91.605
2012-04-17,1134.75,18.46,90.7661,104.23,1650.300048828125,1390.780029296875,79.47000122070312,263.32000732421875,91.605
2012-04-18,1139.35,18.64,90.9326,102.65,1638.800048828125,1385.1400146484375,79.52999877929688,266.2200012207031,91.605
2012-04-19,1138.2,18.36,91.0833,102.38,1640.5999755859375,1376.9200439453125,79.55999755859375,265.5799865722656,91.605
2012-04-20,1138.1,17.44,90.8066,103.58,1642.0999755859375,1378.530029296875,79.18000030517578,261.8399963378906,91.605
2012-04-21,,,,,,,,,91.605
2012-04-22,,,,,,,,,91.605
2012-04-23,1142.5,18.97,91.079,102.68,1631.9000244140625,1366.93994140625,79.41999816894531,261.6600036621094,91.605
2012-04-24,1138.4,18.1,90.8153,103.1,1643.0,1371.969970703125,79.22000122070312,260.760009765625,91.605
2012-04-25,1139.0,16.82,90.756,103.72,1641.4000244140625,1390.68994140625,79.01000213623047,260.82000732421875,91.605
2012-04-26,1133.0,16.24,90.6428,104.56,1659.5999755859375,1399.97998046875,78.91000366210938,261.510009765625,91.605
2012-04-27,1131.0,16.32,90.3269,104.86,1664.0,1403.3599853515625,78.69999694824219,263.42999267578125,91.605
2012-04-28,,,,,,,,,91.605
2012-04-29,,,,,,,,,91.605
2012-04-30,1130.05,17.15,90.3634,104.89,1663.4000244140625,1397.9100341796875,78.79000091552734,264.3500061035156,91.605
2012-05-01,1128.35,16.6,90.3227,106.17,1661.699951171875,1405.8199462890625,78.86000061035156,,91.769
2012-05-02,1129.1,16.88,90.6144,105.25,1653.4000244140625,1402.31005859375,79.12999725341797,266.6099853515625,91.769
2012-05-03,1130.4,17.56,90.6839,102.56,1634.199951171875,1391.5699462890625,79.22000122070312,266.04998779296875,91.769
2012-05-04,1134.25,19.16,91.0497,98.49,1644.699951171875,1369.0999755859375,79.47000122070312,264.3999938964844,91.769
2012-05-05,,,,,,,,,91.769
2012-05-06,,,,,,,,,91.769
2012-05-07,1138.0,18.94,91.0747,97.86,1638.5999755859375,1369.5799560546875,79.5999984741211,259.7300109863281,91.769
2012-05-08,1138.46,19.05,91.4107,97.13,1604.0,1363.719970703125,79.7300033569336,261.1199951171875,91.769
2012-05-09,1143.95,20.08,91.7632,96.8,1593.699951171875,1354.5799560546875,80.08000183105469,258.7900085449219,91.769
2012-05-10,1142.15,18.83,91.7077,97.1,1595.0999755859375,1357.989990234375,80.11000061035156,257.8900146484375,91.769
2012-05-11,1146.15,19.89,91.7306,96.03,1583.5999755859375,1353.3900146484375,80.27999877929688,254.0,91.769
2012-05-12,,,,,,,,,91.769
2012-05-13,,,,,,,,,91.769
2012-05-14,1153.5,21.87,92.2491,94.75,1560.5999755859375,1338.3499755859375,80.5999984741211,254.1100006103516,91.769
2012-05-15,1156.1,21.97,92.5235,93.97,1556.800048828125,1330.6600341796875,81.22000122070312,252.32000732421875,91.769
2012-05-16,1166.25,22.27,92.903,92.78,1536.199951171875,1324.800048828125,81.37000274658203,243.92999267578125,91.769
2012-05-17,1165.75,24.49,92.9632,92.53,1574.5,1304.8599853515625,81.37999725341797,244.47999572753903,91.769
2012-05-18,1170.0,25.1,93.1395,91.51,1591.5999755859375,1295.219970703125,81.29000091552734,235.8500061035156,91.769
2012-05-19,,,,,,,,,91.769
2012-05-20,,,,,,,,,91.769
2012-05-21,1167.0,22.01,93.0945,92.57,1588.4000244140625,1315.989990234375,81.08000183105469,238.6199951171875,91.769
2012-05-22,1165.0,22.48,93.1113,91.44,1576.300048828125,1316.6300048828125,81.66999816894531,242.66000366210935,91.769
2012-05-23,1174.85,22.33,93.8855,89.4,1548.0999755859375,1318.8599853515625,82.08999633789062,239.75999450683597,91.769
2012-05-24,1176.72,21.54,93.8027,90.36,1557.300048828125,1320.6800537109375,82.29000091552734,240.50999450683597,91.769
2012-05-25,1185.0,21.76,93.9488,90.64,1568.800048828125,1317.8199462890625,82.4000015258789,241.6000061035156,91.769
2012-05-26,,,,,,,,,91.769
2012-05-27,,,,,,,,,91.769
2012-05-28,,,,,,,,,91.769
2012-05-29,1175.82,21.03,93.875,90.75,1548.5999755859375,1332.4200439453125,82.44000244140625,245.25999450683597,91.769
2012-05-30,1180.41,24.14,94.302,87.79,1563.4000244140625,1313.3199462890625,83.01000213623047,244.67999267578125,91.769
2012-05-31,1180.0,24.06,94.6856,86.52,1562.5999755859375,1310.3299560546875,83.04000091552734,244.0500030517578,91.769
2012-06-01,1182.0,26.66,94.6979,83.17,1620.5,1278.0400390625,82.88999938964844,242.97999572753903,91.639
2012-06-02,,,,,,,,,91.639
2012-06-03,,,,,,,,,91.639
2012-06-04,1178.99,26.12,94.5184,83.95,1612.199951171875,1278.1800537109375,82.55000305175781,236.3000030517578,91.639
2012-06-05,1177.08,24.68,94.6184,84.31,1615.199951171875,1285.5,82.80000305175781,238.7899932861328,91.639
2012-06-06,1173.89,22.16,94.0362,85.05,1632.800048828125,1315.1300048828125,82.31999969482422,,91.639
2012-06-07,1162.75,21.72,93.774,84.78,1586.5999755859375,1314.989990234375,82.05000305175781,245.50999450683597,91.639
2012-06-08,1173.59,21.23,94.2024,84.08,1590.0999755859375,1325.6600341796875,82.51000213623047,243.69000244140625,91.639
2012-06-09,,,,,,,,,91.639
2012-06-10,,,,,,,,,91.639
2012-06-11,1171.0,23.56,94.0369,82.58,1595.5,1308.9300537109375,82.51000213623047,248.3000030517578,91.639
2012-06-12,1168.5,22.09,94.0693,83.35,1612.699951171875,1324.1800537109375,82.41000366210938,246.42999267578125,91.639
2012-06-13,1166.23,24.27,93.8309,82.56,1618.0999755859375,1314.8800048828125,82.05000305175781,247.0800018310547,91.639
2012-06-14,1163.78,21.68,93.8152,83.83,1618.4000244140625,1329.0999755859375,81.9000015258789,248.6199951171875,91.639
2012-06-15,1164.25,21.11,93.5203,84.03,1627.0,1342.8399658203125,81.58999633789062,246.57000732421875,91.639
2012-06-16,,,,,,,,,91.639
2012-06-17,,,,,,,,,91.639
2012-06-18,1157.0,18.32,93.6431,83.26,1625.699951171875,1344.780029296875,81.94000244140625,251.3699951171875,91.639
2012-06-19,1153.0,18.38,93.0524,83.99,1622.199951171875,1357.97998046875,81.37000274658203,251.30999755859372,91.639
2012-06-20,1151.37,17.24,93.1602,81.06,1614.800048828125,1355.68994140625,81.48999786376953,252.9199981689453,91.639
2012-06-21,1153.75,20.08,93.6378,77.91,1564.5,1325.510009765625,82.31999969482422,250.4600067138672,91.639
2012-06-22,1158.34,18.11,93.9205,79.33,1566.0,1335.02001953125,82.22000122070312,244.1499938964844,91.639
2012-06-23,,,,,,,,,91.639
2012-06-24,,,,,,,,,91.639
2012-06-25,1163.25,20.38,94.1757,78.76,1587.5,1313.719970703125,82.45999908447266,240.75,91.639
2012-06-26,1157.6,19.72,93.9859,79.34,1574.0,1319.989990234375,82.37000274658203,239.67999267578125,91.639
2012-06-27,1156.01,19.45,93.8728,80.27,1577.5,1331.8499755859375,82.55999755859375,239.8500061035156,91.639
2012-06-28,1157.61,19.71,94.0203,77.72,1549.699951171875,1329.0400390625,82.66999816894531,239.97999572753903,91.639
2012-06-29,1141.17,17.08,92.9096,85.04,1603.5,1362.1600341796875,81.6500015258789,244.8999938964844,91.639
2012-06-30,,,,,,,,,91.639
2012-07-01,,,,,,,,,91.432
2012-07-02,1143.4,16.8,92.951,83.72,1597.199951171875,1365.510009765625,81.87000274658203,244.4600067138672,91.432
2012-07-03,1133.0,16.66,92.6508,87.74,1621.300048828125,1374.02001953125,81.77999877929688,246.8000030517578,91.432
2012-07-04,,,,,,,,,91.432
2012-07-05,1133.54,17.5,93.2211,87.11,1608.9000244140625,1367.5799560546875,82.80999755859375,247.6699981689453,91.432
2012-07-06,1140.3,17.1,93.7087,84.37,1578.4000244140625,1354.6800537109375,83.29000091552734,245.07000732421875,91.432
2012-07-07,,,,,,,,,91.432
2012-07-08,,,,,,,,,91.432
2012-07-09,1141.88,17.98,93.6974,85.93,1588.5999755859375,1352.4599609375,83.16000366210938,241.72999572753903,91.432
2012-07-10,1140.63,18.72,93.5552,83.92,1579.300048828125,1341.469970703125,83.36000061035156,240.8800048828125,91.432
2012-07-11,1140.5,17.95,93.5981,85.88,1575.199951171875,1341.449951171875,83.56999969482422,240.33999633789065,91.432
2012-07-12,1154.04,18.33,93.9298,86.02,1564.9000244140625,1334.760009765625,83.6500015258789,234.66000366210935,91.432
2012-07-13,1147.53,16.74,93.5515,87.15,1591.5999755859375,1356.780029296875,83.30000305175781,238.7700042724609,91.432
2012-07-14,,,,,,,,,91.432
2012-07-15,,,,,,,,,91.432
2012-07-16,1146.18,17.11,93.3746,88.41,1591.199951171875,1353.6400146484375,83.08999633789062,239.38999938964844,91.432
2012-07-17,1144.83,16.48,93.3479,89.07,1589.0999755859375,1363.6700439453125,83.02999877929688,240.19000244140625,91.432
2012-07-18,1141.34,16.16,93.0973,89.88,1570.4000244140625,1372.780029296875,82.94999694824219,236.4199981689453,91.432
2012-07-19,1138.3,15.45,93.0438,92.78,1580.0999755859375,1376.510009765625,82.9000015258789,240.44000244140625,91.432
2012-07-20,1142.0,16.27,93.3653,91.56,1582.5,1362.6600341796875,83.47000122070312,240.3500061035156,91.432
2012-07-21,,,,,,,,,91.432
2012-07-22,,,,,,,,,91.432
2012-07-23,1151.03,18.62,93.9297,87.77,1577.0999755859375,1350.52001953125,83.70999908447266,235.75,91.432
2012-07-24,1148.78,20.47,94.2635,88.28,1576.0,1338.31005859375,84.01000213623047,236.6499938964844,91.432
2012-07-25,1148.89,19.34,94.0564,88.8,1608.0,1337.8900146484375,83.5199966430664,233.4900054931641,91.432
2012-07-26,1146.17,17.53,93.3595,89.4,1615.0,1360.02001953125,82.80999755859375,235.3300018310547,91.432
2012-07-27,1138.01,16.7,92.9333,90.13,1617.9000244140625,1385.969970703125,82.70999908447266,242.22999572753903,91.432
2012-07-28,,,,,,,,,91.432
2012-07-29,,,,,,,,,91.432
2012-07-30,1137.22,18.03,93.0524,89.8,1619.699951171875,1385.300048828125,82.79000091552734,,91.432
2012-07-31,1130.27,18.93,92.8422,88.08,1610.5,1379.3199462890625,82.63999938964844,250.0800018310547,91.432
2012-08-01,1126.56,18.96,92.8905,88.99,1603.699951171875,1375.3199462890625,83.05999755859375,249.6000061035156,91.855
2012-08-02,1131.58,17.57,93.4269,87.22,1587.4000244140625,1365.0,83.33000183105469,247.8999938964844,91.855
2012-08-03,1134.25,15.64,92.6048,91.4,1606.0,1390.989990234375,82.37999725341797,244.80999755859372,91.855
2012-08-04,,,,,,,,,91.855
2012-08-05,,,,,,,,,91.855
2012-08-06,1127.93,15.95,92.4339,92.3,1612.9000244140625,1394.22998046875,82.2699966430664,250.3600006103516,91.855
2012-08-07,1128.7,15.99,92.5128,93.68,1609.699951171875,1401.3499755859375,82.20999908447266,250.38999938964844,91.855
2012-08-08,1129.77,15.32,92.5407,93.39,1612.9000244140625,1402.219970703125,82.38999938964844,252.83999633789065,91.855
2012-08-09,1126.0,15.28,92.6057,93.39,1617.0999755859375,1402.800048828125,82.63999938964844,258.0799865722656,91.855
2012-08-10,1130.75,14.74,92.5129,92.94,1619.699951171875,1405.8699951171875,82.55000305175781,258.9100036621094,91.855
2012-08-11,,,,,,,,,91.855
2012-08-12,,,,,,,,,91.855
2012-08-13,1128.73,13.7,92.5955,92.76,1609.5999755859375,1404.1099853515625,82.44000244140625,256.6499938964844,91.855
2012-08-14,1130.24,14.85,92.6152,93.4,1599.4000244140625,1403.9300537109375,82.4800033569336,260.1099853515625,91.855
2012-08-15,1130.08,14.63,92.6838,94.35,1603.699951171875,1405.530029296875,82.6500015258789,,91.855
2012-08-16,1133.19,14.29,92.5737,95.66,1616.0999755859375,1415.510009765625,82.36000061035156,260.0799865722656,91.855
2012-08-17,1134.72,13.45,92.711,96.0,1616.300048828125,1418.1600341796875,82.5999984741211,258.20001220703125,91.855
2012-08-18,,,,,,,,,91.855
2012-08-19,,,,,,,,,91.855
2012-08-20,1134.93,14.02,92.6263,96.03,1620.0999755859375,1418.1300048828125,82.45999908447266,258.0299987792969,91.855
2012-08-21,1130.37,15.02,92.3053,96.55,1639.9000244140625,1413.1700439453125,81.91000366210938,257.5,91.855
2012-08-22,1135.56,15.11,92.4362,96.89,1637.4000244140625,1413.489990234375,81.48999786376953,256.2099914550781,91.855
2012-08-23,1131.35,15.96,92.1057,95.87,1669.5999755859375,1402.0799560546875,81.36000061035156,257.2799987792969,91.855
2012-08-24,1134.15,15.18,92.2785,95.78,1669.800048828125,1411.1300048828125,81.58999633789062,253.72999572753903,91.855
2012-08-25,,,,,,,,,91.855
2012-08-26,,,,,,,,,91.855
2012-08-27,1134.49,16.35,92.3135,95.54,1672.4000244140625,1410.43994140625,81.66000366210938,252.7700042724609,91.855
2012-08-28,1134.45,16.49,92.2033,96.3,1666.5,1409.300048828125,81.37000274658203,252.57000732421875,91.855
2012-08-29,1134.97,17.06,92.3823,95.5,1659.800048828125,1410.489990234375,81.55000305175781,254.22000122070312,91.855
2012-08-30,1134.18,17.83,92.6239,94.61,1653.5,1399.47998046875,81.68000030517578,250.9600067138672,91.855
2012-08-31,1133.2,17.47,92.1677,96.47,1684.5999755859375,1406.5799560546875,81.25,250.55999755859372,91.855
2012-09-01,,,,,,,,,92.512
2012-09-02,,,,,,,,,92.512
2012-09-03,,,,,,,,,92.512
2012-09-04,1133.23,17.98,92.1582,95.34,1692.9000244140625,1404.93994140625,81.31999969482422,250.55999755859372,92.512
2012-09-05,1135.96,17.74,92.1262,95.37,1690.800048828125,1403.43994140625,81.23999786376953,245.75,92.512
2012-09-06,1133.45,15.6,91.8973,95.58,1702.5999755859375,1432.1199951171875,81.08000183105469,246.7899932861328,92.512
2012-09-07,1129.85,14.38,91.3469,96.41,1737.5,1437.9200439453125,80.25,254.0200042724609,92.512
2012-09-08,,,,,,,,,92.512
2012-09-09,,,,,,,,,92.512
2012-09-10,1128.55,16.28,91.3102,96.52,1728.699951171875,1429.0799560546875,80.36000061035156,253.3800048828125,92.512
2012-09-11,1127.94,16.41,91.0575,97.03,1731.800048828125,1433.56005859375,79.86000061035156,252.72999572753903,92.512
2012-09-12,1126.6,15.8,91.0477,97.02,1730.5999755859375,1436.56005859375,79.73999786376953,256.95001220703125,92.512
2012-09-13,1128.49,14.05,90.9632,98.3,1769.0999755859375,1459.989990234375,79.26000213623047,256.8699951171875,92.512
2012-09-14,1116.65,14.51,90.1436,98.94,1769.800048828125,1465.77001953125,78.8499984741211,265.0199890136719,92.512
2012-09-15,,,,,,,,,92.512
2012-09-16,,,,,,,,,92.512
2012-09-17,1116.39,14.59,90.2837,96.51,1767.699951171875,1461.18994140625,79.01000213623047,263.9700012207031,92.512
2012-09-18,1117.95,14.18,90.5029,95.25,1768.4000244140625,1459.3199462890625,79.25,264.25,92.512
2012-09-19,1115.74,13.88,90.4646,91.97,1769.0,1461.050048828125,79.05999755859375,264.44000244140625,92.512
2012-09-20,1121.25,14.07,90.7631,92.14,1767.699951171875,1460.260009765625,79.41000366210938,261.8699951171875,92.512
2012-09-21,1118.7,13.98,90.5342,92.64,1775.5,1460.1500244140625,79.33000183105469,263.4100036621094,92.512
2012-09-22,,,,,,,,,92.512
2012-09-23,,,,,,,,,92.512
2012-09-24,1120.34,14.15,90.8263,91.68,1762.0999755859375,1456.8900146484375,79.5199966430664,263.5599975585937,92.512
2012-09-25,1119.3,15.43,90.6074,91.07,1763.800048828125,1441.5899658203125,79.55000305175781,262.0299987792969,92.512
2012-09-26,1119.2,16.81,91.0028,89.92,1750.5999755859375,1433.3199462890625,79.88999938964844,260.4200134277344,92.512
2012-09-27,1116.03,14.84,90.7538,91.89,1777.5999755859375,1447.1500244140625,79.55000305175781,261.6199951171875,92.512
2012-09-28,1111.21,15.73,90.8342,92.18,1771.0999755859375,1440.6700439453125,79.94000244140625,262.489990234375,92.512
2012-09-29,,,,,,,,,92.512
2012-09-30,,,,,,,,,92.512
2012-10-01,1112.29,16.32,90.7011,92.44,1780.5,1444.489990234375,79.81999969482422,,92.339
2012-10-02,1112.5,15.71,90.644,91.88,1772.699951171875,1445.75,79.73999786376953,262.4800109863281,92.339
2012-10-03,1112.88,15.43,90.8726,88.19,1777.300048828125,1450.989990234375,79.97000122070312,,92.339
2012-10-04,1111.6,14.55,90.4932,91.69,1794.0999755859375,1461.4000244140625,79.3499984741211,261.9200134277344,92.339
2012-10-05,1107.0,14.33,90.2851,89.87,1778.5999755859375,1460.9300537109375,79.33999633789062,262.07000732421875,92.339
2012-10-06,,,,,,,,,92.339
2012-10-07,,,,,,,,,92.339
2012-10-08,,15.11,,89.43,1773.5,1455.8800048828125,79.54000091552734,260.1099853515625,92.339
2012-10-09,1111.22,16.37,90.8703,92.42,1763.0,1441.47998046875,79.94999694824219,259.6600036621094,92.339
2012-10-10,1114.61,16.29,90.883,91.24,1763.199951171875,1432.56005859375,79.91999816894531,255.1499938964844,92.339
2012-10-11,1112.07,15.59,90.7437,92.19,1768.800048828125,1432.8399658203125,79.77999877929688,252.83999633789065,92.339
2012-10-12,1110.5,16.14,90.6833,91.83,1758.0,1428.5899658203125,79.69000244140625,252.44000244140625,92.339
2012-10-13,,,,,,,,,92.339
2012-10-14,,,,,,,,,92.339
2012-10-15,1110.24,15.27,90.6409,91.84,1736.0,1440.1300048828125,79.73999786376953,251.44000244140625,92.339
2012-10-16,1106.1,15.22,90.5583,92.07,1744.699951171875,1454.9200439453125,79.37000274658203,253.97999572753903,92.339
2012-10-17,1104.74,15.07,90.2309,92.04,1751.5,1460.9100341796875,79.0199966430664,256.0599975585937,92.339
2012-10-18,1104.66,15.03,90.3804,92.0,1743.300048828125,1457.3399658203125,79.37000274658203,257.2699890136719,92.339
2012-10-19,1105.51,17.06,90.8107,90.0,1722.800048828125,1433.18994140625,79.63999938964844,254.7899932861328,92.339
2012-10-20,,,,,,,,,92.339
2012-10-21,,,,,,,,,92.339
2012-10-22,1103.98,16.62,90.7911,88.3,1725.0999755859375,1433.8199462890625,79.6500015258789,254.22000122070312,92.339
2012-10-23,1103.1,18.83,91.0945,86.65,1708.300048828125,1413.1099853515625,79.9800033569336,251.8600006103516,92.339
2012-10-24,1103.12,18.33,91.1275,85.39,1700.5,1408.75,79.97000122070312,249.8000030517578,92.339
2012-10-25,1098.0,18.12,91.02,85.59,1712.0,1412.969970703125,80.04000091552734,251.72000122070312,92.339
2012-10-26,1097.03,17.81,91.1411,85.84,1710.9000244140625,1411.93994140625,80.06999969482422,247.17999267578125,92.339
2012-10-27,,,,,,,,,92.339
2012-10-28,,,,,,,,,92.339
2012-10-29,1095.76,,,85.52,,,,247.66000366210935,92.339
2012-10-30,1091.33,,,85.65,,,,248.5200042724609,92.339
2012-10-31,1090.17,18.6,91.1609,86.23,1717.5,1412.1600341796875,79.91999816894531,250.17999267578125,92.339
2012-11-01,1090.27,16.69,91.1217,87.05,1714.0999755859375,1427.5899658203125,80.05000305175781,247.8300018310547,92.011
2012-11-02,1090.7,17.59,91.281,84.9,1674.0999755859375,1414.199951171875,80.58999633789062,251.0399932861328,92.011
2012-11-03,,,,,,,,,92.011
2012-11-04,,,,,,,,,92.011
2012-11-05,1091.0,18.42,91.4778,85.64,1682.199951171875,1417.260009765625,80.75,249.5,92.011
2012-11-06,1090.19,17.58,91.2908,88.62,1714.0999755859375,1428.3900146484375,80.61000061035156,252.3000030517578,92.011
2012-11-07,1086.5,19.08,91.4514,84.5,1713.199951171875,1394.530029296875,80.76000213623047,253.6999969482422,92.011
2012-11-08,1089.23,18.49,91.5375,85.07,1725.4000244140625,1377.510009765625,80.79000091552734,250.1300048828125,92.011
2012-11-09,1087.76,18.61,91.6871,86.08,1730.300048828125,1379.8499755859375,81.02999877929688,248.69000244140625,92.011
2012-11-10,,,,,,,,,92.011
2012-11-11,,,,,,,,,92.011
2012-11-12,,16.68,,85.56,1730.300048828125,1380.030029296875,81.04000091552734,248.17999267578125,92.011
2012-11-13,1089.44,16.65,91.7356,85.38,1724.199951171875,1374.530029296875,81.08000183105469,246.8999938964844,92.011
2012-11-14,1086.0,17.92,91.7942,86.32,1729.5,1355.489990234375,81.05999755859375,247.8000030517578,92.011
2012-11-15,1088.5,17.99,91.8837,85.45,1713.300048828125,1353.3299560546875,81.08000183105469,244.63999938964844,92.011
2012-11-16,1091.77,16.41,92.0095,86.62,1714.300048828125,1359.8800048828125,81.26000213623047,243.4499969482422,92.011
2012-11-17,,,,,,,,,92.011
2012-11-18,,,,,,,,,92.011
2012-11-19,1085.97,15.24,91.5653,89.05,1734.0,1386.8900146484375,80.87000274658203,245.82000732421875,92.011
2012-11-20,1082.58,15.08,91.556,86.46,1723.199951171875,1387.81005859375,80.95999908447266,247.72000122070312,92.011
2012-11-21,1082.0,15.31,91.6645,87.08,1727.9000244140625,1391.030029296875,80.93000030517578,247.0200042724609,92.011
2012-11-22,,,,,,,,,92.011
2012-11-23,1085.0,15.14,91.2616,87.01,1751.300048828125,1409.1500244140625,80.19000244140625,251.44000244140625,92.011
2012-11-24,,,,,,,,,92.011
2012-11-25,,,,,,,,,92.011
2012-11-26,1085.62,15.5,91.2789,87.28,1749.5,1406.2900390625,80.25,250.72999572753903,92.011
2012-11-27,1086.25,15.92,91.2608,86.81,1742.199951171875,1398.93994140625,80.4000015258789,253.41000366210935,92.011
2012-11-28,1085.35,15.51,91.33,86.1,1716.5,1409.9300537109375,80.33999633789062,251.72000122070312,92.011
2012-11-29,1083.17,15.06,91.2104,87.64,1727.199951171875,1415.949951171875,80.19999694824219,254.72999572753903,92.011
2012-11-30,1081.75,15.87,91.1038,88.54,1710.9000244140625,1416.1800537109375,80.1500015258789,254.25,92.011
2012-12-01,,,,,,,,,92.175
2012-12-02,,,,,,,,,92.175
2012-12-03,1082.65,16.64,91.0084,88.69,1719.5999755859375,1409.4599609375,79.87999725341797,255.57000732421875,92.175
2012-12-04,1083.69,17.12,90.9748,88.04,1694.4000244140625,1407.050048828125,79.63999938964844,254.8300018310547,92.175
2012-12-05,1081.99,16.46,90.9423,87.36,1692.4000244140625,1409.280029296875,79.7699966430664,256.6300048828125,92.175
2012-12-06,1083.3,16.58,91.0629,85.47,1700.300048828125,1413.93994140625,80.26000213623047,257.2699890136719,92.175
2012-12-07,1081.56,15.9,91.0437,85.45,1704.0,1418.0699462890625,80.41999816894531,258.7799987792969,92.175
2012-12-08,,,,,,,,,92.175
2012-12-09,,,,,,,,,92.175
2012-12-10,1077.43,16.05,90.9631,85.14,1713.0,1418.550048828125,80.33000183105469,259.0299987792969,92.175
2012-12-11,1074.85,15.57,90.8403,85.36,1708.199951171875,1427.8399658203125,80.05999755859375,260.1199951171875,92.175
2012-12-12,1073.35,15.95,90.7708,86.35,1716.5999755859375,1428.47998046875,79.88999938964844,261.6700134277344,92.175
2012-12-13,1073.9,16.56,90.776,85.39,1695.5999755859375,1419.449951171875,79.93000030517578,265.7900085449219,92.175
2012-12-14,1074.74,17.0,90.7156,86.32,1695.800048828125,1413.5799560546875,79.5999984741211,264.5599975585937,92.175
2012-12-15,,,,,,,,,92.175
2012-12-16,,,,,,,,,92.175
2012-12-17,1072.3,16.34,90.6193,86.71,1697.0,1430.3599853515625,79.56999969482422,262.760009765625,92.175
2012-12-18,1072.75,15.57,90.5161,87.46,1669.5,1446.7900390625,79.36000061035156,264.2300109863281,92.175
2012-12-19,1071.4,17.36,90.4896,89.09,1666.5,1435.81005859375,79.25,,92.175
2012-12-20,1074.3,17.67,90.6002,89.76,1644.9000244140625,1443.68994140625,79.26000213623047,264.7799987792969,92.175
2012-12-21,1075.4,17.84,90.9597,88.2,1659.0999755859375,1430.1500244140625,79.62000274658203,261.8900146484375,92.175
2012-12-22,,,,,,,,,92.175
2012-12-23,,,,,,,,,92.175
2012-12-24,1073.24,17.84,91.0354,88.29,1658.5999755859375,1426.6600341796875,79.63999938964844,262.1099853515625,92.175
2012-12-25,,,,,,,,,92.175
2012-12-26,1072.29,19.48,91.0606,90.71,1659.800048828125,1419.8299560546875,79.62000274658203,,92.175
2012-12-27,1071.67,19.47,91.1037,90.91,1662.5999755859375,1418.0999755859375,79.62000274658203,262.67999267578125,92.175
2012-12-28,1070.4,22.72,91.0419,90.66,1654.9000244140625,1402.4300537109375,79.68000030517578,263.9200134277344,92.175
2012-12-29,,,,,,,,,92.175
2012-12-30,,,,,,,,,92.175
2012-12-31,1063.24,18.02,91.0834,91.83,1674.800048828125,1426.18994140625,79.7699966430664,,92.175
2013-01-01,,,,,,,,,92.728
2013-01-02,1063.3,14.68,90.6941,93.14,1687.9000244140625,1462.4200439453125,79.8499984741211,269.1600036621094,92.728
2013-01-03,1062.95,14.56,90.8097,92.97,1673.699951171875,1459.3699951171875,80.43000030517578,267.5199890136719,92.728
2013-01-04,1062.0,13.83,91.1025,93.12,1648.0999755859375,1466.469970703125,80.5,266.1400146484375,92.728
2013-01-05,,,,,,,,,92.728
2013-01-06,,,,,,,,,92.728
2013-01-07,1062.5,13.79,90.9852,93.2,1645.5,1461.8900146484375,80.26000213623047,265.9700012207031,92.728
2013-01-08,1063.5,13.62,91.057,93.21,1661.5,1457.1500244140625,80.3499984741211,263.95001220703125,92.728
2013-01-09,1060.1,13.81,91.0088,93.08,1654.800048828125,1461.02001953125,80.55999755859375,262.8999938964844,92.728
2013-01-10,1058.12,13.49,90.6425,93.81,1677.300048828125,1472.1199951171875,79.73999786376953,264.95001220703125,92.728
2013-01-11,1056.09,13.36,90.5352,93.6,1660.0,1472.050048828125,79.55999755859375,263.32000732421875,92.728
2013-01-12,,,,,,,,,92.728
2013-01-13,,,,,,,,,92.728
2013-01-14,1056.0,13.52,90.4935,94.27,1668.9000244140625,1470.6800537109375,79.48999786376953,264.79998779296875,92.728
2013-01-15,1057.62,13.55,90.5191,93.26,1683.4000244140625,1472.3399658203125,79.77999877929688,261.42999267578125,92.728
2013-01-16,1058.35,13.42,90.596,94.28,1682.699951171875,1472.6300048828125,79.80000305175781,260.489990234375,92.728
2013-01-17,1057.82,13.57,90.5401,95.49,1690.4000244140625,1480.93994140625,79.6500015258789,260.1000061035156,92.728
2013-01-18,1058.4,12.46,90.8697,95.61,1686.5999755859375,1485.97998046875,80.05000305175781,261.7099914550781,92.728
2013-01-19,,,,,,,,,92.728
2013-01-20,,,,,,,,,92.728
2013-01-21,,,,,,,,261.29998779296875,92.728
2013-01-22,1062.95,12.43,90.7892,96.09,1692.800048828125,1492.56005859375,79.87000274658203,262.9100036621094,92.728
2013-01-23,1067.02,12.46,90.8376,95.06,1686.300048828125,1494.81005859375,79.91999816894531,261.1000061035156,92.728
2013-01-24,1067.95,12.69,90.9112,95.35,1669.5,1494.8199462890625,79.94999694824219,258.739990234375,92.728
2013-01-25,1075.33,12.89,91.0868,95.15,1656.4000244140625,1502.9599609375,79.75,256.0599975585937,92.728
2013-01-26,,,,,,,,,92.728
2013-01-27,,,,,,,,,92.728
2013-01-28,1091.22,13.57,91.2354,95.95,1652.4000244140625,1500.1800537109375,79.77999877929688,254.66000366210935,92.728
2013-01-29,1082.4,13.31,90.9406,97.62,1660.699951171875,1507.8399658203125,79.55999755859375,257.2200012207031,92.728
2013-01-30,1085.85,14.32,90.8836,97.98,1679.9000244140625,1501.9599609375,79.27999877929688,258.4700012207031,92.728
2013-01-31,1087.46,14.28,90.798,97.65,1660.5999755859375,1498.1099853515625,79.20999908447266,258.07000732421875,92.728
2013-02-01,1094.79,12.9,90.6923,97.46,1669.4000244140625,1513.1700439453125,79.12999725341797,257.6400146484375,93.038
2013-02-02,,,,,,,,,93.038
2013-02-03,,,,,,,,,93.038
2013-02-04,1089.35,14.67,90.9774,96.21,1675.300048828125,1495.7099609375,79.55000305175781,256.8900146484375,93.038
2013-02-05,1086.17,13.72,90.881,96.68,1672.4000244140625,1511.2900390625,79.48999786376953,254.82000732421875,93.038
2013-02-06,1089.0,13.41,91.0176,96.44,1677.699951171875,1512.1199951171875,79.72000122070312,254.30999755859372,93.038
2013-02-07,1090.15,13.5,91.2912,95.84,1670.4000244140625,1509.3900146484375,80.19000244140625,254.0,93.038
2013-02-08,1095.65,13.02,91.3056,95.71,1666.0,1517.9300537109375,80.25,257.0899963378906,93.038
2013-02-09,,,,,,,,,93.038
2013-02-10,,,,,,,,,93.038
2013-02-11,1095.5,12.94,91.4451,97.01,1648.199951171875,1517.010009765625,80.30999755859375,,93.038
2013-02-12,1093.13,12.64,91.2779,97.48,1648.699951171875,1519.4300537109375,80.11000061035156,256.6499938964844,93.038
2013-02-13,1085.72,12.98,91.2709,97.03,1644.199951171875,1520.3299560546875,80.08999633789062,260.9200134277344,93.038
2013-02-14,1085.14,12.66,91.366,97.3,1634.699951171875,1521.3800048828125,80.45999908447266,261.44000244140625,93.038
2013-02-15,1078.22,12.46,91.4551,95.95,1608.800048828125,1519.7900390625,80.58000183105469,261.6099853515625,93.038
2013-02-16,,,,,,,,,93.038
2013-02-17,,,,,,,,,93.038
2013-02-18,,,,,,,,261.6300048828125,93.038
2013-02-19,1079.65,12.31,91.5073,96.69,1603.5999755859375,1530.93994140625,80.47000122070312,,93.038
2013-02-20,1079.85,14.68,91.6689,94.92,1577.5999755859375,1511.949951171875,81.08999633789062,268.07000732421875,93.038
2013-02-21,1086.8,15.22,92.0394,92.79,1578.199951171875,1502.4200439453125,81.45999908447266,266.8500061035156,93.038
2013-02-22,1085.03,14.17,92.1197,93.12,1572.4000244140625,1515.5999755859375,81.4800033569336,267.1499938964844,93.038
2013-02-23,,,,,,,,,93.038
2013-02-24,,,,,,,,,93.038
2013-02-25,1086.0,18.99,92.1975,92.74,1586.199951171875,1487.8499755859375,81.66999816894531,266.010009765625,93.038
2013-02-26,1089.82,16.87,92.4247,92.63,1615.199951171875,1496.93994140625,81.87000274658203,264.67999267578125,93.038
2013-02-27,1084.99,14.73,92.234,92.84,1595.199951171875,1515.989990234375,81.5999984741211,265.0400085449219,93.038
2013-02-28,1083.9,15.51,92.295,92.03,1577.699951171875,1514.6800537109375,81.9800033569336,268.010009765625,93.038
2013-03-01,1083.9,15.36,92.6177,90.71,1571.9000244140625,1518.199951171875,82.30999755859375,,92.952
2013-03-02,,,,,,,,,92.952
2013-03-03,,,,,,,,,92.952
2013-03-04,1090.8,14.01,92.6316,90.13,1572.0999755859375,1525.199951171875,82.22000122070312,266.1400146484375,92.952
2013-03-05,1086.58,13.48,92.4965,90.88,1574.5999755859375,1539.7900390625,82.08999633789062,266.5400085449219,92.952
2013-03-06,1084.36,13.53,,90.47,1574.5999755859375,1541.4599609375,82.45999908447266,267.25,92.952
2013-03-07,1087.49,13.06,92.5462,91.53,1574.800048828125,1544.260009765625,82.08000183105469,264.7799987792969,92.952
2013-03-08,1089.15,12.59,92.6252,92.01,1576.5999755859375,1551.1800537109375,82.69999694824219,264.57000732421875,92.952
2013-03-09,,,,,,,,,92.952
2013-03-10,,,,,,,,,92.952
2013-03-11,1093.9,11.56,92.5351,92.07,1577.800048828125,1556.219970703125,82.56999969482422,264.1499938964844,92.952
2013-03-12,1095.28,12.27,92.3853,92.44,1591.5,1552.47998046875,82.58000183105469,262.42999267578125,92.952
2013-03-13,1098.42,11.83,92.4709,92.47,1588.300048828125,1554.52001953125,82.88999938964844,263.3299865722656,92.952
2013-03-14,1107.49,11.3,92.4695,93.03,1590.5999755859375,1563.22998046875,82.61000061035156,263.3699951171875,92.952
2013-03-15,1110.62,11.3,92.128,93.49,1592.5,1560.699951171875,82.26000213623047,260.8399963378906,92.952
2013-03-16,,,,,,,,,92.952
2013-03-17,,,,,,,,,92.952
2013-03-18,1114.19,13.36,92.3377,93.71,1604.5999755859375,1552.0999755859375,82.69000244140625,258.29998779296875,92.952
2013-03-19,1112.93,14.39,92.526,92.44,1611.300048828125,1548.3399658203125,82.98999786376953,259.7900085449219,92.952
2013-03-20,1115.62,12.67,92.4141,93.21,1607.5,1558.7099609375,82.77999877929688,257.0400085449219,92.952
2013-03-21,1115.41,13.99,92.3322,92.46,1613.800048828125,1545.800048828125,82.80000305175781,255.82000732421875,92.952
2013-03-22,1119.2,13.57,92.2051,93.41,1606.199951171875,1556.8900146484375,82.52999877929688,255.3300018310547,92.952
2013-03-23,,,,,,,,,92.952
2013-03-24,,,,,,,,,92.952
2013-03-25,1110.88,13.74,92.3081,94.55,1604.5999755859375,1551.68994140625,82.87000274658203,259.5799865722656,92.952
2013-03-26,1107.36,12.77,92.232,95.99,1595.800048828125,1563.77001953125,82.87999725341797,260.5400085449219,92.952
2013-03-27,1111.09,13.15,92.446,96.53,1606.199951171875,1562.8499755859375,83.20999908447266,261.8599853515625,92.952
2013-03-28,1113.14,12.7,92.2544,97.24,1594.800048828125,1569.18994140625,82.98999786376953,261.8599853515625,92.952
2013-03-29,1112.48,,92.302,,,,,,92.952
2013-03-30,,,,,,,,,92.952
2013-03-31,,,,,,,,,92.952
2013-04-01,1114.38,13.58,92.1687,97.1,1600.0,1562.1700439453125,82.7300033569336,,92.823
2013-04-02,1117.87,12.78,92.1432,97.23,1575.0999755859375,1570.25,82.94000244140625,260.7900085449219,92.823
2013-04-03,1116.68,14.21,92.104,95.02,1552.800048828125,1553.68994140625,82.72000122070312,260.3599853515625,92.823
2013-04-04,1123.57,13.89,92.3896,93.26,1551.800048828125,1559.97998046875,82.68000030517578,257.04998779296875,92.823
2013-04-05,1136.82,13.92,92.1043,92.76,1575.4000244140625,1553.280029296875,82.5,252.7700042724609,92.823
2013-04-06,,,,,,,,,92.823
2013-04-07,,,,,,,,,92.823
2013-04-08,1140.34,13.19,92.2317,93.36,1572.0,1563.0699462890625,82.75,252.38999938964844,92.823
2013-04-09,1139.19,12.84,91.9669,94.18,1586.199951171875,1568.6099853515625,82.30999755859375,252.52999877929688,92.823
2013-04-10,1135.35,12.36,91.9598,94.59,1558.300048828125,1587.72998046875,82.52999877929688,254.33999633789065,92.823
2013-04-11,1128.85,12.24,91.6972,93.44,1564.300048828125,1593.3699951171875,82.25,256.17999267578125,92.823
2013-04-12,1129.24,12.06,91.7967,91.23,1501.0,1588.8499755859375,82.30999755859375,252.0,92.823
2013-04-13,,,,,,,,,92.823
2013-04-14,,,,,,,,,92.823
2013-04-15,1119.0,17.27,91.9457,88.75,1360.5999755859375,1552.3599853515625,82.41999816894531,251.50999450683597,92.823
2013-04-16,1114.0,13.96,91.8451,88.73,1386.800048828125,1574.5699462890625,81.75,251.77999877929688,92.823
2013-04-17,1121.0,16.51,92.1372,86.65,1382.199951171875,1552.010009765625,82.66000366210938,251.50999450683597,92.823
2013-04-18,1119.48,17.56,92.176,87.83,1392.0,1541.6099853515625,82.55000305175781,247.8500061035156,92.823
2013-04-19,1119.03,14.97,92.2166,88.04,1395.300048828125,1555.25,82.70999908447266,248.7700042724609,92.823
2013-04-20,,,,,,,,,92.823
2013-04-21,,,,,,,,,92.823
2013-04-22,1119.51,14.39,92.3591,88.81,1421.0,1562.5,82.68000030517578,251.4600067138672,92.823
2013-04-23,1119.53,13.48,92.3836,89.21,1408.5999755859375,1578.780029296875,83.02999877929688,250.00999450683597,92.823
2013-04-24,1117.94,13.61,92.4581,91.07,1423.4000244140625,1578.7900390625,82.93000030517578,252.0,92.823
2013-04-25,1111.35,13.62,92.0394,93.27,1461.800048828125,1585.1600341796875,82.73999786376953,254.4900054931641,92.823
2013-04-26,1111.1,13.61,91.9012,92.63,1453.5999755859375,1582.239990234375,82.4800033569336,253.0399932861328,92.823
2013-04-27,,,,,,,,,92.823
2013-04-28,,,,,,,,,92.823
2013-04-29,1104.0,13.71,91.6539,94.09,1467.4000244140625,1593.6099853515625,82.1500015258789,,92.823
2013-04-30,1101.52,13.52,91.3741,93.22,1472.199951171875,1597.5699462890625,81.7300033569336,255.72000122070312,92.823
2013-05-01,1100.35,14.49,91.4331,90.74,1446.300048828125,1582.699951171875,81.63999938964844,,92.823
2013-05-02,1101.4,13.59,91.6174,93.7,1467.699951171875,1597.5899658203125,82.20999908447266,254.9199981689453,92.823
2013-05-03,1096.67,12.85,91.5087,95.25,1464.300048828125,1614.4200439453125,82.0999984741211,256.0199890136719,92.823
2013-05-04,,,,,,,,,92.823
2013-05-05,,,,,,,,,92.823
2013-05-06,1094.34,12.66,91.6387,95.8,1468.0999755859375,1617.5,82.31999969482422,255.1999969482422,92.823
2013-05-07,1090.0,12.83,91.5201,95.28,1449.0,1625.9599609375,82.30000305175781,253.83999633789065,92.823
2013-05-08,1086.0,12.66,91.1848,96.24,1473.9000244140625,1632.68994140625,81.9000015258789,254.0200042724609,92.823
2013-05-09,1091.12,13.13,91.3036,96.09,1468.800048828125,1626.6700439453125,82.79000091552734,257.5299987792969,92.823
2013-05-10,1106.0,12.59,92.2527,95.81,1436.800048828125,1633.699951171875,83.13999938964844,252.72000122070312,92.823
2013-05-11,,,,,,,,,92.823
2013-05-12,,,,,,,,,92.823
2013-05-13,1113.12,12.55,92.2711,94.76,1434.5,1633.77001953125,83.26000213623047,253.2899932861328,92.823
2013-05-14,1109.62,12.77,92.3697,93.96,1424.699951171875,1650.3399658203125,83.56999969482422,256.2900085449219,92.823
2013-05-15,1114.62,12.81,92.7691,93.95,1396.5,1658.780029296875,83.83000183105469,256.6000061035156,92.823
2013-05-16,1117.54,13.07,92.6602,94.85,1387.0999755859375,1650.469970703125,83.7699966430664,258.989990234375,92.823
2013-05-17,1117.3,12.45,93.1617,95.72,1364.9000244140625,1667.469970703125,84.27999877929688,,92.823
2013-05-18,,,,,,,,,92.823
2013-05-19,,,,,,,,,92.823
2013-05-20,1118.19,13.02,93.0359,96.29,1384.300048828125,1666.2900390625,83.80999755859375,258.6000061035156,92.823
2013-05-21,1110.62,13.37,92.9662,95.55,1377.800048828125,1669.1600341796875,83.86000061035156,258.17999267578125,92.823
2013-05-22,1113.85,13.82,93.3104,93.98,1367.5999755859375,1655.3499755859375,84.25,260.19000244140625,92.823
2013-05-23,1128.35,14.07,93.2113,94.12,1392.0,1650.510009765625,83.80000305175781,256.6600036621094,92.823
2013-05-24,1126.4,13.99,93.2768,93.84,1386.800048828125,1649.5999755859375,83.69999694824219,257.32000732421875,92.823
2013-05-25,,,,,,,,,92.823
2013-05-26,,,,,,,,,92.823
2013-05-27,,,,,,,,,92.823
2013-05-28,1128.07,14.48,93.5853,94.65,1379.0999755859375,1660.06005859375,84.13999938964844,258.5899963378906,92.823
2013-05-29,1132.08,14.83,93.531,93.13,1391.300048828125,1648.3599853515625,83.63999938964844,,92.823
2013-05-30,1127.9,14.53,93.4219,93.57,1411.5,1654.4100341796875,83.01000213623047,261.2099914550781,92.823
2013-05-31,1129.34,16.3,93.6076,91.93,1392.5999755859375,1630.739990234375,83.37999725341797,261.4700012207031,92.823
2013-06-01,,,,,,,,,92.71
2013-06-02,,,,,,,,,92.71
2013-06-03,1127.18,16.28,93.163,93.41,1411.699951171875,1640.4200439453125,82.68000030517578,260.2900085449219,92.71
2013-06-04,1122.31,16.27,93.3067,93.36,1397.0999755859375,1631.3800048828125,82.7699966430664,260.5400085449219,92.71
2013-06-05,1118.55,17.5,93.275,93.66,1398.4000244140625,1608.9000244140625,82.56999969482422,256.510009765625,92.71
2013-06-06,1118.9,16.63,92.809,94.71,1415.699951171875,1622.56005859375,81.5199966430664,,92.71
2013-06-07,1117.17,15.14,92.6056,96.11,1383.0,1643.3800048828125,81.69000244140625,251.1999969482422,92.71
2013-06-08,,,,,,,,,92.71
2013-06-09,,,,,,,,,92.71
2013-06-10,1127.38,15.44,92.973,95.82,1386.199951171875,1642.81005859375,81.6500015258789,252.1999969482422,92.71
2013-06-11,1133.0,17.07,92.7996,95.5,1377.0,1626.1300048828125,81.05999755859375,250.19000244140625,92.71
2013-06-12,1127.76,18.59,92.4775,95.98,1391.800048828125,1612.52001953125,80.95999908447266,248.5,92.71
2013-06-13,1129.07,16.41,92.3449,96.66,1377.5999755859375,1636.3599853515625,80.62000274658203,244.4900054931641,92.71
2013-06-14,1127.2,17.15,92.1886,97.83,1387.300048828125,1626.72998046875,80.66999816894531,245.3600006103516,92.71
2013-06-15,,,,,,,,,92.71
2013-06-16,,,,,,,,,92.71
2013-06-17,1127.0,16.8,92.3332,97.86,1382.800048828125,1639.0400390625,80.56999969482422,244.7700042724609,92.71
2013-06-18,1134.24,16.61,92.5432,98.46,1366.5999755859375,1651.81005859375,80.62000274658203,247.1300048828125,92.71
2013-06-19,1130.25,16.64,92.4755,98.24,1373.5999755859375,1628.9300537109375,81.43000030517578,245.44000244140625,92.71
2013-06-20,1145.9,20.49,94.125,94.89,1285.9000244140625,1588.18994140625,81.83999633789062,240.25999450683597,92.71
2013-06-21,1156.0,18.9,94.4243,93.81,1291.5999755859375,1592.4300537109375,82.31999969482422,236.57000732421875,92.71
2013-06-22,,,,,,,,,92.71
2013-06-23,,,,,,,,,92.71
2013-06-24,1161.34,20.11,94.5714,95.07,1276.800048828125,1573.0899658203125,82.43000030517578,233.47000122070312,92.71
2013-06-25,1152.78,18.47,94.3285,95.25,1274.800048828125,1588.030029296875,82.58000183105469,231.75,92.71
2013-06-26,1155.0,17.21,94.3807,95.47,1229.5999755859375,1603.260009765625,82.94999694824219,231.5200042724609,92.71
2013-06-27,1147.69,16.86,94.2429,97.0,1211.4000244140625,1613.199951171875,82.91000366210938,,92.71
2013-06-28,1141.45,16.86,94.3047,96.36,1223.800048828125,1606.280029296875,83.16999816894531,242.2700042724609,92.71
2013-06-29,,,,,,,,,92.71
2013-06-30,,,,,,,,,92.71
2013-07-01,1135.27,16.37,94.0998,97.94,1255.9000244140625,1614.9599609375,82.9800033569336,241.0500030517578,92.909
2013-07-02,1133.8,16.44,94.4051,99.65,1243.5999755859375,1614.0799560546875,83.54000091552734,240.8000030517578,92.909
2013-07-03,1140.95,16.2,94.4767,101.92,1252.0999755859375,1615.4100341796875,83.2300033569336,236.6300048828125,92.909
2013-07-04,,,,,,,,,92.909
2013-07-05,1141.65,14.89,95.0639,103.09,1212.9000244140625,1631.8900146484375,84.41999816894531,237.27999877929688,92.909
2013-07-06,,,,,,,,,92.909
2013-07-07,,,,,,,,,92.909
2013-07-08,1147.94,14.78,94.9954,103.03,1234.9000244140625,1640.4599609375,84.19999694824219,235.1199951171875,92.909
2013-07-09,1141.25,14.35,94.9467,103.46,1245.9000244140625,1652.3199462890625,84.58000183105469,236.94000244140625,92.909
2013-07-10,1134.66,14.21,94.7595,106.41,1247.4000244140625,1652.6199951171875,84.04000091552734,236.22999572753903,92.909
2013-07-11,1124.21,14.01,93.949,104.77,1280.0999755859375,1675.02001953125,82.75,243.8800048828125,92.909
2013-07-12,1123.85,13.84,94.0029,105.85,1277.800048828125,1680.18994140625,82.98999786376953,242.72000122070312,92.909
2013-07-13,,,,,,,,,92.909
2013-07-14,,,,,,,,,92.909
2013-07-15,1121.06,13.79,93.9729,106.2,1283.800048828125,1682.5,83.04000091552734,243.42999267578125,92.909
2013-07-16,1114.65,14.42,93.5232,105.88,1290.800048828125,1676.260009765625,82.43000030517578,242.0200042724609,92.909
2013-07-17,1116.86,13.78,93.5498,106.39,1277.9000244140625,1680.9100341796875,82.70999908447266,244.82000732421875,92.909
2013-07-18,1124.08,13.77,93.681,107.94,1284.5999755859375,1689.3699951171875,82.81999969482422,242.9199981689453,92.909
2013-07-19,1120.43,12.54,93.4759,108.0,1293.300048828125,1692.0899658203125,82.58000183105469,242.02999877929688,92.909
2013-07-20,,,,,,,,,92.909
2013-07-21,,,,,,,,,92.909
2013-07-22,1118.46,12.29,93.2253,106.61,1336.4000244140625,1695.530029296875,82.22000122070312,243.17999267578125,92.909
2013-07-23,1116.66,12.66,93.1631,107.13,1335.0999755859375,1692.3900146484375,82.01000213623047,246.6300048828125,92.909
2013-07-24,1115.52,13.18,93.3124,105.41,1319.699951171875,1685.93994140625,82.30000305175781,247.83999633789065,92.909
2013-07-25,1116.15,12.97,93.2862,105.47,1329.0,1690.25,81.97000122070312,247.7100067138672,92.909
2013-07-26,1112.55,12.72,93.1695,104.76,1321.699951171875,1691.6500244140625,81.62000274658203,247.8000030517578,92.909
2013-07-27,,,,,,,,,92.909
2013-07-28,,,,,,,,,92.909
2013-07-29,1112.21,13.39,93.1663,104.61,1328.4000244140625,1685.3299560546875,81.66000366210938,246.52999877929688,92.909
2013-07-30,1115.79,13.39,93.3976,103.14,1324.0,1685.9599609375,81.83000183105469,248.77999877929688,92.909
2013-07-31,1122.66,13.45,93.5703,105.1,1312.4000244140625,1685.72998046875,81.44999694824219,247.9900054931641,92.909
2013-08-01,1122.99,12.94,93.7972,107.93,1311.0,1706.8699951171875,82.33999633789062,248.88999938964844,93.238
2013-08-02,1123.85,11.98,93.5789,106.94,1310.5999755859375,1709.6700439453125,81.91000366210938,249.3300018310547,93.238
2013-08-03,,,,,,,,,93.238
2013-08-04,,,,,,,,,93.238
2013-08-05,1113.5,11.84,93.507,106.61,1302.5999755859375,1707.1400146484375,81.87999725341797,248.25,93.238
2013-08-06,1113.81,12.72,93.3199,105.32,1283.199951171875,1697.3699951171875,81.5999984741211,246.8000030517578,93.238
2013-08-07,1117.05,12.98,93.2652,104.41,1286.0999755859375,1690.9100341796875,81.29000091552734,242.75,93.238
2013-08-08,1112.25,12.73,92.8483,103.45,1310.699951171875,1697.47998046875,81.01000213623047,243.38999938964844,93.238
2013-08-09,1111.16,13.41,92.8394,106.04,1312.9000244140625,1691.4200439453125,81.12999725341797,243.1300048828125,93.238
2013-08-10,,,,,,,,,93.238
2013-08-11,,,,,,,,,93.238
2013-08-12,1113.97,12.81,92.9178,106.19,1334.699951171875,1689.469970703125,81.33000183105469,243.77999877929688,93.238
2013-08-13,1118.22,12.31,93.476,106.78,1321.199951171875,1694.1600341796875,81.7300033569336,248.1999969482422,93.238
2013-08-14,1117.9,13.04,93.382,106.89,1334.0,1685.3900146484375,81.69999694824219,249.82000732421875,93.238
2013-08-15,1118.0,14.73,93.5059,107.43,1361.5999755859375,1661.3199462890625,81.12999725341797,,93.238
2013-08-16,1113.04,14.37,93.4255,107.58,1371.699951171875,1655.8299560546875,81.26000213623047,249.22999572753903,93.238
2013-08-17,,,,,,,,,93.238
2013-08-18,,,,,,,,,93.238
2013-08-19,1117.88,15.1,93.6623,107.14,1366.199951171875,1646.06005859375,81.2300033569336,248.88999938964844,93.238
2013-08-20,1120.6,14.91,93.5536,104.9,1373.0999755859375,1652.3499755859375,80.91000366210938,245.1300048828125,93.238
2013-08-21,1116.86,15.94,94.0362,103.93,1370.5999755859375,1642.800048828125,81.31999969482422,242.4900054931641,93.238
2013-08-22,1120.92,14.76,94.2804,104.93,1371.199951171875,1656.9599609375,81.48999786376953,240.3699951171875,93.238
2013-08-23,1113.48,13.98,93.9466,106.48,1395.699951171875,1663.5,81.33999633789062,243.3699951171875,93.238
2013-08-24,,,,,,,,,93.238
2013-08-25,,,,,,,,,93.238
2013-08-26,1112.6,14.99,94.1853,105.88,1393.0,1656.780029296875,81.37000274658203,245.7100067138672,93.238
2013-08-27,1116.78,16.77,94.3934,109.11,1420.5999755859375,1630.47998046875,81.16999816894531,245.7100067138672,93.238
2013-08-28,1114.25,16.49,94.4127,110.17,1419.0,1634.9599609375,81.41999816894531,245.6699981689453,93.238
2013-08-29,1112.19,16.81,94.6398,108.51,1412.9000244140625,1638.1700439453125,81.94999694824219,248.8600006103516,93.238
2013-08-30,1109.42,17.01,94.7541,107.98,1396.0999755859375,1632.969970703125,82.08999633789062,251.7400054931641,93.238
2013-08-31,,,,,,,,,93.238
2013-09-01,,,,,,,,,93.419
2013-09-02,,,,,,,,,93.419
2013-09-03,1097.75,16.61,94.9574,108.67,1412.0,1639.77001953125,82.36000061035156,252.0500030517578,93.419
2013-09-04,1093.77,15.88,94.5739,107.29,1389.9000244140625,1653.0799560546875,82.16999816894531,252.1499938964844,93.419
2013-09-05,1096.8,15.77,94.8891,108.5,1373.0999755859375,1655.0799560546875,82.62999725341797,254.6199951171875,93.419
2013-09-06,1091.9,15.85,94.2487,110.62,1386.699951171875,1655.1700439453125,82.1500015258789,255.25,93.419
2013-09-07,,,,,,,,,93.419
2013-09-08,,,,,,,,,93.419
2013-09-09,1086.8,15.63,94.0009,109.62,1386.800048828125,1671.7099609375,81.79000091552734,258.1199951171875,93.419
2013-09-10,1085.43,14.53,93.938,107.48,1364.0999755859375,1683.989990234375,81.81999969482422,261.20001220703125,93.419
2013-09-11,1085.76,13.82,93.7112,107.65,1363.9000244140625,1689.1300048828125,81.5199966430664,262.3800048828125,93.419
2013-09-12,1082.77,14.29,93.5903,108.72,1330.4000244140625,1683.4200439453125,81.48999786376953,262.32000732421875,93.419
2013-09-13,1085.88,14.16,93.6666,108.31,1308.4000244140625,1687.989990234375,81.44999694824219,260.8299865722656,93.419
2013-09-14,,,,,,,,,93.419
2013-09-15,,,,,,,,,93.419
2013-09-16,1081.34,14.38,93.2875,106.54,1317.9000244140625,1697.5999755859375,81.25,263.8599853515625,93.419
2013-09-17,1082.15,14.53,93.2231,105.36,1309.5,1704.760009765625,81.16999816894531,262.5599975585937,93.419
2013-09-18,1081.4,13.59,93.2569,108.23,1307.800048828125,1725.52001953125,80.23999786376953,,93.419
2013-09-19,1070.88,13.16,92.4082,106.26,1369.4000244140625,1722.3399658203125,80.36000061035156,,93.419
2013-09-20,1076.02,13.12,92.6049,104.7,1332.5,1709.9100341796875,80.44000244140625,,93.419
2013-09-21,,,,,,,,,93.419
2013-09-22,,,,,,,,,93.419
2013-09-23,1073.9,14.31,92.613,103.62,1326.9000244140625,1701.8399658203125,80.44999694824219,263.0199890136719,93.419
2013-09-24,1074.35,14.08,92.7691,103.22,1316.0,1697.4200439453125,80.55999755859375,262.8299865722656,93.419
2013-09-25,1076.42,14.01,92.7675,102.68,1335.9000244140625,1692.77001953125,80.33000183105469,261.45001220703125,93.419
2013-09-26,1075.2,14.06,93.0096,103.1,1323.5999755859375,1698.6700439453125,80.5199966430664,262.67999267578125,93.419
2013-09-27,1074.38,15.46,92.9747,102.86,1338.4000244140625,1691.75,80.2699966430664,262.94000244140625,93.419
2013-09-28,,,,,,,,,93.419
2013-09-29,,,,,,,,,93.419
2013-09-30,1073.33,16.6,92.9207,102.36,1326.5,1681.550048828125,80.22000122070312,260.9100036621094,93.419
2013-10-01,1072.9,15.54,92.9515,102.09,1286.0,1695.0,80.0999984741211,261.4800109863281,93.134
2013-10-02,1074.02,16.6,92.772,104.15,1320.5999755859375,1693.8699951171875,79.87999725341797,261.8699951171875,93.134
2013-10-03,1074.02,17.67,92.7461,103.29,1317.4000244140625,1678.6600341796875,79.7699966430664,,93.134
2013-10-04,1070.0,16.74,92.6469,103.83,1309.699951171875,1690.5,80.12000274658203,261.7799987792969,93.134
2013-10-05,,,,,,,,,93.134
2013-10-06,,,,,,,,,93.134
2013-10-07,1071.29,19.41,92.6725,103.07,1324.800048828125,1676.1199951171875,79.94000244140625,261.8500061035156,93.134
2013-10-08,1074.15,20.34,92.7558,103.54,1324.199951171875,1655.449951171875,80.05999755859375,263.1400146484375,93.134
2013-10-09,1075.48,19.6,93.0829,101.63,1306.9000244140625,1656.4000244140625,80.37000274658203,,93.134
2013-10-10,1071.19,16.48,92.8579,103.08,1296.5999755859375,1692.56005859375,80.41999816894531,262.8999938964844,93.134
2013-10-11,1071.55,15.72,92.854,102.17,1268.0,1703.199951171875,80.36000061035156,266.3500061035156,93.134
2013-10-12,,,,,,,,,93.134
2013-10-13,,,,,,,,,93.134
2013-10-14,,16.07,,102.46,1276.4000244140625,1710.1400146484375,80.26000213623047,265.8099975585937,93.134
2013-10-15,1064.33,18.66,92.7642,101.15,1273.0,1698.06005859375,80.4800033569336,269.0199890136719,93.134
2013-10-16,1066.0,14.71,92.6819,102.34,1282.0,1721.5400390625,80.5,268.25,93.134
2013-10-17,1062.38,13.48,92.0246,100.72,1322.699951171875,1733.1500244140625,79.6500015258789,269.5899963378906,93.134
2013-10-18,1060.02,13.04,91.9989,100.87,1314.4000244140625,1744.5,79.63999938964844,271.239990234375,93.134
2013-10-19,,,,,,,,,93.134
2013-10-20,,,,,,,,,93.134
2013-10-21,1060.93,13.16,92.2498,99.28,1315.699951171875,1744.6600341796875,79.68000030517578,271.2200012207031,93.134
2013-10-22,1057.5,13.33,91.9563,97.63,1342.5,1754.6700439453125,79.23999786376953,271.1099853515625,93.134
2013-10-23,1057.45,13.42,92.0947,96.9,1333.9000244140625,1746.3800048828125,79.26000213623047,268.0299987792969,93.134
2013-10-24,1061.5,13.2,92.1867,96.65,1350.199951171875,1752.0699462890625,79.19000244140625,269.3599853515625,93.134
2013-10-25,1062.3,13.09,92.1623,97.4,1352.4000244140625,1759.77001953125,79.18000030517578,267.510009765625,93.134
2013-10-26,,,,,,,,,93.134
2013-10-27,,,,,,,,,93.134
2013-10-28,1060.7,13.31,92.1872,98.74,1352.0,1762.1099853515625,79.25,269.739990234375,93.134
2013-10-29,1061.92,13.41,92.301,98.29,1345.199951171875,1771.949951171875,79.62999725341797,270.2799987792969,93.134
2013-10-30,1058.4,13.65,92.3057,96.81,1349.0,1763.31005859375,79.75,271.44000244140625,93.134
2013-10-31,1060.83,13.75,92.731,96.29,1323.5999755859375,1756.5400390625,80.19999694824219,266.9100036621094,93.134
2013-11-01,1060.91,13.28,93.155,94.56,1313.0999755859375,1761.6400146484375,80.7300033569336,268.6300048828125,93.116
2013-11-02,,,,,,,,,93.116
2013-11-03,,,,,,,,,93.116
2013-11-04,1062.38,12.93,92.9359,94.58,1314.5999755859375,1767.9300537109375,80.55000305175781,266.5899963378906,93.116
2013-11-05,1061.03,13.27,93.2112,93.4,1308.0,1762.969970703125,80.70999908447266,264.9599914550781,93.116
2013-11-06,1059.77,12.67,93.0943,94.74,1317.699951171875,1770.489990234375,80.4800033569336,264.6199951171875,93.116
2013-11-07,1062.78,13.91,93.4003,94.25,1308.4000244140625,1747.1500244140625,80.81999969482422,263.3399963378906,93.116
2013-11-08,1062.12,12.9,93.6619,94.56,1284.5,1770.6099853515625,81.20999908447266,260.5299987792969,93.116
2013-11-09,,,,,,,,,93.116
2013-11-10,,,,,,,,,93.116
2013-11-11,,12.53,,95.13,1281.0,1771.8900146484375,81.08999633789062,260.1499938964844,93.116
2013-11-12,1072.65,12.82,93.7651,93.12,1271.0999755859375,1767.68994140625,81.19000244140625,262.8099975585937,93.116
2013-11-13,1070.56,12.52,93.4848,93.91,1268.300048828125,1782.0,80.93000030517578,258.0400085449219,93.116
2013-11-14,1068.21,12.37,93.4328,93.76,1286.199951171875,1790.6199951171875,80.9800033569336,258.44000244140625,93.116
2013-11-15,1062.35,12.19,93.2854,93.8,1287.300048828125,1798.1800537109375,80.83999633789062,264.20001220703125,93.116
2013-11-16,,,,,,,,,93.116
2013-11-17,,,,,,,,,93.116
2013-11-18,1054.84,13.1,92.9824,93.03,1272.199951171875,1791.530029296875,80.83000183105469,265.0299987792969,93.116
2013-11-19,1054.86,13.39,93.0649,93.35,1273.4000244140625,1787.8699951171875,80.69999694824219,267.8099975585937,93.116
2013-11-20,1056.28,13.4,93.2501,93.34,1257.9000244140625,1781.3699951171875,81.11000061035156,265.6199951171875,93.116
2013-11-21,1061.9,12.66,93.5638,95.35,1243.5,1795.8499755859375,81.05000305175781,262.20001220703125,93.116
2013-11-22,1060.99,12.26,93.4198,94.53,1244.0,1804.760009765625,80.70999908447266,263.8599853515625,93.116
2013-11-23,,,,,,,,,93.116
2013-11-24,,,,,,,,,93.116
2013-11-25,1059.35,12.79,93.5539,93.86,1241.0999755859375,1802.47998046875,80.91999816894531,265.2099914550781,93.116
2013-11-26,1060.07,12.81,93.5226,93.41,1241.4000244140625,1802.75,80.61000061035156,266.260009765625,93.116
2013-11-27,1060.9,12.98,93.6864,92.05,1237.800048828125,1807.22998046875,80.73999786376953,267.1499938964844,93.116
2013-11-28,,,,,,,,269.70001220703125,93.116
2013-11-29,1057.76,13.7,93.6291,92.55,1250.5999755859375,1805.81005859375,80.68000030517578,269.57000732421875,93.116
2013-11-30,,,,,,,,,93.116
2013-12-01,,,,,,,,,93.229
2013-12-02,1058.0,14.23,93.8856,93.61,1222.300048828125,1800.9000244140625,80.91000366210938,267.5799865722656,93.229
2013-12-03,1059.97,14.55,93.8251,95.83,1221.699951171875,1795.1500244140625,80.62000274658203,264.8399963378906,93.229
2013-12-04,1061.02,14.7,93.8997,96.97,1248.199951171875,1792.81005859375,80.62999725341797,261.4800109863281,93.229
2013-12-05,1058.27,15.08,93.4954,97.14,1233.199951171875,1785.030029296875,80.2699966430664,261.1000061035156,93.229
2013-12-06,1056.0,13.79,93.4045,97.48,1230.300048828125,1805.0899658203125,80.2699966430664,260.7099914550781,93.229
2013-12-07,,,,,,,,,93.229
2013-12-08,,,,,,,,,93.229
2013-12-09,1050.05,13.49,93.1444,97.1,1235.300048828125,1808.3699951171875,80.12999725341797,263.70001220703125,93.229
2013-12-10,1052.0,13.91,,98.32,1262.4000244140625,1802.6199951171875,79.97000122070312,262.67999267578125,93.229
2013-12-11,1051.5,15.42,93.0842,97.25,1258.5,1782.219970703125,79.88999938964844,260.54998779296875,93.229
2013-12-12,1050.75,15.54,93.4292,97.21,1226.0,1775.5,80.19999694824219,259.04998779296875,93.229
2013-12-13,1052.9,15.76,93.3568,96.27,1235.699951171875,1775.3199462890625,80.20999908447266,258.0400085449219,93.229
2013-12-14,,,,,,,,,93.229
2013-12-15,,,,,,,,,93.229
2013-12-16,1052.6,16.03,93.2175,97.18,1245.5,1786.5400390625,80.06999969482422,257.8999938964844,93.229
2013-12-17,1050.65,16.21,93.302,96.99,1231.199951171875,1781.0,80.05999755859375,258.7200012207031,93.229
2013-12-18,1051.75,13.8,93.4207,97.59,1236.0999755859375,1810.6500244140625,80.11000061035156,259.9800109863281,93.229
2013-12-19,1059.28,14.15,93.7368,98.4,1195.0,1809.5999755859373,80.62999725341797,260.20001220703125,93.229
2013-12-20,1061.35,13.79,93.7211,99.11,1205.0999755859375,1818.3199462890625,80.58000183105469,261.2699890136719,93.229
2013-12-21,,,,,,,,,93.229
2013-12-22,,,,,,,,,93.229
2013-12-23,1060.4,13.04,93.572,98.62,1198.4000244140625,1827.989990234375,80.44999694824219,263.239990234375,93.229
2013-12-24,1059.25,12.48,93.6734,98.87,1205.0999755859375,1833.3199462890625,80.52999877929688,263.5799865722656,93.229
2013-12-25,,,,,,,,,93.229
2013-12-26,1059.1,12.33,93.766,99.18,1214.0999755859375,1842.02001953125,80.4800033569336,263.1499938964844,93.229
2013-12-27,1053.72,12.46,93.7018,99.94,1216.0999755859375,1841.4000244140625,80.38999938964844,263.32000732421875,93.229
2013-12-28,,,,,,,,,93.229
2013-12-29,,,,,,,,,93.229
2013-12-30,1054.52,13.56,93.4866,98.9,1203.0999755859375,1841.0699462890625,80.0,264.239990234375,93.229
2013-12-31,1055.25,13.72,93.5576,98.17,1201.9000244140625,1848.3599853515625,80.04000091552734,,93.229
2014-01-01,,,,,,,,,93.73
2014-01-02,1050.3,14.23,93.8192,95.14,1225.0,1831.97998046875,80.62999725341797,257.6400146484375,93.73
2014-01-03,1055.0,13.76,93.853,93.66,1238.4000244140625,1831.3699951171875,80.79000091552734,254.47999572753903,93.73
2014-01-04,,,,,,,,,93.73
2014-01-05,,,,,,,,,93.73
2014-01-06,1065.01,13.55,93.9109,93.12,1237.800048828125,1826.77001953125,80.6500015258789,255.41000366210935,93.73
2014-01-07,1068.5,12.92,94.0398,93.31,1229.4000244140625,1837.8800048828125,80.83000183105469,255.97999572753903,93.73
2014-01-08,1065.45,12.87,94.2181,91.9,1225.300048828125,1837.489990234375,81.04000091552734,255.75999450683597,93.73
2014-01-09,1062.89,12.89,94.3299,91.36,1229.300048828125,1838.1300048828125,81.01000213623047,253.6300048828125,93.73
2014-01-10,1061.32,12.14,94.0045,92.39,1246.699951171875,1842.3699951171875,80.66000366210938,252.47999572753903,93.73
2014-01-11,,,,,,,,,93.73
2014-01-12,,,,,,,,,93.73
2014-01-13,1056.7,13.28,93.899,91.45,1250.9000244140625,1819.199951171875,80.51000213623047,254.0800018310547,93.73
2014-01-14,1059.43,12.28,94.0303,92.15,1245.199951171875,1838.8800048828125,80.61000061035156,253.97000122070312,93.73
2014-01-15,1062.6,12.28,94.341,93.78,1238.0999755859375,1848.3800048828125,81.0,254.72999572753903,93.73
2014-01-16,1063.0,12.53,94.5507,93.54,1240.0,1845.8900146484373,80.9000015258789,255.3600006103516,93.73
2014-01-17,1060.8,12.44,94.5846,93.96,1251.699951171875,1838.699951171875,81.26000213623047,253.4600067138672,93.73
2014-01-18,,,,,,,,,93.73
2014-01-19,,,,,,,,,93.73
2014-01-20,,,,,,,,254.80999755859372,93.73
2014-01-21,1065.05,12.87,94.679,94.51,1242.300048828125,1843.800048828125,81.0999984741211,256.3399963378906,93.73
2014-01-22,1067.3,12.84,94.8479,96.35,1239.0,1844.8599853515625,81.16999816894531,257.0799865722656,93.73
2014-01-23,1073.1,13.77,94.8415,97.23,1262.5999755859375,1828.4599609375,80.44000244140625,253.7400054931641,93.73
2014-01-24,1080.1,18.14,94.8555,96.66,1264.5,1790.2900390625,80.45999908447266,252.88999938964844,93.73
2014-01-25,,,,,,,,,93.73
2014-01-26,,,,,,,,,93.73
2014-01-27,1083.7,17.42,94.9059,95.82,1263.5999755859375,1781.56005859375,80.5,248.9499969482422,93.73
2014-01-28,1079.14,15.8,94.88,97.49,1251.0,1792.5,80.56999969482422,249.91000366210935,93.73
2014-01-29,1069.8,17.35,94.8621,97.34,1262.199951171875,1774.199951171875,80.51000213623047,252.88999938964844,93.73
2014-01-30,1080.11,17.29,95.1294,98.25,1242.199951171875,1794.18994140625,81.08999633789062,,93.73
2014-01-31,1080.36,18.41,95.1774,97.55,1240.0999755859375,1782.5899658203125,81.2699966430664,,93.73
2014-02-01,,,,,,,,,93.98
2014-02-02,,,,,,,,,93.98
2014-02-03,1084.25,21.44,95.2469,96.44,1260.4000244140625,1741.8900146484375,81.01000213623047,250.00999450683597,93.98
2014-02-04,1083.7,19.11,95.0438,97.24,1251.699951171875,1755.199951171875,81.12000274658203,245.3000030517578,93.98
2014-02-05,1077.6,19.95,95.0285,97.4,1257.300048828125,1751.6400146484375,81.02999877929688,246.0399932861328,93.98
2014-02-06,1078.8,17.23,94.7177,97.84,1257.5999755859375,1773.4300537109375,80.88999938964844,248.55999755859372,93.98
2014-02-07,1073.83,15.29,94.7457,99.98,1263.300048828125,1797.02001953125,80.69000244140625,250.50999450683597,93.98
2014-02-08,,,,,,,,,93.98
2014-02-09,,,,,,,,,93.98
2014-02-10,1072.3,15.26,94.7189,100.12,1274.800048828125,1799.8399658203125,80.66999816894531,250.47000122070312,93.98
2014-02-11,1070.8,14.51,94.6377,99.96,1290.0999755859375,1819.75,80.62999725341797,251.8699951171875,93.98
2014-02-12,1062.14,14.3,94.6209,100.38,1295.300048828125,1819.260009765625,80.68000030517578,252.30999755859372,93.98
2014-02-13,1066.2,14.14,,100.27,1300.4000244140625,1829.8299560546875,80.29000091552734,250.97000122070312,93.98
2014-02-14,1062.9,13.57,94.2711,100.31,1319.0,1838.6300048828125,80.12999725341797,252.7400054931641,93.98
2014-02-15,,,,,,,,,93.98
2014-02-16,,,,,,,,,93.98
2014-02-17,,,,,,,,253.63999938964844,93.98
2014-02-18,1065.54,13.87,94.1934,102.54,1324.699951171875,1840.760009765625,80.01000213623047,253.66000366210935,93.98
2014-02-19,1065.25,15.5,94.38,103.46,1320.5999755859375,1828.75,80.16999816894531,252.9199981689453,93.98
2014-02-20,1072.0,14.79,94.6571,103.2,1317.0999755859375,1839.780029296875,80.29000091552734,250.9499969482422,93.98
2014-02-21,1072.15,14.68,,102.53,1323.9000244140625,1836.25,80.23999786376953,255.22000122070312,93.98
2014-02-22,,,,,,,,,93.98
2014-02-23,,,,,,,,,93.98
2014-02-24,1074.0,14.23,94.4042,103.17,1338.300048828125,1847.6099853515625,80.20999908447266,254.00999450683597,93.98
2014-02-25,1072.78,13.67,94.4735,102.2,1343.0,1845.1199951171875,80.1500015258789,256.239990234375,93.98
2014-02-26,1065.72,14.35,94.7754,102.93,1328.199951171875,1845.1600341796875,80.41000366210938,257.3099975585937,93.98
2014-02-27,1068.85,14.04,94.6722,102.68,1331.5999755859375,1854.2900390625,80.29000091552734,258.2799987792969,93.98
2014-02-28,1066.01,14.0,94.3879,102.88,1321.4000244140625,1859.449951171875,79.77999877929688,258.4100036621094,93.98
2014-03-01,,,,,,,,,94.153
2014-03-02,,,,,,,,,94.153
2014-03-03,1069.9,16.0,,105.34,1350.0999755859375,1845.72998046875,80.06999969482422,256.2900085449219,94.153
2014-03-04,1071.2,14.1,94.6568,103.64,1337.800048828125,1873.9100341796875,80.16000366210938,254.77999877929688,94.153
2014-03-05,1070.85,13.89,94.4679,101.75,1340.199951171875,1873.81005859375,80.11000061035156,257.29998779296875,94.153
2014-03-06,1064.1,14.21,93.9858,101.82,1351.699951171875,1877.030029296875,79.68000030517578,257.6300048828125,94.153
2014-03-07,1064.2,14.11,94.2532,102.82,1338.0999755859375,1878.0400390625,79.72000122070312,257.3500061035156,94.153
2014-03-08,,,,,,,,,94.153
2014-03-09,,,,,,,,,94.153
2014-03-10,1066.5,14.2,94.3731,101.39,1341.4000244140625,1877.1700439453125,79.75,254.47999572753903,94.153
2014-03-11,1065.13,14.8,94.387,100.29,1346.5,1867.6300048828125,79.7699966430664,255.4900054931641,94.153
2014-03-12,1070.2,14.47,94.462,98.29,1370.300048828125,1868.199951171875,79.61000061035156,251.1100006103516,94.153
2014-03-13,1068.35,16.22,94.1872,98.57,1372.199951171875,1846.3399658203125,79.62000274658203,251.08999633789065,94.153
2014-03-14,1071.33,17.82,94.243,99.23,1379.0,1841.1300048828125,79.44000244140625,249.0200042724609,94.153
2014-03-15,,,,,,,,,94.153
2014-03-16,,,,,,,,,94.153
2014-03-17,1067.15,15.64,,98.43,1372.9000244140625,1858.8299560546875,79.38999938964844,250.1499938964844,94.153
2014-03-18,1068.5,14.52,94.2631,100.08,1359.0,1872.25,79.41000366210938,251.8699951171875,94.153
2014-03-19,1070.53,15.12,94.3752,100.71,1341.4000244140625,1860.77001953125,79.98999786376953,251.32000732421875,94.153
2014-03-20,1076.28,14.52,94.9986,99.68,1330.5,1872.010009765625,80.20999908447266,248.67999267578125,94.153
2014-03-21,1079.6,15.0,94.8547,99.97,1336.0,1866.52001953125,80.11000061035156,250.67999267578125,94.153
2014-03-22,,,,,,,,,94.153
2014-03-23,,,,,,,,,94.153
2014-03-24,1077.7,15.09,94.759,100.05,1311.199951171875,1857.43994140625,79.93000030517578,252.30999755859372,94.153
2014-03-25,1078.67,14.02,94.6379,99.66,1311.4000244140625,1865.6199951171875,79.94000244140625,251.55999755859372,94.153
2014-03-26,1074.97,14.93,94.5281,100.61,1303.4000244140625,1852.56005859375,79.9800033569336,255.0800018310547,94.153
2014-03-27,1071.65,14.62,94.3315,101.25,1294.699951171875,1849.0400390625,80.11000061035156,257.260009765625,94.153
2014-03-28,1068.85,14.41,94.3683,101.73,1293.800048828125,1857.6199951171875,80.18000030517578,257.44000244140625,94.153
2014-03-29,,,,,,,,,94.153
2014-03-30,,,,,,,,,94.153
2014-03-31,1064.65,13.88,94.2432,101.57,1283.4000244140625,1872.3399658203125,80.0999984741211,258.1099853515625,94.153
2014-04-01,1058.3,13.1,94.1244,99.69,1279.5999755859375,1885.52001953125,80.08000183105469,258.95001220703125,94.214
2014-04-02,1057.2,13.09,94.3103,99.6,1290.5,1890.9000244140625,80.22000122070312,259.70001220703125,94.214
2014-04-03,1057.5,13.37,94.512,100.29,1284.4000244140625,1888.77001953125,80.47000122070312,259.3399963378906,94.214
2014-04-04,1053.85,13.96,94.2191,101.16,1303.199951171875,1865.0899658203125,80.41999816894531,259.4700012207031,94.214
2014-04-05,,,,,,,,,94.214
2014-04-06,,,,,,,,,94.214
2014-04-07,1055.17,15.57,94.0881,100.43,1298.0,1845.0400390625,80.22000122070312,259.8900146484375,94.214
2014-04-08,1052.1,14.89,93.6579,102.57,1308.699951171875,1851.9599609375,79.75,260.4700012207031,94.214
2014-04-09,1041.25,13.82,93.6716,103.55,1305.5,1872.1800537109373,79.4800033569336,261.2099914550781,94.214
2014-04-10,1039.9,15.89,93.5123,103.37,1320.0999755859375,1833.0799560546875,79.37999725341797,262.4100036621094,94.214
2014-04-11,1035.4,17.03,93.6395,103.68,1318.699951171875,1815.68994140625,79.44999694824219,260.5299987792969,94.214
2014-04-12,,,,,,,,,94.214
2014-04-13,,,,,,,,,94.214
2014-04-14,1039.29,16.11,93.8046,104.05,1327.199951171875,1830.6099853515625,79.7300033569336,260.510009765625,94.214
2014-04-15,1041.07,15.61,93.9486,103.7,1300.0,1842.97998046875,79.80000305175781,259.739990234375,94.214
2014-04-16,1038.2,14.18,93.9461,103.71,1303.0999755859375,1862.31005859375,79.81999969482422,259.8299865722656,94.214
2014-04-17,1038.0,13.36,93.8936,104.33,1293.4000244140625,1864.8499755859373,79.83000183105469,259.6600036621094,94.214
2014-04-18,1037.35,,93.9629,,,,,,94.214
2014-04-19,,,,,,,,,94.214
2014-04-20,,,,,,,,,94.214
2014-04-21,1038.56,13.25,94.0337,104.35,1288.0,1871.8900146484373,79.94999694824219,260.8999938964844,94.214
2014-04-22,1037.45,13.19,94.0802,101.69,1280.5999755859375,1879.550048828125,79.91000366210938,261.54998779296875,94.214
2014-04-23,1039.35,13.27,94.149,101.47,1284.199951171875,1875.3900146484373,79.86000061035156,261.20001220703125,94.214
2014-04-24,1039.5,13.32,94.1294,102.2,1290.5,1878.6099853515625,79.80000305175781,261.0799865722656,94.214
2014-04-25,1040.95,14.06,94.1623,100.85,1300.699951171875,1863.4000244140625,79.7699966430664,257.4200134277344,94.214
2014-04-26,,,,,,,,,94.214
2014-04-27,,,,,,,,,94.214
2014-04-28,1034.9,13.97,94.1374,101.13,1298.9000244140625,1869.4300537109373,79.68000030517578,256.79998779296875,94.214
2014-04-29,1029.83,13.71,94.0295,101.56,1296.0,1878.3299560546875,79.80999755859375,255.8000030517578,94.214
2014-04-30,1032.85,13.41,93.8896,100.07,1295.5999755859375,1883.949951171875,79.48999786376953,255.3300018310547,94.214
2014-05-01,1032.75,13.25,93.8707,99.69,1283.0999755859375,1883.6800537109373,79.52999877929688,,94.369
2014-05-02,1029.55,12.91,93.8182,100.09,1302.5999755859375,1881.1400146484373,79.5199966430664,255.07000732421875,94.369
2014-05-03,,,,,,,,,94.369
2014-05-04,,,,,,,,,94.369
2014-05-05,1029.5,13.29,93.7334,99.74,1309.0,1884.6600341796875,79.48999786376953,,94.369
2014-05-06,1029.5,13.8,93.4324,99.81,1308.300048828125,1867.719970703125,79.13999938964844,,94.369
2014-05-07,1022.46,13.4,93.4337,101.06,1288.5999755859375,1878.2099609375,79.22000122070312,252.3500061035156,94.369
2014-05-08,1022.6,13.43,93.3686,100.52,1287.4000244140625,1875.6300048828125,79.43000030517578,253.83999633789065,94.369
2014-05-09,1024.23,12.92,93.6614,100.32,1287.300048828125,1878.47998046875,79.9000015258789,254.30999755859372,94.369
2014-05-10,,,,,,,,,94.369
2014-05-11,,,,,,,,,94.369
2014-05-12,1024.29,12.23,93.6537,100.89,1295.5999755859375,1896.6500244140625,79.9000015258789,255.8000030517578,94.369
2014-05-13,1021.85,12.13,93.6755,102.01,1294.5999755859375,1897.449951171875,80.13999938964844,258.3999938964844,94.369
2014-05-14,1027.5,12.17,93.5968,102.63,1305.699951171875,1888.530029296875,80.06999969482422,262.42999267578125,94.369
2014-05-15,1025.1,13.17,93.7065,101.74,1293.5,1870.8499755859373,80.0,262.3999938964844,94.369
2014-05-16,1023.42,12.44,93.6073,102.31,1293.300048828125,1877.8599853515625,80.04000091552734,262.9700012207031,94.369
2014-05-17,,,,,,,,,94.369
2014-05-18,,,,,,,,,94.369
2014-05-19,1021.87,12.42,93.502,102.95,1293.699951171875,1885.0799560546875,79.98999786376953,263.4200134277344,94.369
2014-05-20,1025.0,12.96,93.6699,102.8,1294.5,1872.8299560546875,80.04000091552734,263.0400085449219,94.369
2014-05-21,1026.7,11.91,93.7629,104.31,1288.0,1888.030029296875,80.0999984741211,262.3999938964844,94.369
2014-05-22,1024.3,12.03,93.6944,104.03,1294.9000244140625,1892.489990234375,80.25,263.3299865722656,94.369
2014-05-23,1024.45,11.36,93.7042,105.01,1291.5999755859375,1900.530029296875,80.38999938964844,263.4200134277344,94.369
2014-05-24,,,,,,,,,94.369
2014-05-25,,,,,,,,,94.369
2014-05-26,,,,,,,,262.3299865722656,94.369
2014-05-27,1022.95,11.51,93.8418,104.78,1265.4000244140625,1911.9100341796875,80.3499984741211,260.3599853515625,94.369
2014-05-28,1021.7,11.68,93.8793,103.37,1259.300048828125,1909.780029296875,80.56999969482422,263.010009765625,94.369
2014-05-29,1020.5,11.57,93.6973,104.26,1256.300048828125,1920.030029296875,80.48999786376953,262.57000732421875,94.369
2014-05-30,1020.3,11.4,93.7606,103.4,1245.5999755859375,1923.5699462890625,80.37000274658203,259.94000244140625,94.369
2014-05-31,,,,,,,,,94.369
2014-06-01,,,,,,,,,94.248
2014-06-02,1024.0,11.58,94.0006,103.07,1243.699951171875,1924.969970703125,80.63999938964844,261.3999938964844,94.248
2014-06-03,1023.0,11.87,94.0536,103.34,1244.300048828125,1924.239990234375,80.55000305175781,262.2200012207031,94.248
2014-06-04,1023.0,12.08,94.1239,103.27,1244.0,1927.8800048828125,80.66999816894531,,94.248
2014-06-05,1019.7,11.68,93.9732,103.17,1253.0,1940.4599609375,80.37000274658203,260.5599975585937,94.248
2014-06-06,1019.7,10.73,93.9069,103.32,1252.0999755859375,1949.43994140625,80.41000366210938,,94.248
2014-06-07,,,,,,,,,94.248
2014-06-08,,,,,,,,,94.248
2014-06-09,1016.35,11.15,93.9628,105.09,1253.5,1951.27001953125,80.6500015258789,259.67999267578125,94.248
2014-06-10,1016.95,10.99,94.0638,105.02,1259.800048828125,1950.7900390625,80.81999969482422,262.6400146484375,94.248
2014-06-11,1015.6,11.6,93.9744,105.04,1260.800048828125,1943.8900146484373,80.79000091552734,262.6199951171875,94.248
2014-06-12,1017.6,12.56,93.8155,107.2,1273.5999755859375,1930.1099853515625,80.58000183105469,262.010009765625,94.248
2014-06-13,1017.8,12.18,93.9168,107.49,1273.699951171875,1936.1600341796875,80.58000183105469,258.75,94.248
2014-06-14,,,,,,,,,94.248
2014-06-15,,,,,,,,,94.248
2014-06-16,1020.0,12.65,93.8639,107.52,1274.9000244140625,1937.780029296875,80.47000122070312,259.42999267578125,94.248
2014-06-17,1022.3,12.06,94.0829,106.95,1271.699951171875,1941.989990234375,80.62999725341797,260.42999267578125,94.248
2014-06-18,1021.85,10.61,94.0525,106.64,1272.4000244140625,1956.97998046875,80.58000183105469,258.70001220703125,94.248
2014-06-19,1018.37,10.62,93.752,107.08,1313.699951171875,1959.47998046875,80.31999969482422,258.8299865722656,94.248
2014-06-20,1020.81,10.85,93.7591,107.95,1316.199951171875,1962.8699951171875,80.37000274658203,255.30999755859372,94.248
2014-06-21,,,,,,,,,94.248
2014-06-22,,,,,,,,,94.248
2014-06-23,1018.1,10.98,93.628,106.83,1318.0,1962.6099853515625,80.26000213623047,256.7699890136719,94.248
2014-06-24,1018.05,12.13,93.7093,106.64,1320.9000244140625,1949.97998046875,80.33000183105469,259.75,94.248
2014-06-25,1019.55,11.59,93.5851,107.04,1322.199951171875,1959.530029296875,80.22000122070312,258.1600036621094,94.248
2014-06-26,1016.0,11.63,93.5471,106.49,1316.0999755859375,1957.219970703125,80.2300033569336,260.0299987792969,94.248
2014-06-27,1013.3,11.26,93.3983,106.46,1319.0,1960.9599609375,80.04000091552734,258.7799987792969,94.248
2014-06-28,,,,,,,,,94.248
2014-06-29,,,,,,,,,94.248
2014-06-30,1011.6,11.57,93.2058,106.07,1321.800048828125,1960.22998046875,79.77999877929688,260.5599975585937,94.248
2014-07-01,1010.7,11.15,93.1365,106.06,1326.4000244140625,1973.3199462890625,79.81999969482422,259.739990234375,94.386
2014-07-02,1009.1,10.82,93.2478,105.18,1330.699951171875,1974.6199951171875,79.95999908447266,262.0400085449219,94.386
2014-07-03,1008.85,10.32,93.3149,104.76,1320.4000244140625,1985.43994140625,80.20999908447266,261.1300048828125,94.386
2014-07-04,,,,,,,,260.6300048828125,94.386
2014-07-05,,,,,,,,,94.386
2014-07-06,,,,,,,,,94.386
2014-07-07,1011.1,11.33,93.3803,104.19,1316.5,1977.6500244140625,80.22000122070312,259.95001220703125,94.386
2014-07-08,1011.5,11.98,93.323,104.06,1316.0,1963.7099609375,80.18000030517578,259.92999267578125,94.386
2014-07-09,1012.1,11.65,93.228,102.93,1323.800048828125,1972.8299560546875,79.98999786376953,258.8699951171875,94.386
2014-07-10,1013.1,12.59,93.3152,103.61,1338.699951171875,1964.6800537109373,80.12999725341797,259.1700134277344,94.386
2014-07-11,1018.6,12.08,93.4171,101.48,1337.0,1967.5699462890625,80.19000244140625,256.7200012207031,94.386
2014-07-12,,,,,,,,,94.386
2014-07-13,,,,,,,,,94.386
2014-07-14,1018.95,11.82,93.4101,101.73,1306.300048828125,1977.0999755859373,80.19000244140625,257.2699890136719,94.386
2014-07-15,1026.75,11.96,93.5796,100.56,1296.9000244140625,1973.280029296875,80.38999938964844,260.3999938964844,94.386
2014-07-16,1031.9,11.0,93.5991,101.88,1299.5999755859375,1981.5699462890625,80.55999755859375,260.82000732421875,94.386
2014-07-17,1028.95,14.54,93.6586,103.84,1316.699951171875,1958.1199951171875,80.5199966430664,261.92999267578125,94.386
2014-07-18,1029.1,12.06,93.6608,103.83,1309.199951171875,1978.219970703125,80.5199966430664,261.6600036621094,94.386
2014-07-19,,,,,,,,,94.386
2014-07-20,,,,,,,,,94.386
2014-07-21,1026.65,12.81,93.6069,105.34,1313.699951171875,1973.6300048828125,80.55999755859375,261.510009765625,94.386
2014-07-22,1024.2,12.24,93.6306,104.59,1306.0999755859375,1983.530029296875,80.77999877929688,262.8599853515625,94.386
2014-07-23,1023.5,11.52,93.5951,103.81,1304.5,1987.010009765625,80.80999755859375,262.5599975585937,94.386
2014-07-24,1029.05,11.84,93.6836,102.76,1290.5999755859375,1987.97998046875,80.87000274658203,262.7200012207031,94.386
2014-07-25,1025.6,12.69,93.8294,105.23,1303.0999755859375,1978.3399658203125,81.02999877929688,263.4700012207031,94.386
2014-07-26,,,,,,,,,94.386
2014-07-27,,,,,,,,,94.386
2014-07-28,1026.1,12.56,93.83,105.68,1303.300048828125,1978.9100341796875,81.02999877929688,265.5299987792969,94.386
2014-07-29,1024.65,13.28,94.0443,104.91,1298.300048828125,1969.949951171875,81.20999908447266,268.010009765625,94.386
2014-07-30,1024.55,13.33,94.3473,104.29,1294.9000244140625,1970.0699462890625,81.41999816894531,271.1700134277344,94.386
2014-07-31,1027.75,16.95,94.4467,98.23,1281.300048828125,1930.6700439453125,81.45999908447266,269.67999267578125,94.386
2014-08-01,1036.85,17.03,94.4754,97.86,1293.5999755859375,1925.1500244140625,81.30000305175781,268.5599975585937,94.551
2014-08-02,,,,,,,,,94.551
2014-08-03,,,,,,,,,94.551
2014-08-04,1032.95,15.12,94.448,98.26,1287.699951171875,1938.989990234375,81.33000183105469,269.6499938964844,94.551
2014-08-05,1027.9,16.87,94.6754,97.34,1284.0,1920.2099609375,81.5199966430664,267.6300048828125,94.551
2014-08-06,1033.75,16.37,94.6092,96.93,1306.699951171875,1920.239990234375,81.44000244140625,266.6000061035156,94.551
2014-08-07,1036.75,16.66,94.6364,97.34,1310.800048828125,1909.5699462890625,81.5199966430664,265.6400146484375,94.551
2014-08-08,1036.4,15.77,94.6027,97.61,1308.9000244140625,1931.5899658203125,81.38999938964844,262.0199890136719,94.551
2014-08-09,,,,,,,,,94.551
2014-08-10,,,,,,,,,94.551
2014-08-11,1029.8,14.23,94.4767,98.09,1308.5,1936.9200439453125,81.47000122070312,263.32000732421875,94.551
2014-08-12,1026.9,14.13,94.5211,97.36,1308.800048828125,1933.75,81.5,263.3399963378906,94.551
2014-08-13,1029.35,12.9,94.4681,97.57,1312.800048828125,1946.719970703125,81.5999984741211,265.9100036621094,94.551
2014-08-14,1026.9,12.42,94.3508,95.54,1313.9000244140625,1955.1800537109373,81.58999633789062,265.8800048828125,94.551
2014-08-15,1020.95,13.15,94.2941,97.3,1304.5,1955.06005859375,81.41999816894531,,94.551
2014-08-16,,,,,,,,,94.551
2014-08-17,,,,,,,,,94.551
2014-08-18,1017.35,12.32,94.2519,96.44,1297.699951171875,1971.739990234375,81.58000183105469,264.239990234375,94.551
2014-08-19,1017.35,12.21,94.4356,94.35,1295.0999755859375,1981.5999755859373,81.87999725341797,266.6199951171875,94.551
2014-08-20,1022.6,11.78,94.5937,96.4,1293.4000244140625,1986.510009765625,82.25,266.7900085449219,94.551
2014-08-21,1023.4,11.76,94.673,93.97,1273.699951171875,1992.3699951171875,82.1500015258789,262.5299987792969,94.551
2014-08-22,1017.8,11.47,94.8012,93.61,1278.5999755859375,1988.4000244140625,82.33999633789062,264.260009765625,94.551
2014-08-23,,,,,,,,,94.551
2014-08-24,,,,,,,,,94.551
2014-08-25,1019.65,11.7,94.9159,95.39,1277.300048828125,1997.9200439453125,82.55000305175781,264.4599914550781,94.551
2014-08-26,1016.25,11.63,94.8617,95.78,1283.800048828125,2000.02001953125,82.6500015258789,265.1400146484375,94.551
2014-08-27,1013.95,11.78,94.6863,95.82,1281.9000244140625,2000.1199951171875,82.43000030517578,265.8800048828125,94.551
2014-08-28,1014.85,12.05,94.6947,96.44,1288.699951171875,1996.739990234375,82.4800033569336,266.19000244140625,94.551
2014-08-29,1013.85,11.98,94.7251,97.86,1285.800048828125,2003.3699951171875,82.75,265.4100036621094,94.551
2014-08-30,,,,,,,,,94.551
2014-08-31,,,,,,,,,94.551
2014-09-01,,,,,,,,265.2699890136719,94.49
2014-09-02,1018.2,12.25,95.063,92.92,1263.699951171875,2002.280029296875,82.98999786376953,262.6099853515625,94.49
2014-09-03,1019.55,12.36,94.8709,95.5,1268.9000244140625,2000.719970703125,82.87000274658203,262.2699890136719,94.49
2014-09-04,1018.7,12.64,95.2641,94.51,1265.0999755859375,1997.6500244140625,83.81999969482422,263.19000244140625,94.49
2014-09-05,1024.25,12.09,95.2203,93.32,1265.800048828125,2007.7099609375,83.76000213623047,262.0899963378906,94.49
2014-09-06,,,,,,,,,94.49
2014-09-07,,,,,,,,,94.49
2014-09-08,1024.0,12.66,95.4167,92.64,1252.699951171875,2001.5400390625,84.2300033569336,,94.49
2014-09-09,1034.05,13.5,95.8811,92.73,1246.800048828125,1988.43994140625,84.27999877929688,,94.49
2014-09-10,1034.2,12.88,95.8641,91.71,1243.5,1995.68994140625,84.25,,94.49
2014-09-11,1035.9,12.8,95.9184,92.89,1237.4000244140625,1997.449951171875,84.30000305175781,259.79998779296875,94.49
2014-09-12,1034.9,13.31,96.0748,92.18,1229.9000244140625,1985.5400390625,84.23999786376953,261.3900146484375,94.49
2014-09-13,,,,,,,,,94.49
2014-09-14,,,,,,,,,94.49
2014-09-15,1037.8,14.12,96.1195,92.86,1233.5999755859375,1984.1300048828125,84.26000213623047,260.5599975585937,94.49
2014-09-16,1035.95,12.73,95.8483,94.91,1235.199951171875,1998.97998046875,84.06999969482422,261.45001220703125,94.49
2014-09-17,1034.55,12.65,95.9106,94.33,1234.4000244140625,2001.5699462890625,84.69999694824219,264.010009765625,94.49
2014-09-18,1043.3,12.03,96.1284,93.07,1225.699951171875,2011.3599853515625,84.31999969482422,261.7200012207031,94.49
2014-09-19,1043.55,12.11,96.3417,92.43,1215.300048828125,2010.4000244140625,84.80000305175781,262.3099975585937,94.49
2014-09-20,,,,,,,,,94.49
2014-09-21,,,,,,,,,94.49
2014-09-22,1040.75,13.69,96.4625,91.46,1216.800048828125,1994.2900390625,84.66999816894531,260.1499938964844,94.49
2014-09-23,1039.9,14.93,96.5112,91.55,1221.0,1982.77001953125,84.66000366210938,258.489990234375,94.49
2014-09-24,1039.77,13.27,96.6574,93.6,1218.5999755859375,1998.300048828125,85.05000305175781,258.8800048828125,94.49
2014-09-25,1042.6,15.64,96.8988,93.59,1221.199951171875,1965.989990234375,85.19999694824219,258.4599914550781,94.49
2014-09-26,1044.1,14.85,97.208,95.55,1214.0999755859375,1982.8499755859373,85.63999938964844,258.3299865722656,94.49
2014-09-27,,,,,,,,,94.49
2014-09-28,,,,,,,,,94.49
2014-09-29,1053.15,15.98,97.3523,94.53,1217.5,1977.800048828125,85.58999633789062,257.95001220703125,94.49
2014-09-30,1054.55,16.31,97.5261,91.17,1210.5,1972.2900390625,85.94000244140625,256.7699890136719,94.49
2014-10-01,1062.7,16.71,97.5387,90.74,1214.5999755859375,1946.1600341796875,85.97000122070312,252.80999755859372,94.205
2014-10-02,1061.1,16.16,97.3062,91.02,1214.199951171875,1946.1700439453125,85.5999984741211,250.05999755859372,94.205
2014-10-03,1061.1,14.55,97.9846,89.76,1192.199951171875,1967.9000244140625,86.69000244140625,,94.205
2014-10-04,,,,,,,,,94.205
2014-10-05,,,,,,,,,94.205
2014-10-06,1068.75,15.46,97.5513,90.33,1206.699951171875,1964.8199462890625,85.70999908447266,249.19000244140625,94.205
2014-10-07,1069.4,17.2,97.4459,88.89,1211.699951171875,1935.0999755859373,85.66999816894531,249.92999267578125,94.205
2014-10-08,1074.4,15.11,97.4945,87.29,1205.300048828125,1968.8900146484373,85.30000305175781,248.3600006103516,94.205
2014-10-09,1062.6,18.76,97.1711,85.76,1224.5999755859375,1928.2099609375,85.5199966430664,,94.205
2014-10-10,1073.1,21.24,97.4144,85.87,1221.0,1906.1300048828125,85.91000366210938,245.05999755859372,94.205
2014-10-11,,,,,,,,,94.205
2014-10-12,,,,,,,,,94.205
2014-10-13,,24.64,,85.73,1229.300048828125,1874.739990234375,85.43000030517578,244.17999267578125,94.205
2014-10-14,1064.62,22.79,97.3943,81.72,1233.5999755859375,1877.699951171875,85.81999969482422,244.47000122070312,94.205
2014-10-15,1058.9,26.25,97.3532,81.82,1244.0999755859375,1862.489990234375,85.1500015258789,243.8699951171875,94.205
2014-10-16,1060.16,25.2,97.2869,82.33,1240.5,1862.760009765625,85.0,242.7899932861328,94.205
2014-10-17,1063.62,21.99,97.3067,82.8,1238.300048828125,1886.760009765625,85.19000244140625,239.83999633789065,94.205
2014-10-18,,,,,,,,,94.205
2014-10-19,,,,,,,,,94.205
2014-10-20,1057.58,18.57,97.2874,82.76,1244.0,1904.010009765625,84.94999694824219,243.8999938964844,94.205
2014-10-21,1054.69,16.08,97.2488,83.25,1251.0,1941.280029296875,85.30999755859375,241.47999572753903,94.205
2014-10-22,1052.47,17.87,97.459,80.52,1244.800048828125,1927.1099853515625,85.73999786376953,244.1199951171875,94.205
2014-10-23,1057.87,16.53,97.6047,82.81,1228.5,1950.8199462890625,85.83999633789062,243.3800048828125,94.205
2014-10-24,1055.58,16.11,97.4772,81.27,1231.199951171875,1964.5799560546875,85.7300033569336,242.91000366210935,94.205
2014-10-25,,,,,,,,,94.205
2014-10-26,,,,,,,,,94.205
2014-10-27,1050.99,16.04,97.5423,81.26,1229.0999755859375,1961.6300048828125,85.5,243.88999938964844,94.205
2014-10-28,1047.0,14.39,97.2173,81.36,1229.199951171875,1985.050048828125,85.41000366210938,243.3000030517578,94.205
2014-10-29,1043.89,15.15,97.0145,82.25,1224.300048828125,1982.300048828125,85.94999694824219,248.63999938964844,94.205
2014-10-30,1053.8,14.52,97.456,81.06,1198.0999755859375,1994.6500244140625,86.1500015258789,248.83999633789065,94.205
2014-10-31,1073.07,14.03,98.1163,80.53,1171.0999755859375,2018.050048828125,86.87999725341797,250.4499969482422,94.205
2014-11-01,,,,,,,,,94.015
2014-11-02,,,,,,,,,94.015
2014-11-03,1077.63,14.73,98.5336,78.77,1169.4000244140625,2017.81005859375,87.30999755859375,248.69000244140625,94.015
2014-11-04,1076.99,14.89,98.5576,77.15,1167.4000244140625,2012.0999755859373,86.9800033569336,246.50999450683597,94.015
2014-11-05,1089.38,14.17,98.8086,78.71,1145.4000244140625,2023.5699462890625,87.44000244140625,245.8600006103516,94.015
2014-11-06,1084.0,13.67,99.1325,77.87,1142.300048828125,2031.2099609375,88.01000213623047,247.19000244140625,94.015
2014-11-07,1086.5,13.12,99.0236,78.71,1169.5999755859375,2031.9200439453125,87.63999938964844,247.38999938964844,94.015
2014-11-08,,,,,,,,,94.015
2014-11-09,,,,,,,,,94.015
2014-11-10,1089.28,12.67,98.9305,77.43,1159.5999755859375,2038.260009765625,87.80999755859375,250.63999938964844,94.015
2014-11-11,,12.92,,77.85,1162.800048828125,2039.6800537109373,87.52999877929688,250.4499969482422,94.015
2014-11-12,1093.62,13.02,98.8897,77.16,1158.9000244140625,2038.25,87.81999969482422,251.25999450683597,94.015
2014-11-13,1093.61,13.79,99.1045,74.13,1161.0999755859375,2039.3299560546875,87.66999816894531,250.1100006103516,94.015
2014-11-14,1102.23,13.31,99.0917,75.91,1185.0,2039.8199462890625,87.52999877929688,248.17999267578125,94.015
2014-11-15,,,,,,,,,94.015
2014-11-16,,,,,,,,,94.015
2014-11-17,1098.12,13.99,99.2188,75.64,1183.0,2041.3199462890625,87.93000030517578,248.3000030517578,94.015
2014-11-18,1096.64,13.86,99.0185,74.55,1196.699951171875,2051.800048828125,87.58000183105469,250.6499938964844,94.015
2014-11-19,1112.04,13.96,99.2424,74.55,1193.5999755859375,2048.719970703125,87.6500015258789,250.3300018310547,94.015
2014-11-20,1111.96,13.58,99.2554,75.63,1190.699951171875,2052.75,87.58999633789062,248.9600067138672,94.015
2014-11-21,1111.05,12.9,99.2894,76.52,1197.5,2063.5,88.30999755859375,249.8999938964844,94.015
2014-11-22,,,,,,,,,94.015
2014-11-23,,,,,,,,,94.015
2014-11-24,1114.66,12.62,99.4227,75.74,1195.5,2069.409912109375,88.1500015258789,252.33999633789065,94.015
2014-11-25,1108.68,12.25,99.2837,74.04,1197.0999755859375,2067.030029296875,87.91999816894531,251.72000122070312,94.015
2014-11-26,1103.26,12.07,99.1893,73.7,1196.5999755859375,2072.830078125,87.61000061035156,252.0,94.015
2014-11-27,,,,,,,,253.3000030517578,94.015
2014-11-28,1112.06,13.33,100.0719,65.94,1175.199951171875,2067.56005859375,88.36000061035156,253.6999969482422,94.015
2014-11-29,,,,,,,,,94.015
2014-11-30,,,,,,,,,94.015
2014-12-01,1108.36,14.29,99.8964,68.98,1218.0,2053.43994140625,87.94999694824219,251.58999633789065,94.006
2014-12-02,1115.35,12.85,100.4478,66.99,1199.199951171875,2066.550048828125,88.6500015258789,251.41000366210935,94.006
2014-12-03,1114.57,12.47,100.5696,67.3,1208.5,2074.330078125,88.95999908447266,251.6499938964844,94.006
2014-12-04,1110.89,12.38,100.3931,66.73,1207.5,2071.919921875,88.69999694824219,254.05999755859372,94.006
2014-12-05,1117.74,11.82,101.0989,65.89,1190.0999755859375,2075.3701171875,89.33000183105469,254.2400054931641,94.006
2014-12-06,,,,,,,,,94.006
2014-12-07,,,,,,,,,94.006
2014-12-08,1112.52,14.21,101.31,63.13,1194.699951171875,2060.31005859375,89.04000091552734,253.7100067138672,94.006
2014-12-09,1102.31,14.89,100.8095,63.74,1231.5,2059.820068359375,88.69000244140625,253.2100067138672,94.006
2014-12-10,1103.75,18.53,101.0212,60.99,1228.9000244140625,2026.1400146484373,88.2699966430664,249.3500061035156,94.006
2014-12-11,1101.83,20.08,101.4448,60.01,1225.0999755859375,2035.3299560546875,88.66000366210938,245.5399932861328,94.006
2014-12-12,1103.01,21.08,101.3735,57.81,1222.0,2002.3299560546875,88.36000061035156,246.44000244140625,94.006
2014-12-13,,,,,,,,,94.006
2014-12-14,,,,,,,,,94.006
2014-12-15,1098.24,20.42,101.674,55.96,1207.199951171875,1989.6300048828125,88.45999908447266,246.2700042724609,94.006
2014-12-16,1080.83,23.57,101.526,55.97,1193.9000244140625,1972.739990234375,88.12999725341797,244.42999267578125,94.006
2014-12-17,1094.59,19.44,101.5527,56.43,1194.300048828125,2012.8900146484373,89.12999725341797,243.72000122070312,94.006
2014-12-18,1101.75,16.81,101.7531,54.18,1194.699951171875,2061.22998046875,89.23999786376953,243.82000732421875,94.006
2014-12-19,1099.21,16.49,102.0483,56.91,1195.9000244140625,2070.64990234375,89.5999984741211,247.9600067138672,94.006
2014-12-20,,,,,,,,,94.006
2014-12-21,,,,,,,,,94.006
2014-12-22,1097.77,15.25,101.9942,55.25,1179.699951171875,2078.5400390625,89.7699966430664,249.6999969482422,94.006
2014-12-23,1104.84,14.8,102.348,56.78,1177.9000244140625,2082.169921875,90.05999755859375,249.05999755859372,94.006
2014-12-24,1103.22,14.37,102.3028,55.7,1173.5,2081.8798828125,89.97000122070312,250.07000732421875,94.006
2014-12-25,,,,,,,,,94.006
2014-12-26,,14.5,,54.59,1195.300048828125,2088.77001953125,90.02999877929688,250.0500030517578,94.006
2014-12-27,,,,,,,,,94.006
2014-12-28,,,,,,,,,94.006
2014-12-29,1097.34,15.06,102.3767,53.46,1181.699951171875,2090.570068359375,90.19000244140624,246.3000030517578,94.006
2014-12-30,1096.06,15.92,102.1019,54.14,1200.199951171875,2080.35009765625,89.98999786376953,244.0500030517578,94.006
2014-12-31,1090.89,19.2,102.2843,53.45,1183.9000244140625,2058.89990234375,90.2699966430664,,94.006
2015-01-01,,,,,,,,,94.643
2015-01-02,1103.73,17.79,102.9027,52.72,1186.0,2058.199951171875,91.08000183105467,244.7899932861328,94.643
2015-01-03,,,,,,,,,94.643
2015-01-04,,,,,,,,,94.643
2015-01-05,1109.07,19.92,103.4976,50.05,1203.9000244140625,2020.5799560546875,91.37999725341795,244.25999450683597,94.643
2015-01-06,1098.14,21.12,103.2938,47.98,1219.300048828125,2002.6099853515625,91.5,239.92999267578125,94.643
2015-01-07,1101.51,19.31,103.6316,48.69,1210.5999755859375,2025.9000244140625,91.88999938964844,240.52999877929688,94.643
2015-01-08,1096.19,17.01,103.2799,48.8,1208.4000244140625,2062.139892578125,92.37000274658205,243.94000244140625,94.643
2015-01-09,1086.14,17.55,103.1213,48.35,1216.0,2044.81005859375,91.94000244140624,246.0500030517578,94.643
2015-01-10,,,,,,,,,94.643
2015-01-11,,,,,,,,,94.643
2015-01-12,1083.25,19.6,103.2372,46.06,1232.699951171875,2028.260009765625,91.9800033569336,245.6999969482422,94.643
2015-01-13,1080.42,20.56,103.27,45.92,1234.300048828125,2023.030029296875,92.30999755859376,246.2899932861328,94.643
2015-01-14,1080.45,21.48,103.0903,48.49,1234.4000244140625,2011.27001953125,92.16000366210938,245.9900054931641,94.643
2015-01-15,1077.94,22.39,103.0829,46.37,1264.699951171875,1992.6700439453125,92.3499984741211,245.75999450683597,94.643
2015-01-16,1076.68,20.95,103.2189,48.49,1276.9000244140625,2019.4200439453125,92.5199966430664,242.22000122070312,94.643
2015-01-17,,,,,,,,,94.643
2015-01-18,,,,,,,,,94.643
2015-01-19,,,,,,,,244.77999877929688,94.643
2015-01-20,1087.17,19.89,103.5233,46.79,1294.199951171875,2022.550048828125,93.0500030517578,247.2400054931641,94.643
2015-01-21,1081.94,18.85,103.7858,47.85,1293.699951171875,2032.1199951171875,92.9000015258789,248.58999633789065,94.643
2015-01-22,1081.75,16.4,103.9271,45.93,1300.699951171875,2063.14990234375,94.23999786376952,248.47000122070312,94.643
2015-01-23,1075.75,16.66,104.3676,45.26,1292.5999755859375,2051.820068359375,95.0,250.32000732421875,94.643
2015-01-24,,,,,,,,,94.643
2015-01-25,,,,,,,,,94.643
2015-01-26,1079.42,15.52,104.4818,44.8,1279.4000244140625,2057.090087890625,94.8000030517578,250.13999938964844,94.643
2015-01-27,1075.31,17.22,104.1646,45.84,1291.699951171875,2029.550048828125,94.0199966430664,252.1999969482422,94.643
2015-01-28,1084.84,20.44,104.4737,44.08,1285.9000244140625,2002.1600341796875,94.47000122070312,252.2100067138672,94.643
2015-01-29,1098.6,18.76,105.2763,44.12,1254.5999755859375,2021.25,94.77999877929688,250.4600067138672,94.643
2015-01-30,1104.3,20.97,105.5884,47.79,1278.5,1994.989990234375,94.8000030517578,249.8800048828125,94.643
2015-01-31,,,,,,,,,94.643
2015-02-01,,,,,,,,,94.587
2015-02-02,1099.61,19.43,105.2058,49.25,1276.199951171875,2020.8499755859373,94.5,250.6100006103516,94.587
2015-02-03,1096.06,17.33,104.6063,53.04,1259.699951171875,2050.030029296875,93.5999984741211,250.3800048828125,94.587
2015-02-04,1086.79,18.33,104.785,48.45,1263.800048828125,2041.510009765625,93.98999786376952,251.6000061035156,94.587
2015-02-05,1087.05,16.85,104.4915,50.48,1262.0,2062.52001953125,94.6999969482422,249.77999877929688,94.587
2015-02-06,1097.26,17.29,105.1283,51.66,1233.9000244140625,2055.469970703125,94.6999969482422,250.16000366210935,94.587
2015-02-07,,,,,,,,,94.587
2015-02-08,,,,,,,,,94.587
2015-02-09,1096.4,18.55,104.9889,52.99,1240.800048828125,2046.739990234375,94.4499969482422,249.25999450683597,94.587
2015-02-10,1098.61,17.23,105.2897,50.06,1231.5999755859375,2068.590087890625,94.76000213623048,247.66000366210935,94.587
2015-02-11,1108.19,16.96,105.7901,48.8,1219.0,2068.530029296875,94.98999786376952,248.3999938964844,94.587
2015-02-12,1100.87,15.34,104.9385,51.17,1220.0999755859375,2088.47998046875,94.08999633789062,247.7100067138672,94.587
2015-02-13,1097.2,14.69,104.8452,52.66,1226.5,2096.989990234375,94.1999969482422,249.75999450683597,94.587
2015-02-14,,,,,,,,,94.587
2015-02-15,,,,,,,,,94.587
2015-02-16,,,,,,,,249.80999755859372,94.587
2015-02-17,1107.33,15.8,,53.56,1208.0999755859375,2100.340087890625,94.05999755859376,250.3699951171875,94.587
2015-02-18,1112.82,15.45,105.2514,52.13,1199.699951171875,2099.679931640625,94.1999969482422,,94.587
2015-02-19,1110.69,15.29,105.1407,51.12,1207.0999755859375,2097.449951171875,94.4000015258789,,94.587
2015-02-20,1110.06,14.3,105.3387,49.95,1204.4000244140625,2110.300048828125,94.25,,94.587
2015-02-21,,,,,,,,,94.587
2015-02-22,,,,,,,,,94.587
2015-02-23,1108.25,14.56,105.5359,49.56,1200.300048828125,2109.659912109375,94.56999969482422,250.8000030517578,94.587
2015-02-24,1108.05,13.69,105.5472,48.48,1196.9000244140625,2115.47998046875,94.48999786376952,251.27999877929688,94.587
2015-02-25,1101.53,13.84,105.0503,50.25,1201.0,2113.860107421875,94.20999908447266,252.9600067138672,94.587
2015-02-26,1100.33,13.91,105.5021,47.65,1209.5999755859375,2110.739990234375,95.29000091552734,252.92999267578125,94.587
2015-02-27,1100.65,13.34,105.5981,49.84,1212.5999755859375,2104.5,95.25,251.4600067138672,94.587
2015-02-28,,,,,,,,,94.587
2015-03-01,,,,,,,,,94.596
2015-03-02,1101.46,13.04,105.8151,49.59,1207.699951171875,2117.389892578125,95.45999908447266,253.6499938964844,94.596
2015-03-03,1095.65,13.86,105.5562,50.43,1204.0,2107.780029296875,95.37999725341795,254.5,94.596
2015-03-04,1100.2,14.23,106.1333,51.53,1200.5999755859375,2098.530029296875,95.97000122070312,254.30999755859372,94.596
2015-03-05,1100.11,14.04,,50.76,1195.9000244140625,2101.0400390625,96.37999725341795,254.16000366210935,94.596
2015-03-06,1110.36,15.2,107.4337,49.61,1164.0999755859375,2071.260009765625,97.62000274658205,255.9600067138672,94.596
2015-03-07,,,,,,,,,94.596
2015-03-08,,,,,,,,,94.596
2015-03-09,1114.18,15.06,107.5199,49.95,1166.4000244140625,2079.429931640625,97.58999633789062,252.7700042724609,94.596
2015-03-10,1123.32,16.69,108.1165,48.42,1160.0999755859375,2044.1600341796875,98.62000274658205,251.75,94.596
2015-03-11,1131.33,16.87,108.5235,48.06,1150.699951171875,2040.239990234375,99.8000030517578,252.16000366210935,94.596
2015-03-12,1120.13,15.42,108.1741,47.12,1152.0999755859375,2065.949951171875,99.1500015258789,250.27999877929688,94.596
2015-03-13,1135.7,16.0,108.9174,44.88,1152.5999755859375,2053.39990234375,100.33000183105467,252.17999267578125,94.596
2015-03-14,,,,,,,,,94.596
2015-03-15,,,,,,,,,94.596
2015-03-16,1129.62,15.61,108.6422,43.93,1153.300048828125,2081.18994140625,99.5999984741211,252.44000244140625,94.596
2015-03-17,1127.69,15.66,108.5805,43.39,1148.300048828125,2074.280029296875,99.58999633789062,258.17999267578125,94.596
2015-03-18,1127.09,13.97,108.408,44.63,1151.4000244140625,2099.5,98.5500030517578,258.2200012207031,94.596
2015-03-19,1121.21,14.07,108.1826,44.02,1169.0999755859375,2089.27001953125,99.0999984741211,258.989990234375,94.596
2015-03-20,1113.87,13.02,107.1671,46.0,1184.800048828125,2108.10009765625,97.91000366210938,258.70001220703125,94.596
2015-03-21,,,,,,,,,94.596
2015-03-22,,,,,,,,,94.596
2015-03-23,1106.68,13.41,106.5022,47.4,1188.0,2104.419921875,97.02999877929688,258.95001220703125,94.596
2015-03-24,1104.2,13.62,106.4401,47.03,1191.699951171875,2091.5,97.19000244140624,259.1600036621094,94.596
2015-03-25,1099.72,15.44,106.2636,48.75,1197.300048828125,2061.050048828125,96.9800033569336,258.94000244140625,94.596
2015-03-26,1103.59,15.8,106.5582,51.41,1205.0999755859375,2056.14990234375,97.44000244140624,255.9900054931641,94.596
2015-03-27,1103.6,15.07,106.8916,48.83,1199.800048828125,2061.02001953125,97.29000091552734,255.5399932861328,94.596
2015-03-28,,,,,,,,,94.596
2015-03-29,,,,,,,,,94.596
2015-03-30,1106.39,14.51,107.3941,48.66,1184.800048828125,2086.239990234375,97.9800033569336,256.1000061035156,94.596
2015-03-31,1107.71,15.29,107.4396,47.72,1183.0999755859375,2067.889892578125,98.36000061035156,257.2799987792969,94.596
2015-04-01,1098.1,15.11,107.06,50.12,1208.0999755859375,2059.68994140625,98.19000244140624,254.97000122070312,94.625
2015-04-02,1089.49,14.67,106.6738,49.13,1200.9000244140625,2066.9599609375,97.44000244140624,254.9900054931641,94.625
2015-04-03,1085.65,,105.8861,,,,,256.75,94.625
2015-04-04,,,,,,,,,94.625
2015-04-05,,,,,,,,,94.625
2015-04-06,1083.38,14.74,105.7876,52.08,1218.5999755859375,2080.6201171875,97.11000061035156,256.92999267578125,94.625
2015-04-07,1093.76,14.78,106.4488,53.95,1210.5999755859375,2076.330078125,97.83000183105467,256.8800048828125,94.625
2015-04-08,1093.77,13.98,106.4231,50.44,1203.0999755859375,2081.89990234375,98.06999969482422,258.510009765625,94.625
2015-04-09,1093.8,13.09,107.0335,50.79,1193.5999755859375,2091.179931640625,99.16000366210938,258.3299865722656,94.625
2015-04-10,1093.13,12.58,107.4526,51.63,1204.5999755859375,2102.06005859375,99.38999938964844,261.95001220703125,94.625
2015-04-11,,,,,,,,,94.625
2015-04-12,,,,,,,,,94.625
2015-04-13,1100.41,13.94,107.7508,51.95,1199.300048828125,2092.429931640625,99.48999786376952,263.4800109863281,94.625
2015-04-14,1090.76,13.67,107.0547,53.3,1192.800048828125,2095.840087890625,98.76000213623048,265.57000732421875,94.625
2015-04-15,1095.07,12.84,107.1855,56.25,1201.5,2106.6298828125,98.33000183105467,265.7699890136719,94.625
2015-04-16,1086.89,12.6,106.2761,56.69,1198.0,2104.989990234375,97.41999816894533,268.45001220703125,94.625
2015-04-17,1081.99,13.89,106.329,55.71,1202.9000244140625,2081.179931640625,97.5199966430664,268.2799987792969,94.625
2015-04-18,,,,,,,,,94.625
2015-04-19,,,,,,,,,94.625
2015-04-20,1081.27,13.3,106.4902,56.37,1193.5,2100.39990234375,97.94000244140624,268.54998779296875,94.625
2015-04-21,1081.54,13.25,106.5582,55.58,1202.9000244140625,2097.2900390625,97.9800033569336,268.1700134277344,94.625
2015-04-22,1080.64,12.71,106.5815,56.17,1186.9000244140625,2107.9599609375,98.0199966430664,268.6400146484375,94.625
2015-04-23,1080.0,12.48,106.1658,56.59,1194.4000244140625,2112.929931640625,97.27999877929688,272.5899963378906,94.625
2015-04-24,1075.85,12.29,105.905,55.98,1175.199951171875,2117.68994140625,96.91999816894533,271.04998779296875,94.625
2015-04-25,,,,,,,,,94.625
2015-04-26,,,,,,,,,94.625
2015-04-27,1071.01,13.12,105.6891,55.56,1203.300048828125,2108.919921875,96.7699966430664,270.04998779296875,94.625
2015-04-28,1063.03,12.41,105.1234,57.05,1214.0,2114.760009765625,96.08999633789062,268.54998779296875,94.625
2015-04-29,1066.48,13.39,104.5634,58.55,1209.800048828125,2106.85009765625,95.12000274658205,268.0299987792969,94.625
2015-04-30,1076.74,14.55,105.312,59.62,1182.4000244140625,2085.510009765625,94.5999984741211,266.4200134277344,94.625
2015-05-01,1080.22,12.7,105.6382,59.1,1174.5,2108.2900390625,95.3000030517578,,94.89
2015-05-02,,,,,,,,,94.89
2015-05-03,,,,,,,,,94.89
2015-05-04,1081.19,12.85,105.6679,58.92,1186.800048828125,2114.489990234375,95.4800033569336,267.3299865722656,94.89
2015-05-05,1080.46,14.31,105.2396,60.38,1193.199951171875,2089.4599609375,95.12999725341795,,94.89
2015-05-06,1077.23,15.15,104.6935,60.93,1190.300048828125,2080.14990234375,94.12999725341795,264.0299987792969,94.89
2015-05-07,1093.55,15.13,105.1941,58.99,1182.4000244140625,2088.0,94.62000274658205,262.4700012207031,94.89
2015-05-08,1087.28,12.86,104.8424,59.41,1189.0999755859375,2116.10009765625,94.79000091552734,260.8099975585937,94.89
2015-05-09,,,,,,,,,94.89
2015-05-10,,,,,,,,,94.89
2015-05-11,1095.39,13.85,105.3075,59.23,1183.199951171875,2105.330078125,95.01000213623048,261.489990234375,94.89
2015-05-12,1093.81,13.86,104.8924,60.72,1192.5999755859375,2099.1201171875,94.52999877929688,261.4200134277344,94.89
2015-05-13,1089.72,13.76,104.3608,60.5,1218.4000244140625,2098.47998046875,93.62000274658205,263.25,94.89
2015-05-14,1089.46,12.74,104.2359,59.89,1225.4000244140625,2121.10009765625,93.36000061035156,263.69000244140625,94.89
2015-05-15,1083.05,12.38,104.0202,59.73,1225.5,2122.72998046875,93.13999938964844,261.3299865722656,94.89
2015-05-16,,,,,,,,,94.89
2015-05-17,,,,,,,,,94.89
2015-05-18,1088.19,12.73,104.6068,59.44,1227.800048828125,2129.199951171875,94.19000244140624,261.9700012207031,94.89
2015-05-19,1093.94,12.85,105.3448,57.3,1206.9000244140625,2127.830078125,95.2699966430664,262.9200134277344,94.89
2015-05-20,1097.62,12.88,105.5605,58.96,1208.9000244140625,2125.85009765625,95.4499969482422,265.3599853515625,94.89
2015-05-21,1092.41,12.11,105.3808,60.18,1204.4000244140625,2130.820068359375,95.26000213623048,262.6600036621094,94.89
2015-05-22,1093.46,12.13,105.8487,58.88,1204.300048828125,2126.06005859375,96.01000213623048,266.0299987792969,94.89
2015-05-23,,,,,,,,,94.89
2015-05-24,,,,,,,,,94.89
2015-05-25,,,,,,,,,94.89
2015-05-26,1106.06,14.06,106.7294,57.29,1187.199951171875,2104.199951171875,97.3000030517578,265.4100036621094,94.89
2015-05-27,1107.84,13.27,106.908,57.51,1185.9000244140625,2123.47998046875,97.37000274658205,260.1600036621094,94.89
2015-05-28,1109.86,13.31,106.92,57.69,1188.0999755859375,2120.7900390625,96.97000122070312,260.0599975585937,94.89
2015-05-29,1111.99,13.84,106.7388,60.25,1189.4000244140625,2107.389892578125,96.91000366210938,260.3900146484375,94.89
2015-05-30,,,,,,,,,94.89
2015-05-31,,,,,,,,,94.89
2015-06-01,1115.61,13.97,107.2238,60.24,1188.300048828125,2111.72998046875,97.38999938964844,258.739990234375,94.909
2015-06-02,1109.34,14.24,106.4507,61.3,1194.0999755859375,2109.60009765625,95.83999633789062,256.2900085449219,94.909
2015-06-03,1104.33,13.66,106.1443,59.67,1184.699951171875,2114.070068359375,95.47000122070312,254.1100006103516,94.909
2015-06-04,1112.56,14.71,106.4725,58.0,1174.9000244140625,2095.840087890625,95.45999908447266,255.47000122070312,94.909
2015-06-05,1121.18,14.21,107.1336,59.11,1167.800048828125,2092.830078125,96.30999755859376,254.94000244140625,94.909
2015-06-06,,,,,,,,,94.909
2015-06-07,,,,,,,,,94.909
2015-06-08,1121.95,15.29,106.7693,58.15,1173.199951171875,2079.280029296875,95.3000030517578,254.2100067138672,94.909
2015-06-09,1119.38,14.47,106.2238,60.15,1177.300048828125,2080.14990234375,95.16999816894533,253.50999450683597,94.909
2015-06-10,1110.32,13.22,105.8037,61.36,1186.0999755859375,2105.199951171875,94.6500015258789,252.1100006103516,94.909
2015-06-11,1113.24,12.85,106.0934,60.74,1179.9000244140625,2108.860107421875,94.9800033569336,252.32000732421875,94.909
2015-06-12,1111.63,13.78,105.9015,59.96,1178.800048828125,2094.110107421875,94.97000122070312,251.66000366210935,94.909
2015-06-13,,,,,,,,,94.909
2015-06-14,,,,,,,,,94.909
2015-06-15,1114.94,15.39,105.9989,59.53,1185.300048828125,2084.429931640625,94.80999755859376,250.7400054931641,94.909
2015-06-16,1118.08,14.81,106.0473,60.01,1180.5,2096.2900390625,95.0,248.4900054931641,94.909
2015-06-17,1122.83,14.5,106.058,59.89,1176.4000244140625,2100.43994140625,94.3000030517578,249.0800018310547,94.909
2015-06-18,1101.55,13.19,105.102,60.41,1201.5,2121.239990234375,94.04000091552734,249.6699981689453,94.909
2015-06-19,1102.64,13.96,105.4496,59.62,1201.5,2109.989990234375,94.08999633789062,249.83999633789065,94.909
2015-06-20,,,,,,,,,94.909
2015-06-21,,,,,,,,,94.909
2015-06-22,1098.85,12.74,105.3846,60.01,1183.699951171875,2122.85009765625,94.33000183105467,250.9900054931641,94.909
2015-06-23,1104.54,12.11,105.9678,61.05,1176.199951171875,2124.199951171875,95.43000030517578,254.5200042724609,94.909
2015-06-24,1110.67,13.26,106.2522,60.01,1172.5999755859375,2108.580078125,95.26000213623048,254.94000244140625,94.909
2015-06-25,1111.05,14.01,106.1515,59.59,1171.5,2102.31005859375,95.19000244140624,253.8000030517578,94.909
2015-06-26,1122.31,14.02,106.4116,59.41,1172.9000244140625,2101.489990234375,95.47000122070312,254.47999572753903,94.909
2015-06-27,,,,,,,,,94.909
2015-06-28,,,,,,,,,94.909
2015-06-29,1119.09,18.85,106.3785,58.34,1178.5,2057.639892578125,94.79000091552734,251.25999450683597,94.909
2015-06-30,1117.34,18.23,106.5191,59.48,1171.5,2063.110107421875,95.48999786376952,252.2700042724609,94.909
2015-07-01,1123.89,16.09,107.0101,56.94,1169.0,2077.419921875,96.30999755859376,255.07000732421875,95.08
2015-07-02,1119.95,16.79,106.9106,56.93,1163.0,2076.780029296875,96.11000061035156,255.5,95.08
2015-07-03,,,,,,,,254.66000366210935,95.08
2015-07-04,,,,,,,,,95.08
2015-07-05,,,,,,,,,95.08
2015-07-06,1125.58,17.01,107.1343,52.48,1172.9000244140625,2068.760009765625,96.3000030517578,248.3000030517578,95.08
2015-07-07,1133.75,16.09,107.785,52.33,1152.4000244140625,2081.340087890625,96.87000274658205,248.0500030517578,95.08
2015-07-08,1131.75,19.66,107.4734,51.61,1163.300048828125,2046.6800537109373,96.29000091552734,244.94000244140625,95.08
2015-07-09,1133.69,19.97,107.5595,52.76,1159.0,2051.31005859375,96.61000061035156,246.7700042724609,95.08
2015-07-10,1127.29,16.83,107.213,52.74,1157.699951171875,2076.6201171875,96.02999877929688,246.8300018310547,95.08
2015-07-11,,,,,,,,,95.08
2015-07-12,,,,,,,,,95.08
2015-07-13,1133.93,13.9,107.5849,52.19,1155.199951171875,2099.60009765625,96.86000061035156,249.83999633789065,95.08
2015-07-14,1142.75,13.37,107.4843,53.05,1153.300048828125,2108.949951171875,96.63999938964844,248.63999938964844,95.08
2015-07-15,1146.42,13.23,108.0149,51.4,1147.199951171875,2107.39990234375,97.12999725341795,249.6499938964844,95.08
2015-07-16,1145.24,12.11,108.1726,50.9,1143.800048828125,2124.2900390625,97.66000366210938,251.47000122070312,95.08
2015-07-17,1148.48,11.95,108.5374,50.88,1131.800048828125,2126.639892578125,97.86000061035156,250.22999572753903,95.08
2015-07-18,,,,,,,,,95.08
2015-07-19,,,,,,,,,95.08
2015-07-20,1156.38,12.25,108.6944,50.11,1106.699951171875,2128.280029296875,98.02999877929688,248.91000366210935,95.08
2015-07-21,1148.33,12.22,108.3893,50.59,1103.4000244140625,2119.2099609375,97.33000183105467,250.3500061035156,95.08
2015-07-22,1156.49,12.12,108.7817,49.27,1091.4000244140625,2114.14990234375,97.5999984741211,247.8800048828125,95.08
2015-07-23,1160.64,12.64,108.7565,48.11,1094.0,2102.14990234375,97.12000274658205,247.30999755859372,95.08
2015-07-24,1169.02,13.74,109.0174,47.98,1085.5999755859375,2079.64990234375,97.23999786376952,244.91000366210935,95.08
2015-07-25,,,,,,,,,95.08
2015-07-26,,,,,,,,,95.08
2015-07-27,1167.75,15.6,108.6924,47.17,1096.5,2067.639892578125,96.5,244.97999572753903,95.08
2015-07-28,1161.09,13.44,108.6881,47.97,1096.300048828125,2093.25,96.7699966430664,245.2100067138672,95.08
2015-07-29,1158.49,12.5,108.604,48.77,1092.699951171875,2108.570068359375,96.9800033569336,245.97000122070312,95.08
2015-07-30,1173.42,12.13,109.4328,48.53,1088.4000244140625,2108.6298828125,97.55999755859376,243.6100006103516,95.08
2015-07-31,1159.7,12.12,108.7819,47.11,1094.9000244140625,2103.840087890625,97.37000274658205,244.3000030517578,95.08
2015-08-01,,,,,,,,,95.213
2015-08-02,,,,,,,,,95.213
2015-08-03,1168.63,12.56,109.214,45.25,1089.4000244140625,2098.0400390625,97.48999786376952,241.47999572753903,95.213
2015-08-04,1161.2,13.0,109.2244,45.75,1090.699951171875,2093.320068359375,97.93000030517578,243.5500030517578,95.213
2015-08-05,1174.4,12.51,109.842,45.13,1085.699951171875,2099.840087890625,97.95999908447266,243.1199951171875,95.213
2015-08-06,1163.25,13.77,109.722,44.69,1090.199951171875,2083.56005859375,97.83000183105467,240.0399932861328,95.213
2015-08-07,1164.0,13.39,109.4376,43.87,1094.0999755859375,2077.570068359375,97.55999755859376,239.7899932861328,95.213
2015-08-08,,,,,,,,,95.213
2015-08-09,,,,,,,,,95.213
2015-08-10,1161.69,12.23,109.1931,44.94,1104.199951171875,2104.179931640625,97.16000366210938,239.17999267578125,95.213
2015-08-11,1181.36,13.71,109.9464,43.11,1107.5999755859375,2084.070068359375,97.29000091552734,237.91000366210935,95.213
2015-08-12,1175.03,13.61,109.4655,43.22,1123.199951171875,2086.050048828125,96.26000213623048,237.2400054931641,95.213
2015-08-13,1176.02,13.49,109.9025,42.27,1115.699951171875,2083.389892578125,96.4499969482422,237.32000732421875,95.213
2015-08-14,1177.62,12.83,109.9174,42.45,1112.9000244140625,2091.5400390625,96.56999969482422,,95.213
2015-08-15,,,,,,,,,95.213
2015-08-16,,,,,,,,,95.213
2015-08-17,1181.53,13.02,110.1435,41.93,1118.5999755859375,2102.43994140625,96.81999969482422,235.3699951171875,95.213
2015-08-18,1185.85,13.79,110.2504,42.58,1117.0999755859375,2096.919921875,96.97000122070312,235.1999969482422,95.213
2015-08-19,1184.35,15.25,110.4333,40.75,1128.0999755859375,2079.610107421875,96.45999908447266,234.2700042724609,95.213
2015-08-20,1185.63,19.14,110.1077,41.0,1153.0,2035.72998046875,95.75,231.58999633789065,95.213
2015-08-21,1194.6,28.03,110.1443,40.45,1159.5999755859375,1970.8900146484373,94.83000183105467,227.13999938964844,95.213
2015-08-22,,,,,,,,,95.213
2015-08-23,,,,,,,,,95.213
2015-08-24,1191.13,40.74,109.9306,38.22,1153.4000244140625,1893.2099609375,93.30999755859376,221.52999877929688,95.213
2015-08-25,1195.25,36.02,110.3394,39.15,1138.199951171875,1867.6099853515625,94.52999877929688,223.07000732421875,95.213
2015-08-26,1185.52,30.32,110.5807,38.5,1124.5999755859375,1940.510009765625,95.0999984741211,227.7100067138672,95.213
2015-08-27,1170.49,26.1,110.4834,42.47,1122.4000244140625,1987.6600341796875,95.61000061035156,228.94000244140625,95.213
2015-08-28,1180.93,26.05,110.6714,45.29,1133.0999755859375,1988.8699951171875,96.11000061035156,232.3500061035156,95.213
2015-08-29,,,,,,,,,95.213
2015-08-30,,,,,,,,,95.213
2015-08-31,1182.54,28.43,110.5621,49.2,1131.5999755859375,1972.1800537109373,95.9499969482422,232.8000030517578,95.213
2015-09-01,1179.78,31.4,110.4506,45.38,1138.699951171875,1913.8499755859373,95.4499969482422,229.5500030517578,94.966
2015-09-02,1183.46,26.09,110.7979,46.3,1132.5,1948.8599853515625,95.83000183105467,229.91000366210935,94.966
2015-09-03,1188.07,25.61,110.8566,46.75,1123.699951171875,1951.1300048828125,96.41000366210938,230.3999938964844,94.966
2015-09-04,1196.4,27.8,111.1018,46.02,1120.5999755859375,1921.219970703125,96.2300033569336,227.8999938964844,94.966
2015-09-05,,,,,,,,,94.966
2015-09-06,,,,,,,,,94.966
2015-09-07,,,,,,,,227.30999755859372,94.966
2015-09-08,1195.57,24.9,110.7942,45.92,1120.4000244140625,1969.4100341796875,95.87999725341795,227.75999450683597,94.966
2015-09-09,1186.52,26.23,110.9225,44.13,1102.199951171875,1942.0400390625,96.01000213623048,234.3999938964844,94.966
2015-09-10,1184.87,24.37,110.6331,45.85,1109.5,1952.2900390625,95.45999908447266,237.17999267578125,94.966
2015-09-11,1182.25,23.2,110.6109,44.75,1103.5,1961.050048828125,95.19000244140624,233.7400054931641,94.966
2015-09-12,,,,,,,,,94.966
2015-09-13,,,,,,,,,94.966
2015-09-14,1181.17,24.25,110.5005,44.07,1107.699951171875,1953.030029296875,95.25,233.05999755859372,94.966
2015-09-15,1178.69,22.54,110.6394,44.58,1102.800048828125,1978.0899658203125,95.61000061035156,233.58999633789065,94.966
2015-09-16,1169.77,21.35,110.1021,47.12,1119.199951171875,1995.31005859375,95.41999816894533,238.77999877929688,94.966
2015-09-17,1163.11,21.14,110.1212,46.93,1117.300048828125,1990.199951171875,94.5500030517578,239.2899932861328,94.966
2015-09-18,1164.13,22.28,109.8165,44.71,1138.0999755859375,1958.030029296875,94.86000061035156,241.1199951171875,94.966
2015-09-19,,,,,,,,,94.966
2015-09-20,,,,,,,,,94.966
2015-09-21,1179.24,20.14,110.6414,46.67,1133.0999755859375,1966.969970703125,95.88999938964844,236.72000122070312,94.966
2015-09-22,1186.1,22.44,111.1967,46.17,1125.0,1942.739990234375,96.27999877929688,238.67999267578125,94.966
2015-09-23,1193.96,22.13,111.6287,44.53,1131.5999755859375,1938.760009765625,96.06999969482422,234.25999450683597,94.966
2015-09-24,1195.48,23.47,111.4454,44.94,1153.800048828125,1932.239990234375,95.98999786376952,234.25999450683597,94.966
2015-09-25,1190.14,23.62,111.3725,45.55,1146.0,1931.3399658203125,96.2699966430664,233.7899932861328,94.966
2015-09-26,,,,,,,,,94.966
2015-09-27,,,,,,,,,94.966
2015-09-28,1193.32,27.63,111.3914,44.4,1132.0,1881.77001953125,96.02999877929688,,94.966
2015-09-29,1194.28,26.83,111.5219,45.24,1127.0999755859375,1884.0899658203125,95.88999938964844,,94.966
2015-09-30,1184.62,24.5,111.3311,45.06,1115.5,1920.030029296875,96.3499984741211,236.7100067138672,94.966
2015-10-01,1180.04,22.55,111.0439,44.75,1114.199951171875,1923.8199462890625,96.19000244140624,238.6199951171875,94.966
2015-10-02,1175.48,20.94,110.7006,45.54,1137.0999755859375,1951.3599853515625,95.83000183105467,237.1499938964844,94.966
2015-10-03,,,,,,,,,94.966
2015-10-04,,,,,,,,,94.966
2015-10-05,1158.54,19.54,110.4445,46.28,1138.0999755859375,1987.050048828125,96.11000061035156,237.97999572753903,94.966
2015-10-06,1160.7,19.4,110.1371,48.53,1146.800048828125,1979.9200439453125,95.45999908447266,240.17999267578125,94.966
2015-10-07,1153.72,18.4,109.8162,47.86,1149.0,1995.8299560546875,95.5,243.5200042724609,94.966
2015-10-08,1155.57,17.42,109.6452,49.46,1144.699951171875,2013.4300537109373,95.31999969482422,246.0200042724609,94.966
2015-10-09,1145.67,17.08,109.0782,49.67,1156.300048828125,2014.8900146484373,94.80999755859376,,94.966
2015-10-10,,,,,,,,,94.966
2015-10-11,,,,,,,,,94.966
2015-10-12,,16.17,,47.09,1164.9000244140625,2017.4599609375,94.83999633789062,246.4900054931641,94.966
2015-10-13,1147.42,17.67,109.4119,46.7,1165.800048828125,2003.68994140625,94.76000213623048,246.0399932861328,94.966
2015-10-14,1140.39,18.03,109.1244,46.63,1180.0999755859375,1994.239990234375,93.93000030517578,244.94000244140625,94.966
2015-10-15,1120.9,16.05,108.6671,46.38,1187.9000244140625,2023.8599853515625,94.37000274658205,247.88999938964844,94.966
2015-10-16,1130.73,15.05,108.9956,47.3,1183.5999755859375,2033.1099853515625,94.54000091552734,247.3699951171875,94.966
2015-10-17,,,,,,,,,94.966
2015-10-18,,,,,,,,,94.966
2015-10-19,1130.57,14.98,109.3858,45.91,1173.300048828125,2033.6600341796875,94.95999908447266,247.47000122070312,94.966
2015-10-20,1128.64,15.75,109.3368,45.84,1178.0,2030.77001953125,94.8499984741211,248.52999877929688,94.966
2015-10-21,1137.09,16.7,109.7746,45.22,1167.5999755859375,2018.93994140625,95.0500030517578,249.25,94.966
2015-10-22,1131.48,14.45,110.0342,44.9,1166.5999755859375,2052.510009765625,96.33999633789062,247.22000122070312,94.966
2015-10-23,1135.0,14.46,110.4329,43.91,1163.300048828125,2075.14990234375,97.06999969482422,249.41000366210935,94.966
2015-10-24,,,,,,,,,94.966
2015-10-25,,,,,,,,,94.966
2015-10-26,1127.47,15.29,110.2089,43.19,1167.0,2071.179931640625,96.86000061035156,250.3600006103516,94.966
2015-10-27,1134.57,15.43,110.4875,43.21,1166.800048828125,2065.889892578125,96.91000366210938,250.0399932861328,94.966
2015-10-28,1130.31,14.33,110.2334,45.93,1177.0999755859375,2090.35009765625,97.77999877929688,249.7899932861328,94.966
2015-10-29,1142.39,14.61,110.8083,46.02,1147.199951171875,2089.409912109375,97.27999877929688,248.92999267578125,94.966
2015-10-30,1140.5,15.07,110.2079,46.6,1141.5,2079.360107421875,96.9499969482422,249.41000366210935,94.966
2015-10-31,,,,,,,,,94.966
2015-11-01,,,,,,,,,94.786
2015-11-02,1140.5,14.15,110.2188,46.12,1135.800048828125,2104.050048828125,96.93000030517578,250.6000061035156,94.786
2015-11-03,1140.5,14.54,110.244,47.88,1114.199951171875,2109.7900390625,97.16000366210938,252.1199951171875,94.786
2015-11-04,1136.45,15.51,110.7139,46.32,1106.5,2102.31005859375,97.9499969482422,252.3300018310547,94.786
2015-11-05,1140.5,15.05,110.8302,45.27,1104.4000244140625,2099.929931640625,97.94000244140624,251.7899932861328,94.786
2015-11-06,1140.5,14.33,111.7603,44.32,1087.5999755859375,2099.199951171875,99.16000366210938,250.25,94.786
2015-11-07,,,,,,,,,94.786
2015-11-08,,,,,,,,,94.786
2015-11-09,1160.42,16.52,111.9112,43.87,1087.9000244140625,2078.580078125,98.9800033569336,249.2100067138672,94.786
2015-11-10,1158.34,15.29,111.9919,44.23,1088.199951171875,2081.719970703125,99.29000091552734,245.8600006103516,94.786
2015-11-11,,16.06,,42.95,1084.699951171875,2075.0,99.01000213623048,245.8600006103516,94.786
2015-11-12,1158.6,18.37,111.7965,41.74,1080.800048828125,2045.969970703125,98.6500015258789,245.13999938964844,94.786
2015-11-13,1169.79,20.08,112.0264,40.69,1080.800048828125,2023.0400390625,98.98999786376952,242.7100067138672,94.786
2015-11-14,,,,,,,,,94.786
2015-11-15,,,,,,,,,94.786
2015-11-16,1172.67,18.16,112.2199,41.68,1083.699951171875,2053.18994140625,99.44000244140624,238.8699951171875,94.786
2015-11-17,1169.08,18.84,112.3141,40.73,1068.699951171875,2050.43994140625,99.62999725341795,241.25999450683597,94.786
2015-11-18,1167.89,16.85,112.3663,40.75,1068.800048828125,2083.580078125,99.6500015258789,241.44000244140625,94.786
2015-11-19,1156.08,16.99,111.5749,40.55,1078.0,2081.239990234375,98.98999786376952,244.7899932861328,94.786
2015-11-20,1151.63,15.47,111.7799,39.39,1076.4000244140625,2089.169921875,99.56999969482422,244.8000030517578,94.786
2015-11-21,,,,,,,,,94.786
2015-11-22,,,,,,,,,94.786
2015-11-23,1159.14,15.62,112.1125,39.27,1066.800048828125,2086.590087890625,99.8000030517578,245.9199981689453,94.786
2015-11-24,1149.39,15.93,111.7638,40.89,1074.300048828125,2089.139892578125,99.52999877929688,247.50999450683597,94.786
2015-11-25,1140.67,15.19,111.8936,41.22,1070.5,2088.8701171875,99.8000030517578,246.5800018310547,94.786
2015-11-26,,,,,,,,249.42999267578125,94.786
2015-11-27,1154.43,15.12,112.2824,40.57,1056.199951171875,2090.110107421875,100.0199966430664,249.07000732421875,94.786
2015-11-28,,,,,,,,,94.786
2015-11-29,,,,,,,,,94.786
2015-11-30,1149.39,16.13,112.34,40.43,1065.800048828125,2080.409912109375,100.16999816894533,244.2400054931641,94.786
2015-12-01,1149.39,14.67,112.1134,40.58,1063.800048828125,2102.6298828125,99.8000030517578,248.6999969482422,95.07
2015-12-02,1149.39,15.91,112.3715,39.93,1054.199951171875,2079.510009765625,99.98999786376952,246.6000061035156,95.07
2015-12-03,1149.39,18.11,111.6407,41.08,1061.699951171875,2049.6201171875,97.62000274658205,244.67999267578125,95.07
2015-12-04,1149.39,14.81,111.5463,40.0,1084.5,2091.68994140625,98.3499984741211,242.1499938964844,95.07
2015-12-05,,,,,,,,,95.07
2015-12-06,,,,,,,,,95.07
2015-12-07,1172.68,15.84,112.3056,37.64,1076.4000244140625,2077.070068359375,98.66000366210938,240.67999267578125,95.07
2015-12-08,1179.6,17.6,112.5485,37.46,1076.300048828125,2063.590087890625,98.47000122070312,239.22999572753903,95.07
2015-12-09,1181.75,19.61,112.1918,37.16,1077.5999755859375,2047.6199951171875,97.3499984741211,239.3999938964844,95.07
2015-12-10,1176.39,19.34,112.2672,36.76,1073.0999755859375,2052.22998046875,97.94000244140624,240.6000061035156,95.07
2015-12-11,1188.0,24.39,112.7147,35.65,1076.9000244140625,2012.3699951171875,97.56999969482422,240.3500061035156,95.07
2015-12-12,,,,,,,,,95.07
2015-12-13,,,,,,,,,95.07
2015-12-14,1186.2,22.73,112.7521,36.31,1064.699951171875,2021.93994140625,97.5999984741211,238.1699981689453,95.07
2015-12-15,1176.66,20.95,112.8609,37.32,1062.9000244140625,2043.4100341796875,98.22000122070312,238.8000030517578,95.07
2015-12-16,1177.19,17.86,112.9864,35.55,1078.0,2073.070068359375,97.87000274658205,243.4900054931641,95.07
2015-12-17,1187.7,18.94,113.8177,34.98,1050.800048828125,2041.8900146484373,99.2699966430664,244.1699981689453,95.07
2015-12-18,1178.04,20.7,113.2837,34.72,1066.199951171875,2005.550048828125,98.6999969482422,243.0,95.07
2015-12-19,,,,,,,,,95.07
2015-12-20,,,,,,,,,95.07
2015-12-21,1173.87,18.7,113.4144,34.55,1081.9000244140625,2021.1500244140625,98.45999908447266,243.75999450683597,95.07
2015-12-22,1169.26,16.6,113.211,36.12,1074.800048828125,2038.969970703125,98.23999786376952,245.47999572753903,95.07
2015-12-23,1140.67,15.57,113.1847,36.76,1069.4000244140625,2064.2900390625,98.33999633789062,246.52999877929688,95.07
2015-12-24,1167.94,15.74,113.0496,37.62,1077.199951171875,2060.989990234375,97.9800033569336,245.3300018310547,95.07
2015-12-25,,,,,,,,,95.07
2015-12-26,,,,,,,,,95.07
2015-12-27,,,,,,,,,95.07
2015-12-28,1169.26,16.91,113.0461,36.36,1070.5,2056.5,97.91999816894533,241.7899932861328,95.07
2015-12-29,1169.26,16.08,113.1664,37.88,1077.5,2078.360107421875,98.0999984741211,241.22000122070312,95.07
2015-12-30,1177.53,17.29,113.4707,36.59,1060.0999755859375,2063.360107421875,98.2699966430664,240.3800048828125,95.07
2015-12-31,1169.26,18.21,113.3429,37.13,1060.300048828125,2043.93994140625,98.62999725341795,,95.07
2016-01-01,,,,,,,,,95.232
2016-01-02,,,,,,,,,95.232
2016-01-03,,,,,,,,,95.232
2016-01-04,1191.46,20.7,114.1595,36.81,1075.0999755859375,2012.6600341796875,98.87000274658205,234.6300048828125,95.232
2016-01-05,1190.43,19.34,114.2649,35.97,1078.4000244140625,2016.7099609375,99.4000015258789,236.1300048828125,95.232
2016-01-06,1200.16,20.59,114.6177,33.97,1091.9000244140625,1990.260009765625,99.18000030517578,234.6000061035156,95.232
2016-01-07,1193.05,24.99,114.6516,33.29,1107.699951171875,1943.0899658203125,98.22000122070312,231.92999267578125,95.232
2016-01-08,1206.97,27.01,115.0095,33.2,1097.800048828125,1922.030029296875,98.54000091552734,233.67999267578125,95.232
2016-01-09,,,,,,,,,95.232
2016-01-10,,,,,,,,,95.232
2016-01-11,1206.55,24.3,115.0139,31.42,1096.5,1923.6700439453125,98.7300033569336,230.8300018310547,95.232
2016-01-12,1208.95,22.47,115.3128,30.42,1085.5999755859375,1938.6800537109373,98.97000122070312,230.5500030517578,95.232
2016-01-13,1208.95,25.22,115.1425,30.42,1087.5,1890.280029296875,98.93000030517578,233.5200042724609,95.232
2016-01-14,1211.28,23.95,115.3846,31.22,1073.9000244140625,1921.8399658203125,99.08999633789062,231.3800048828125,95.232
2016-01-15,1216.95,27.02,115.7404,29.45,1091.5,1880.3299560546875,98.95999908447266,228.77999877929688,95.232
2016-01-16,,,,,,,,,95.232
2016-01-17,,,,,,,,,95.232
2016-01-18,,,,,,,99.12000274658205,228.58999633789065,95.232
2016-01-19,1205.61,26.05,115.8155,28.47,1089.9000244140625,1881.3299560546875,98.98999786376952,230.0800018310547,95.232
2016-01-20,1215.4,27.59,116.3498,26.68,1107.0999755859375,1859.3299560546875,99.08999633789062,224.5399932861328,95.232
2016-01-21,1204.31,26.69,115.9833,29.55,1099.0999755859375,1868.989990234375,99.05999755859376,223.80999755859372,95.232
2016-01-22,1195.66,22.34,,32.07,1097.199951171875,1906.9000244140625,99.56999969482422,228.7899932861328,95.232
2016-01-23,,,,,,,,,95.232
2016-01-24,,,,,,,,,95.232
2016-01-25,1194.3,24.15,,30.31,1106.199951171875,1877.0799560546875,99.36000061035156,230.2100067138672,95.232
2016-01-26,1199.64,22.5,,29.54,1121.699951171875,1903.6300048828125,99.36000061035156,227.19000244140625,95.232
2016-01-27,1199.25,23.11,115.5087,32.32,1116.0999755859375,1882.949951171875,98.9000015258789,230.9600067138672,95.232
2016-01-28,1204.08,22.42,115.2224,33.21,1115.5999755859375,1893.3599853515625,98.51000213623048,231.50999450683597,95.232
2016-01-29,1210.04,20.2,115.5731,33.66,1116.4000244140625,1940.239990234375,99.61000061035156,232.1000061035156,95.232
2016-01-30,,,,,,,,,95.232
2016-01-31,,,,,,,,,95.232
2016-02-01,1203.19,19.98,115.3331,31.62,1127.9000244140625,1939.3800048828125,99.0,233.6699981689453,95.64
2016-02-02,1212.01,21.98,115.553,29.9,1127.300048828125,1903.030029296875,98.87000274658205,231.1000061035156,95.64
2016-02-03,1211.33,21.65,114.6144,32.29,1141.300048828125,1912.530029296875,97.29000091552734,228.97000122070312,95.64
2016-02-04,1186.11,21.84,113.6012,31.63,1157.5999755859375,1915.449951171875,96.47000122070312,232.91000366210935,95.64
2016-02-05,1204.69,23.38,114.2935,30.86,1157.800048828125,1880.050048828125,97.02999877929688,233.3000030517578,95.64
2016-02-06,,,,,,,,,95.64
2016-02-07,,,,,,,,,95.64
2016-02-08,1205.1,26.0,114.4351,29.71,1197.9000244140625,1853.43994140625,96.56999969482422,,95.64
2016-02-09,1200.39,26.54,114.127,27.96,1198.699951171875,1852.2099609375,96.06999969482422,,95.64
2016-02-10,1189.69,26.29,114.2877,27.54,1194.699951171875,1851.8599853515625,95.88999938964844,,95.64
2016-02-11,1196.89,28.14,114.1845,26.19,1247.9000244140625,1829.0799560546875,95.55999755859376,226.6999969482422,95.64
2016-02-12,1205.13,25.4,114.2992,29.32,1239.0999755859375,1864.780029296875,95.9800033569336,224.97999572753903,95.64
2016-02-13,,,,,,,,,95.64
2016-02-14,,,,,,,,,95.64
2016-02-15,,,,,,,,228.3999938964844,95.64
2016-02-16,1219.44,24.11,114.4905,29.05,1207.9000244140625,1895.5799560546875,96.87000274658205,231.5200042724609,95.64
2016-02-17,1222.32,22.31,113.8634,30.68,1211.0999755859375,1926.8199462890625,96.79000091552734,231.94000244140625,95.64
2016-02-18,1231.15,21.64,113.8897,30.77,1226.0999755859375,1917.8299560546875,96.9499969482422,234.7400054931641,95.64
2016-02-19,1231.09,20.53,113.9558,29.59,1230.4000244140625,1917.780029296875,96.5999984741211,235.2700042724609,95.64
2016-02-20,,,,,,,,,95.64
2016-02-21,,,,,,,,,95.64
2016-02-22,1223.32,19.38,113.8232,31.37,1209.5,1945.5,97.37999725341795,234.9499969482422,95.64
2016-02-23,1230.05,20.98,114.177,31.84,1222.300048828125,1921.27001953125,97.4800033569336,235.02999877929688,95.64
2016-02-24,1234.6,20.72,114.1716,30.35,1238.699951171875,1929.800048828125,97.45999908447266,234.91000366210935,95.64
2016-02-25,1237.39,19.11,113.9222,31.4,1238.199951171875,1951.699951171875,97.29000091552734,235.3699951171875,95.64
2016-02-26,1242.59,19.81,114.3708,31.65,1219.800048828125,1948.050048828125,98.1500015258789,235.22000122070312,95.64
2016-02-27,,,,,,,,,95.64
2016-02-28,,,,,,,,,95.64
2016-02-29,1238.09,20.55,114.2418,32.74,1233.9000244140625,1932.22998046875,98.20999908447266,234.6300048828125,95.64
2016-03-01,1229.56,17.7,113.9265,34.39,1230.300048828125,1978.3499755859373,98.3499984741211,,95.393
2016-03-02,1227.59,17.09,113.7965,34.57,1241.0999755859375,1986.449951171875,98.20999908447266,238.6300048828125,95.393
2016-03-03,1209.55,16.7,113.2482,34.56,1257.4000244140625,1993.4000244140625,97.56999969482422,240.08999633789065,95.393
2016-03-04,1195.09,16.86,112.6387,35.91,1269.9000244140625,1999.989990234375,97.33999633789062,239.7400054931641,95.393
2016-03-05,,,,,,,,,95.393
2016-03-06,,,,,,,,,95.393
2016-03-07,1200.08,17.35,112.6219,37.9,1263.199951171875,2001.760009765625,97.06999969482422,240.2100067138672,95.393
2016-03-08,1206.19,18.67,112.8465,36.67,1262.0999755859375,1979.260009765625,97.20999908447266,238.44000244140625,95.393
2016-03-09,1206.82,18.34,112.4268,37.62,1256.5999755859375,1989.260009765625,97.16999816894533,239.1300048828125,95.393
2016-03-10,1204.09,18.05,112.4191,37.77,1272.0,1989.5699462890625,96.06999969482422,241.42999267578125,95.393
2016-03-11,1184.56,16.5,111.741,38.51,1258.699951171875,2022.18994140625,96.16999816894533,241.97000122070312,95.393
2016-03-12,,,,,,,,,95.393
2016-03-13,,,,,,,,,95.393
2016-03-14,1187.39,16.92,112.1688,37.2,1244.4000244140625,2019.6400146484373,96.62000274658205,242.1499938964844,95.393
2016-03-15,1194.99,16.84,112.5545,36.32,1230.4000244140625,2015.9300537109373,96.62999725341795,241.8300018310547,95.393
2016-03-16,1190.59,14.99,112.7759,38.43,1229.300048828125,2027.219970703125,95.88999938964844,242.3500061035156,95.393
2016-03-17,1155.83,14.44,110.445,40.17,1264.5,2040.5899658203125,94.76000213623048,244.08999633789065,95.393
2016-03-18,1160.11,14.02,110.4002,39.47,1253.800048828125,2049.580078125,94.98999786376952,244.6300048828125,95.393
2016-03-19,,,,,,,,,95.393
2016-03-20,,,,,,,,,95.393
2016-03-21,1157.33,13.79,110.737,39.91,1243.800048828125,2051.60009765625,95.29000091552734,244.27999877929688,95.393
2016-03-22,1154.58,14.17,110.7877,41.45,1248.199951171875,2049.800048828125,95.6500015258789,245.41000366210935,95.393
2016-03-23,1166.59,14.94,111.5473,38.28,1223.699951171875,2036.7099609375,96.0500030517578,245.22999572753903,95.393
2016-03-24,1168.09,14.74,111.816,38.14,1221.4000244140625,2035.93994140625,96.13999938964844,244.0800018310547,95.393
2016-03-25,1168.19,,111.7698,,,,,,95.393
2016-03-26,,,,,,,,,95.393
2016-03-27,,,,,,,,,95.393
2016-03-28,1163.39,15.24,111.3578,37.99,1219.9000244140625,2037.050048828125,95.94000244140624,243.9499969482422,95.393
2016-03-29,1164.69,13.82,111.3736,36.91,1235.5999755859375,2055.010009765625,95.16000366210938,245.52999877929688,95.393
2016-03-30,1142.02,13.56,110.2301,36.91,1226.9000244140625,2063.949951171875,94.83999633789062,246.5399932861328,95.393
2016-03-31,1138.86,13.95,109.9191,36.94,1234.199951171875,2059.739990234375,94.58999633789062,245.8600006103516,95.393
2016-04-01,1147.15,13.1,110.2977,35.36,1222.199951171875,2072.780029296875,94.62000274658205,242.3600006103516,95.573
2016-04-02,,,,,,,,,95.573
2016-04-03,,,,,,,,,95.573
2016-04-04,1151.35,14.12,110.3987,34.3,1218.0,2066.1298828125,94.51000213623048,243.0500030517578,95.573
2016-04-05,1158.39,15.42,110.9478,34.52,1228.4000244140625,2045.1700439453125,94.62999725341795,240.5800018310547,95.573
2016-04-06,1155.28,14.09,110.5347,37.74,1222.5,2066.659912109375,94.43000030517578,241.9900054931641,95.573
2016-04-07,1156.81,16.16,110.8876,37.3,1236.199951171875,2041.9100341796875,94.4800033569336,242.2899932861328,95.573
2016-04-08,1148.89,15.36,110.4213,39.74,1242.5,2047.5999755859373,94.23999786376952,241.7700042724609,95.573
2016-04-09,,,,,,,,,95.573
2016-04-10,,,,,,,,,95.573
2016-04-11,1141.97,16.26,109.9758,40.46,1256.699951171875,2041.989990234375,93.9499969482422,242.05999755859372,95.573
2016-04-12,1144.53,14.85,109.816,42.12,1259.4000244140625,2061.719970703125,93.95999908447266,243.7100067138672,95.573
2016-04-13,1146.29,13.84,110.1436,41.7,1246.800048828125,2082.419921875,94.73999786376952,,95.573
2016-04-14,1151.99,13.72,110.1691,41.45,1225.0,2082.780029296875,94.9000015258789,248.88999938964844,95.573
2016-04-15,1144.83,13.62,110.1933,40.4,1233.0999755859375,2080.72998046875,94.6999969482422,248.52999877929688,95.573
2016-04-16,,,,,,,,,95.573
2016-04-17,,,,,,,,,95.573
2016-04-18,1144.48,13.35,109.9892,39.74,1233.5999755859375,2094.340087890625,94.48999786376952,248.0,95.573
2016-04-19,1126.01,13.24,109.2782,40.88,1253.0,2100.800048828125,93.9800033569336,247.8800048828125,95.573
2016-04-20,1130.48,13.28,109.3926,42.72,1253.199951171875,2102.39990234375,94.48999786376952,247.25999450683597,95.573
2016-04-21,1135.49,13.95,109.8533,43.18,1249.0,2091.47998046875,94.5999984741211,249.38999938964844,95.573
2016-04-22,1147.85,13.22,110.2331,42.76,1228.699951171875,2091.580078125,95.12000274658205,248.32000732421875,95.573
2016-04-23,,,,,,,,,95.573
2016-04-24,,,,,,,,,95.573
2016-04-25,1147.76,14.08,110.1865,41.67,1238.9000244140625,2087.7900390625,94.83999633789062,248.1300048828125,95.573
2016-04-26,1146.66,13.96,109.7496,42.52,1242.199951171875,2091.699951171875,94.56999969482422,248.9199981689453,95.573
2016-04-27,1151.5,13.77,109.8483,45.29,1249.199951171875,2095.14990234375,94.38999938964844,248.69000244140625,95.573
2016-04-28,1139.93,15.22,109.2148,46.03,1265.5,2075.81005859375,93.76000213623048,246.2700042724609,95.573
2016-04-29,1144.09,15.7,108.8274,45.98,1289.199951171875,2065.300048828125,93.08000183105467,245.1999969482422,95.573
2016-04-30,,,,,,,,,95.573
2016-05-01,,,,,,,,,95.63
2016-05-02,1138.45,14.68,108.671,44.75,1294.699951171875,2081.429931640625,92.62999725341795,243.47000122070312,95.63
2016-05-03,1148.69,15.6,109.3613,43.65,1290.699951171875,2063.3701171875,92.94000244140624,244.2899932861328,95.63
2016-05-04,1164.59,16.05,109.9952,43.77,1273.300048828125,2051.1201171875,93.18000030517578,243.30999755859372,95.63
2016-05-05,1165.93,15.91,110.2417,44.33,1271.4000244140625,2050.6298828125,93.77999877929688,,95.63
2016-05-06,1167.29,14.72,110.3801,44.58,1292.9000244140625,2057.139892578125,93.88999938964844,,95.63
2016-05-07,,,,,,,,,95.63
2016-05-08,,,,,,,,,95.63
2016-05-09,1174.25,14.57,110.9466,43.45,1265.5999755859375,2058.68994140625,94.1500015258789,242.22999572753903,95.63
2016-05-10,1169.89,13.63,110.8225,44.68,1263.9000244140625,2084.389892578125,94.29000091552734,243.67999267578125,95.63
2016-05-11,1162.47,14.69,110.2806,46.21,1274.5999755859375,2064.4599609375,93.81999969482422,243.07000732421875,95.63
2016-05-12,1168.7,14.41,110.6935,46.64,1270.300048828125,2064.110107421875,94.13999938964844,242.33999633789065,95.63
2016-05-13,1176.85,15.04,111.2521,46.22,1271.9000244140625,2046.6099853515625,94.61000061035156,240.6000061035156,95.63
2016-05-14,,,,,,,,,95.63
2016-05-15,,,,,,,,,95.63
2016-05-16,1177.21,14.68,111.1217,47.72,1273.4000244140625,2066.659912109375,94.56999969482422,240.82000732421875,95.63
2016-05-17,1173.67,15.57,111.0867,48.29,1276.199951171875,2047.2099609375,94.5500030517578,241.02999877929688,95.63
2016-05-18,1185.77,15.95,111.4995,48.12,1273.699951171875,2047.6300048828125,95.08000183105467,239.82000732421875,95.63
2016-05-19,1189.25,16.33,112.2331,48.16,1254.199951171875,2040.0400390625,95.29000091552734,239.0399932861328,95.63
2016-05-20,1186.93,15.2,112.1822,47.67,1252.4000244140625,2052.320068359375,95.30999755859376,238.7400054931641,95.63
2016-05-21,,,,,,,,,95.63
2016-05-22,,,,,,,,,95.63
2016-05-23,1183.39,15.82,112.284,48.12,1251.0999755859375,2048.0400390625,95.2300033569336,239.8500061035156,95.63
2016-05-24,1186.39,14.42,112.2912,48.04,1228.9000244140625,2076.06005859375,95.56999969482422,237.6499938964844,95.63
2016-05-25,1182.21,13.9,112.2001,49.1,1223.5,2090.5400390625,95.3499984741211,240.91000366210935,95.63
2016-05-26,1178.09,13.43,111.8979,49.0,1220.0999755859375,2090.10009765625,95.16999816894533,240.5800018310547,95.63
2016-05-27,1180.59,13.12,112.0822,49.36,1213.800048828125,2099.06005859375,95.5199966430664,241.8500061035156,95.63
2016-05-28,,,,,,,,,95.63
2016-05-29,,,,,,,,,95.63
2016-05-30,,,,,,,,241.72999572753903,95.63
2016-05-31,1188.99,14.19,112.4276,49.1,1214.800048828125,2096.949951171875,95.88999938964844,243.6300048828125,95.63
2016-06-01,1192.09,14.2,112.462,49.07,1211.9000244140625,2099.330078125,95.45999908447266,243.5800018310547,95.611
2016-06-02,1186.69,13.63,112.4564,49.14,1209.800048828125,2105.260009765625,95.55999755859376,244.17999267578125,95.611
2016-06-03,1167.79,13.47,111.4451,48.69,1240.0999755859375,2099.1298828125,94.02999877929688,244.38999938964844,95.611
2016-06-04,,,,,,,,,95.611
2016-06-05,,,,,,,,,95.611
2016-06-06,1162.28,13.65,111.2295,49.71,1244.5999755859375,2109.409912109375,93.9000015258789,,95.611
2016-06-07,1154.8,14.05,110.8378,50.37,1244.4000244140625,2112.1298828125,93.83000183105467,247.8500061035156,95.611
2016-06-08,1153.83,14.08,110.1916,51.23,1259.800048828125,2119.1201171875,93.58999633789062,250.0399932861328,95.611
2016-06-09,1159.29,14.64,110.6168,50.52,1270.199951171875,2115.47998046875,94.0999984741211,250.19000244140625,95.611
2016-06-10,1167.61,17.03,111.1027,49.09,1273.4000244140625,2096.070068359375,94.5999984741211,248.9600067138672,95.611
2016-06-11,,,,,,,,,95.611
2016-06-12,,,,,,,,,95.611
2016-06-13,1169.74,20.97,111.5036,48.89,1284.4000244140625,2079.06005859375,94.37000274658205,244.0500030517578,95.611
2016-06-14,1176.78,20.5,111.9826,48.49,1285.5999755859375,2075.320068359375,94.93000030517578,243.3500061035156,95.611
2016-06-15,1167.53,20.14,111.7671,47.92,1285.800048828125,2071.5,94.61000061035156,243.3000030517578,95.611
2016-06-16,1176.49,19.37,112.2347,46.14,1296.0999755859375,2077.989990234375,94.56999969482422,241.6100006103516,95.611
2016-06-17,1171.77,19.41,111.5332,48.0,1292.5,2071.219970703125,94.20999908447266,241.6300048828125,95.611
2016-06-18,,,,,,,,,95.611
2016-06-19,,,,,,,,,95.611
2016-06-20,1156.8,18.37,110.8693,49.4,1290.0,2083.25,93.61000061035156,245.1699981689453,95.611
2016-06-21,1154.35,18.48,111.0077,48.95,1270.5,2088.89990234375,94.0199966430664,245.33999633789065,95.611
2016-06-22,1147.99,21.17,110.7681,49.16,1268.0,2085.449951171875,93.72000122070312,246.75,95.611
2016-06-23,1143.27,17.25,110.262,49.34,1261.199951171875,2113.320068359375,93.52999877929688,246.30999755859372,95.611
2016-06-24,1167.56,25.76,112.1355,46.7,1320.0,2037.4100341796875,95.4499969482422,239.2100067138672,95.611
2016-06-25,,,,,,,,,95.611
2016-06-26,,,,,,,,,95.611
2016-06-27,1181.24,23.85,113.1301,45.8,1322.5,2000.5400390625,96.54000091552734,239.27999877929688,95.611
2016-06-28,1169.31,18.75,112.7545,47.93,1315.300048828125,2036.0899658203125,96.25,240.0800018310547,95.611
2016-06-29,1153.09,16.64,111.8597,49.85,1323.9000244140625,2070.77001953125,95.7699966430664,242.32000732421875,95.611
2016-06-30,1154.15,15.63,112.1618,48.27,1318.4000244140625,2098.860107421875,96.13999938964844,244.13999938964844,95.611
2016-07-01,1146.49,14.77,111.6509,49.02,1336.699951171875,2102.949951171875,95.6500015258789,246.5200042724609,95.431
2016-07-02,,,,,,,,,95.431
2016-07-03,,,,,,,,,95.431
2016-07-04,,,,,,,,247.6199951171875,95.431
2016-07-05,1156.79,15.58,112.4231,46.73,1356.4000244140625,2088.550048828125,96.16999816894533,246.91000366210935,95.431
2016-07-06,1160.59,14.96,112.5438,47.37,1364.9000244140625,2099.72998046875,96.05999755859376,241.8600006103516,95.431
2016-07-07,1154.89,14.76,112.5775,45.22,1360.0999755859375,2097.89990234375,96.33000183105467,244.6000061035156,95.431
2016-07-08,1148.71,13.2,112.3963,45.37,1356.5999755859375,2129.89990234375,96.3000030517578,243.42999267578125,95.431
2016-07-09,,,,,,,,,95.431
2016-07-10,,,,,,,,,95.431
2016-07-11,1148.97,13.54,112.5254,44.73,1355.0,2137.159912109375,96.56999969482422,246.9900054931641,95.431
2016-07-12,1146.47,13.55,112.1102,46.82,1334.0999755859375,2152.139892578125,96.44000244140624,247.13999938964844,95.431
2016-07-13,1145.01,13.04,112.0266,44.87,1342.4000244140625,2152.429931640625,96.22000122070312,249.25,95.431
2016-07-14,1130.65,12.82,111.7692,45.64,1331.300048828125,2163.75,96.08000183105467,249.8000030517578,95.431
2016-07-15,1135.49,12.67,112.2833,45.93,1326.5,2161.739990234375,96.58000183105467,251.0200042724609,95.431
2016-07-16,,,,,,,,,95.431
2016-07-17,,,,,,,,,95.431
2016-07-18,1134.39,12.44,112.2463,45.23,1328.4000244140625,2166.889892578125,96.55999755859376,251.5200042724609,95.431
2016-07-19,1140.56,11.97,112.638,44.64,1331.5,2163.780029296875,97.0500030517578,250.97000122070312,95.431
2016-07-20,1142.33,11.77,112.6743,44.96,1318.800048828125,2173.02001953125,97.1999969482422,250.66000366210935,95.431
2016-07-21,1137.31,12.74,112.6239,43.96,1330.5,2165.169921875,97.0,250.44000244140625,95.431
2016-07-22,1137.49,12.02,112.989,43.41,1323.0999755859375,2175.030029296875,97.47000122070312,250.0399932861328,95.431
2016-07-23,,,,,,,,,95.431
2016-07-24,,,,,,,,,95.431
2016-07-25,1140.8,12.87,113.1784,42.4,1319.300048828125,2168.47998046875,97.29000091552734,250.6499938964844,95.431
2016-07-26,1137.59,13.05,113.0593,42.16,1320.699951171875,2169.179931640625,97.16000366210938,252.72000122070312,95.431
2016-07-27,1135.09,12.83,113.217,41.9,1326.5999755859375,2166.580078125,97.0500030517578,252.72999572753903,95.431
2016-07-28,1124.79,12.72,112.7393,41.13,1332.300048828125,2170.06005859375,96.73999786376952,251.8600006103516,95.431
2016-07-29,1112.89,11.87,111.874,41.54,1349.0,2173.60009765625,95.52999877929688,251.47999572753903,95.431
2016-07-30,,,,,,,,,95.431
2016-07-31,,,,,,,,,95.431
2016-08-01,1106.15,12.44,111.9757,40.05,1351.4000244140625,2170.840087890625,95.70999908447266,253.80999755859372,95.677
2016-08-02,1108.35,13.37,111.7124,39.5,1364.4000244140625,2157.030029296875,95.05999755859376,251.92999267578125,95.677
2016-08-03,1116.21,12.86,111.9419,40.8,1356.0999755859375,2163.7900390625,95.55999755859376,248.6499938964844,95.677
2016-08-04,1111.99,12.42,111.9149,41.92,1358.800048828125,2164.25,95.76000213623048,249.2400054931641,95.677
2016-08-05,1114.54,11.39,112.3589,41.83,1336.4000244140625,2182.8701171875,96.19000244140624,252.3600006103516,95.677
2016-08-06,,,,,,,,,95.677
2016-08-07,,,,,,,,,95.677
2016-08-08,1108.24,11.5,112.1456,43.06,1333.4000244140625,2180.889892578125,96.4000015258789,254.1100006103516,95.677
2016-08-09,1101.45,11.66,111.722,42.78,1339.0,2181.739990234375,96.18000030517578,255.8500061035156,95.677
2016-08-10,1095.84,12.05,111.3238,41.75,1344.300048828125,2175.489990234375,95.6500015258789,255.42999267578125,95.677
2016-08-11,1097.39,11.68,111.1954,43.51,1342.5,2185.7900390625,95.86000061035156,256.17999267578125,95.677
2016-08-12,1100.79,11.55,111.1787,44.47,1335.800048828125,2184.050048828125,95.72000122070312,256.1700134277344,95.677
2016-08-13,,,,,,,,,95.677
2016-08-14,,,,,,,,,95.677
2016-08-15,1095.83,11.81,110.9212,45.72,1340.300048828125,2190.14990234375,95.62999725341795,,95.677
2016-08-16,1093.95,12.64,110.4295,46.57,1350.5,2178.14990234375,94.79000091552734,256.1499938964844,95.677
2016-08-17,1114.25,12.19,110.9459,46.81,1342.699951171875,2182.219970703125,94.72000122070312,256.0400085449219,95.677
2016-08-18,1107.41,11.43,110.3134,48.2,1351.199951171875,2187.02001953125,94.16000366210938,258.1099853515625,95.677
2016-08-19,1116.37,11.34,110.8163,48.48,1340.4000244140625,2183.8701171875,94.51000213623048,258.69000244140625,95.677
2016-08-20,,,,,,,,,95.677
2016-08-21,,,,,,,,,95.677
2016-08-22,1120.93,12.27,110.9997,46.8,1337.699951171875,2182.639892578125,94.5199966430664,257.2699890136719,95.677
2016-08-23,1116.91,12.38,110.9414,47.54,1340.5999755859375,2186.89990234375,94.54000091552734,258.4200134277344,95.677
2016-08-24,1121.34,13.45,111.2958,46.29,1324.4000244140625,2175.43994140625,94.79000091552734,257.29998779296875,95.677
2016-08-25,1115.23,13.63,111.1726,46.97,1320.0999755859375,2172.469970703125,94.7699966430664,257.260009765625,95.677
2016-08-26,1111.47,13.65,111.2035,47.64,1321.5,2169.0400390625,95.56999969482422,256.2300109863281,95.677
2016-08-27,,,,,,,,,95.677
2016-08-28,,,,,,,,,95.677
2016-08-29,1121.53,12.94,111.8775,46.97,1322.9000244140625,2180.3798828125,95.58000183105467,256.489990234375,95.677
2016-08-30,1118.27,13.12,112.2928,46.32,1311.699951171875,2176.1201171875,96.0500030517578,257.489990234375,95.677
2016-08-31,1115.98,13.42,112.4036,44.68,1306.9000244140625,2170.949951171875,96.0199966430664,256.8699951171875,95.677
2016-09-01,1116.89,13.48,112.1733,43.17,1312.199951171875,2170.860107421875,95.6500015258789,256.0299987792969,96.247
2016-09-02,1114.87,11.98,112.0009,44.39,1322.0999755859375,2179.97998046875,95.87999725341795,256.5,96.247
2016-09-03,,,,,,,,,96.247
2016-09-04,,,,,,,,,96.247
2016-09-05,,,,,,,,259.6400146484375,96.247
2016-09-06,1093.04,12.02,110.9613,44.85,1349.4000244140625,2186.47998046875,94.81999969482422,260.92999267578125,96.247
2016-09-07,1090.03,11.94,110.9717,45.47,1344.300048828125,2186.159912109375,94.95999908447266,260.3099975585937,96.247
2016-09-08,1095.27,12.51,111.2609,47.63,1336.800048828125,2181.300048828125,95.02999877929688,260.8599853515625,96.247
2016-09-09,1106.83,17.5,111.9879,45.88,1330.0999755859375,2127.81005859375,95.33999633789062,257.3099975585937,96.247
2016-09-10,,,,,,,,,96.247
2016-09-11,,,,,,,,,96.247
2016-09-12,1112.03,15.16,112.1516,46.28,1321.0,2159.0400390625,95.0999984741211,250.52999877929688,96.247
2016-09-13,1124.61,17.85,112.5207,44.91,1319.0,2127.02001953125,95.62999725341795,251.7700042724609,96.247
2016-09-14,1123.81,18.14,112.4678,43.62,1321.5,2125.77001953125,95.33000183105467,,96.247
2016-09-15,1122.83,16.3,112.4753,43.85,1313.5,2147.260009765625,95.29000091552734,,96.247
2016-09-16,1127.37,15.37,113.1765,43.04,1305.800048828125,2139.159912109375,96.11000061035156,,96.247
2016-09-17,,,,,,,,,96.247
2016-09-18,,,,,,,,,96.247
2016-09-19,1117.44,15.53,112.903,43.34,1313.5,2139.1201171875,95.83999633789062,253.92999267578125,96.247
2016-09-20,1117.34,15.92,113.1848,43.85,1313.699951171875,2139.760009765625,96.0199966430664,255.08999633789065,96.247
2016-09-21,1112.17,13.3,112.9842,45.33,1326.9000244140625,2163.1201171875,95.66000366210938,256.5199890136719,96.247
2016-09-22,1100.59,12.02,112.2592,46.1,1340.4000244140625,2177.179931640625,95.4499969482422,258.3399963378906,96.247
2016-09-23,1102.21,12.29,112.7166,44.36,1337.199951171875,2164.68994140625,95.4800033569336,258.3699951171875,96.247
2016-09-24,,,,,,,,,96.247
2016-09-25,,,,,,,,,96.247
2016-09-26,1106.99,14.5,112.7112,45.6,1339.699951171875,2146.10009765625,95.30999755859376,257.4800109863281,96.247
2016-09-27,1099.22,13.1,112.5515,44.65,1325.9000244140625,2159.929931640625,95.44000244140624,259.57000732421875,96.247
2016-09-28,1096.73,12.39,112.6283,47.07,1319.4000244140625,2171.3701171875,95.43000030517578,258.2099914550781,96.247
2016-09-29,1097.39,14.02,112.2879,47.72,1321.699951171875,2151.1298828125,95.54000091552734,260.3500061035156,96.247
2016-09-30,1097.98,13.29,112.2795,47.72,1313.300048828125,2168.27001953125,95.45999908447266,257.489990234375,96.247
2016-10-01,,,,,,,,,96.379
2016-10-02,,,,,,,,,96.379
2016-10-03,1104.79,13.57,112.5077,48.8,1309.0,2161.199951171875,95.75,,96.379
2016-10-04,1110.77,13.63,112.6579,48.67,1266.300048828125,2150.489990234375,96.12000274658205,259.17999267578125,96.379
2016-10-05,1114.53,12.99,112.7946,49.75,1265.199951171875,2159.72998046875,96.12999725341795,258.989990234375,96.379
2016-10-06,1114.53,12.84,113.0066,50.44,1249.800048828125,2160.77001953125,96.66000366210938,261.1300048828125,96.379
2016-10-07,1115.95,13.48,113.2915,49.76,1248.9000244140625,2153.739990234375,96.5199966430664,260.0599975585937,96.379
2016-10-08,,,,,,,,,96.379
2016-10-09,,,,,,,,,96.379
2016-10-10,,13.38,,49.76,,2163.659912109375,,260.3099975585937,96.379
2016-10-11,1124.21,15.36,113.4461,50.72,1253.0,2136.72998046875,97.6999969482422,256.1499938964844,96.379
2016-10-12,1127.23,15.91,113.7442,50.14,1251.0999755859375,2139.179931640625,97.97000122070312,256.20001220703125,96.379
2016-10-13,1133.31,16.69,113.6238,50.47,1255.0,2132.550048828125,97.5199966430664,253.92999267578125,96.379
2016-10-14,1133.13,16.12,113.7119,50.35,1253.0999755859375,2132.97998046875,98.0199966430664,255.08999633789065,96.379
2016-10-15,,,,,,,,,96.379
2016-10-16,,,,,,,,,96.379
2016-10-17,1137.61,16.21,113.5488,49.97,1254.4000244140625,2126.5,97.88999938964844,256.19000244140625,96.379
2016-10-18,1123.75,15.28,113.1393,50.3,1260.800048828125,2139.60009765625,97.9000015258789,257.9800109863281,96.379
2016-10-19,1120.01,14.41,113.0547,51.59,1267.9000244140625,2144.2900390625,97.87000274658205,258.2099914550781,96.379
2016-10-20,1128.39,13.75,113.4033,50.31,1265.5999755859375,2141.340087890625,98.31999969482422,258.4100036621094,96.379
2016-10-21,1137.17,13.34,113.9015,50.61,1265.9000244140625,2141.159912109375,98.6999969482422,257.260009765625,96.379
2016-10-22,,,,,,,,,96.379
2016-10-23,,,,,,,,,96.379
2016-10-24,1135.4,13.02,113.8571,50.18,1262.0,2151.330078125,98.66999816894533,259.4800109863281,96.379
2016-10-25,1129.89,13.46,113.6801,49.45,1271.9000244140625,2143.159912109375,98.72000122070312,258.57000732421875,96.379
2016-10-26,1134.94,14.24,113.8131,48.75,1264.800048828125,2139.429931640625,98.62999725341795,255.5200042724609,96.379
2016-10-27,1145.85,15.36,114.1998,49.71,1267.9000244140625,2133.0400390625,98.88999938964844,256.6600036621094,96.379
2016-10-28,1146.49,16.19,114.0931,48.72,1275.5,2126.409912109375,98.3499984741211,256.5299987792969,96.379
2016-10-29,,,,,,,,,96.379
2016-10-30,,,,,,,,,96.379
2016-10-31,1145.37,17.06,114.0188,46.83,1271.5,2126.14990234375,98.4499969482422,255.92999267578125,96.379
2016-11-01,1142.68,18.56,113.9915,46.66,1286.4000244140625,2111.719970703125,97.6999969482422,255.9900054931641,96.237
2016-11-02,1148.39,19.32,113.9206,45.32,1306.800048828125,2097.93994140625,97.4000015258789,252.8300018310547,96.237
2016-11-03,1142.68,22.08,113.7664,44.66,1302.0999755859375,2088.659912109375,97.16000366210938,252.8999938964844,96.237
2016-11-04,1142.68,22.51,113.5828,44.07,1303.300048828125,2085.179931640625,97.06999969482422,252.57000732421875,96.237
2016-11-05,,,,,,,,,96.237
2016-11-06,,,,,,,,,96.237
2016-11-07,1141.27,18.71,113.5443,44.88,1278.300048828125,2131.52001953125,97.77999877929688,254.6000061035156,96.237
2016-11-08,1131.39,18.74,113.3017,44.96,1273.4000244140625,2139.56005859375,97.86000061035156,255.25999450683597,96.237
2016-11-09,1150.64,14.38,114.6956,45.2,1272.5999755859375,2163.260009765625,98.5,249.6699981689453,96.237
2016-11-10,1162.11,14.74,115.9375,44.62,1265.5,2167.47998046875,98.79000091552734,255.30999755859372,96.237
2016-11-11,,14.17,,43.39,,2164.449951171875,,251.9900054931641,96.237
2016-11-12,,,,,,,,,96.237
2016-11-13,,,,,,,,,96.237
2016-11-14,1171.25,14.48,117.2245,43.29,1221.199951171875,2164.199951171875,100.11000061035156,250.00999450683597,96.237
2016-11-15,1170.21,13.37,116.7724,45.86,1224.0,2180.389892578125,100.19000244140624,249.1999969482422,96.237
2016-11-16,1172.41,13.72,116.8062,45.56,1223.4000244140625,2176.93994140625,100.41000366210938,250.32000732421875,96.237
2016-11-17,1176.03,13.35,116.8952,45.37,1216.5,2187.1201171875,100.88999938964844,250.4600067138672,96.237
2016-11-18,1177.71,12.85,117.5936,45.69,1208.5,2181.89990234375,101.20999908447266,250.2100067138672,96.237
2016-11-19,,,,,,,,,96.237
2016-11-20,,,,,,,,,96.237
2016-11-21,1178.51,12.42,117.4762,47.48,1209.5999755859375,2198.179931640625,101.0500030517578,249.50999450683597,96.237
2016-11-22,1173.25,12.41,117.4508,48.07,1211.0,2202.93994140625,101.04000091552734,252.3699951171875,96.237
2016-11-23,1181.57,12.43,118.0356,46.72,1189.0999755859375,2204.719970703125,101.6999969482422,253.66000366210935,96.237
2016-11-24,,,,,,,,252.02999877929688,96.237
2016-11-25,1174.99,12.34,118.02,46.72,1178.199951171875,2213.35009765625,101.48999786376952,252.25999450683597,96.237
2016-11-26,,,,,,,,,96.237
2016-11-27,,,,,,,,,96.237
2016-11-28,1170.53,13.15,117.7278,45.66,1190.5999755859375,2201.719970703125,101.33000183105467,252.9600067138672,96.237
2016-11-29,1169.99,12.9,117.644,45.29,1187.9000244140625,2204.659912109375,100.93000030517578,252.91000366210935,96.237
2016-11-30,1175.87,13.33,117.7636,49.41,1170.800048828125,2198.81005859375,101.5,254.25999450683597,96.237
2016-12-01,1167.31,14.07,117.6642,51.08,1166.9000244140625,2191.080078125,101.04000091552734,254.47999572753903,96.342
2016-12-02,1167.7,14.12,117.3116,51.7,1175.0999755859375,2191.949951171875,100.7699966430664,252.8800048828125,96.342
2016-12-03,,,,,,,,,96.342
2016-12-04,,,,,,,,,96.342
2016-12-05,1168.11,12.14,117.1008,51.72,1174.0,2204.7099609375,100.13999938964844,252.13999938964844,96.342
2016-12-06,1171.5,11.79,116.9225,50.95,1167.5999755859375,2212.22998046875,100.48999786376952,255.6300048828125,96.342
2016-12-07,1161.67,12.22,116.672,49.85,1175.0,2241.35009765625,100.2300033569336,256.3399963378906,96.342
2016-12-08,1162.49,12.64,117.0327,50.84,1169.800048828125,2246.18994140625,101.06999969482422,262.0,96.342
2016-12-09,1171.88,11.75,117.2834,51.51,1159.4000244140625,2259.530029296875,101.56999969482422,260.9100036621094,96.342
2016-12-10,,,,,,,,,96.342
2016-12-11,,,,,,,,,96.342
2016-12-12,1164.37,12.64,116.9161,52.74,1163.5,2256.9599609375,100.95999908447266,260.7200012207031,96.342
2016-12-13,1164.65,12.72,116.8029,52.99,1156.699951171875,2271.719970703125,101.02999877929688,261.6300048828125,96.342
2016-12-14,1165.13,13.19,116.7332,51.01,1161.300048828125,2253.280029296875,102.0,262.0,96.342
2016-12-15,1185.35,12.79,118.8072,50.9,1127.800048828125,2262.030029296875,103.12999725341795,261.45001220703125,96.342
2016-12-16,1183.72,12.2,118.3584,51.93,1135.300048828125,2258.070068359375,102.9499969482422,262.5599975585937,96.342
2016-12-17,,,,,,,,,96.342
2016-12-18,,,,,,,,,96.342
2016-12-19,1187.71,11.71,118.3875,52.13,1140.5,2262.530029296875,103.13999938964844,261.92999267578125,96.342
2016-12-20,1192.13,11.45,118.63,52.22,1131.5,2270.760009765625,103.29000091552734,262.5899963378906,96.342
2016-12-21,1193.91,11.27,118.581,51.44,1131.0999755859375,2265.179931640625,103.0199966430664,262.1000061035156,96.342
2016-12-22,1204.65,11.43,118.8209,51.98,1128.800048828125,2260.9599609375,103.08999633789062,261.9700012207031,96.342
2016-12-23,1201.51,11.44,118.7856,52.01,1131.9000244140625,2263.7900390625,103.01000213623048,261.6099853515625,96.342
2016-12-24,,,,,,,,,96.342
2016-12-25,,,,,,,,,96.342
2016-12-26,,,,,,,,,96.342
2016-12-27,1207.68,11.99,118.9506,52.82,1137.300048828125,2268.8798828125,103.0199966430664,262.489990234375,96.342
2016-12-28,1212.22,12.95,119.2305,54.01,1139.4000244140625,2249.919921875,103.26000213623048,259.70001220703125,96.342
2016-12-29,1207.05,13.37,118.6637,53.8,1156.4000244140625,2249.260009765625,102.68000030517578,260.010009765625,96.342
2016-12-30,1203.73,14.04,118.3466,53.75,1150.0,2238.830078125,102.38999938964844,,96.342
2016-12-31,,,,,,,,,96.342
2017-01-01,,,,,,,,,97.366
2017-01-02,,,,,,,,,97.366
2017-01-03,1207.23,12.85,119.0903,52.36,1160.4000244140625,2257.830078125,103.20999908447266,262.9700012207031,97.366
2017-01-04,1198.07,11.85,118.8803,53.26,1163.800048828125,2270.75,102.6999969482422,263.1199951171875,97.366
2017-01-05,1182.46,11.67,117.9999,53.77,1179.699951171875,2269.0,101.5199966430664,261.9800109863281,97.366
2017-01-06,1198.85,11.32,118.3495,53.98,1171.9000244140625,2276.97998046875,102.22000122070312,263.20001220703125,97.366
2017-01-07,,,,,,,,,97.366
2017-01-08,,,,,,,,,97.366
2017-01-09,1200.51,11.56,118.4111,51.95,1183.5,2268.89990234375,101.93000030517578,263.739990234375,97.366
2017-01-10,1196.96,11.49,118.5386,50.82,1184.199951171875,2268.89990234375,102.01000213623048,263.7300109863281,97.366
2017-01-11,1197.59,11.26,119.0219,52.19,1195.5999755859375,2275.320068359375,101.77999877929688,268.1499938964844,97.366
2017-01-12,1170.93,11.54,117.8001,53.01,1198.9000244140625,2270.43994140625,101.3499984741211,269.95001220703125,97.366
2017-01-13,1177.81,11.23,117.9884,52.36,1195.300048828125,2274.639892578125,101.18000030517578,267.9100036621094,97.366
2017-01-14,,,,,,,,,97.366
2017-01-15,,,,,,,,,97.366
2017-01-16,,,,,,,,266.1499938964844,97.366
2017-01-17,1161.61,11.87,117.2656,52.45,1212.0,2267.889892578125,100.33000183105467,267.3699951171875,97.366
2017-01-18,1170.73,12.48,117.7242,51.12,1211.300048828125,2271.889892578125,100.93000030517578,267.0799865722656,97.366
2017-01-19,1177.03,12.78,118.3182,51.39,1200.9000244140625,2263.68994140625,101.1500015258789,267.70001220703125,97.366
2017-01-20,,11.54,,52.33,1204.300048828125,2271.31005859375,100.73999786376952,266.5199890136719,97.366
2017-01-21,,,,,,,,,97.366
2017-01-22,,,,,,,,,97.366
2017-01-23,1165.82,11.77,117.2479,52.77,1215.0,2265.199951171875,100.16000366210938,267.1199951171875,97.366
2017-01-24,1165.25,11.07,117.0516,52.38,1210.300048828125,2280.070068359375,100.3499984741211,267.29998779296875,97.366
2017-01-25,1164.13,10.81,116.9355,52.14,1197.300048828125,2298.3701171875,100.02999877929688,268.1499938964844,97.366
2017-01-26,1169.61,10.63,117.2766,53.24,1189.5,2296.679931640625,100.37999725341795,270.4800109863281,97.366
2017-01-27,1175.73,10.58,117.0735,53.18,1188.0999755859375,2294.68994140625,100.52999877929688,,97.366
2017-01-28,,,,,,,,,97.366
2017-01-29,,,,,,,,,97.366
2017-01-30,1171.27,11.88,116.7325,52.63,1193.199951171875,2280.89990234375,100.43000030517578,,97.366
2017-01-31,1151.45,11.99,116.2241,52.75,1208.5999755859375,2278.8701171875,99.51000213623048,268.0899963378906,97.366
2017-02-01,1154.45,11.81,116.3914,53.9,1205.5999755859375,2279.550048828125,99.63999938964844,269.5599975585937,97.632
2017-02-02,1139.9,11.93,115.903,53.55,1216.699951171875,2280.85009765625,99.8499984741211,268.489990234375,97.632
2017-02-03,1134.65,10.97,115.6259,53.81,1218.5,2297.419921875,99.87000274658205,268.8500061035156,97.632
2017-02-04,,,,,,,,,97.632
2017-02-05,,,,,,,,,97.632
2017-02-06,1134.87,11.37,116.0504,53.01,1230.0,2292.56005859375,99.91000366210938,269.489990234375,97.632
2017-02-07,1142.89,11.29,116.4082,52.19,1234.199951171875,2293.080078125,100.26000213623048,268.9700012207031,97.632
2017-02-08,1143.25,11.45,116.1382,52.37,1237.5999755859375,2294.669921875,100.27999877929688,267.7200012207031,97.632
2017-02-09,1149.88,10.88,116.306,52.99,1235.0999755859375,2307.8701171875,100.6500015258789,267.69000244140625,97.632
2017-02-10,1146.78,10.85,116.148,53.84,1234.4000244140625,2316.10009765625,100.8000030517578,268.6600036621094,97.632
2017-02-11,,,,,,,,,97.632
2017-02-12,,,,,,,,,97.632
2017-02-13,1150.16,11.07,116.3427,52.96,1224.4000244140625,2328.25,100.95999908447266,268.8099975585937,97.632
2017-02-14,1139.33,10.74,116.3949,53.21,1223.9000244140625,2337.580078125,101.25,267.8999938964844,97.632
2017-02-15,1136.46,11.97,116.2162,53.11,1231.699951171875,2349.25,101.18000030517578,268.8099975585937,97.632
2017-02-16,1140.57,11.76,116.0067,53.41,1240.0,2347.219970703125,100.44000244140624,268.92999267578125,97.632
2017-02-17,1150.73,11.49,116.4035,53.41,1237.5999755859375,2351.159912109375,100.9499969482422,268.8399963378906,97.632
2017-02-18,,,,,,,,,97.632
2017-02-19,,,,,,,,,97.632
2017-02-20,,,,,,,,269.7300109863281,97.632
2017-02-21,1143.63,11.57,116.5921,54.02,1237.5,2365.3798828125,101.37000274658205,272.1099853515625,97.632
2017-02-22,1142.15,11.74,116.2136,53.61,1232.0,2362.820068359375,101.33000183105467,272.8500061035156,97.632
2017-02-23,1129.84,11.71,115.6527,54.48,1250.199951171875,2363.81005859375,101.0500030517578,272.8900146484375,97.632
2017-02-24,1130.41,11.47,115.8143,53.99,1256.9000244140625,2367.340087890625,101.08999633789062,270.3800048828125,97.632
2017-02-25,,,,,,,,,97.632
2017-02-26,,,,,,,,,97.632
2017-02-27,1130.14,12.09,115.6764,54.04,1257.4000244140625,2369.75,101.12999725341795,268.9700012207031,97.632
2017-02-28,1129.17,12.92,116.0032,54.0,1252.5999755859375,2363.639892578125,101.12000274658205,270.0599975585937,97.632
2017-03-01,1140.75,12.54,116.438,53.82,1248.9000244140625,2395.9599609375,101.77999877929688,,97.565
2017-03-02,1146.9,11.81,116.8429,52.63,1231.9000244140625,2381.919921875,102.1999969482422,272.6499938964844,97.565
2017-03-03,1156.77,10.96,116.6438,53.33,1225.5,2383.1201171875,101.54000091552734,269.7699890136719,97.565
2017-03-04,,,,,,,,,97.565
2017-03-05,,,,,,,,,97.565
2017-03-06,1154.36,11.24,116.4313,53.19,1224.5,2375.31005859375,101.63999938964844,270.4100036621094,97.565
2017-03-07,1149.87,11.45,116.4303,52.68,1215.0999755859375,2368.389892578125,101.80999755859376,271.8699951171875,97.565
2017-03-08,1154.69,11.86,116.875,49.83,1208.5,2362.97998046875,102.06999969482422,272.2900085449219,97.565
2017-03-09,1158.12,12.3,116.9959,48.75,1202.4000244140625,2364.8701171875,101.8499984741211,271.6199951171875,97.565
2017-03-10,1150.37,11.66,116.616,48.05,1200.699951171875,2372.60009765625,101.25,272.2900085449219,97.565
2017-03-11,,,,,,,,,97.565
2017-03-12,,,,,,,,,97.565
2017-03-13,1150.37,11.35,116.4004,47.95,1202.4000244140625,2373.469970703125,101.37999725341795,275.4100036621094,97.565
2017-03-14,1148.54,12.3,116.5646,47.24,1201.9000244140625,2365.449951171875,101.6999969482422,277.8900146484375,97.565
2017-03-15,1144.16,11.63,116.3584,48.34,1200.0999755859375,2385.260009765625,100.73999786376952,277.8900146484375,97.565
2017-03-16,1148.54,11.21,115.4456,48.3,1226.5,2381.3798828125,100.2699966430664,280.1099853515625,97.565
2017-03-17,1128.67,11.28,115.2783,48.34,1229.800048828125,2378.25,100.3000030517578,281.8599853515625,97.565
2017-03-18,,,,,,,,,97.565
2017-03-19,,,,,,,,,97.565
2017-03-20,1112.29,11.34,115.0426,47.79,1233.5999755859375,2373.469970703125,100.41000366210938,280.75,97.565
2017-03-21,1118.23,12.47,114.8119,47.02,1246.0999755859375,2344.02001953125,99.80999755859376,283.8399963378906,97.565
2017-03-22,1117.91,12.81,114.7937,47.29,1249.300048828125,2348.449951171875,99.68000030517578,282.6300048828125,97.565
2017-03-23,1117.91,13.12,114.7899,47.0,1246.9000244140625,2345.9599609375,99.76000213623048,282.8099975585937,97.565
2017-03-24,1116.69,12.96,114.6372,47.3,1248.199951171875,2343.97998046875,99.62999725341795,282.3099975585937,97.565
2017-03-25,,,,,,,,,97.565
2017-03-26,,,,,,,,,97.565
2017-03-27,1108.3,12.5,114.2347,47.02,1255.4000244140625,2341.590087890625,99.16999816894533,280.3599853515625,97.565
2017-03-28,1111.51,11.53,114.419,48.36,1255.300048828125,2358.570068359375,99.70999908447266,281.25,97.565
2017-03-29,1112.28,11.42,114.7167,49.47,1253.4000244140625,2361.1298828125,100.0,281.8599853515625,97.565
2017-03-30,1114.11,11.54,114.5245,50.3,1245.0,2368.06005859375,100.41000366210938,281.6600036621094,97.565
2017-03-31,1117.48,12.37,114.7938,50.54,1247.300048828125,2362.719970703125,100.3499984741211,280.6400146484375,97.565
2017-04-01,,,,,,,,,97.442
2017-04-02,,,,,,,,,97.442
2017-04-03,1117.65,12.38,114.8734,50.25,1250.800048828125,2358.840087890625,100.54000091552734,281.6000061035156,97.442
2017-04-04,1122.61,11.79,115.0038,50.99,1255.0,2360.159912109375,100.54000091552734,280.9200134277344,97.442
2017-04-05,1126.58,12.89,114.9494,51.14,1245.4000244140625,2352.949951171875,100.55999755859376,280.739990234375,97.442
2017-04-06,1131.21,12.39,115.0181,51.69,1250.300048828125,2357.489990234375,100.66999816894533,279.4700012207031,97.442
2017-04-07,1133.89,12.87,115.0547,52.25,1254.300048828125,2355.5400390625,101.18000030517578,279.010009765625,97.442
2017-04-08,,,,,,,,,97.442
2017-04-09,,,,,,,,,97.442
2017-04-10,1141.24,14.05,115.11,53.06,1251.0999755859375,2357.159912109375,101.0199966430664,277.2099914550781,97.442
2017-04-11,1147.77,15.07,115.009,53.38,1271.199951171875,2353.780029296875,100.70999908447266,275.489990234375,97.442
2017-04-12,1138.83,15.77,114.9162,53.12,1275.300048828125,2344.929931640625,100.77999877929688,276.2099914550781,97.442
2017-04-13,1133.32,15.96,114.5059,53.19,1285.9000244140625,2328.949951171875,100.55999755859376,279.1199951171875,97.442
2017-04-14,1136.67,,114.5368,,,,,,97.442
2017-04-15,,,,,,,,,97.442
2017-04-16,,,,,,,,,97.442
2017-04-17,1134.25,14.66,114.3283,52.62,1289.4000244140625,2349.010009765625,100.3000030517578,278.1000061035156,97.442
2017-04-18,1143.89,14.42,114.2575,52.46,1291.699951171875,2342.18994140625,99.5,278.2300109863281,97.442
2017-04-19,1142.37,14.93,114.7923,50.49,1281.4000244140625,2338.169921875,99.73999786376952,276.489990234375,97.442
2017-04-20,1136.29,14.15,114.6205,50.26,1281.9000244140625,2355.840087890625,99.77999877929688,277.760009765625,97.442
2017-04-21,1134.22,14.63,114.8128,49.64,1287.4000244140625,2348.68994140625,99.9800033569336,280.04998779296875,97.442
2017-04-22,,,,,,,,,97.442
2017-04-23,,,,,,,,,97.442
2017-04-24,1132.19,10.84,114.3659,48.9,1275.800048828125,2374.14990234375,99.08999633789062,281.9599914550781,97.442
2017-04-25,1126.54,10.76,114.5111,49.22,1265.5999755859375,2388.610107421875,98.81999969482422,285.4100036621094,97.442
2017-04-26,1133.17,10.85,114.9479,49.22,1262.0999755859375,2387.449951171875,98.95999908447266,286.7799987792969,97.442
2017-04-27,1133.83,10.36,114.9946,48.96,1263.699951171875,2388.77001953125,99.08000183105467,287.3399963378906,97.442
2017-04-28,1136.99,10.82,114.7877,49.31,1266.0999755859375,2384.199951171875,99.0500030517578,287.2099914550781,97.442
2017-04-29,,,,,,,,,97.442
2017-04-30,,,,,,,,,97.442
2017-05-01,1134.87,10.11,114.5921,48.83,1253.300048828125,2388.330078125,99.13999938964844,,97.546
2017-05-02,1129.16,10.59,114.6792,47.65,1255.0999755859375,2391.169921875,98.9800033569336,289.6499938964844,97.546
2017-05-03,1131.25,10.68,114.6637,47.79,1246.4000244140625,2388.1298828125,99.20999908447266,,97.546
2017-05-04,1134.2,10.46,114.9076,45.55,1226.5,2389.52001953125,98.76000213623048,292.4700012207031,97.546
2017-05-05,1136.49,10.57,114.7725,46.23,1224.800048828125,2399.2900390625,98.6500015258789,,97.546
2017-05-06,,,,,,,,,97.546
2017-05-07,,,,,,,,,97.546
2017-05-08,1132.91,9.77,115.0895,46.46,1225.300048828125,2399.3798828125,99.1500015258789,299.8599853515625,97.546
2017-05-09,1134.84,9.96,115.3933,45.84,1214.300048828125,2396.919921875,99.58999633789062,,97.546
2017-05-10,1132.13,10.21,115.1145,47.28,1217.300048828125,2399.6298828125,99.66999816894533,296.19000244140625,97.546
2017-05-11,1127.51,10.6,115.0669,47.81,1222.699951171875,2394.43994140625,99.62000274658205,299.75,97.546
2017-05-12,1121.68,10.4,114.7479,47.83,1226.199951171875,2390.89990234375,99.25,298.25,97.546
2017-05-13,,,,,,,,,97.546
2017-05-14,,,,,,,,,97.546
2017-05-15,1115.01,10.42,114.3504,48.86,1228.5999755859375,2402.320068359375,98.91000366210938,298.8699951171875,97.546
2017-05-16,1115.0,10.65,113.9923,48.64,1235.0,2400.669921875,98.11000061035156,299.6700134277344,97.546
2017-05-17,1118.67,15.59,113.7506,49.04,1257.5,2357.030029296875,97.41999816894533,299.3399963378906,97.546
2017-05-18,1129.17,14.66,114.2683,49.36,1251.699951171875,2365.719970703125,97.87999725341795,298.4700012207031,97.546
2017-05-19,1116.71,12.04,113.7001,50.32,1252.699951171875,2381.72998046875,97.1500015258789,298.0799865722656,97.546
2017-05-20,,,,,,,,,97.546
2017-05-21,,,,,,,,,97.546
2017-05-22,1114.71,10.93,113.5442,50.81,1260.699951171875,2394.02001953125,96.9800033569336,300.6300048828125,97.546
2017-05-23,1125.02,10.72,113.6862,51.12,1254.800048828125,2398.419921875,97.3499984741211,301.3599853515625,97.546
2017-05-24,1122.83,10.02,113.675,50.99,1252.4000244140625,2404.389892578125,97.23999786376952,301.7099914550781,97.546
2017-05-25,1119.71,9.99,113.3719,48.57,1255.800048828125,2415.070068359375,97.25,305.2200012207031,97.546
2017-05-26,1118.67,9.81,113.4839,49.58,1267.5999755859375,2415.820068359375,97.4000015258789,306.9599914550781,97.546
2017-05-27,,,,,,,,,97.546
2017-05-28,,,,,,,,,97.546
2017-05-29,,,,,,,,306.5199890136719,97.546
2017-05-30,1122.87,10.38,113.5552,49.63,1262.0999755859375,2412.909912109375,97.27999877929688,304.5899963378906,97.546
2017-05-31,1119.58,10.41,113.2956,48.29,1272.0,2411.800048828125,96.91999816894533,304.6700134277344,97.546
2017-06-01,1120.85,9.89,113.3017,48.32,1267.0,2430.06005859375,97.1999969482422,304.0299987792969,97.338
2017-06-02,1117.49,9.75,113.1908,47.68,1276.800048828125,2439.070068359375,96.72000122070312,307.8299865722656,97.338
2017-06-03,,,,,,,,,97.338
2017-06-04,,,,,,,,,97.338
2017-06-05,1118.44,10.07,112.9755,47.4,1279.300048828125,2436.10009765625,96.8000030517578,307.3299865722656,97.338
2017-06-06,1118.53,10.45,112.7095,48.13,1294.4000244140625,2429.330078125,96.63999938964844,,97.338
2017-06-07,1124.16,10.39,112.8191,45.8,1290.0999755859375,2433.139892578125,96.75,305.67999267578125,97.338
2017-06-08,1122.73,10.16,112.8351,45.68,1276.300048828125,2433.7900390625,96.91999816894533,306.25,97.338
2017-06-09,1123.51,10.7,112.9562,45.82,1268.5,2431.77001953125,97.2699966430664,309.3800048828125,97.338
2017-06-10,,,,,,,,,97.338
2017-06-11,,,,,,,,,97.338
2017-06-12,1130.55,11.46,112.9837,46.1,1266.0999755859375,2429.389892578125,97.13999938964844,306.239990234375,97.338
2017-06-13,1127.79,10.42,112.6271,46.41,1265.800048828125,2440.35009765625,96.9800033569336,308.0199890136719,97.338
2017-06-14,1116.45,10.64,112.0734,44.79,1272.800048828125,2437.919921875,96.94000244140624,307.95001220703125,97.338
2017-06-15,1129.91,10.9,112.8708,44.47,1252.199951171875,2432.4599609375,97.43000030517578,306.69000244140625,97.338
2017-06-16,1133.2,10.38,112.6155,44.73,1254.0,2433.14990234375,97.16000366210938,306.7900085449219,97.338
2017-06-17,,,,,,,,,97.338
2017-06-18,,,,,,,,,97.338
2017-06-19,1134.69,10.37,112.7576,44.24,1244.199951171875,2453.4599609375,97.52999877929688,308.6099853515625,97.338
2017-06-20,1141.33,10.86,113.2698,43.34,1241.0,2437.030029296875,97.75,309.3099975585937,97.338
2017-06-21,1143.01,10.75,113.3327,42.48,1243.4000244140625,2435.610107421875,97.55999755859376,307.5199890136719,97.338
2017-06-22,1143.01,10.48,113.1654,42.53,1247.5999755859375,2434.5,97.54000091552734,309.4700012207031,97.338
2017-06-23,1132.99,10.02,112.8665,42.86,1256.199951171875,2438.300048828125,97.3000030517578,310.260009765625,97.338
2017-06-24,,,,,,,,,97.338
2017-06-25,,,,,,,,,97.338
2017-06-26,1132.48,9.9,112.7633,43.24,1246.300048828125,2439.070068359375,97.43000030517578,311.8900146484375,97.338
2017-06-27,1137.77,11.06,112.55,44.25,1246.4000244140625,2419.3798828125,96.47000122070312,312.1199951171875,97.338
2017-06-28,1141.91,10.03,112.0747,44.74,1248.0,2440.68994140625,96.0500030517578,310.8399963378906,97.338
2017-06-29,1144.07,11.44,111.998,44.88,1244.199951171875,2419.699951171875,95.62999725341795,312.5599975585937,97.338
2017-06-30,1143.75,11.18,111.9896,46.02,1240.699951171875,2423.409912109375,95.66000366210938,311.760009765625,97.338
2017-07-01,,,,,,,,,97.499
2017-07-02,,,,,,,,,97.499
2017-07-03,1149.26,11.22,112.4268,,1217.9000244140625,2429.010009765625,96.1999969482422,312.3900146484375,97.499
2017-07-04,,,,,,,,310.4599914550781,97.499
2017-07-05,1153.06,11.07,112.6534,45.11,1220.4000244140625,2432.5400390625,96.29000091552734,311.7699890136719,97.499
2017-07-06,1156.55,12.54,112.4199,45.52,1222.199951171875,2409.75,95.81999969482422,311.8800048828125,97.499
2017-07-07,1153.85,11.19,112.3137,44.25,1208.5999755859375,2425.179931640625,96.01000213623048,310.6600036621094,97.499
2017-07-08,,,,,,,,,97.499
2017-07-09,,,,,,,,,97.499
2017-07-10,1149.35,11.11,112.1587,44.4,1212.0999755859375,2427.429931640625,96.0500030517578,311.4599914550781,97.499
2017-07-11,1149.83,10.89,112.1434,45.06,1213.5999755859375,2425.530029296875,95.73999786376952,313.5899963378906,97.499
2017-07-12,1138.32,10.3,111.5904,45.48,1218.0999755859375,2443.25,95.79000091552734,313.5799865722656,97.499
2017-07-13,1137.22,9.9,111.5365,46.06,1216.300048828125,2447.830078125,95.7300033569336,316.3500061035156,97.499
2017-07-14,1127.79,9.51,110.9075,46.53,1226.5999755859375,2459.27001953125,95.11000061035156,317.3500061035156,97.499
2017-07-15,,,,,,,,,97.499
2017-07-16,,,,,,,,,97.499
2017-07-17,1127.74,9.82,110.9304,46.02,1232.800048828125,2459.139892578125,95.12999725341795,318.5199890136719,97.499
2017-07-18,1123.69,9.89,110.4356,46.4,1241.0999755859375,2460.610107421875,94.66000366210938,318.6499938964844,97.499
2017-07-19,1122.92,9.79,110.4339,47.1,1241.199951171875,2473.830078125,94.8000030517578,318.9100036621094,97.499
2017-07-20,1120.77,9.58,110.2512,46.73,1244.800048828125,2473.449951171875,94.2699966430664,320.6099853515625,97.499
2017-07-21,1117.47,9.36,110.191,45.78,1254.300048828125,2472.5400390625,93.94000244140624,321.7900085449219,97.499
2017-07-22,,,,,,,,,97.499
2017-07-23,,,,,,,,,97.499
2017-07-24,1113.82,9.43,110.2004,46.21,1253.9000244140625,2469.909912109375,93.9800033569336,322.010009765625,97.499
2017-07-25,1117.02,9.43,110.2835,47.77,1251.699951171875,2477.1298828125,94.0500030517578,320.1499938964844,97.499
2017-07-26,1117.76,9.6,110.3811,48.58,1249.0,2477.830078125,93.66999816894533,319.4599914550781,97.499
2017-07-27,1115.15,10.11,110.216,49.05,1259.5999755859375,2475.419921875,93.86000061035156,320.510009765625,97.499
2017-07-28,1121.49,10.29,109.92,49.72,1268.4000244140625,2472.10009765625,93.26000213623048,314.1300048828125,97.499
2017-07-29,,,,,,,,,97.499
2017-07-30,,,,,,,,,97.499
2017-07-31,1121.86,10.26,109.8177,50.21,1266.5999755859375,2470.300048828125,92.86000061035156,314.6000061035156,97.499
2017-08-01,1121.09,10.09,109.8495,49.19,1272.5999755859375,2476.35009765625,93.02999877929688,317.0400085449219,98.058
2017-08-02,1121.55,10.28,109.7503,49.6,1271.800048828125,2477.570068359375,92.83000183105467,317.69000244140625,98.058
2017-08-03,1127.73,10.44,109.8332,49.03,1267.800048828125,2472.159912109375,92.80999755859376,312.2900085449219,98.058
2017-08-04,1128.02,10.03,110.2808,49.57,1258.300048828125,2476.830078125,93.54000091552734,313.4599914550781,98.058
2017-08-05,,,,,,,,,98.058
2017-08-06,,,,,,,,,98.058
2017-08-07,1127.39,9.93,110.373,49.37,1258.199951171875,2480.909912109375,93.43000030517578,313.9599914550781,98.058
2017-08-08,1125.6,10.96,110.396,49.07,1256.4000244140625,2474.919921875,93.63999938964844,313.3999938964844,98.058
2017-08-09,1138.69,11.11,110.3671,49.59,1273.0,2474.02001953125,93.5199966430664,309.5199890136719,98.058
2017-08-10,1144.36,16.04,110.1886,48.54,1283.699951171875,2438.2099609375,93.4000015258789,308.3699951171875,98.058
2017-08-11,1141.57,15.51,110.0422,48.81,1287.699951171875,2441.320068359375,93.06999969482422,302.7200012207031,98.058
2017-08-12,,,,,,,,,98.058
2017-08-13,,,,,,,,,98.058
2017-08-14,1137.22,12.33,110.095,47.59,1284.199951171875,2465.840087890625,93.45999908447266,304.92999267578125,98.058
2017-08-15,1135.47,12.04,110.4846,47.57,1273.699951171875,2464.610107421875,93.8499984741211,,98.058
2017-08-16,1137.75,11.74,110.4394,46.8,1276.9000244140625,2468.110107421875,93.48999786376952,307.1600036621094,98.058
2017-08-17,1138.23,15.55,110.1673,47.07,1286.4000244140625,2430.010009765625,93.62000274658205,309.0199890136719,98.058
2017-08-18,1139.83,14.26,110.041,48.59,1285.699951171875,2425.550048828125,93.43000030517578,308.3900146484375,98.058
2017-08-19,,,,,,,,,98.058
2017-08-20,,,,,,,,,98.058
2017-08-21,1137.14,13.19,109.7349,47.39,1290.800048828125,2428.3701171875,93.0999984741211,308.1400146484375,98.058
2017-08-22,1131.79,11.35,109.8386,47.65,1285.0999755859375,2452.510009765625,93.5500030517578,309.3399963378906,98.058
2017-08-23,1128.59,12.25,109.8095,48.45,1288.9000244140625,2444.0400390625,93.1500015258789,309.7099914550781,98.058
2017-08-24,1127.8,12.23,109.7524,47.24,1286.5,2438.969970703125,93.27999877929688,310.7300109863281,98.058
2017-08-25,1121.73,11.28,109.3415,47.65,1292.5,2443.050048828125,92.73999786376952,311.2099914550781,98.058
2017-08-26,,,,,,,,,98.058
2017-08-27,,,,,,,,,98.058
2017-08-28,1117.75,11.32,109.1815,46.4,1309.699951171875,2444.239990234375,92.20999908447266,309.5299987792969,98.058
2017-08-29,1122.5,11.7,109.0946,46.46,1313.0999755859375,2446.300048828125,92.3499984741211,308.6400146484375,98.058
2017-08-30,1122.05,11.22,109.4052,45.96,1308.0999755859375,2457.590087890625,92.87999725341795,309.6499938964844,98.058
2017-08-31,1122.36,10.59,109.3686,47.26,1316.199951171875,2471.64990234375,92.66999816894533,308.2799987792969,98.058
2017-09-01,1119.12,10.13,109.0504,47.32,1324.5,2476.550048828125,92.80999755859376,307.7799987792969,98.172
2017-09-02,,,,,,,,,98.172
2017-09-03,,,,,,,,,98.172
2017-09-04,,,,,,,,,98.172
2017-09-05,1130.01,12.23,108.8664,48.63,1339.199951171875,2457.85009765625,92.30999755859376,304.0599975585937,98.172
2017-09-06,1132.49,11.63,108.4897,49.13,1333.9000244140625,2465.5400390625,92.29000091552734,303.17999267578125,98.172
2017-09-07,1125.49,11.55,107.9224,49.1,1345.0999755859375,2465.10009765625,91.52999877929688,306.9700012207031,98.172
2017-09-08,1133.08,12.12,107.808,47.44,1346.0,2461.429931640625,91.33000183105467,307.42999267578125,98.172
2017-09-09,,,,,,,,,98.172
2017-09-10,,,,,,,,,98.172
2017-09-11,1129.75,10.73,108.153,48.06,1331.0,2488.110107421875,91.86000061035156,309.8299865722656,98.172
2017-09-12,1126.56,10.58,108.3239,48.21,1328.0,2496.47998046875,91.91000366210938,310.4200134277344,98.172
2017-09-13,1129.37,10.5,108.6628,49.3,1323.4000244140625,2498.3701171875,92.5199966430664,310.0,98.172
2017-09-14,1132.59,10.44,108.618,49.86,1324.699951171875,2495.6201171875,92.12000274658205,312.5199890136719,98.172
2017-09-15,1130.68,10.17,108.3147,49.9,1320.4000244140625,2500.22998046875,91.87000274658205,313.69000244140625,98.172
2017-09-16,,,,,,,,,98.172
2017-09-17,,,,,,,,,98.172
2017-09-18,1127.07,10.15,108.6401,49.88,1306.300048828125,2503.8701171875,92.0500030517578,318.92999267578125,98.172
2017-09-19,1128.83,10.18,108.6142,49.54,1306.199951171875,2506.64990234375,91.79000091552734,318.510009765625,98.172
2017-09-20,1125.53,9.78,108.4329,50.29,1312.0,2508.239990234375,92.51000213623048,318.4800109863281,98.172
2017-09-21,1130.87,9.67,108.9267,50.58,1290.5999755859375,2500.60009765625,92.26000213623048,318.25,98.172
2017-09-22,1130.39,9.59,108.7542,50.33,1293.300048828125,2502.219970703125,92.16999816894533,,98.172
2017-09-23,,,,,,,,,98.172
2017-09-24,,,,,,,,,98.172
2017-09-25,1134.59,10.21,109.3302,51.85,1306.800048828125,2496.659912109375,92.6500015258789,316.3999938964844,98.172
2017-09-26,1136.29,10.17,109.7769,51.59,1297.0,2496.840087890625,92.97000122070312,314.2900085449219,98.172
2017-09-27,1141.62,9.87,110.0722,52.14,1283.4000244140625,2507.0400390625,93.36000061035156,313.82000732421875,98.172
2017-09-28,1145.08,9.55,110.2415,51.62,1285.5,2510.06005859375,93.08999633789062,313.8500061035156,98.172
2017-09-29,1142.57,9.51,110.0867,51.67,1281.5,2519.360107421875,93.08000183105467,316.2699890136719,98.172
2017-09-30,,,,,,,,,98.172
2017-10-01,,,,,,,,,98.077
2017-10-02,1146.18,9.45,110.3686,50.59,1272.699951171875,2529.1201171875,93.55999755859376,,98.077
2017-10-03,1140.5,9.51,110.3281,50.44,1271.5,2534.580078125,93.56999969482422,,98.077
2017-10-04,1140.44,9.63,110.2425,50.0,1273.699951171875,2537.739990234375,93.45999908447266,,98.077
2017-10-05,1139.03,9.19,110.5823,50.79,1269.9000244140625,2552.070068359375,93.95999908447266,,98.077
2017-10-06,1143.46,9.65,110.7841,49.34,1271.5999755859375,2549.330078125,93.8000030517578,,98.077
2017-10-07,,,,,,,,,98.077
2017-10-08,,,,,,,,,98.077
2017-10-09,,10.33,,49.58,1281.800048828125,2544.72998046875,93.73999786376952,,98.077
2017-10-10,1132.08,10.08,110.3034,50.93,1290.5999755859375,2550.639892578125,93.29000091552734,322.489990234375,98.077
2017-10-11,1131.04,9.85,110.3037,51.3,1285.800048828125,2555.239990234375,92.95999908447266,326.1199951171875,98.077
2017-10-12,1129.71,9.91,110.3152,50.61,1293.300048828125,2550.929931640625,93.12000274658205,328.1099853515625,98.077
2017-10-13,1125.01,9.61,110.2669,51.43,1301.5,2553.169921875,93.08999633789062,327.3500061035156,98.077
2017-10-14,,,,,,,,,98.077
2017-10-15,,,,,,,,,98.077
2017-10-16,1127.72,9.91,110.5432,51.86,1299.9000244140625,2557.639892578125,93.27999877929688,327.82000732421875,98.077
2017-10-17,1129.86,10.31,110.9141,51.87,1283.0,2559.360107421875,93.48999786376952,328.510009765625,98.077
2017-10-18,1130.94,10.07,110.7214,52.05,1279.9000244140625,2561.260009765625,93.36000061035156,328.3999938964844,98.077
2017-10-19,1129.06,10.05,110.4577,51.29,1286.9000244140625,2562.10009765625,93.2699966430664,326.4700012207031,98.077
2017-10-20,1130.69,9.97,111.0375,51.63,1277.4000244140625,2575.2099609375,93.6999969482422,328.8900146484375,98.077
2017-10-21,,,,,,,,,98.077
2017-10-22,,,,,,,,,98.077
2017-10-23,1129.73,11.07,111.2134,51.91,1277.699951171875,2564.97998046875,93.94000244140624,329.45001220703125,98.077
2017-10-24,1128.36,11.16,111.4027,52.32,1275.0,2569.1298828125,93.95999908447266,328.9599914550781,98.077
2017-10-25,1126.49,11.23,111.3904,51.97,1275.4000244140625,2557.14990234375,93.70999908447266,329.3099975585937,98.077
2017-10-26,1123.0,11.3,111.6418,52.41,1266.300048828125,2560.39990234375,94.61000061035156,326.989990234375,98.077
2017-10-27,1124.79,9.8,112.1495,53.92,1268.5,2581.070068359375,94.91999816894533,329.2300109863281,98.077
2017-10-28,,,,,,,,,98.077
2017-10-29,,,,,,,,,98.077
2017-10-30,1124.79,10.5,111.901,54.11,1274.0999755859375,2572.830078125,94.48999786376952,330.3800048828125,98.077
2017-10-31,1115.68,10.18,111.8052,54.36,1267.0,2575.260009765625,94.5500030517578,333.57000732421875,98.077
2017-11-01,1110.03,10.2,111.7942,54.32,1274.0999755859375,2579.360107421875,94.81999969482422,338.760009765625,97.347
2017-11-02,1111.54,9.93,111.5474,54.55,1274.9000244140625,2579.85009765625,94.69000244140624,337.5299987792969,97.347
2017-11-03,1114.86,9.14,111.9383,55.63,1266.5,2587.840087890625,94.94000244140624,338.8299865722656,97.347
2017-11-04,,,,,,,,,97.347
2017-11-05,,,,,,,,,97.347
2017-11-06,1110.09,9.4,111.7197,57.34,1279.4000244140625,2591.1298828125,94.72000122070312,337.3999938964844,97.347
2017-11-07,1113.1,9.89,111.9446,57.19,1273.699951171875,2590.639892578125,94.91000366210938,336.760009765625,97.347
2017-11-08,1111.14,9.78,111.6935,56.82,1281.5999755859375,2594.3798828125,94.87000274658205,337.79998779296875,97.347
2017-11-09,1118.13,10.5,111.5626,57.16,1285.5999755859375,2584.6201171875,94.44000244140624,337.1400146484375,97.347
2017-11-10,,11.29,,56.75,1272.4000244140625,2582.300048828125,94.38999938964844,335.9599914550781,97.347
2017-11-11,,,,,,,,,97.347
2017-11-12,,,,,,,,,97.347
2017-11-13,1119.96,11.5,111.7833,56.77,1277.300048828125,2584.840087890625,94.48999786376952,334.3299865722656,97.347
2017-11-14,1113.65,11.59,111.5097,55.67,1281.5,2578.8701171875,93.83000183105467,333.6199951171875,97.347
2017-11-15,1103.9,13.13,111.4809,55.28,1276.5,2564.6201171875,93.80999755859376,332.1700134277344,97.347
2017-11-16,1094.49,11.76,111.2568,55.14,1277.4000244140625,2585.639892578125,93.93000030517578,334.3599853515625,97.347
2017-11-17,1093.15,11.43,111.0016,56.21,1295.800048828125,2578.85009765625,93.66000366210938,334.17999267578125,97.347
2017-11-18,,,,,,,,,97.347
2017-11-19,,,,,,,,,97.347
2017-11-20,1093.15,10.65,111.2599,56.21,1274.5999755859375,2582.139892578125,94.08000183105467,332.9200134277344,97.347
2017-11-21,1088.1,9.73,110.9828,56.84,1281.0999755859375,2599.030029296875,93.9499969482422,333.510009765625,97.347
2017-11-22,1085.66,9.88,110.5632,57.88,1291.5999755859375,2597.080078125,93.22000122070312,335.489990234375,97.347
2017-11-23,,,,,,,,334.510009765625,97.347
2017-11-24,1082.59,9.67,110.0253,58.94,1286.699951171875,2602.419921875,92.76000213623048,335.44000244140625,97.347
2017-11-25,,,,,,,,,97.347
2017-11-26,,,,,,,,,97.347
2017-11-27,1088.36,9.87,110.1136,58.1,1293.800048828125,2601.419921875,92.9000015258789,329.5299987792969,97.347
2017-11-28,1079.87,10.03,110.3018,57.96,1294.699951171875,2627.0400390625,93.26000213623048,330.989990234375,97.347
2017-11-29,1079.33,10.7,110.3265,57.25,1282.0999755859375,2626.070068359375,93.26000213623048,330.67999267578125,97.347
2017-11-30,1084.79,11.28,110.4648,57.4,1273.199951171875,2647.580078125,93.01000213623048,325.25,97.347
2017-12-01,1082.36,11.43,110.1413,58.35,1278.800048828125,2642.219970703125,92.9000015258789,324.7799987792969,97.698
2017-12-02,,,,,,,,,97.698
2017-12-03,,,,,,,,,97.698
2017-12-04,1082.36,11.68,110.397,57.48,1274.300048828125,2639.43994140625,93.19000244140624,328.7699890136719,97.698
2017-12-05,1086.85,11.33,110.4905,57.66,1261.5999755859375,2629.570068359375,93.37999725341795,329.6099853515625,97.698
2017-12-06,1094.55,11.02,110.8711,55.79,1262.800048828125,2629.27001953125,93.61000061035156,324.5199890136719,97.698
2017-12-07,1090.68,10.16,111.0178,56.5,1249.800048828125,2636.97998046875,93.8000030517578,323.5899963378906,97.698
2017-12-08,1092.03,9.58,111.2273,57.15,1245.199951171875,2651.5,93.9000015258789,324.67999267578125,97.698
2017-12-09,,,,,,,,,97.698
2017-12-10,,,,,,,,,97.698
2017-12-11,1092.03,9.34,111.0827,57.84,1243.699951171875,2659.989990234375,93.87000274658205,325.0899963378906,97.698
2017-12-12,1090.09,9.92,111.5214,57.12,1238.5,2664.110107421875,94.0999984741211,324.07000732421875,97.698
2017-12-13,1088.01,10.18,111.2759,56.59,1245.4000244140625,2662.85009765625,93.43000030517578,326.17999267578125,97.698
2017-12-14,1088.09,10.49,111.0893,57.0,1253.800048828125,2652.010009765625,93.48999786376952,324.739990234375,97.698
2017-12-15,1086.39,9.42,111.1286,57.29,1254.300048828125,2675.81005859375,93.93000030517578,326.2300109863281,97.698
2017-12-16,,,,,,,,,97.698
2017-12-17,,,,,,,,,97.698
2017-12-18,1084.28,9.53,110.9086,57.17,1262.199951171875,2690.159912109375,93.6999969482422,326.6000061035156,97.698
2017-12-19,1084.29,10.03,111.1255,57.49,1260.699951171875,2681.469970703125,93.47000122070312,326.760009765625,97.698
2017-12-20,1078.14,9.72,110.8361,58.09,1266.0999755859375,2679.25,93.3499984741211,,97.698
2017-12-21,1078.08,9.62,110.8786,58.34,1267.300048828125,2684.570068359375,93.27999877929688,319.7200012207031,97.698
2017-12-22,1076.87,9.9,111.0997,58.25,1275.4000244140625,2683.340087890625,93.3499984741211,321.2099914550781,97.698
2017-12-23,,,,,,,,,97.698
2017-12-24,,,,,,,,,97.698
2017-12-25,,,,,,,,,97.698
2017-12-26,1073.75,10.25,110.9758,59.55,1284.0999755859375,2680.5,93.26000213623048,318.8900146484375,97.698
2017-12-27,1073.13,10.47,110.8553,59.67,1287.0,2682.6201171875,93.02999877929688,320.25,97.698
2017-12-28,1068.64,10.18,110.5154,59.84,1294.0999755859375,2687.5400390625,92.5999984741211,324.739990234375,97.698
2017-12-29,1067.42,11.04,110.0783,60.46,1306.300048828125,2673.610107421875,92.12000274658205,,97.698
2017-12-30,,,,,,,,,97.698
2017-12-31,,,,,,,,,97.698
2018-01-01,,,,,,,,,98.106
2018-01-02,1059.39,9.77,109.6445,60.37,1313.699951171875,2695.81005859375,91.8499984741211,326.0,98.106
2018-01-03,1063.11,9.15,109.6751,61.61,1316.199951171875,2713.06005859375,92.16000366210938,327.1300048828125,98.106
2018-01-04,1061.5,9.22,109.4777,61.98,1319.4000244140625,2723.989990234375,91.8499984741211,324.5799865722656,98.106
2018-01-05,1060.07,9.22,109.3496,61.49,1320.300048828125,2743.14990234375,91.9499969482422,328.9700012207031,98.106
2018-01-06,,,,,,,,,98.106
2018-01-07,,,,,,,,,98.106
2018-01-08,1066.26,9.52,109.5681,61.73,1318.5999755859375,2747.7099609375,92.33000183105467,331.2799987792969,98.106
2018-01-09,1068.8,10.08,109.9025,62.92,1311.699951171875,2751.2900390625,92.52999877929688,330.25,98.106
2018-01-10,1067.55,9.82,109.628,63.6,1317.4000244140625,2748.22998046875,92.33000183105467,327.6099853515625,98.106
2018-01-11,1062.67,9.88,109.4888,63.81,1320.5999755859375,2767.56005859375,91.8499984741211,325.6700134277344,98.106
2018-01-12,1062.09,10.16,108.901,64.22,1333.4000244140625,2786.239990234375,90.97000122070312,326.7200012207031,98.106
2018-01-13,,,,,,,,,98.106
2018-01-14,,,,,,,,,98.106
2018-01-15,,,,,,,,327.3900146484375,98.106
2018-01-16,1064.19,11.66,108.3218,63.82,1335.4000244140625,2776.419921875,90.38999938964844,330.0199890136719,98.106
2018-01-17,1066.72,11.91,108.1526,63.92,1338.0,2802.56005859375,90.54000091552734,329.19000244140625,98.106
2018-01-18,1069.35,12.22,108.0655,63.96,1326.0,2798.030029296875,90.5,329.1300048828125,98.106
2018-01-19,1065.81,11.27,107.9455,63.38,1331.9000244140625,2810.300048828125,90.56999969482422,329.5199890136719,98.106
2018-01-20,,,,,,,,,98.106
2018-01-21,,,,,,,,,98.106
2018-01-22,1068.06,11.03,108.107,63.66,1330.9000244140625,2832.969970703125,90.4000015258789,326.2699890136719,98.106
2018-01-23,1072.59,11.1,107.9979,64.45,1335.699951171875,2839.1298828125,90.12000274658205,330.92999267578125,98.106
2018-01-24,1065.39,11.47,107.0802,65.69,1355.9000244140625,2837.5400390625,89.20999908447266,330.9100036621094,98.106
2018-01-25,1057.57,11.58,106.5052,65.62,1362.4000244140625,2839.25,89.38999938964844,334.0799865722656,98.106
2018-01-26,1064.12,11.08,106.6911,66.27,1351.5999755859375,2872.8701171875,89.06999969482422,335.3800048828125,98.106
2018-01-27,,,,,,,,,98.106
2018-01-28,,,,,,,,,98.106
2018-01-29,1071.28,13.84,107.1142,65.71,,2853.530029296875,89.30999755859375,338.04998779296875,98.106
2018-01-30,1073.61,14.79,107.1064,64.64,1335.4000244140625,2822.429931640625,89.19000244140625,333.3999938964844,98.106
2018-01-31,1068.33,13.54,106.7696,64.82,1339.0,2823.81005859375,89.12999725341797,333.3800048828125,98.106
2018-02-01,1069.33,13.47,106.4877,65.92,1344.300048828125,2821.97998046875,88.66999816894531,333.3599853515625,98.855
2018-02-02,1086.21,17.31,107.1151,65.5,1333.699951171875,2762.1298828125,89.19999694824219,327.010009765625,98.855
2018-02-03,,,,,,,,,98.855
2018-02-04,,,,,,,,,98.855
2018-02-05,1086.79,37.32,107.33,64.18,1333.0,2648.93994140625,89.55000305175781,323.2900085449219,98.855
2018-02-06,1081.2,29.98,107.5204,63.48,1326.0999755859375,2695.139892578125,89.58999633789062,318.010009765625,98.855
2018-02-07,1082.56,27.73,107.7175,61.91,1311.5999755859375,2681.659912109375,90.26000213623048,310.4800109863281,98.855
2018-02-08,1093.04,33.46,108.3025,61.3,1316.9000244140625,2581.0,90.2300033569336,311.6199951171875,98.855
2018-02-09,1087.99,29.06,108.2582,59.2,1313.0999755859375,2619.550048828125,90.44000244140624,304.8299865722656,98.855
2018-02-10,,,,,,,,,98.855
2018-02-11,,,,,,,,,98.855
2018-02-12,1082.27,25.61,108.0332,59.41,1324.199951171875,2656.0,90.20999908447266,308.1300048828125,98.855
2018-02-13,1083.07,24.97,107.7574,59.33,1328.0999755859375,2662.93994140625,89.69999694824219,310.8699951171875,98.855
2018-02-14,1076.71,19.26,107.4691,60.7,1355.5,2698.6298828125,89.12000274658203,314.3999938964844,98.855
2018-02-15,1065.69,19.13,106.9867,61.48,1352.0999755859375,2731.199951171875,88.58999633789062,,98.855
2018-02-16,1065.27,19.46,107.0359,61.89,1353.199951171875,2732.219970703125,89.0999984741211,,98.855
2018-02-17,,,,,,,,,98.855
2018-02-18,,,,,,,,,98.855
2018-02-19,,,,,,,,316.6099853515625,98.855
2018-02-20,1072.85,20.6,107.6249,61.91,1328.800048828125,2716.260009765625,89.72000122070312,312.8299865722656,98.855
2018-02-21,1076.11,20.02,107.8679,61.73,1330.0,2701.330078125,90.08000183105467,314.4700012207031,98.855
2018-02-22,1077.61,18.72,107.8668,62.72,1330.5999755859375,2703.9599609375,89.75,312.1700134277344,98.855
2018-02-23,1075.77,16.49,107.6804,63.52,1328.199951171875,2747.300048828125,89.87999725341797,316.8099975585937,98.855
2018-02-24,,,,,,,,,98.855
2018-02-25,,,,,,,,,98.855
2018-02-26,1069.0,15.8,107.7347,63.81,1330.699951171875,2779.60009765625,89.81999969482422,317.3399963378906,98.855
2018-02-27,1077.43,18.59,108.1731,62.94,1315.5,2744.280029296875,90.36000061035156,316.8299865722656,98.855
2018-02-28,1082.12,19.85,108.3903,61.43,1315.5,2713.830078125,90.61000061035156,312.8599853515625,98.855
2018-03-01,1081.33,22.47,108.5358,60.98,1302.9000244140625,2677.669921875,90.31999969482422,,98.751
2018-03-02,1080.25,19.59,,61.19,1321.0999755859375,2691.25,89.94000244140625,308.3500061035156,98.751
2018-03-03,,,,,,,,,98.751
2018-03-04,,,,,,,,,98.751
2018-03-05,1076.75,18.73,108.3614,62.49,1318.0999755859375,2720.93994140625,90.08000183105467,304.5799865722656,98.751
2018-03-06,1061.53,18.36,107.7969,62.54,1333.5999755859375,2728.1201171875,89.62000274658203,310.4599914550781,98.751
2018-03-07,1067.93,17.76,108.0911,61.09,1326.0,2726.800048828125,89.63999938964844,311.1400146484375,98.751
2018-03-08,1074.21,16.54,108.2671,60.13,1319.9000244140625,2738.969970703125,90.12000274658205,314.7799987792969,98.751
2018-03-09,1066.59,14.64,107.923,62.02,1322.4000244140625,2786.570068359375,90.08999633789062,317.6700134277344,98.751
2018-03-10,,,,,,,,,98.751
2018-03-11,,,,,,,,,98.751
2018-03-12,1063.7,15.78,107.9438,61.35,1319.4000244140625,2783.02001953125,89.9000015258789,320.70001220703125,98.751
2018-03-13,1062.14,16.35,107.7384,60.69,1325.9000244140625,2765.31005859375,89.66000366210938,322.9800109863281,98.751
2018-03-14,1063.38,17.23,107.8623,60.89,1324.4000244140625,2749.47998046875,89.69999694824219,321.989990234375,98.751
2018-03-15,1065.89,16.59,108.2032,61.16,1316.800048828125,2747.330078125,90.13999938964844,322.739990234375,98.751
2018-03-16,1068.4,15.8,108.4332,62.29,1311.300048828125,2752.010009765625,90.2300033569336,322.8800048828125,98.751
2018-03-17,,,,,,,,,98.751
2018-03-18,,,,,,,,,98.751
2018-03-19,1072.29,19.02,108.3145,62.01,1316.800048828125,2712.919921875,89.9000015258789,320.3500061035156,98.751
2018-03-20,1070.61,18.2,108.4953,63.37,1311.0999755859375,2716.93994140625,90.37000274658205,321.7900085449219,98.751
2018-03-21,1070.51,17.86,,65.1,1320.699951171875,2711.929931640625,89.77999877929688,321.6000061035156,98.751
2018-03-22,1079.51,23.34,107.9935,64.25,1326.5999755859375,2643.68994140625,89.86000061035156,323.32000732421875,98.751
2018-03-23,1081.29,24.87,107.7495,65.8,1349.300048828125,2588.260009765625,89.44000244140625,312.4200134277344,98.751
2018-03-24,,,,,,,,,98.751
2018-03-25,,,,,,,,,98.751
2018-03-26,1076.87,21.03,107.1819,65.49,1354.4000244140625,2658.550048828125,89.02999877929688,314.8900146484375,98.751
2018-03-27,1071.21,22.5,107.3359,65.21,1341.300048828125,2612.6201171875,89.37000274658203,316.3399963378906,98.751
2018-03-28,1063.03,22.87,107.5733,64.3,1324.199951171875,2605.0,90.05999755859375,311.8099975585937,98.751
2018-03-29,1060.31,19.97,107.665,64.87,1322.800048828125,2640.8701171875,90.1500015258789,313.82000732421875,98.751
2018-03-30,1060.99,,107.4784,,,,,314.6099853515625,98.751
2018-03-31,,,,,,,,,98.751
2018-04-01,,,,,,,,,98.931
2018-04-02,1056.03,23.62,107.7033,63.05,1342.0999755859375,2581.8798828125,90.05000305175781,314.0,98.931
2018-04-03,1054.63,21.1,107.5624,63.41,1332.800048828125,2614.449951171875,90.1999969482422,313.3800048828125,98.931
2018-04-04,1059.5,20.06,107.6361,63.35,1335.800048828125,2644.68994140625,90.13999938964844,308.5400085449219,98.931
2018-04-05,1061.56,18.94,107.7281,63.53,1324.300048828125,2662.840087890625,90.45999908447266,313.0400085449219,98.931
2018-04-06,1068.73,21.49,107.7886,62.03,1331.9000244140625,2604.469970703125,90.11000061035156,311.6099853515625,98.931
2018-04-07,,,,,,,,,98.931
2018-04-08,,,,,,,,,98.931
2018-04-09,1067.11,21.77,107.5316,63.4,1336.300048828125,2613.159912109375,89.83999633789062,313.45001220703125,98.931
2018-04-10,1064.53,20.47,107.3659,65.48,1342.0,2656.8701171875,89.58999633789062,313.94000244140625,98.931
2018-04-11,1066.76,20.24,107.1224,66.81,1356.5,2642.18994140625,89.56999969482422,312.94000244140625,98.931
2018-04-12,1069.84,18.49,107.2905,67.07,1338.4000244140625,2663.989990234375,89.75,313.2200012207031,98.931
2018-04-13,1070.55,17.41,107.2368,67.35,1344.800048828125,2656.300048828125,89.80000305175781,314.8599853515625,98.931
2018-04-14,,,,,,,,,98.931
2018-04-15,,,,,,,,,98.931
2018-04-16,1071.59,16.56,107.0595,66.23,1347.5,2677.840087890625,89.43000030517578,315.1700134277344,98.931
2018-04-17,1066.56,15.25,107.0344,66.5,1347.199951171875,2706.389892578125,89.5199966430664,314.6400146484375,98.931
2018-04-18,1064.51,15.6,107.1096,68.44,1351.199951171875,2708.639892578125,89.62000274658203,318.6400146484375,98.931
2018-04-19,1065.68,15.96,107.5197,68.3,1346.800048828125,2693.1298828125,89.94000244140625,320.1199951171875,98.931
2018-04-20,1071.0,16.88,108.1787,68.26,1336.699951171875,2670.139892578125,90.31999969482422,317.8900146484375,98.931
2018-04-21,,,,,,,,,98.931
2018-04-22,,,,,,,,,98.931
2018-04-23,1077.72,16.34,108.9332,67.61,1322.5,2670.2900390625,90.94000244140624,317.8900146484375,98.931
2018-04-24,1074.8,18.02,108.7906,67.66,1331.4000244140625,2634.56005859375,90.7699966430664,315.8599853515625,98.931
2018-04-25,1082.99,17.84,109.3447,68.0,1321.199951171875,2639.39990234375,91.16999816894533,313.989990234375,98.931
2018-04-26,1078.2,16.24,109.3646,68.18,1316.300048828125,2666.93994140625,91.55999755859376,318.0799865722656,98.931
2018-04-27,1067.59,15.41,109.1735,68.11,1320.300048828125,2669.909912109375,91.54000091552734,320.79998779296875,98.931
2018-04-28,,,,,,,,,98.931
2018-04-29,,,,,,,,,98.931
2018-04-30,1069.07,15.93,109.3363,68.56,1316.199951171875,2648.050048828125,91.83999633789062,323.5599975585937,98.931
2018-05-01,1071.91,15.49,109.7445,67.28,1303.800048828125,2654.800048828125,92.4499969482422,,98.979
2018-05-02,1076.52,15.97,110.1625,67.91,1302.5999755859375,2635.669921875,92.51000213623048,322.5299987792969,98.979
2018-05-03,1078.33,15.9,110.1803,68.45,1310.699951171875,2629.72998046875,92.41000366210938,320.54998779296875,98.979
2018-05-04,1074.09,14.77,110.25,69.71,1312.699951171875,2663.419921875,92.56999969482422,316.75,98.979
2018-05-05,,,,,,,,,98.979
2018-05-06,,,,,,,,,98.979
2018-05-07,1079.72,14.75,110.5721,70.74,1312.199951171875,2672.6298828125,92.75,,98.979
2018-05-08,1078.35,14.71,111.063,68.83,1312.0,2671.919921875,93.12000274658205,315.8699951171875,98.979
2018-05-09,1078.22,13.42,110.8818,71.16,1311.300048828125,2697.7900390625,93.04000091552734,314.4200134277344,98.979
2018-05-10,1065.41,13.23,110.405,71.36,1320.800048828125,2723.070068359375,92.6500015258789,317.3099975585937,98.979
2018-05-11,1067.14,12.65,110.2847,70.69,1319.0,2727.719970703125,92.54000091552734,318.510009765625,98.979
2018-05-12,,,,,,,,,98.979
2018-05-13,,,,,,,,,98.979
2018-05-14,1068.83,12.93,110.408,71.01,1316.5,2730.1298828125,92.58999633789062,317.7200012207031,98.979
2018-05-15,1076.46,14.63,111.2292,71.34,1288.9000244140625,2711.449951171875,93.22000122070312,314.94000244140625,98.979
2018-05-16,1076.66,13.42,111.3068,71.43,1290.199951171875,2722.4599609375,93.38999938964844,315.9700012207031,98.979
2018-05-17,1082.37,13.43,111.3547,71.47,1288.199951171875,2720.1298828125,93.47000122070312,314.2900085449219,98.979
2018-05-18,1080.91,13.42,111.7171,71.23,1290.199951171875,2712.969970703125,93.63999938964844,315.3699951171875,98.979
2018-05-19,,,,,,,,,98.979
2018-05-20,,,,,,,,,98.979
2018-05-21,1079.33,13.08,111.6394,72.26,1290.199951171875,2733.010009765625,93.68000030517578,316.25,98.979
2018-05-22,1073.3,13.22,111.1945,72.09,1291.699951171875,2724.43994140625,93.61000061035156,,98.979
2018-05-23,1078.88,12.58,111.6933,71.85,1289.300048828125,2733.2900390625,94.01000213623048,318.3099975585937,98.979
2018-05-24,1082.77,12.53,111.4885,70.77,1303.699951171875,2727.760009765625,93.77999877929688,317.4800109863281,98.979
2018-05-25,1076.35,13.22,111.5843,67.92,1303.300048828125,2721.330078125,94.19000244140624,318.04998779296875,98.979
2018-05-26,,,,,,,,,98.979
2018-05-27,,,,,,,,,98.979
2018-05-28,,,,,,,,318.989990234375,98.979
2018-05-29,1082.59,17.02,112.2127,66.8,1298.699951171875,2689.860107421875,94.83000183105467,316.20001220703125,98.979
2018-05-30,1077.62,14.94,111.6731,68.24,1301.5,2724.010009765625,94.1500015258789,309.260009765625,98.979
2018-05-31,1080.75,15.43,111.9894,66.98,1300.0999755859375,2705.27001953125,93.98999786376952,310.9200134277344,98.979
2018-06-01,1071.27,13.46,111.8265,65.81,1294.800048828125,2734.6201171875,94.19000244140624,313.2200012207031,98.779
2018-06-02,,,,,,,,,98.779
2018-06-03,,,,,,,,,98.779
2018-06-04,1070.13,12.74,111.8247,64.76,1293.0999755859375,2746.8701171875,94.0199966430664,314.8399963378906,98.779
2018-06-05,1071.86,12.4,112.264,65.51,1297.5,2748.800048828125,93.88999938964844,315.760009765625,98.779
2018-06-06,1065.9,11.64,111.7525,64.75,1297.0999755859375,2772.35009765625,93.66000366210938,,98.779
2018-06-07,1071.11,12.13,112.0725,65.96,1298.699951171875,2770.3701171875,93.4000015258789,317.6700134277344,98.779
2018-06-08,1075.0,12.18,112.1066,65.77,1298.0999755859375,2779.030029296875,93.5500030517578,314.9700012207031,98.779
2018-06-09,,,,,,,,,98.779
2018-06-10,,,,,,,,,98.779
2018-06-11,1075.08,12.35,112.1106,66.1,1298.9000244140625,2782.0,93.58000183105467,317.2200012207031,98.779
2018-06-12,1077.14,12.34,112.2138,66.38,1295.0999755859375,2786.85009765625,93.8000030517578,316.8399963378906,98.779
2018-06-13,1082.59,12.94,112.2577,66.63,1296.9000244140625,2775.6298828125,93.70999908447266,,98.779
2018-06-14,1084.06,12.12,112.8593,66.91,1304.0,2782.489990234375,94.7699966430664,311.20001220703125,98.779
2018-06-15,1101.89,11.98,113.3379,65.01,1274.5999755859375,2779.659912109375,94.79000091552734,308.7300109863281,98.779
2018-06-16,,,,,,,,,98.779
2018-06-17,,,,,,,,,98.779
2018-06-18,1105.07,12.31,113.4899,65.91,1276.199951171875,2773.75,94.75,305.3500061035156,98.779
2018-06-19,1110.64,13.35,113.639,65.09,1275.5999755859375,2762.590087890625,95.08999633789062,301.3500061035156,98.779
2018-06-20,1107.42,12.79,113.4784,65.92,1271.199951171875,2767.320068359375,95.05999755859376,304.0199890136719,98.779
2018-06-21,1110.01,14.64,113.6109,65.68,1267.199951171875,2749.760009765625,94.87000274658205,301.0199890136719,98.779
2018-06-22,1114.49,13.77,113.3047,69.02,1267.4000244140625,2754.8798828125,94.5199966430664,303.69000244140625,98.779
2018-06-23,,,,,,,,,98.779
2018-06-24,,,,,,,,,98.779
2018-06-25,1114.4,17.33,113.286,69.91,1265.5999755859375,2717.070068359375,94.27999877929688,303.3699951171875,98.779
2018-06-26,1118.08,15.92,113.3016,75.23,1256.5999755859375,2723.06005859375,94.68000030517578,302.760009765625,98.779
2018-06-27,1121.57,17.91,113.8971,77.41,1252.800048828125,2699.6298828125,95.29000091552734,302.25,98.779
2018-06-28,1121.96,16.85,113.8405,73.45,1247.800048828125,2716.31005859375,95.38999938964844,298.260009765625,98.779
2018-06-29,1111.79,16.09,113.2586,74.13,1251.300048828125,2718.3701171875,94.62999725341795,299.6600036621094,98.779
2018-06-30,,,,,,,,,98.779
2018-07-01,,,,,,,,,98.59
2018-07-02,1119.31,15.6,114.1673,73.89,1239.800048828125,2726.7099609375,94.87000274658205,292.92999267578125,98.59
2018-07-03,1114.41,16.14,113.3222,74.19,1251.5999755859375,2713.219970703125,94.58999633789062,293.3500061035156,98.59
2018-07-04,,,,,,,,292.260009765625,98.59
2018-07-05,1118.2,14.97,112.9759,73.05,1257.300048828125,2736.610107421875,94.47000122070312,291.6300048828125,98.59
2018-07-06,1114.98,13.37,112.6428,73.78,1254.300048828125,2759.820068359375,94.04000091552734,293.1099853515625,98.59
2018-07-07,,,,,,,,,98.59
2018-07-08,,,,,,,,,98.59
2018-07-09,1111.38,12.69,112.6425,73.93,1258.0999755859375,2784.169921875,94.08000183105467,295.20001220703125,98.59
2018-07-10,1113.81,12.64,112.5794,74.11,1253.800048828125,2793.840087890625,94.11000061035156,296.19000244140625,98.59
2018-07-11,1122.1,13.63,112.8582,70.47,1242.800048828125,2774.02001953125,94.72000122070312,294.42999267578125,98.59
2018-07-12,1121.38,12.58,112.779,70.28,1245.0,2798.2900390625,94.80999755859376,294.4100036621094,98.59
2018-07-13,1130.3,12.18,113.0705,71.03,1239.5999755859375,2801.31005859375,94.75,298.6499938964844,98.59
2018-07-14,,,,,,,,,98.59
2018-07-15,,,,,,,,,98.59
2018-07-16,1127.81,12.83,112.8437,68.22,1238.0999755859375,2798.429931640625,94.51000213623048,297.3699951171875,98.59
2018-07-17,1125.63,12.06,113.1504,68.03,1225.699951171875,2809.550048828125,94.97000122070312,296.8800048828125,98.59
2018-07-18,1130.76,12.1,113.3348,68.78,1226.300048828125,2815.6201171875,95.08000183105467,296.4700012207031,98.59
2018-07-19,1136.38,12.87,113.9463,69.42,1222.4000244140625,2804.489990234375,95.16999816894533,295.8999938964844,98.59
2018-07-20,1128.16,12.86,113.3213,70.31,1229.5,2801.830078125,94.45999908447266,296.95001220703125,98.59
2018-07-21,,,,,,,,,98.59
2018-07-22,,,,,,,,,98.59
2018-07-23,1134.45,12.62,113.4246,67.9,1224.0,2806.97998046875,94.66999816894533,294.5599975585937,98.59
2018-07-24,1127.39,12.41,113.2045,70.77,1223.9000244140625,2820.39990234375,94.61000061035156,295.489990234375,98.59
2018-07-25,1122.59,12.29,112.9221,71.13,1231.4000244140625,2846.070068359375,94.36000061035156,294.8500061035156,98.59
2018-07-26,1121.72,12.14,112.9179,71.59,1225.300048828125,2837.43994140625,94.75,296.95001220703125,98.59
2018-07-27,1115.77,13.03,112.8125,68.66,1222.5999755859375,2818.820068359375,94.68000030517578,297.7799987792969,98.59
2018-07-28,,,,,,,,,98.59
2018-07-29,,,,,,,,,98.59
2018-07-30,1116.98,14.26,112.6044,71.19,1221.300048828125,2802.60009765625,94.36000061035156,297.2900085449219,98.59
2018-07-31,1112.75,12.83,112.7299,69.88,1223.699951171875,2816.2900390625,94.48999786376952,297.45001220703125,98.59
2018-08-01,1118.15,13.15,112.8899,68.8,1217.9000244140625,2813.360107421875,94.62000274658205,298.69000244140625,99.462
2018-08-02,1126.91,12.19,113.1679,68.95,1210.5999755859375,2827.219970703125,95.16999816894533,293.54998779296875,99.462
2018-08-03,1122.68,11.64,113.012,68.49,1214.199951171875,2840.35009765625,95.13999938964844,295.6099853515625,99.462
2018-08-04,,,,,,,,,99.462
2018-08-05,,,,,,,,,99.462
2018-08-06,1125.9,11.27,113.229,69.01,1208.5999755859375,2850.39990234375,95.36000061035156,295.239990234375,99.462
2018-08-07,1118.0,10.93,112.9759,69.17,1209.5999755859375,2858.449951171875,95.22000122070312,297.17999267578125,99.462
2018-08-08,1119.01,10.85,113.1411,66.92,1212.5999755859375,2857.699951171875,95.0999984741211,297.19000244140625,99.462
2018-08-09,1119.0,11.27,113.3806,66.81,1211.9000244140625,2853.580078125,95.5,297.4100036621094,99.462
2018-08-10,1130.19,13.16,114.3005,67.61,1211.0999755859375,2833.280029296875,96.36000061035156,293.6400146484375,99.462
2018-08-11,,,,,,,,,99.462
2018-08-12,,,,,,,,,99.462
2018-08-13,1133.19,14.78,114.851,67.25,1191.300048828125,2821.929931640625,96.38999938964844,289.8500061035156,99.462
2018-08-14,1128.9,13.31,114.658,67.04,1193.0,2839.9599609375,96.7300033569336,291.0799865722656,99.462
2018-08-15,1135.3,14.64,115.1526,65.07,1177.5,2818.3701171875,96.6999969482422,,99.462
2018-08-16,1125.35,13.45,114.6416,65.44,1176.199951171875,2840.68994140625,96.6500015258789,288.239990234375,99.462
2018-08-17,1123.2,12.64,114.5339,65.93,1176.5,2850.1298828125,96.0999984741211,288.57000732421875,99.462
2018-08-18,,,,,,,,,99.462
2018-08-19,,,,,,,,,99.462
2018-08-20,1121.3,12.49,114.3504,66.5,1186.800048828125,2857.050048828125,95.9000015258789,288.6099853515625,99.462
2018-08-21,1117.41,12.86,113.8604,67.32,1192.5999755859375,2862.9599609375,95.26000213623048,291.92999267578125,99.462
2018-08-22,1117.0,12.25,113.663,67.85,1196.300048828125,2861.820068359375,95.1500015258789,293.0,99.462
2018-08-23,1123.37,12.41,114.0932,69.13,1187.0,2856.97998046875,95.62000274658205,294.2900085449219,99.462
2018-08-24,1113.3,11.99,113.5985,69.71,1206.300048828125,2874.68994140625,95.1500015258789,295.5400085449219,99.462
2018-08-25,,,,,,,,,99.462
2018-08-26,,,,,,,,,99.462
2018-08-27,1107.69,12.16,113.2721,69.97,1209.0,2896.739990234375,94.77999877929688,296.8299865722656,99.462
2018-08-28,1105.14,12.5,113.3444,68.54,1207.4000244140625,2897.52001953125,94.72000122070312,297.2200012207031,99.462
2018-08-29,1109.2,12.25,113.6461,69.68,1204.5,2914.0400390625,94.5999984741211,298.04998779296875,99.462
2018-08-30,1113.13,13.53,114.0899,70.25,1197.699951171875,2901.1298828125,94.72000122070312,298.04998779296875,99.462
2018-08-31,1116.5,12.86,114.2755,69.84,1200.300048828125,2901.52001953125,95.13999938964844,300.07000732421875,99.462
2018-09-01,,,,,,,,,100.221
2018-09-02,,,,,,,,,100.221
2018-09-03,,,,,,,,297.489990234375,100.221
2018-09-04,1117.5,13.16,114.8584,69.82,1192.699951171875,2896.719970703125,95.41999816894533,298.79998779296875,100.221
2018-09-05,1121.0,13.91,114.7477,68.69,1194.9000244140625,2888.60009765625,95.12999725341795,294.9599914550781,100.221
2018-09-06,1122.4,14.65,114.6479,67.81,1197.9000244140625,2878.050048828125,95.0199966430664,294.2799987792969,100.221
2018-09-07,1123.5,14.88,114.5816,67.73,1193.5999755859375,2871.679931640625,95.37000274658205,292.8599853515625,100.221
2018-09-08,,,,,,,,,100.221
2018-09-09,,,,,,,,,100.221
2018-09-10,1127.9,14.16,114.6802,67.55,1193.0,2877.1298828125,95.1500015258789,293.70001220703125,100.221
2018-09-11,1126.17,13.22,114.7051,69.29,1195.4000244140625,2887.889892578125,95.05999755859376,292.4599914550781,100.221
2018-09-12,1121.62,13.14,114.2192,70.37,1204.699951171875,2888.919921875,94.8000030517578,292.3500061035156,100.221
2018-09-13,1120.9,12.37,113.9268,68.6,1202.0,2904.179931640625,94.54000091552734,292.4200134277344,100.221
2018-09-14,1119.0,12.07,114.0657,68.98,1195.0,2904.97998046875,94.9800033569336,297.2900085449219,100.221
2018-09-15,,,,,,,,,100.221
2018-09-16,,,,,,,,,100.221
2018-09-17,1124.71,13.68,113.9158,68.86,1199.699951171875,2888.800048828125,94.51000213623048,295.2300109863281,100.221
2018-09-18,1122.18,12.79,113.7739,69.87,1196.800048828125,2904.31005859375,94.62000274658205,296.1000061035156,100.221
2018-09-19,1120.61,11.75,113.6532,71.08,1202.199951171875,2907.949951171875,94.5500030517578,296.6400146484375,100.221
2018-09-20,1119.58,11.8,113.4989,70.77,1206.199951171875,2930.75,93.91000366210938,299.0400085449219,100.221
2018-09-21,1114.3,11.68,113.5099,70.8,1196.199951171875,2929.669921875,94.22000122070312,300.8099975585937,100.221
2018-09-22,,,,,,,,,100.221
2018-09-23,,,,,,,,,100.221
2018-09-24,1119.28,12.2,113.5301,73.23,1199.300048828125,2919.3701171875,94.26000213623048,,100.221
2018-09-25,1118.12,12.42,113.7202,73.4,1200.0,2915.56005859375,94.12999725341795,,100.221
2018-09-26,1114.64,12.89,113.6739,72.22,1194.0,2905.969970703125,94.19000244140624,,100.221
2018-09-27,1113.41,12.41,113.9784,72.18,1182.300048828125,2914.0,95.0,302.5899963378906,100.221
2018-09-28,1109.76,12.12,113.8077,73.16,1191.5,2913.97998046875,95.19000244140624,300.510009765625,100.221
2018-09-29,,,,,,,,,100.221
2018-09-30,,,,,,,,,100.221
2018-10-01,1112.53,12.0,113.8235,75.37,1187.0999755859375,2924.590087890625,95.3000030517578,300.1700134277344,100.041
2018-10-02,1112.43,12.05,113.8954,75.16,1202.4000244140625,2923.429931640625,95.51000213623048,296.5299987792969,100.041
2018-10-03,1121.42,11.61,114.1569,76.4,1198.300048828125,2925.510009765625,95.76000213623048,,100.041
2018-10-04,1130.78,14.22,114.6867,74.44,1197.199951171875,2901.610107421875,95.75,291.7799987792969,100.041
2018-10-05,1131.25,14.82,114.561,74.26,1201.199951171875,2885.570068359375,95.62000274658205,291.2799987792969,100.041
2018-10-06,,,,,,,,,100.041
2018-10-07,,,,,,,,,100.041
2018-10-08,,15.69,,74.27,1184.4000244140625,2884.429931640625,95.7699966430664,289.9100036621094,100.041
2018-10-09,1132.87,15.95,114.6583,74.95,1187.199951171875,2880.340087890625,95.68000030517578,,100.041
2018-10-10,1138.9,22.96,114.6072,73.18,1189.300048828125,2785.679931640625,95.51000213623048,287.8500061035156,100.041
2018-10-11,1134.16,24.98,114.4074,70.97,1223.5,2728.3701171875,95.0199966430664,275.1499938964844,100.041
2018-10-12,1130.82,21.31,114.3691,71.41,1218.0999755859375,2767.1298828125,95.22000122070312,279.3699951171875,100.041
2018-10-13,,,,,,,,,100.041
2018-10-14,,,,,,,,,100.041
2018-10-15,1129.3,21.3,114.045,71.84,1226.4000244140625,2750.7900390625,95.06999969482422,277.19000244140625,100.041
2018-10-16,1123.88,17.62,113.8963,71.93,1227.300048828125,2809.919921875,95.0500030517578,276.8999938964844,100.041
2018-10-17,1126.2,17.4,114.1755,69.63,1223.699951171875,2809.2099609375,95.58000183105467,280.04998779296875,100.041
2018-10-18,1138.06,20.06,114.8164,68.63,1226.5,2768.780029296875,95.9000015258789,277.4800109863281,100.041
2018-10-19,1131.13,19.89,114.8567,69.16,1225.300048828125,2767.780029296875,95.70999908447266,278.6300048828125,100.041
2018-10-20,,,,,,,,,100.041
2018-10-21,,,,,,,,,100.041
2018-10-22,1132.7,19.64,115.1782,69.25,1221.199951171875,2755.8798828125,96.01000213623048,279.3999938964844,100.041
2018-10-23,1137.53,20.71,115.1651,66.49,1233.4000244140625,2740.68994140625,95.95999908447266,272.5400085449219,100.041
2018-10-24,1136.66,25.23,115.3755,66.56,1227.800048828125,2656.10009765625,96.43000030517578,271.3599853515625,100.041
2018-10-25,1134.9,24.22,115.4831,67.25,1229.0999755859375,2705.570068359375,96.68000030517578,266.7200012207031,100.041
2018-10-26,1141.74,24.16,115.473,67.58,1232.5,2658.68994140625,96.36000061035156,262.69000244140625,100.041
2018-10-27,,,,,,,,,100.041
2018-10-28,,,,,,,,,100.041
2018-10-29,1139.81,24.7,115.8936,67.0,1224.5,2641.25,96.58000183105467,260.19000244140625,100.041
2018-10-30,1137.68,23.35,116.2357,66.18,1222.5999755859375,2682.6298828125,97.01000213623048,262.4700012207031,100.041
2018-10-31,1140.78,21.23,116.5281,65.31,1212.300048828125,2711.739990234375,97.12999725341795,264.010009765625,100.041
2018-11-01,1126.19,19.34,115.8657,63.67,1236.0,2740.3701171875,96.27999877929688,262.95001220703125,99.33
2018-11-02,1117.72,19.51,115.643,63.12,1230.9000244140625,2723.06005859375,96.54000091552734,272.5599975585937,99.33
2018-11-03,,,,,,,,,99.33
2018-11-04,,,,,,,,,99.33
2018-11-05,1122.13,19.96,115.703,63.12,1229.800048828125,2738.31005859375,96.3499984741211,270.07000732421875,99.33
2018-11-06,1121.31,19.91,115.5622,62.16,1223.800048828125,2755.449951171875,96.31999969482422,271.57000732421875,99.33
2018-11-07,1117.52,16.36,115.2519,61.69,1226.199951171875,2813.889892578125,96.0,270.45001220703125,99.33
2018-11-08,1118.99,16.72,115.6478,60.71,1222.9000244140625,2806.830078125,96.63999938964844,272.1099853515625,99.33
2018-11-09,1131.4,17.36,116.4778,60.19,1206.4000244140625,2781.010009765625,96.91000366210938,271.3299865722656,99.33
2018-11-10,,,,,,,,,99.33
2018-11-11,,,,,,,,,99.33
2018-11-12,,20.45,,59.85,1201.300048828125,2726.219970703125,97.54000091552734,271.57000732421875,99.33
2018-11-13,1132.29,20.02,116.6694,55.63,1199.199951171875,2722.179931640625,97.3000030517578,269.70001220703125,99.33
2018-11-14,1132.1,21.25,116.498,56.16,1207.9000244140625,2701.580078125,96.8000030517578,268.8800048828125,99.33
2018-11-15,1127.2,19.98,116.3861,56.45,1212.800048828125,2730.199951171875,96.93000030517578,271.5400085449219,99.33
2018-11-16,1124.81,18.14,115.9258,56.49,1220.800048828125,2736.27001953125,96.47000122070312,271.6499938964844,99.33
2018-11-17,,,,,,,,,99.33
2018-11-18,,,,,,,,,99.33
2018-11-19,1126.08,20.1,115.9859,57.16,1223.0999755859375,2690.72998046875,96.19000244140624,272.3099975585937,99.33
2018-11-20,1128.53,22.48,116.2367,53.39,1219.0,2641.889892578125,96.80999755859376,269.5799865722656,99.33
2018-11-21,1127.3,20.8,116.092,54.41,1225.800048828125,2649.929931640625,96.70999908447266,268.2699890136719,99.33
2018-11-22,,,,,,,,267.760009765625,99.33
2018-11-23,1130.9,21.52,116.4713,,1221.0,2632.56005859375,96.91999816894533,266.3299865722656,99.33
2018-11-24,,,,,,,,,99.33
2018-11-25,,,,,,,,,99.33
2018-11-26,1126.69,18.9,116.6208,51.46,1220.199951171875,2673.449951171875,97.06999969482422,269.7900085449219,99.33
2018-11-27,1129.41,19.02,116.9001,51.31,1211.199951171875,2682.169921875,97.37000274658205,272.0799865722656,99.33
2018-11-28,1127.81,18.49,116.8343,50.06,1221.4000244140625,2743.7900390625,96.79000091552734,273.45001220703125,99.33
2018-11-29,1119.91,18.79,116.1961,51.46,1224.0999755859375,2737.800048828125,96.77999877929688,274.1600036621094,99.33
2018-11-30,1118.61,18.07,116.413,50.78,1220.199951171875,2760.169921875,97.2699966430664,271.3500061035156,99.33
2018-12-01,,,,,,,,,98.988
2018-12-02,,,,,,,,,98.988
2018-12-03,1110.2,16.44,115.9057,52.98,1233.9000244140625,2790.3701171875,97.04000091552734,276.17999267578125,98.988
2018-12-04,1108.82,20.74,116.0028,53.21,1241.0999755859375,2700.06005859375,96.97000122070312,273.2900085449219,98.988
2018-12-05,,,,52.64,,,,271.489990234375,98.988
2018-12-06,1122.07,21.19,116.3991,51.54,1238.0999755859375,2695.949951171875,96.80999755859376,267.17999267578125,98.988
2018-12-07,1121.8,23.23,116.0847,52.76,1246.800048828125,2633.080078125,96.51000213623048,268.2799987792969,98.988
2018-12-08,,,,,,,,,98.988
2018-12-09,,,,,,,,,98.988
2018-12-10,1128.3,22.64,116.6746,51.07,1243.699951171875,2637.719970703125,97.22000122070312,265.3500061035156,98.988
2018-12-11,1128.6,21.76,116.7564,51.65,1241.9000244140625,2636.780029296875,97.38999938964844,264.69000244140625,98.988
2018-12-12,1124.51,21.46,116.2214,51.04,1244.4000244140625,2651.070068359375,97.04000091552734,268.4700012207031,98.988
2018-12-13,1124.73,20.65,116.3974,52.69,1242.699951171875,2650.5400390625,97.05999755859376,269.4100036621094,98.988
2018-12-14,1133.2,21.63,116.79,51.26,1237.0,2599.949951171875,97.44000244140624,265.54998779296875,98.988
2018-12-15,,,,,,,,,98.988
2018-12-16,,,,,,,,,98.988
2018-12-17,1130.17,24.52,116.4532,49.8,1247.4000244140625,2545.93994140625,97.0999984741211,266.3299865722656,98.988
2018-12-18,1127.76,25.58,116.4127,46.12,1249.199951171875,2546.159912109375,97.13999938964844,265.17999267578125,98.988
2018-12-19,1120.96,25.58,116.0676,47.96,1252.0999755859375,2506.9599609375,97.04000091552734,267.3099975585937,98.988
2018-12-20,1123.87,28.38,116.0183,45.64,1263.5999755859375,2467.419921875,96.27999877929688,264.8099975585937,98.988
2018-12-21,1125.3,30.11,116.2227,45.38,1253.800048828125,2416.6201171875,96.95999908447266,265.0599975585937,98.988
2018-12-22,,,,,,,,,98.988
2018-12-23,,,,,,,,,98.988
2018-12-24,,36.07,116.2182,,1267.5,2351.10009765625,96.5500030517578,264.45001220703125,98.988
2018-12-25,,,,,,,,,98.988
2018-12-26,1124.23,30.41,116.1162,46.04,1269.199951171875,2467.699951171875,97.0500030517578,260.9800109863281,98.988
2018-12-27,1121.37,29.96,115.9927,44.48,1277.300048828125,2488.830078125,96.4800033569336,260.57000732421875,98.988
2018-12-28,1114.9,28.34,115.7232,45.15,1279.9000244140625,2485.739990234375,96.38999938964844,261.9800109863281,98.988
2018-12-29,,,,,,,,,98.988
2018-12-30,,,,,,,,,98.988
2018-12-31,1112.85,25.42,115.5674,,1278.300048828125,2506.85009765625,96.16999816894533,,98.988
2019-01-01,,,,,,,,,98.884
2019-01-02,1119.11,23.22,115.7689,46.31,1281.0,2510.030029296875,96.81999969482422,258.2300109863281,98.884
2019-01-03,1124.64,25.45,115.4622,46.92,1291.800048828125,2447.889892578125,96.30999755859376,255.7700042724609,98.884
2019-01-04,1116.73,21.38,114.9821,47.76,1282.699951171875,2531.93994140625,96.19000244140624,257.8900146484375,98.884
2019-01-05,,,,,,,,,98.884
2019-01-06,,,,,,,,,98.884
2019-01-07,1117.5,21.4,114.5628,48.27,1286.800048828125,2549.68994140625,95.70999908447266,261.57000732421875,98.884
2019-01-08,1122.93,20.47,114.7281,49.58,1283.199951171875,2574.409912109375,95.9000015258789,259.6499938964844,98.884
2019-01-09,1117.7,19.98,114.1406,52.19,1289.300048828125,2584.9599609375,95.22000122070312,265.6000061035156,98.884
2019-01-10,1116.1,19.5,114.0496,52.42,1284.699951171875,2596.639892578125,95.54000091552734,265.54998779296875,98.884
2019-01-11,1117.18,18.19,114.0404,51.44,1287.0999755859375,2596.260009765625,95.66999816894533,267.1300048828125,98.884
2019-01-12,,,,,,,,,98.884
2019-01-13,,,,,,,,,98.884
2019-01-14,,19.07,,50.31,1289.0999755859375,2582.610107421875,95.58999633789062,264.989990234375,98.884
2019-01-15,1122.59,18.6,114.3402,51.8,1286.199951171875,2610.300048828125,95.97000122070312,269.92999267578125,98.884
2019-01-16,1119.1,19.04,114.137,52.08,1291.5999755859375,2616.10009765625,96.05999755859376,271.2300109863281,98.884
2019-01-17,1123.34,18.06,114.4115,51.83,1291.0,2635.9599609375,96.06999969482422,271.8800048828125,98.884
2019-01-18,1122.8,17.8,114.558,53.6,1281.300048828125,2670.7099609375,96.33999633789062,273.8800048828125,98.884
2019-01-19,,,,,,,,,98.884
2019-01-20,,,,,,,,,98.884
2019-01-21,,,,,,,,274.0,98.884
2019-01-22,1129.52,20.8,114.7541,52.59,1282.5,2632.89990234375,96.3000030517578,272.7099914550781,98.884
2019-01-23,1127.89,19.52,114.5759,52.44,1283.0999755859375,2638.699951171875,96.12000274658205,273.8699951171875,98.884
2019-01-24,1126.33,18.89,114.617,52.94,1279.0999755859375,2642.330078125,96.5999984741211,276.6099853515625,98.884
2019-01-25,1117.58,17.42,114.0197,53.53,1297.4000244140625,2664.760009765625,95.79000091552734,281.6700134277344,98.884
2019-01-26,,,,,,,,,98.884
2019-01-27,,,,,,,,,98.884
2019-01-28,1118.7,18.87,114.0522,51.79,1302.4000244140625,2643.85009765625,95.75,281.6400146484375,98.884
2019-01-29,1117.75,19.13,114.026,53.07,1308.199951171875,2640.0,95.81999969482422,283.0,98.884
2019-01-30,1117.29,17.66,114.0731,54.18,1309.9000244140625,2681.050048828125,95.33999633789062,286.6199951171875,98.884
2019-01-31,1111.82,16.57,113.5504,53.84,1319.699951171875,2704.10009765625,95.58000183105467,285.8900146484375,98.884
2019-02-01,1118.31,16.14,113.7548,55.29,1316.9000244140625,2706.530029296875,95.58000183105467,285.7900085449219,99.311
2019-02-02,,,,,,,,,99.311
2019-02-03,,,,,,,,,99.311
2019-02-04,1119.15,15.73,113.8766,54.57,1314.300048828125,2724.8701171875,95.8499984741211,,99.311
2019-02-05,1117.2,15.57,114.0431,53.69,1314.199951171875,2737.699951171875,96.0999984741211,,99.311
2019-02-06,1119.35,15.38,114.2305,53.94,1309.5,2731.610107421875,96.41999816894533,,99.311
2019-02-07,1124.11,16.37,114.4339,52.68,1309.4000244140625,2706.050048828125,96.51000213623048,285.6499938964844,99.311
2019-02-08,1123.14,15.72,114.5003,52.75,1313.699951171875,2707.8798828125,96.63999938964844,281.489990234375,99.311
2019-02-09,,,,,,,,,99.311
2019-02-10,,,,,,,,,99.311
2019-02-11,1126.05,15.97,115.031,52.43,1307.0,2709.800048828125,97.05999755859376,282.1000061035156,99.311
2019-02-12,1122.27,15.43,114.7297,53.14,1309.199951171875,2744.72998046875,96.70999908447266,283.69000244140625,99.311
2019-02-13,1123.32,15.65,114.9407,53.84,1310.800048828125,2753.030029296875,97.12999725341795,284.9700012207031,99.311
2019-02-14,1128.0,16.22,115.1007,54.4,1309.800048828125,2745.72998046875,96.9800033569336,288.67999267578125,99.311
2019-02-15,1125.59,14.91,114.9923,55.58,1318.0999755859375,2775.60009765625,96.91999816894533,283.9800109863281,99.311
2019-02-16,,,,,,,,,99.311
2019-02-17,,,,,,,,,99.311
2019-02-18,,,,,,,,285.8999938964844,99.311
2019-02-19,1124.54,14.88,114.57,56.12,1340.0999755859375,2779.760009765625,96.5199966430664,284.9100036621094,99.311
2019-02-20,,14.02,,56.9,1343.300048828125,2784.699951171875,96.4499969482422,288.3999938964844,99.311
2019-02-21,1125.53,14.46,114.5091,56.95,1323.5,2774.8798828125,96.61000061035156,288.4100036621094,99.311
2019-02-22,1121.07,13.51,114.2716,57.01,1329.199951171875,2792.669921875,96.51000213623048,288.739990234375,99.311
2019-02-23,,,,,,,,,99.311
2019-02-24,,,,,,,,,99.311
2019-02-25,1116.1,14.85,114.1457,55.32,1325.9000244140625,2796.110107421875,96.41000366210938,289.0,99.311
2019-02-26,1116.88,15.17,114.0687,55.4,1325.0999755859375,2793.89990234375,96.0,287.8900146484375,99.311
2019-02-27,1117.74,14.7,114.0363,56.92,1317.699951171875,2792.3798828125,96.1500015258789,288.760009765625,99.311
2019-02-28,1124.65,14.78,114.1991,57.21,1312.800048828125,2784.489990234375,96.16000366210938,283.79998779296875,99.311
2019-03-01,1126.76,13.57,114.537,55.76,1296.4000244140625,2803.68994140625,96.52999877929688,,99.121
2019-03-02,,,,,,,,,99.121
2019-03-03,,,,,,,,,99.121
2019-03-04,1126.73,14.63,114.6925,56.6,1284.800048828125,2792.81005859375,96.68000030517578,282.510009765625,99.121
2019-03-05,1126.46,14.74,114.804,56.55,1282.0,2789.64990234375,96.8499984741211,280.45001220703125,99.121
2019-03-06,1127.18,15.74,114.9714,56.22,1284.9000244140625,2771.449951171875,96.87000274658205,279.8500061035156,99.121
2019-03-07,1133.18,16.59,115.4919,56.6,1283.800048828125,2748.929931640625,97.66999816894533,278.8699951171875,99.121
2019-03-08,1131.74,16.05,115.3599,55.77,1297.0,2743.070068359375,97.37000274658205,274.8399963378906,99.121
2019-03-09,,,,,,,,,99.121
2019-03-10,,,,,,,,,99.121
2019-03-11,1133.05,14.33,115.2967,56.79,1288.800048828125,2783.300048828125,97.22000122070312,275.0599975585937,99.121
2019-03-12,1127.89,13.77,114.939,56.89,1296.300048828125,2791.52001953125,96.94000244140624,277.7300109863281,99.121
2019-03-13,1130.47,13.41,114.7372,58.27,1307.5,2810.919921875,96.5500030517578,276.0,99.121
2019-03-14,1135.05,13.5,114.79,58.59,1293.4000244140625,2808.47998046875,96.79000091552734,276.6400146484375,99.121
2019-03-15,1134.44,12.88,114.5815,58.51,1301.800048828125,2822.47998046875,96.5999984741211,279.8699951171875,99.121
2019-03-16,,,,,,,,,99.121
2019-03-17,,,,,,,,,99.121
2019-03-18,1131.74,13.1,114.4375,59.09,1300.300048828125,2832.93994140625,96.5199966430664,279.92999267578125,99.121
2019-03-19,1129.0,13.56,114.2324,59.12,1305.0,2832.570068359375,96.37999725341795,279.82000732421875,99.121
2019-03-20,1128.25,13.91,114.1509,60.12,1300.5,2824.22998046875,95.76000213623048,279.9200134277344,99.121
2019-03-21,1128.4,13.63,114.1684,59.98,1306.0999755859375,2854.8798828125,96.5,282.3800048828125,99.121
2019-03-22,1136.8,16.48,114.6856,58.87,1311.5999755859375,2800.7099609375,96.6500015258789,283.1300048828125,99.121
2019-03-23,,,,,,,,,99.121
2019-03-24,,,,,,,,,99.121
2019-03-25,1131.88,16.33,114.4171,58.71,1321.9000244140625,2798.360107421875,96.56999969482422,277.45001220703125,99.121
2019-03-26,1133.55,14.68,114.6414,59.87,1314.300048828125,2818.4599609375,96.73999786376952,277.6000061035156,99.121
2019-03-27,1138.09,15.15,115.1243,59.39,1309.9000244140625,2805.3701171875,96.7699966430664,277.2799987792969,99.121
2019-03-28,1136.65,14.43,115.2581,59.29,1289.800048828125,2815.43994140625,97.1999969482422,275.0799865722656,99.121
2019-03-29,1136.3,13.71,115.1371,60.19,1293.0,2834.39990234375,97.27999877929688,276.4800109863281,99.121
2019-03-30,,,,,,,,,99.121
2019-03-31,,,,,,,,,99.121
2019-04-01,1133.0,13.4,114.9362,61.59,1288.4000244140625,2867.18994140625,97.25,280.32000732421875,99.481
2019-04-02,1137.16,13.36,115.1173,62.53,1290.0,2867.239990234375,97.36000061035156,281.7200012207031,99.481
2019-04-03,1134.29,13.74,114.7211,62.46,1289.9000244140625,2873.39990234375,97.08999633789062,285.6499938964844,99.481
2019-04-04,1136.05,13.58,114.9697,62.12,1289.0,2879.389892578125,97.30999755859376,286.1499938964844,99.481
2019-04-05,1136.87,12.82,114.9726,63.1,1290.4000244140625,2892.739990234375,97.4000015258789,286.67999267578125,99.481
2019-04-06,,,,,,,,,99.481
2019-04-07,,,,,,,,,99.481
2019-04-08,1143.25,13.18,114.6893,64.37,1297.0999755859375,2895.77001953125,97.0500030517578,286.3800048828125,99.481
2019-04-09,1140.25,14.28,114.5321,64.05,1303.5,2878.199951171875,97.01000213623048,286.7099914550781,99.481
2019-04-10,1137.26,13.3,114.4269,64.62,1309.0999755859375,2888.2099609375,96.9499969482422,287.9200134277344,99.481
2019-04-11,1140.73,13.02,114.6303,63.61,1288.5999755859375,2888.320068359375,97.18000030517578,287.4200134277344,99.481
2019-04-12,1133.0,12.01,114.3531,63.86,1290.5999755859375,2907.409912109375,96.97000122070312,288.3699951171875,99.481
2019-04-13,,,,,,,,,99.481
2019-04-14,,,,,,,,,99.481
2019-04-15,1133.6,12.32,114.495,63.43,1286.800048828125,2905.580078125,96.94000244140624,289.3800048828125,99.481
2019-04-16,1136.13,12.18,114.6756,64.01,1272.5999755859375,2907.06005859375,97.04000091552734,290.6199951171875,99.481
2019-04-17,1131.7,12.6,114.5141,63.74,1272.199951171875,2900.449951171875,97.01000213623048,290.3299865722656,99.481
2019-04-18,1136.2,12.09,114.7073,64.02,1271.9000244140625,2905.030029296875,97.47000122070312,285.82000732421875,99.481
2019-04-19,1135.4,,114.6977,,,,,285.8900146484375,99.481
2019-04-20,,,,,,,,,99.481
2019-04-21,,,,,,,,,99.481
2019-04-22,1140.52,12.42,114.7694,65.66,1273.5,2907.969970703125,97.27999877929688,285.8699951171875,99.481
2019-04-23,1143.22,12.28,115.1578,66.24,1269.300048828125,2933.679931640625,97.56999969482422,286.4700012207031,99.481
2019-04-24,1155.65,13.14,115.4187,65.96,1275.5,2927.25,98.0999984741211,283.70001220703125,99.481
2019-04-25,1160.15,13.25,115.7709,65.23,1275.800048828125,2926.169921875,98.1999969482422,282.8299865722656,99.481
2019-04-26,1158.1,12.73,115.4767,63.29,1284.9000244140625,2939.8798828125,98.01000213623048,281.3399963378906,99.481
2019-04-27,,,,,,,,,99.481
2019-04-28,,,,,,,,,99.481
2019-04-29,1160.0,13.11,115.5227,63.39,1278.5999755859375,2943.030029296875,97.86000061035156,286.7900085449219,99.481
2019-04-30,1165.1,13.12,115.3281,63.83,1282.800048828125,2945.830078125,97.4800033569336,284.9200134277344,99.481
2019-05-01,1161.61,14.8,115.0022,63.55,1281.4000244140625,2923.72998046875,97.69000244140624,,99.652
2019-05-02,1166.62,14.42,115.5617,61.75,1269.699951171875,2917.52001953125,97.83000183105467,286.1199951171875,99.652
2019-05-03,1165.95,12.87,115.2646,61.98,1279.199951171875,2945.639892578125,97.5199966430664,283.6700134277344,99.652
2019-05-04,,,,,,,,,99.652
2019-05-05,,,,,,,,,99.652
2019-05-06,1169.2,15.44,115.3811,62.3,1281.699951171875,2932.469970703125,97.5199966430664,,99.652
2019-05-07,1172.5,19.32,115.6116,61.41,1283.5,2884.050048828125,97.62999725341795,281.3099975585937,99.652
2019-05-08,1170.2,19.4,115.5171,62.13,1279.4000244140625,2879.419921875,97.62000274658205,280.1499938964844,99.652
2019-05-09,1183.1,19.1,115.8421,61.58,1283.5,2870.719970703125,97.37000274658205,271.0,99.652
2019-05-10,1176.62,16.04,115.5334,61.65,1285.699951171875,2881.39990234375,97.33000183105467,272.0599975585937,99.652
2019-05-11,,,,,,,,,99.652
2019-05-12,,,,,,,,,99.652
2019-05-13,1186.94,20.55,115.915,60.97,1300.0999755859375,2811.8701171875,97.31999969482422,268.7200012207031,99.652
2019-05-14,1186.94,18.06,115.9425,61.82,1294.699951171875,2834.409912109375,97.52999877929688,268.57000732421875,99.652
2019-05-15,1188.74,16.44,115.8565,62.03,1296.300048828125,2850.9599609375,97.56999969482422,269.6400146484375,99.652
2019-05-16,1190.52,15.29,116.0346,62.93,1285.0,2876.320068359375,97.83999633789062,265.989990234375,99.652
2019-05-17,1195.07,15.96,116.448,62.77,1274.5,2859.530029296875,98.0,264.3500061035156,99.652
2019-05-18,,,,,,,,,99.652
2019-05-19,,,,,,,,,99.652
2019-05-20,1193.81,16.31,116.3119,63.12,1276.0999755859375,2840.22998046875,97.93000030517578,264.9599914550781,99.652
2019-05-21,1194.31,14.95,116.2844,63.02,1272.0,2864.360107421875,98.05999755859376,266.1199951171875,99.652
2019-05-22,1194.36,14.75,116.2412,61.42,1273.5999755859375,2856.27001953125,98.11000061035156,266.6499938964844,99.652
2019-05-23,1189.31,16.92,116.2368,57.65,1284.800048828125,2822.239990234375,97.8499984741211,266.3800048828125,99.652
2019-05-24,1186.2,15.85,116.0806,58.4,1283.0,2826.06005859375,97.61000061035156,264.4200134277344,99.652
2019-05-25,,,,,,,,,99.652
2019-05-26,,,,,,,,,99.652
2019-05-27,,,,,,,,264.3999938964844,99.652
2019-05-28,1186.66,17.5,116.3174,58.91,1276.5,2802.389892578125,97.95999908447266,264.70001220703125,99.652
2019-05-29,1186.66,17.9,116.5535,58.84,1280.5999755859375,2783.02001953125,98.13999938964844,261.3699951171875,99.652
2019-05-30,1189.14,17.3,116.3989,56.47,1287.0999755859375,2788.860107421875,98.13999938964844,263.92999267578125,99.652
2019-05-31,1190.5,18.71,116.7273,53.49,1305.800048828125,2752.06005859375,97.75,263.8900146484375,99.652
2019-06-01,,,,,,,,,99.491
2019-06-02,,,,,,,,,99.491
2019-06-03,1180.97,18.86,116.4764,53.25,1322.699951171875,2744.449951171875,97.13999938964844,268.1600036621094,99.491
2019-06-04,1180.58,16.97,116.091,53.5,1323.4000244140625,2803.27001953125,97.06999969482422,267.6600036621094,99.491
2019-06-05,1178.24,16.09,116.03,51.57,1328.300048828125,2826.14990234375,97.37000274658205,267.989990234375,99.491
2019-06-06,1179.51,15.93,115.9771,52.59,1337.5999755859375,2843.489990234375,97.02999877929688,,99.491
2019-06-07,1181.27,16.3,115.7368,53.95,1341.199951171875,2873.340087890625,96.61000061035156,268.2699890136719,99.491
2019-06-08,,,,,,,,,99.491
2019-06-09,,,,,,,,,99.491
2019-06-10,1185.01,15.94,115.5001,53.33,1324.699951171875,2886.72998046875,96.76000213623048,272.1000061035156,99.491
2019-06-11,1178.88,15.99,115.3794,53.3,1326.4000244140625,2885.719970703125,96.69000244140624,273.2099914550781,99.491
2019-06-12,1182.82,15.91,115.438,51.13,1331.9000244140625,2879.840087890625,97.0,272.739990234375,99.491
2019-06-13,1183.23,15.82,115.6275,52.38,1339.199951171875,2891.639892578125,97.01000213623048,271.1300048828125,99.491
2019-06-14,1184.7,15.28,115.9057,52.47,1340.0999755859375,2886.97998046875,97.56999969482422,270.4800109863281,99.491
2019-06-15,,,,,,,,,99.491
2019-06-16,,,,,,,,,99.491
2019-06-17,1186.53,15.35,115.9684,51.94,1338.699951171875,2889.669921875,97.55999755859376,270.0899963378906,99.491
2019-06-18,1185.37,15.15,115.8797,53.86,1346.5999755859375,2917.75,97.63999938964844,271.3599853515625,99.491
2019-06-19,1185.37,14.33,115.7889,53.74,1344.5999755859375,2926.4599609375,97.12000274658205,275.3099975585937,99.491
2019-06-20,1159.05,14.75,114.8046,56.88,1392.9000244140625,2954.179931640625,96.62999725341795,276.010009765625,99.491
2019-06-21,1163.25,15.4,114.8377,57.35,1396.199951171875,2950.4599609375,96.22000122070312,275.4800109863281,99.491
2019-06-22,,,,,,,,,99.491
2019-06-23,,,,,,,,,99.491
2019-06-24,1156.14,15.26,114.6559,57.73,1414.300048828125,2945.35009765625,95.9800033569336,275.5799865722656,99.491
2019-06-25,1155.97,16.28,114.6363,57.63,1414.9000244140625,2917.3798828125,96.16000366210938,275.2799987792969,99.491
2019-06-26,1156.36,16.21,114.5608,59.17,1411.5999755859375,2913.780029296875,96.20999908447266,275.5299987792969,99.491
2019-06-27,1157.86,15.82,114.665,59.18,1408.4000244140625,2924.919921875,96.19000244140624,277.75,99.491
2019-06-28,1154.58,15.08,114.5821,58.2,1409.699951171875,2941.760009765625,96.12999725341795,277.5,99.491
2019-06-29,,,,,,,,,99.491
2019-06-30,,,,,,,,,99.491
2019-07-01,1158.5,14.06,114.7239,58.91,1385.5999755859375,2964.330078125,96.83999633789062,277.2699890136719,99.187
2019-07-02,1166.31,12.93,114.8258,56.0,1404.5999755859375,2973.010009765625,96.7300033569336,275.9700012207031,99.187
2019-07-03,1171.14,12.57,114.8135,57.06,1417.699951171875,2995.820068359375,96.7699966430664,272.3699951171875,99.187
2019-07-04,,,,,,,,274.5400085449219,99.187
2019-07-05,1170.26,13.28,115.1132,,1396.699951171875,2990.409912109375,97.25,274.3500061035156,99.187
2019-07-06,,,,,,,,,99.187
2019-07-07,,,,,,,,,99.187
2019-07-08,1181.31,13.96,115.0254,57.35,1397.0,2975.949951171875,97.37999725341795,268.54998779296875,99.187
2019-07-09,1180.2,14.09,115.1017,57.57,1397.5,2979.6298828125,97.48999786376952,267.7200012207031,99.187
2019-07-10,1181.58,13.03,115.0879,60.28,1410.0999755859375,2993.070068359375,97.0999984741211,268.75,99.187
2019-07-11,1173.35,12.93,114.8361,59.93,1404.300048828125,2999.909912109375,97.0500030517578,271.7799987792969,99.187
2019-07-12,1178.71,12.39,114.7685,59.99,1409.9000244140625,3013.77001953125,96.80999755859376,272.67999267578125,99.187
2019-07-13,,,,,,,,,99.187
2019-07-14,,,,,,,,,99.187
2019-07-15,1179.04,12.68,114.6819,59.3,1411.4000244140625,3014.300048828125,96.93000030517578,272.6400146484375,99.187
2019-07-16,1177.31,12.86,115.0111,57.44,1409.199951171875,3004.0400390625,97.4000015258789,274.04998779296875,99.187
2019-07-17,1181.09,13.97,114.8819,56.5,1421.300048828125,2984.419921875,97.22000122070312,271.4800109863281,99.187
2019-07-18,1178.29,13.53,114.8744,55.08,1426.0999755859375,2995.110107421875,96.79000091552734,270.6700134277344,99.187
2019-07-19,1173.92,14.45,114.8695,55.42,1425.0999755859375,2976.610107421875,97.1500015258789,274.54998779296875,99.187
2019-07-20,,,,,,,,,99.187
2019-07-21,,,,,,,,,99.187
2019-07-22,1178.17,13.53,115.0018,55.87,1425.300048828125,2985.030029296875,97.26000213623048,274.54998779296875,99.187
2019-07-23,1178.72,12.61,115.2995,56.58,1420.0999755859375,3005.469970703125,97.70999908447266,275.9200134277344,99.187
2019-07-24,1177.54,12.07,115.2436,55.9,1422.800048828125,3019.56005859375,97.7300033569336,273.2200012207031,99.187
2019-07-25,1181.17,12.74,115.2982,55.88,1413.9000244140625,3003.669921875,97.81999969482422,273.0400085449219,99.187
2019-07-26,1184.51,12.16,115.5449,56.04,1418.5,3025.860107421875,98.01000213623048,272.25,99.187
2019-07-27,,,,,,,,,99.187
2019-07-28,,,,,,,,,99.187
2019-07-29,1183.36,12.83,115.5885,56.85,1419.5999755859375,3020.969970703125,98.04000091552734,267.75,99.187
2019-07-30,1181.94,13.94,115.6211,58.04,1429.699951171875,3013.179931640625,98.0500030517578,268.95001220703125,99.187
2019-07-31,1182.74,16.12,115.4946,58.53,1426.0999755859375,2980.3798828125,98.5199966430664,266.3399963378906,99.187
2019-08-01,1187.0,17.87,116.0499,53.64,1420.9000244140625,2953.56005859375,98.38999938964844,265.7300109863281,99.425
2019-08-02,1196.59,17.61,116.1864,55.67,1445.5999755859375,2932.050048828125,98.0999984741211,262.989990234375,99.425
2019-08-03,,,,,,,,,99.425
2019-08-04,,,,,,,,,99.425
2019-08-05,1215.5,24.59,116.5851,54.63,1464.5999755859375,2844.739990234375,97.5,257.19000244140625,99.425
2019-08-06,1214.83,20.17,116.6904,53.6,1472.4000244140625,2881.77001953125,97.62999725341795,253.41000366210935,99.425
2019-08-07,1214.46,19.49,116.7987,51.14,1507.300048828125,2883.97998046875,97.54000091552734,252.0,99.425
2019-08-08,1208.77,16.91,116.474,52.6,1497.699951171875,2938.090087890625,97.62000274658205,252.3999938964844,99.425
2019-08-09,1214.15,17.97,116.4419,54.41,1496.5999755859375,2918.64990234375,97.48999786376952,254.8500061035156,99.425
2019-08-10,,,,,,,,,99.425
2019-08-11,,,,,,,,,99.425
2019-08-12,1215.7,21.09,116.7548,54.98,1505.300048828125,2882.699951171875,97.37999725341795,255.3500061035156,99.425
2019-08-13,1220.7,17.52,116.7267,57.05,1502.199951171875,2926.320068359375,97.80999755859376,252.8300018310547,99.425
2019-08-14,1212.44,22.1,117.0913,55.16,1515.9000244140625,2840.60009765625,97.98999786376952,254.8600006103516,99.425
2019-08-15,1214.34,21.18,117.2239,54.51,1519.5999755859375,2847.60009765625,98.13999938964844,,99.425
2019-08-16,1205.75,18.47,117.0786,54.83,1512.5,2888.679931640625,98.13999938964844,253.8999938964844,99.425
2019-08-17,,,,,,,,,99.425
2019-08-18,,,,,,,,,99.425
2019-08-19,1210.6,16.88,117.3886,56.24,1500.4000244140625,2923.64990234375,98.3499984741211,255.1100006103516,99.425
2019-08-20,1207.93,17.5,117.3726,56.18,1504.5999755859375,2900.510009765625,98.19000244140624,258.04998779296875,99.425
2019-08-21,1202.0,15.8,117.1764,55.65,1504.5999755859375,2924.429931640625,98.3000030517578,258.3800048828125,99.425
2019-08-22,1206.96,16.68,117.3558,55.33,1497.300048828125,2922.949951171875,98.16999816894533,256.2799987792969,99.425
2019-08-23,1210.5,19.87,117.3009,54.08,1526.5999755859375,2847.110107421875,97.63999938964844,256.1099853515625,99.425
2019-08-24,,,,,,,,,99.425
2019-08-25,,,,,,,,,99.425
2019-08-26,1217.51,19.32,117.6658,53.54,1526.300048828125,2878.3798828125,98.08000183105467,252.19000244140625,99.425
2019-08-27,1211.38,20.31,117.75,54.99,1541.0,2869.159912109375,98.0,253.5,99.425
2019-08-28,1213.75,19.35,117.8767,55.76,1537.800048828125,2887.93994140625,98.20999908447266,255.52999877929688,99.425
2019-08-29,1216.14,17.88,118.0625,56.67,1526.5,2924.580078125,98.51000213623048,254.30999755859372,99.425
2019-08-30,1211.32,18.98,118.1575,55.07,1519.0999755859375,2926.4599609375,98.91999816894533,259.0,99.425
2019-08-31,,,,,,,,,99.425
2019-09-01,,,,,,,,,99.794
2019-09-02,,,,,,,,259.0799865722656,99.794
2019-09-03,1212.44,19.66,118.3113,53.91,1545.9000244140625,2906.27001953125,98.9499969482422,258.25,99.794
2019-09-04,1207.84,17.33,117.6729,56.22,1550.300048828125,2937.780029296875,98.4499969482422,261.69000244140625,99.794
2019-09-05,1200.18,16.27,117.4776,56.33,1515.4000244140625,2976.0,98.41000366210938,264.44000244140625,99.794
2019-09-06,1196.81,15.0,117.1292,56.45,1506.199951171875,2978.7099609375,98.38999938964844,265.5299987792969,99.794
2019-09-07,,,,,,,,,99.794
2019-09-08,,,,,,,,,99.794
2019-09-09,1192.33,15.27,117.0601,57.88,1502.199951171875,2978.429931640625,98.27999877929688,267.3999938964844,99.794
2019-09-10,1191.22,15.2,117.0887,57.37,1490.300048828125,2979.389892578125,98.33000183105467,268.760009765625,99.794
2019-09-11,1191.51,14.61,117.3125,55.66,1494.4000244140625,3000.929931640625,98.6500015258789,270.8399963378906,99.794
2019-09-12,1180.7,14.22,116.8375,55.13,1498.699951171875,3009.570068359375,98.30999755859376,,99.794
2019-09-13,1176.62,13.74,116.7677,54.76,1490.9000244140625,3007.389892578125,98.26000213623048,,99.794
2019-09-14,,,,,,,,,99.794
2019-09-15,,,,,,,,,99.794
2019-09-16,1182.96,14.67,117.0251,63.1,1503.0999755859375,2997.9599609375,98.6500015258789,272.0199890136719,99.794
2019-09-17,1186.1,14.44,116.9826,59.26,1505.0999755859375,3005.699951171875,98.26000213623048,271.67999267578125,99.794
2019-09-18,1191.51,13.95,116.9766,58.19,1507.5,3006.72998046875,98.5999984741211,273.0599975585937,99.794
2019-09-19,1193.87,14.05,117.0861,58.19,1498.4000244140625,3006.7900390625,98.2699966430664,274.9200134277344,99.794
2019-09-20,1188.16,15.32,117.1819,57.92,1507.300048828125,2992.070068359375,98.51000213623048,276.44000244140625,99.794
2019-09-21,,,,,,,,,99.794
2019-09-22,,,,,,,,,99.794
2019-09-23,1195.48,14.91,117.2986,58.69,1523.699951171875,2991.780029296875,98.5999984741211,276.6499938964844,99.794
2019-09-24,1196.52,17.05,117.2227,57.22,1532.0999755859375,2966.60009765625,98.33999633789062,277.9700012207031,99.794
2019-09-25,1200.17,15.96,117.6527,56.38,1504.5999755859375,2984.8701171875,99.04000091552734,274.4200134277344,99.794
2019-09-26,1201.99,16.07,117.7267,56.24,1507.5,2977.6201171875,99.20999908447266,274.8900146484375,99.794
2019-09-27,1200.03,17.22,117.7218,55.95,1499.0999755859375,2961.7900390625,99.11000061035156,271.3299865722656,99.794
2019-09-28,,,,,,,,,99.794
2019-09-29,,,,,,,,,99.794
2019-09-30,1195.85,16.24,117.9461,54.09,1465.699951171875,2976.739990234375,99.37999725341795,273.54998779296875,99.794
2019-10-01,1198.96,18.56,117.9595,53.6,1482.0,2940.25,99.12999725341795,274.4200134277344,100.041
2019-10-02,1205.47,20.56,117.9671,52.67,1501.0,2887.610107421875,99.04000091552734,268.54998779296875,100.041
2019-10-03,1204.67,19.12,117.6608,52.41,1507.0999755859375,2910.6298828125,98.86000061035156,,100.041
2019-10-04,1192.93,17.04,117.5288,52.84,1506.199951171875,2952.010009765625,98.80999755859376,267.3900146484375,100.041
2019-10-05,,,,,,,,,100.041
2019-10-06,,,,,,,,,100.041
2019-10-07,1196.49,17.86,117.5533,52.76,1497.699951171875,2938.7900390625,98.98999786376952,267.6700134277344,100.041
2019-10-08,1193.24,20.28,117.7407,52.64,1497.199951171875,2893.06005859375,99.13999938964844,271.3599853515625,100.041
2019-10-09,1197.29,18.64,117.6835,52.63,1506.0999755859375,2919.39990234375,99.12000274658205,,100.041
2019-10-10,1190.06,17.57,117.2801,53.57,1494.800048828125,2938.1298828125,98.70999908447266,268.79998779296875,100.041
2019-10-11,1195.61,15.58,116.8239,54.76,1482.699951171875,2970.27001953125,98.3000030517578,271.29998779296875,100.041
2019-10-12,,,,,,,,,100.041
2019-10-13,,,,,,,,,100.041
2019-10-14,,14.57,,53.57,1491.699951171875,2966.14990234375,98.4499969482422,274.2300109863281,100.041
2019-10-15,1184.67,13.54,116.8111,52.81,1477.5999755859375,2995.679931640625,98.29000091552734,274.3399963378906,100.041
2019-10-16,1186.38,13.68,116.6425,53.42,1488.0,2989.68994140625,98.01000213623048,276.32000732421875,100.041
2019-10-17,1179.05,13.79,116.2615,53.89,1492.300048828125,2997.949951171875,97.61000061035156,275.57000732421875,100.041
2019-10-18,1181.06,14.25,116.1344,53.75,1488.199951171875,2986.199951171875,97.27999877929688,272.8099975585937,100.041
2019-10-19,,,,,,,,,100.041
2019-10-20,,,,,,,,,100.041
2019-10-21,1172.57,14.0,116.0436,53.28,1482.4000244140625,3006.719970703125,97.33000183105467,273.7900085449219,100.041
2019-10-22,1170.49,14.46,115.9851,54.21,1481.699951171875,2995.989990234375,97.52999877929688,277.4100036621094,100.041
2019-10-23,1172.07,14.01,116.0586,55.9,1489.9000244140625,3004.52001953125,97.47000122070312,276.2300109863281,100.041
2019-10-24,1173.19,13.71,116.1278,56.11,1498.9000244140625,3010.2900390625,97.62999725341795,276.70001220703125,100.041
2019-10-25,1171.58,12.65,116.0774,56.52,1499.5,3022.550048828125,97.83000183105467,277.07000732421875,100.041
2019-10-26,,,,,,,,,100.041
2019-10-27,,,,,,,,,100.041
2019-10-28,1170.17,13.11,116.0222,55.6,1490.0,3039.419921875,97.76000213623048,277.7799987792969,100.041
2019-10-29,1163.03,13.2,115.9797,55.34,1487.0,3036.889892578125,97.69000244140624,277.54998779296875,100.041
2019-10-30,1167.76,12.33,116.1636,54.85,1493.199951171875,3046.77001953125,97.6500015258789,275.510009765625,100.041
2019-10-31,1169.1,13.22,115.9125,54.02,1511.4000244140625,3037.56005859375,97.3499984741211,275.82000732421875,100.041
2019-11-01,1165.45,12.3,115.7312,56.04,1508.0,3066.909912109375,97.23999786376952,278.42999267578125,99.481
2019-11-02,,,,,,,,,99.481
2019-11-03,,,,,,,,,99.481
2019-11-04,1159.29,12.83,115.8624,56.33,1508.0,3078.27001953125,97.51000213623048,282.5400085449219,99.481
2019-11-05,1157.64,13.1,116.1138,57.04,1480.800048828125,3074.6201171875,97.9800033569336,284.3800048828125,99.481
2019-11-06,1156.73,12.62,116.1004,56.15,1490.199951171875,3076.780029296875,97.9499969482422,284.5199890136719,99.481
2019-11-07,1154.44,12.73,116.1172,56.91,1464.199951171875,3085.179931640625,98.13999938964844,284.3699951171875,99.481
2019-11-08,1157.14,12.07,116.3436,57.02,1461.300048828125,3093.080078125,98.3499984741211,283.1300048828125,99.481
2019-11-09,,,,,,,,,99.481
2019-11-10,,,,,,,,,99.481
2019-11-11,,12.69,,,1455.5,3087.010009765625,98.1999969482422,280.8500061035156,99.481
2019-11-12,1160.8,12.68,116.5837,56.67,1452.0999755859375,3091.840087890625,98.30999755859376,283.6499938964844,99.481
2019-11-13,1167.76,13.0,116.8397,56.88,1461.699951171875,3094.0400390625,98.37000274658205,281.2799987792969,99.481
2019-11-14,1169.82,13.05,116.8022,56.57,1471.800048828125,3096.6298828125,98.16000366210938,283.92999267578125,99.481
2019-11-15,1166.98,12.05,116.4401,57.54,1467.300048828125,3120.4599609375,98.0,287.2900085449219,99.481
2019-11-16,,,,,,,,,99.481
2019-11-17,,,,,,,,,99.481
2019-11-18,1163.76,12.46,116.3625,56.82,1470.9000244140625,3122.030029296875,97.79000091552734,287.17999267578125,99.481
2019-11-19,1167.13,12.86,116.5391,54.93,1473.300048828125,3120.179931640625,97.86000061035156,286.2300109863281,99.481
2019-11-20,1169.8,12.78,116.828,56.71,1473.300048828125,3108.4599609375,97.93000030517578,282.2099914550781,99.481
2019-11-21,1175.71,13.13,116.7435,58.36,1463.0999755859375,3103.5400390625,97.98999786376952,278.2799987792969,99.481
2019-11-22,1179.33,12.34,116.9137,57.68,1463.0999755859375,3110.2900390625,98.2699966430664,279.42999267578125,99.481
2019-11-23,,,,,,,,,99.481
2019-11-24,,,,,,,,,99.481
2019-11-25,1173.09,11.87,117.0098,57.79,1456.5999755859375,3133.639892578125,98.31999969482422,282.19000244140625,99.481
2019-11-26,1175.59,11.54,117.0513,58.25,1459.800048828125,3140.52001953125,98.25,281.8299865722656,99.481
2019-11-27,1176.89,11.75,117.1273,58.12,1453.4000244140625,3153.6298828125,98.41000366210938,282.8500061035156,99.481
2019-11-28,,,,,,,,281.2300109863281,99.481
2019-11-29,1181.33,12.62,117.1204,58.12,1465.5999755859375,3140.97998046875,98.2699966430664,276.7799987792969,99.481
2019-11-30,,,,,,,,,99.481
2019-12-01,,,,,,,,,99.719
2019-12-02,1182.84,14.91,116.9647,55.97,1462.300048828125,3113.8701171875,97.86000061035156,277.44000244140625,99.719
2019-12-03,1190.31,15.96,116.8898,56.15,1478.199951171875,3093.199951171875,97.73999786376952,276.19000244140625,99.719
2019-12-04,1194.45,14.8,116.692,58.46,1474.0,3112.760009765625,97.6500015258789,274.1499938964844,99.719
2019-12-05,1189.23,14.52,116.3838,58.42,1476.9000244140625,3117.429931640625,97.41000366210938,273.29998779296875,99.719
2019-12-06,1189.86,13.62,116.5381,59.2,1459.0999755859375,3145.909912109375,97.6999969482422,276.5599975585937,99.719
2019-12-07,,,,,,,,,99.719
2019-12-08,,,,,,,,,99.719
2019-12-09,1189.45,15.86,116.3283,58.99,1459.300048828125,3135.9599609375,97.63999938964844,278.0299987792969,99.719
2019-12-10,1191.01,15.68,116.2542,59.22,1462.5999755859375,3132.52001953125,97.41000366210938,279.3099975585937,99.719
2019-12-11,1192.2,14.99,116.1478,58.74,1469.4000244140625,3141.6298828125,97.16000366210938,280.2799987792969,99.719
2019-12-12,1186.41,13.94,115.8741,59.18,1466.699951171875,3168.570068359375,97.4000015258789,285.1099853515625,99.719
2019-12-13,1171.97,12.63,115.6967,60.11,1475.5999755859375,3168.800048828125,97.16999816894533,290.1099853515625,99.719
2019-12-14,,,,,,,,,99.719
2019-12-15,,,,,,,,,99.719
2019-12-16,1171.8,12.14,115.555,60.21,1475.0,3191.449951171875,97.06999969482422,289.760009765625,99.719
2019-12-17,1165.81,12.29,115.5553,60.88,1474.5999755859375,3192.52001953125,97.20999908447266,294.3999938964844,99.719
2019-12-18,1168.02,12.58,115.6618,60.93,1472.5999755859375,3191.139892578125,97.41000366210938,294.2200012207031,99.719
2019-12-19,1165.04,12.5,115.5988,61.3,1478.199951171875,3205.3701171875,97.41999816894533,294.3099975585937,99.719
2019-12-20,1160.3,12.51,115.7598,60.43,1474.699951171875,3221.219970703125,97.70999908447266,295.3099975585937,99.719
2019-12-21,,,,,,,,,99.719
2019-12-22,,,,,,,,,99.719
2019-12-23,1163.64,12.61,115.8059,60.51,1482.5,3224.010009765625,97.66000366210938,294.8699951171875,99.719
2019-12-24,1163.21,12.67,,61.17,1499.0999755859375,3223.3798828125,97.6500015258789,292.8999938964844,99.719
2019-12-25,,,,,,,,,99.719
2019-12-26,1161.18,12.65,115.634,61.72,1509.300048828125,3239.909912109375,97.58999633789062,294.0599975585937,99.719
2019-12-27,1160.87,13.43,115.22,61.76,1513.800048828125,3240.02001953125,96.91999816894533,295.20001220703125,99.719
2019-12-28,,,,,,,,,99.719
2019-12-29,,,,,,,,,99.719
2019-12-30,1155.75,14.82,114.9631,61.66,1514.5,3221.2900390625,96.73999786376952,293.7699890136719,99.719
2019-12-31,1155.46,13.78,114.669,61.14,1519.5,3230.780029296875,96.38999938964844,,99.719
2020-01-01,,,,,,,,,100.09
2020-01-02,1157.95,12.47,114.9745,61.17,1524.5,3257.85009765625,96.8499984741211,290.3500061035156,100.09
2020-01-03,1165.15,14.02,114.9867,63.0,1549.199951171875,3234.85009765625,96.83999633789062,290.739990234375,100.09
2020-01-04,,,,,,,,,100.09
2020-01-05,,,,,,,,,100.09
2020-01-06,1167.49,13.85,114.9557,63.27,1566.199951171875,3246.280029296875,96.66999816894533,288.42999267578125,100.09
2020-01-07,1166.21,13.79,115.1477,62.7,1571.800048828125,3237.179931640625,96.9800033569336,291.2300109863281,100.09
2020-01-08,1170.61,13.45,115.1328,59.65,1557.4000244140625,3253.050048828125,97.3000030517578,289.4200134277344,100.09
2020-01-09,1158.63,12.54,115.2331,59.56,1551.699951171875,3274.699951171875,97.4499969482422,294.4100036621094,100.09
2020-01-10,1161.18,12.56,115.0677,59.02,1557.5,3265.35009765625,97.36000061035156,297.0599975585937,100.09
2020-01-11,,,,,,,,,100.09
2020-01-12,,,,,,,,,100.09
2020-01-13,1156.25,12.32,115.0342,58.17,1548.4000244140625,3288.1298828125,97.3499984741211,300.1300048828125,100.09
2020-01-14,1156.28,12.39,115.0239,58.34,1542.4000244140625,3283.14990234375,97.37000274658205,301.5299987792969,100.09
2020-01-15,1156.84,12.42,114.9528,57.86,1552.0999755859375,3289.2900390625,97.2300033569336,299.739990234375,100.09
2020-01-16,1160.86,12.32,115.0006,58.52,1549.0,3316.81005859375,97.31999969482422,302.7799987792969,100.09
2020-01-17,1159.08,12.1,115.0656,58.55,1558.800048828125,3329.6201171875,97.61000061035156,303.29998779296875,100.09
2020-01-18,,,,,,,,,100.09
2020-01-19,,,,,,,,,100.09
2020-01-20,,,,,,,,305.5799865722656,100.09
2020-01-21,1166.56,12.85,115.1876,58.25,1556.4000244140625,3320.7900390625,97.52999877929688,302.1099853515625,100.09
2020-01-22,1165.68,12.91,115.2273,56.76,1555.300048828125,3321.75,97.52999877929688,306.0799865722656,100.09
2020-01-23,1168.38,12.98,115.5545,55.51,1564.5999755859375,3325.5400390625,97.69000244140624,302.3299865722656,100.09
2020-01-24,1166.91,14.56,115.5556,54.09,1571.0999755859375,3295.469970703125,97.8499984741211,,100.09
2020-01-25,,,,,,,,,100.09
2020-01-26,,,,,,,,,100.09
2020-01-27,1176.2,18.23,115.8004,53.09,1576.800048828125,3243.6298828125,97.95999908447266,,100.09
2020-01-28,1176.23,16.28,115.7239,53.33,1569.199951171875,3276.239990234375,98.0199966430664,292.7699890136719,100.09
2020-01-29,1176.98,16.39,115.7003,53.29,1569.800048828125,3273.39990234375,97.98999786376952,293.9800109863281,100.09
2020-01-30,1191.94,15.49,115.8077,52.19,1583.5,3283.659912109375,97.87000274658205,288.3699951171875,100.09
2020-01-31,1191.3,18.84,115.7345,51.58,1582.9000244140625,3225.52001953125,97.38999938964844,284.5299987792969,100.09
2020-02-01,,,,,,,,,100.16
2020-02-02,,,,,,,,,100.16
2020-02-03,1194.8,17.97,116.1172,50.06,1577.199951171875,3248.919921875,97.8000030517578,285.04998779296875,100.16
2020-02-04,1184.51,16.05,115.9291,49.59,1550.4000244140625,3297.590087890625,97.95999908447266,290.67999267578125,100.16
2020-02-05,1187.25,15.15,116.009,50.87,1557.800048828125,3334.68994140625,98.2699966430664,292.0199890136719,100.16
2020-02-06,1179.64,14.96,116.1518,50.94,1565.0999755859375,3345.780029296875,98.5,300.6499938964844,100.16
2020-02-07,1186.24,15.47,116.5086,50.34,1568.5999755859375,3327.7099609375,98.68000030517578,298.2099914550781,100.16
2020-02-08,,,,,,,,,100.16
2020-02-09,,,,,,,,,100.16
2020-02-10,1186.96,15.04,116.5711,49.59,1574.699951171875,3352.090087890625,98.83000183105467,296.239990234375,100.16
2020-02-11,1181.32,15.18,116.3585,50.0,1565.5999755859375,3357.75,98.72000122070312,299.2799987792969,100.16
2020-02-12,1178.98,13.74,116.2794,51.13,1567.4000244140625,3379.449951171875,99.0500030517578,301.5400085449219,100.16
2020-02-13,1182.02,14.15,116.3999,51.41,1575.0999755859375,3373.93994140625,99.06999969482422,300.92999267578125,100.16
2020-02-14,1183.2,13.68,116.4223,52.03,1582.699951171875,3380.159912109375,99.12000274658205,303.010009765625,100.16
2020-02-15,,,,,,,,,100.16
2020-02-16,,,,,,,,,100.16
2020-02-17,,,,,,,,302.760009765625,100.16
2020-02-18,1190.6,14.83,116.6039,52.1,1600.0,3370.2900390625,99.45999908447266,297.739990234375,100.16
2020-02-19,1191.1,14.38,116.7829,53.31,1607.5,3386.14990234375,99.5999984741211,298.3299865722656,100.16
2020-02-20,1198.34,15.56,117.2454,53.77,1616.5999755859375,3373.22998046875,99.87000274658205,296.6499938964844,100.16
2020-02-21,1207.91,17.08,117.0473,53.36,1644.5999755859375,3337.75,99.26000213623048,292.4200134277344,100.16
2020-02-22,,,,,,,,,100.16
2020-02-23,,,,,,,,,100.16
2020-02-24,1218.5,25.03,117.4018,51.36,1672.4000244140625,3225.889892578125,99.29000091552734,281.0199890136719,100.16
2020-02-25,1214.45,27.85,117.2425,49.78,1646.9000244140625,3128.2099609375,98.97000122070312,284.239990234375,100.16
2020-02-26,1213.61,27.56,117.405,48.67,1640.0,3116.389892578125,99.0,279.94000244140625,100.16
2020-02-27,1217.03,39.16,117.3678,47.17,1640.0,2978.760009765625,98.44000244140624,277.0899963378906,100.16
2020-02-28,1214.92,40.11,117.6568,44.83,1564.0999755859375,2954.219970703125,98.12999725341795,268.0199890136719,100.16
2020-02-29,,,,,,,,,100.16
2020-03-01,,,,,,,,,99.94
2020-03-02,1190.89,33.42,116.8144,46.78,1592.300048828125,3090.22998046875,97.36000061035156,270.3699951171875,99.94
2020-03-03,1194.66,36.82,116.4958,47.27,1642.0999755859375,3003.3701171875,97.1500015258789,271.5599975585937,99.94
2020-03-04,1187.54,31.99,116.7802,46.78,1641.0999755859375,3130.1201171875,97.33999633789062,278.1300048828125,99.94
2020-03-05,1181.11,39.62,116.7901,45.9,1666.4000244140625,3023.93994140625,96.81999969482422,281.3800048828125,99.94
2020-03-06,1192.0,41.94,116.7106,41.14,1670.800048828125,2972.3701171875,95.9499969482422,275.1000061035156,99.94
2020-03-07,,,,,,,,,99.94
2020-03-08,,,,,,,,,99.94
2020-03-09,1203.75,54.46,117.1871,31.05,1674.5,2746.56005859375,94.9000015258789,263.1099853515625,99.94
2020-03-10,1193.1,47.3,117.9027,34.47,1659.0999755859375,2882.22998046875,96.41000366210938,264.6700134277344,99.94
2020-03-11,1194.16,53.9,118.2505,33.13,1641.4000244140625,2741.3798828125,96.51000213623048,257.010009765625,99.94
2020-03-12,1206.19,75.47,120.4883,31.56,1589.300048828125,2480.639892578125,97.47000122070312,247.6199951171875,99.94
2020-03-13,1211.7,57.83,120.4388,31.72,1515.699951171875,2711.02001953125,98.75,240.6499938964844,99.94
2020-03-14,,,,,,,,,99.94
2020-03-15,,,,,,,,,99.94
2020-03-16,1225.33,82.69,120.9352,28.96,1485.9000244140625,2386.1298828125,98.08999633789062,232.97000122070312,99.94
2020-03-17,1240.98,75.91,122.4816,26.96,1524.9000244140625,2529.18994140625,99.58000183105467,226.88999938964844,99.94
2020-03-18,1245.19,76.45,124.1623,20.48,1477.300048828125,2398.10009765625,101.16000366210938,215.8300018310547,99.94
2020-03-19,1250.86,72.0,125.0587,25.09,1478.5999755859375,2409.389892578125,102.76000213623048,199.27999877929688,99.94
2020-03-20,1250.55,66.04,124.9362,19.48,1484.0,2304.919921875,102.81999969482422,213.6699981689453,99.94
2020-03-21,,,,,,,,,99.94
2020-03-22,,,,,,,,,99.94
2020-03-23,1267.25,61.59,126.1262,23.33,1567.0,2237.39990234375,102.48999786376952,201.8699951171875,99.94
2020-03-24,1249.88,61.67,125.5001,21.03,1660.199951171875,2447.330078125,101.73999786376952,220.33999633789065,99.94
2020-03-25,1228.15,63.95,124.7916,20.75,1632.300048828125,2475.56005859375,101.0500030517578,232.88999938964844,99.94
2020-03-26,1233.47,61.0,122.4308,16.6,1650.0999755859375,2630.070068359375,99.41999816894533,229.33999633789065,99.94
2020-03-27,1210.49,65.54,122.4007,15.48,1623.9000244140625,2541.469970703125,98.37000274658205,233.7899932861328,99.94
2020-03-28,,,,,,,,,99.94
2020-03-29,,,,,,,,,99.94
2020-03-30,1224.11,57.08,123.2883,14.1,1622.0,2626.64990234375,99.18000030517578,232.4499969482422,99.94
2020-03-31,1218.92,53.54,122.5301,20.51,1583.4000244140625,2584.590087890625,99.0500030517578,236.82000732421875,99.94
2020-04-01,1229.65,57.06,123.7933,20.28,1578.199951171875,2470.5,99.66999816894533,226.3500061035156,99.5
2020-04-02,1229.89,50.91,123.5916,25.18,1625.699951171875,2526.89990234375,100.18000030517578,231.83999633789065,99.5
2020-04-03,1230.56,46.8,124.4152,28.36,1633.699951171875,2488.64990234375,100.58000183105467,231.6999969482422,99.5
2020-04-04,,,,,,,,,99.5
2020-04-05,,,,,,,,,99.5
2020-04-06,1224.6,45.24,124.16,26.21,1677.0,2663.679931640625,100.69000244140624,240.80999755859372,99.5
2020-04-07,1220.43,46.7,123.0956,23.54,1664.800048828125,2659.409912109375,99.9800033569336,244.8699951171875,99.5
2020-04-08,1220.77,43.35,123.2216,24.97,1665.4000244140625,2749.97998046875,100.12000274658205,241.88999938964844,99.5
2020-04-09,1219.71,41.67,122.476,22.9,1736.199951171875,2789.820068359375,99.5199966430664,245.6100006103516,99.5
2020-04-10,1211.71,,122.1592,,,,,248.0,99.5
2020-04-11,,,,,,,,,99.5
2020-04-12,,,,,,,,,99.5
2020-04-13,1217.72,41.17,122.5203,22.36,1744.800048828125,2761.6298828125,99.3499984741211,243.3999938964844,99.5
2020-04-14,1216.85,37.76,122.1121,20.15,1756.699951171875,2846.06005859375,98.88999938964844,247.4499969482422,99.5
2020-04-15,1224.55,40.84,123.0752,19.96,1727.199951171875,2783.360107421875,99.45999908447266,,99.5
2020-04-16,1228.21,40.11,123.4615,19.82,1720.4000244140625,2799.550048828125,100.02999877929688,247.1000061035156,99.5
2020-04-17,1217.81,38.15,122.871,18.31,1689.199951171875,2874.56005859375,99.77999877929688,255.0200042724609,99.5
2020-04-18,,,,,,,,,99.5
2020-04-19,,,,,,,,,99.5
2020-04-20,1217.29,43.83,123.1033,-36.98,1701.5999755859375,2823.159912109375,99.95999908447266,252.13999938964844,99.5
2020-04-21,1229.28,45.41,123.9116,8.91,1678.199951171875,2736.56005859375,100.26000213623048,249.3999938964844,99.5
2020-04-22,1234.79,41.98,123.9256,13.64,1728.699951171875,2799.31005859375,100.38999938964844,251.8800048828125,99.5
2020-04-23,1229.04,41.38,123.7542,15.06,1733.300048828125,2797.800048828125,100.43000030517578,253.7400054931641,99.5
2020-04-24,1233.88,35.93,124.1615,15.99,1723.5,2836.739990234375,100.37999725341795,250.27999877929688,99.5
2020-04-25,,,,,,,,,99.5
2020-04-26,,,,,,,,,99.5
2020-04-27,1224.16,33.29,123.8843,12.17,1711.9000244140625,2878.47998046875,100.04000091552734,254.83999633789065,99.5
2020-04-28,1224.83,33.57,123.3693,12.4,1710.5,2863.389892578125,99.87000274658205,256.3900146484375,99.5
2020-04-29,1219.2,31.23,122.7782,15.04,1703.4000244140625,2939.510009765625,99.56999969482422,258.1499938964844,99.5
2020-04-30,1203.95,34.15,122.327,19.23,1684.199951171875,2912.429931640625,99.0199966430664,,99.5
2020-05-01,1223.2,37.19,123.1492,19.72,1694.5,2830.7099609375,98.8000030517578,,99.44
2020-05-02,,,,,,,,,99.44
2020-05-03,,,,,,,,,99.44
2020-05-04,1228.81,35.97,123.2117,20.47,1706.9000244140625,2842.739990234375,99.4800033569336,250.6000061035156,99.44
2020-05-05,1220.13,33.61,122.803,24.56,1704.4000244140625,2868.43994140625,99.70999908447266,,99.44
2020-05-06,1222.03,34.12,123.609,23.88,1684.199951171875,2848.419921875,100.08999633789062,255.0,99.44
2020-05-07,1224.76,31.44,123.1249,23.68,1721.800048828125,2881.18994140625,99.88999938964844,254.4600067138672,99.44
2020-05-08,1216.47,27.98,122.5379,24.73,1709.9000244140625,2929.800048828125,99.7300033569336,256.6199951171875,99.44
2020-05-09,,,,,,,,,99.44
2020-05-10,,,,,,,,,99.44
2020-05-11,1220.2,27.57,123.2333,24.02,1695.300048828125,2930.18994140625,100.23999786376952,254.9499969482422,99.44
2020-05-12,1222.0,33.04,123.0592,25.76,1704.4000244140625,2870.1201171875,99.93000030517578,253.3699951171875,99.44
2020-05-13,1223.86,35.28,123.5408,25.37,1713.9000244140625,2820.0,100.23999786376952,255.8500061035156,99.44
2020-05-14,1227.76,32.61,123.6429,27.4,1738.0999755859375,2852.5,100.47000122070312,253.6499938964844,99.44
2020-05-15,1230.71,31.89,123.5991,29.44,1753.4000244140625,2863.699951171875,100.4000015258789,253.7899932861328,99.44
2020-05-16,,,,,,,,,99.44
2020-05-17,,,,,,,,,99.44
2020-05-18,1232.32,29.3,122.7968,31.83,1731.800048828125,2953.909912109375,99.66999816894533,255.44000244140625,99.44
2020-05-19,1225.19,30.53,122.5655,32.3,1744.199951171875,2922.93994140625,99.37000274658205,261.7900085449219,99.44
2020-05-20,1230.02,27.99,122.1007,33.56,1750.5999755859375,2971.610107421875,99.12000274658205,262.7200012207031,99.44
2020-05-21,1230.53,29.53,122.0914,34.3,1720.5,2948.510009765625,99.37000274658205,263.739990234375,99.44
2020-05-22,1236.53,28.16,122.3211,33.49,1734.5999755859375,2955.449951171875,99.86000061035156,259.6199951171875,99.44
2020-05-23,,,,,,,,,99.44
2020-05-24,,,,,,,,,99.44
2020-05-25,,,,,,,,262.760009765625,99.44
2020-05-26,1234.24,28.01,121.3864,34.7,1704.800048828125,2991.77001953125,98.91000366210938,267.3099975585937,99.44
2020-05-27,1238.03,27.62,121.5677,32.8,1710.300048828125,3036.1298828125,99.05999755859376,267.6400146484375,99.44
2020-05-28,1239.28,28.59,121.0138,33.67,1713.300048828125,3029.72998046875,98.37999725341795,268.2900085449219,99.44
2020-05-29,1236.61,27.51,120.9458,35.57,1736.9000244140625,3044.31005859375,98.33999633789062,268.32000732421875,99.44
2020-05-30,,,,,,,,,99.44
2020-05-31,,,,,,,,,99.44
2020-06-01,1224.79,28.23,120.2686,35.49,1737.800048828125,3055.72998046875,97.83000183105467,273.19000244140625,99.71
2020-06-02,1225.07,26.84,119.6854,36.88,1725.199951171875,3080.820068359375,97.66999816894533,276.0799865722656,99.71
2020-06-03,1216.08,25.66,119.2556,37.33,1697.800048828125,3122.8701171875,97.27999877929688,285.9100036621094,99.71
2020-06-04,1218.77,25.81,119.3014,37.42,1718.9000244140625,3112.35009765625,96.68000030517578,286.45001220703125,99.71
2020-06-05,1202.79,24.52,118.8138,39.49,1676.199951171875,3193.929931640625,96.94000244140624,290.6199951171875,99.71
2020-06-06,,,,,,,,,99.71
2020-06-07,,,,,,,,,99.71
2020-06-08,1197.84,25.81,118.6621,38.17,1698.300048828125,3232.389892578125,96.62000274658205,290.7699890136719,99.71
2020-06-09,1197.04,27.57,118.5893,38.98,1714.699951171875,3207.179931640625,96.31999969482422,291.32000732421875,99.71
2020-06-10,1189.9,27.57,118.5231,39.54,1713.300048828125,3190.139892578125,95.95999908447266,291.8999938964844,99.71
2020-06-11,1196.34,40.79,119.2347,36.43,1732.0,3002.10009765625,96.7300033569336,288.6199951171875,99.71
2020-06-12,1204.52,36.09,119.6645,36.24,1729.300048828125,3041.31005859375,97.31999969482422,281.7799987792969,99.71
2020-06-13,,,,,,,,,99.71
2020-06-14,,,,,,,,,99.71
2020-06-15,1212.21,34.4,119.9539,37.07,1720.300048828125,3066.590087890625,96.68000030517578,267.95001220703125,99.71
2020-06-16,1207.26,33.67,119.567,38.26,1729.5999755859375,3124.739990234375,96.95999908447266,282.5899963378906,99.71
2020-06-17,1215.02,33.47,119.9105,37.91,1729.199951171875,3113.489990234375,97.16000366210938,283.0199890136719,99.71
2020-06-18,1211.65,32.94,120.2173,38.79,1724.800048828125,3115.340087890625,97.41999816894533,281.9100036621094,99.71
2020-06-19,1208.38,35.12,120.2186,39.72,1745.9000244140625,3097.739990234375,97.62000274658205,283.3699951171875,99.71
2020-06-20,,,,,,,,,99.71
2020-06-21,,,,,,,,,99.71
2020-06-22,1210.73,31.77,119.7532,40.6,1756.699951171875,3117.860107421875,97.04000091552734,281.4200134277344,99.71
2020-06-23,1206.43,31.37,119.3285,40.4,1772.0999755859375,3131.2900390625,96.69000244140624,281.94000244140625,99.71
2020-06-24,1199.55,33.84,119.9744,37.91,1765.800048828125,3050.330078125,97.1500015258789,286.70001220703125,99.71
2020-06-25,1203.59,32.22,120.2997,38.66,1762.0999755859375,3083.760009765625,97.43000030517578,279.7300109863281,99.71
2020-06-26,1203.44,34.73,120.533,38.53,1772.5,3009.050048828125,97.5,283.3800048828125,99.71
2020-06-27,,,,,,,,,99.71
2020-06-28,,,,,,,,,99.71
2020-06-29,1200.91,31.78,120.6658,39.67,1774.800048828125,3053.239990234375,97.54000091552734,278.0400085449219,99.71
2020-06-30,1200.5,30.43,120.4649,39.27,1793.0,3100.2900390625,97.38999938964844,280.0899963378906,99.71
2020-07-01,1201.84,28.62,120.0808,39.88,1773.199951171875,3115.860107421875,97.1999969482422,280.260009765625,99.63
2020-07-02,1199.84,27.68,119.8555,40.57,1784.0,3130.010009765625,97.31999969482422,283.8599853515625,99.63
2020-07-03,,,,,,,,285.8900146484375,99.63
2020-07-04,,,,,,,,,99.63
2020-07-05,,,,,,,,,99.63
2020-07-06,1192.66,27.94,119.2852,40.51,1788.5,3179.719970703125,96.79000091552734,290.6199951171875,99.63
2020-07-07,1194.43,29.43,119.5717,40.59,1804.199951171875,3145.320068359375,96.87999725341795,286.7699890136719,99.63
2020-07-08,1194.63,28.08,119.5525,40.91,1815.5,3169.93994140625,96.43000030517578,285.9700012207031,99.63
2020-07-09,1197.84,29.26,119.5129,39.64,1799.199951171875,3152.050048828125,96.6999969482422,287.25,99.63
2020-07-10,1204.34,27.29,119.3509,40.56,1798.199951171875,3185.0400390625,96.6500015258789,285.0599975585937,99.63
2020-07-11,,,,,,,,,99.63
2020-07-12,,,,,,,,,99.63
2020-07-13,1200.13,32.19,119.1891,40.06,1811.0,3155.219970703125,96.45999908447266,289.8399963378906,99.63
2020-07-14,1205.24,29.52,119.3901,40.3,1810.5999755859373,3197.52001953125,96.26000213623048,289.6300048828125,99.63
2020-07-15,1201.97,27.76,119.0331,41.2,1811.4000244140625,3226.56005859375,96.08000183105467,292.2699890136719,99.63
2020-07-16,1202.97,28.0,118.9275,40.74,1798.699951171875,3215.570068359375,96.3499984741211,289.25,99.63
2020-07-17,1203.86,25.68,119.124,40.55,1808.300048828125,3224.72998046875,95.94000244140624,291.57000732421875,99.63
2020-07-18,,,,,,,,,99.63
2020-07-19,,,,,,,,,99.63
2020-07-20,1202.26,24.46,119.0483,40.83,1815.9000244140625,3251.840087890625,95.83000183105467,290.8099975585937,99.63
2020-07-21,1194.64,24.84,118.4042,41.76,1842.4000244140625,3257.300048828125,95.12000274658205,295.1600036621094,99.63
2020-07-22,1194.83,24.32,118.1337,41.88,1864.0999755859373,3276.02001953125,94.97000122070312,294.0400085449219,99.63
2020-07-23,1198.91,26.08,118.0613,40.99,1889.0999755859373,3235.659912109375,94.69000244140624,292.3699951171875,99.63
2020-07-24,1203.17,25.84,118.1329,41.23,1897.300048828125,3215.6298828125,94.44000244140624,290.6600036621094,99.63
2020-07-25,,,,,,,,,99.63
2020-07-26,,,,,,,,,99.63
2020-07-27,1195.94,24.74,117.3869,41.46,1931.0,3239.409912109375,93.66999816894533,293.510009765625,99.63
2020-07-28,1198.15,25.44,117.3189,40.89,1944.699951171875,3218.43994140625,93.76000213623048,300.1300048828125,99.63
2020-07-29,1192.98,24.1,117.2126,41.13,1953.5,3258.43994140625,93.26000213623048,301.25,99.63
2020-07-30,1196.3,24.76,117.4008,39.85,1942.300048828125,3246.219970703125,93.0199966430664,301.8500061035156,99.63
2020-07-31,1192.68,24.46,117.2082,40.1,1962.800048828125,3271.1201171875,93.48999786376952,299.32000732421875,99.63
2020-08-01,,,,,,,,,100.19
2020-08-02,,,,,,,,,100.19
2020-08-03,1194.31,24.28,117.8074,40.83,1966.0,3294.610107421875,93.5,299.4599914550781,100.19
2020-08-04,1194.53,23.76,117.7833,41.67,2001.199951171875,3306.510009765625,93.37999725341795,303.0400085449219,100.19
2020-08-05,1188.93,22.99,116.8736,42.25,2031.0999755859373,3327.77001953125,92.83000183105467,306.6400146484375,100.19
2020-08-06,1185.29,22.65,117.0422,41.93,2051.5,3349.159912109375,92.79000091552734,311.32000732421875,100.19
2020-08-07,1189.25,22.21,117.6239,41.16,2010.0999755859373,3351.280029296875,93.44000244140624,312.57000732421875,100.19
2020-08-08,,,,,,,,,100.19
2020-08-09,,,,,,,,,100.19
2020-08-10,1186.28,22.13,117.5821,41.94,2024.4000244140625,3360.469970703125,93.58000183105467,316.7699890136719,100.19
2020-08-11,1184.84,24.03,117.3781,41.53,1932.5999755859373,3333.68994140625,93.62999725341795,321.0199890136719,100.19
2020-08-12,1184.09,22.28,117.2559,42.6,1934.9000244140625,3380.35009765625,93.44000244140624,322.67999267578125,100.19
2020-08-13,1183.25,22.13,117.1193,42.26,1956.699951171875,3373.429931640625,93.33999633789062,323.3299865722656,100.19
2020-08-14,1186.53,22.05,116.9395,42.05,1937.0,3372.85009765625,93.0999984741211,319.239990234375,100.19
2020-08-15,,,,,,,,,100.19
2020-08-16,,,,,,,,,100.19
2020-08-17,1184.17,21.35,116.749,42.89,1985.0,3381.989990234375,92.8499984741211,,100.19
2020-08-18,1184.74,21.51,116.5593,42.89,1999.4000244140625,3389.780029296875,92.2699966430664,312.8399963378906,100.19
2020-08-19,1181.06,22.54,116.567,42.91,1958.699951171875,3374.85009765625,92.88999938964844,313.5400085449219,100.19
2020-08-20,1187.66,22.72,116.8126,42.62,1933.800048828125,3385.510009765625,92.79000091552734,301.5899963378906,100.19
2020-08-21,1191.84,22.54,117.0572,42.32,1934.5999755859373,3397.159912109375,93.25,306.1600036621094,100.19
2020-08-22,,,,,,,,,100.19
2020-08-23,,,,,,,,,100.19
2020-08-24,1189.11,22.37,116.912,42.44,1927.699951171875,3431.280029296875,93.3000030517578,309.3299865722656,100.19
2020-08-25,1188.18,22.03,116.8206,43.17,1911.800048828125,3443.6201171875,93.0199966430664,313.5899963378906,100.19
2020-08-26,1185.6,23.27,116.6243,43.21,1940.699951171875,3478.72998046875,93.01000213623048,314.19000244140625,100.19
2020-08-27,1185.22,24.47,116.649,42.88,1921.5999755859373,3484.550048828125,93.01000213623048,311.3800048828125,100.19
2020-08-28,1181.62,22.96,115.9374,42.96,1964.5999755859373,3508.010009765625,92.37000274658205,312.239990234375,100.19
2020-08-29,,,,,,,,,100.19
2020-08-30,,,,,,,,,100.19
2020-08-31,1187.48,26.41,115.7586,42.61,1967.5999755859373,3500.31005859375,92.13999938964844,307.1400146484375,100.19
2020-09-01,1182.94,26.12,115.5687,42.76,1968.199951171875,3526.64990234375,92.33999633789062,309.8099975585937,100.74
2020-09-02,1189.98,26.57,116.0304,42.76,1934.4000244140625,3580.840087890625,92.8499984741211,311.5,100.74
2020-09-03,1188.04,33.6,116.0685,41.39,1927.5999755859373,3455.06005859375,92.73999786376952,316.42999267578125,100.74
2020-09-04,1190.6,30.75,116.0347,39.69,1923.9000244140625,3426.9599609375,92.72000122070312,312.0299987792969,100.74
2020-09-05,,,,,,,,,100.74
2020-09-06,,,,,,,,,100.74
2020-09-07,,,,,,,,313.6700134277344,100.74
2020-09-08,1188.69,31.46,116.4618,36.87,1933.0,3331.840087890625,93.4800033569336,317.3800048828125,100.74
2020-09-09,1185.12,28.81,116.1291,38.05,1944.699951171875,3398.9599609375,93.26000213623048,313.7699890136719,100.74
2020-09-10,1184.41,29.71,115.8806,37.25,1954.199951171875,3339.18994140625,93.33999633789062,316.5299987792969,100.74
2020-09-11,1186.55,26.87,116.0866,37.33,1937.800048828125,3340.969970703125,93.33000183105467,316.45001220703125,100.74
2020-09-12,,,,,,,,,100.74
2020-09-13,,,,,,,,,100.74
2020-09-14,1181.27,25.85,115.6428,37.23,1953.0999755859373,3383.5400390625,93.06999969482422,320.9800109863281,100.74
2020-09-15,1179.99,25.59,115.5908,38.29,1956.300048828125,3401.199951171875,93.0500030517578,323.3599853515625,100.74
2020-09-16,1176.0,26.04,115.3537,40.17,1960.199951171875,3385.489990234375,93.20999908447266,322.3099975585937,100.74
2020-09-17,1174.25,26.46,115.4392,40.99,1940.0,3357.010009765625,92.97000122070312,318.0,100.74
2020-09-18,1163.2,25.83,115.2395,41.09,1952.0999755859373,3319.469970703125,92.93000030517578,318.3900146484375,100.74
2020-09-19,,,,,,,,,100.74
2020-09-20,,,,,,,,,100.74
2020-09-21,1166.75,27.78,116.378,39.26,1901.199951171875,3281.06005859375,93.54000091552734,315.8900146484375,100.74
2020-09-22,1164.83,26.86,116.5438,39.55,1898.5999755859373,3315.570068359375,93.98999786376952,308.82000732421875,100.74
2020-09-23,1164.56,28.58,117.2526,39.92,1859.9000244140625,3236.919921875,94.38999938964844,309.6400146484375,100.74
2020-09-24,1170.49,28.51,117.5473,40.11,1868.300048828125,3246.590087890625,94.3499984741211,302.4800109863281,100.74
2020-09-25,1172.71,26.38,117.8679,40.06,1857.699951171875,3298.4599609375,94.58000183105467,303.57000732421875,100.74
2020-09-26,,,,,,,,,100.74
2020-09-27,,,,,,,,,100.74
2020-09-28,1168.08,26.19,117.6178,40.47,1872.800048828125,3351.60009765625,94.26000213623048,307.0299987792969,100.74
2020-09-29,1169.67,26.27,117.526,39.03,1894.300048828125,3335.469970703125,93.88999938964844,309.44000244140625,100.74
2020-09-30,1165.97,26.37,116.946,40.05,1887.5,3363.0,93.88999938964844,,100.74
2020-10-01,1163.05,26.7,116.7227,38.51,1908.4000244140625,3380.800048828125,93.70999908447266,,100.18
2020-10-02,1166.08,27.63,116.7321,36.9,1900.199951171875,3348.419921875,93.83999633789062,,100.18
2020-10-03,,,,,,,,,100.18
2020-10-04,,,,,,,,,100.18
2020-10-05,1157.77,27.96,116.1767,39.12,1912.5,3408.60009765625,93.51000213623048,313.510009765625,100.18
2020-10-06,1162.0,29.48,116.2681,40.52,1901.0999755859373,3360.969970703125,93.83000183105467,314.45001220703125,100.18
2020-10-07,1158.41,28.06,116.3447,39.82,1883.5999755859373,3419.43994140625,93.62999725341795,317.3500061035156,100.18
2020-10-08,1152.44,26.36,116.1657,41.04,1888.5999755859373,3446.830078125,93.61000061035156,317.4700012207031,100.18
2020-10-09,1143.46,25.0,115.2757,40.44,1919.5,3477.139892578125,93.05999755859376,,100.18
2020-10-10,,,,,,,,,100.18
2020-10-11,,,,,,,,,100.18
2020-10-12,,25.07,,39.22,1922.5,3534.219970703125,93.06999969482422,319.1499938964844,100.18
2020-10-13,1147.4,26.07,115.9107,40.03,1888.5,3511.929931640625,93.52999877929688,319.5799865722656,100.18
2020-10-14,1146.58,26.4,115.6872,40.86,1901.300048828125,3488.669921875,93.37999725341795,316.57000732421875,100.18
2020-10-15,1143.03,26.97,116.0964,40.84,1903.199951171875,3483.340087890625,93.86000061035156,313.9200134277344,100.18
2020-10-16,1146.82,27.41,115.7679,40.7,1900.800048828125,3483.81005859375,93.68000030517578,311.8299865722656,100.18
2020-10-17,,,,,,,,,100.18
2020-10-18,,,,,,,,,100.18
2020-10-19,1141.76,29.18,115.4031,40.69,1906.4000244140625,3426.919921875,93.43000030517578,312.5899963378906,100.18
2020-10-20,1138.65,29.35,115.2485,41.37,1910.4000244140625,3443.1201171875,93.06999969482422,314.7099914550781,100.18
2020-10-21,1132.11,28.65,114.9108,39.88,1924.5999755859373,3435.56005859375,92.61000061035156,315.760009765625,100.18
2020-10-22,1135.26,28.11,115.1158,40.46,1901.0999755859373,3453.489990234375,92.9499969482422,313.7699890136719,100.18
2020-10-23,1129.77,27.55,115.0126,39.73,1902.0,3465.389892578125,92.7699966430664,314.7900085449219,100.18
2020-10-24,,,,,,,,,100.18
2020-10-25,,,,,,,,,100.18
2020-10-26,1127.77,32.46,115.2797,38.39,1902.699951171875,3400.969970703125,93.0500030517578,313.5299987792969,100.18
2020-10-27,1127.9,33.35,115.0131,39.34,1908.800048828125,3390.679931640625,92.94000244140624,311.79998779296875,100.18
2020-10-28,1133.76,40.28,115.8023,37.27,1876.199951171875,3271.030029296875,93.41000366210938,313.1700134277344,100.18
2020-10-29,1131.12,37.59,116.3069,35.94,1865.5999755859373,3310.110107421875,93.95999908447266,309.94000244140625,100.18
2020-10-30,1133.99,38.02,116.1354,35.64,1877.4000244140625,3269.9599609375,94.04000091552734,301.6000061035156,100.18
2020-10-31,,,,,,,,,100.18
2020-11-01,,,,,,,,,100.09
2020-11-02,1134.62,37.13,116.2361,36.6,1890.4000244140625,3310.239990234375,94.0500030517578,305.95001220703125,100.09
2020-11-03,1134.3,35.55,115.4802,37.44,1908.5,3369.159912109375,93.5500030517578,312.07000732421875,100.09
2020-11-04,1137.37,29.57,115.1677,38.97,1894.5999755859373,3443.43994140625,93.41000366210938,313.8299865722656,100.09
2020-11-05,1122.96,27.58,114.4556,38.56,1945.300048828125,3510.449951171875,92.52999877929688,321.510009765625,100.09
2020-11-06,1121.0,24.86,113.9919,36.97,1950.300048828125,3509.43994140625,92.2300033569336,322.1000061035156,100.09
2020-11-07,,,,,,,,,100.09
2020-11-08,,,,,,,,,100.09
2020-11-09,1113.14,25.75,114.0895,40.05,1853.199951171875,3550.5,92.7300033569336,325.8299865722656,100.09
2020-11-10,1117.63,24.8,114.0757,41.18,1875.4000244140625,3545.530029296875,92.75,326.1300048828125,100.09
2020-11-11,,23.45,,41.23,1860.699951171875,3572.659912109375,93.04000091552734,331.1199951171875,100.09
2020-11-12,1112.95,25.35,114.2843,40.9,1872.5999755859373,3537.010009765625,92.95999908447266,329.7200012207031,100.09
2020-11-13,1109.47,23.1,114.2397,39.93,1885.699951171875,3585.14990234375,92.76000213623048,333.0299987792969,100.09
2020-11-14,,,,,,,,,100.09
2020-11-15,,,,,,,,,100.09
2020-11-16,1106.88,22.45,113.8312,41.14,1887.300048828125,3626.909912109375,92.56999969482422,340.6300048828125,100.09
2020-11-17,1105.33,22.71,113.682,41.24,1884.5,3609.530029296875,92.41999816894533,339.8500061035156,100.09
2020-11-18,1105.72,23.84,113.46,41.64,1873.5,3567.7900390625,92.31999969482422,339.9599914550781,100.09
2020-11-19,1114.93,23.11,113.694,41.57,1861.0999755859373,3581.8701171875,92.29000091552734,340.1600036621094,100.09
2020-11-20,1114.48,23.7,113.489,41.99,1872.5999755859373,3557.5400390625,92.38999938964844,340.6199951171875,100.09
2020-11-21,,,,,,,,,100.09
2020-11-22,,,,,,,,,100.09
2020-11-23,1115.42,22.66,113.7548,42.91,1837.800048828125,3577.590087890625,92.51000213623048,348.4599914550781,100.09
2020-11-24,1110.93,21.64,113.4316,44.71,1804.800048828125,3635.409912109375,92.2300033569336,350.2799987792969,100.09
2020-11-25,1106.84,21.25,113.1823,45.58,1805.699951171875,3629.64990234375,91.98999786376952,348.29998779296875,100.09
2020-11-26,,,,,,,,352.1199951171875,100.09
2020-11-27,,20.84,,,1781.9000244140625,3638.35009765625,91.79000091552734,352.7300109863281,100.09
2020-11-28,,,,,,,,,100.09
2020-11-29,,,,,,,,,100.09
2020-11-30,1105.79,20.57,113.2256,45.2,1775.699951171875,3621.6298828125,91.87000274658205,346.04998779296875,100.09
2020-12-01,1107.33,20.77,112.8063,44.54,1814.0999755859373,3662.449951171875,91.30999755859376,352.3999938964844,100.33
2020-12-02,1100.15,21.17,112.6115,45.23,1825.699951171875,3669.010009765625,91.12000274658205,358.6600036621094,100.33
2020-12-03,1096.28,21.28,112.0236,45.65,1836.800048828125,3666.719970703125,90.70999908447266,361.6600036621094,100.33
2020-12-04,1081.85,20.79,111.7778,46.23,1835.9000244140625,3699.1201171875,90.6999969482422,367.6300048828125,100.33
2020-12-05,,,,,,,,,100.33
2020-12-06,,,,,,,,,100.33
2020-12-07,1082.22,21.3,111.8385,45.72,1861.800048828125,3691.9599609375,90.79000091552734,369.8599853515625,100.33
2020-12-08,1085.4,20.68,111.8639,45.64,1870.800048828125,3702.25,90.97000122070312,363.4500122070313,100.33
2020-12-09,1083.78,22.27,112.0305,45.48,1834.5999755859373,3672.820068359375,91.08999633789062,371.4700012207031,100.33
2020-12-10,1086.83,22.52,111.9788,46.76,1833.5999755859373,3668.10009765625,90.79000091552734,369.3699951171875,100.33
2020-12-11,1091.23,23.31,112.1417,46.59,1839.800048828125,3663.4599609375,90.9800033569336,372.239990234375,100.33
2020-12-12,,,,,,,,,100.33
2020-12-13,,,,,,,,,100.33
2020-12-14,1093.19,24.72,112.1708,47.02,1828.699951171875,3647.489990234375,90.70999908447266,371.55999755859375,100.33
2020-12-15,1092.22,22.89,111.8601,47.58,1852.300048828125,3694.6201171875,90.47000122070312,370.8800048828125,100.33
2020-12-16,1093.71,22.5,111.7157,47.86,1856.0999755859373,3701.169921875,90.4499969482422,372.5299987792969,100.33
2020-12-17,1092.96,21.93,111.2226,48.34,1887.199951171875,3722.47998046875,89.81999969482422,372.0,100.33
2020-12-18,1099.37,21.57,111.6071,49.04,1885.699951171875,3709.409912109375,90.0199966430664,371.5499877929688,100.33
2020-12-19,,,,,,,,,100.33
2020-12-20,,,,,,,,,100.33
2020-12-21,1107.03,25.16,111.9415,47.79,1879.199951171875,3694.919921875,90.04000091552734,372.1799926757813,100.33
2020-12-22,1107.12,24.23,112.1947,47.02,1866.5999755859373,3687.260009765625,90.6500015258789,366.4299926757813,100.33
2020-12-23,1106.92,23.31,111.9807,47.94,1874.699951171875,3690.010009765625,90.41000366210938,371.3200073242188,100.33
2020-12-24,,21.53,,48.18,1879.9000244140625,3703.06005859375,90.33000183105467,379.1799926757813,100.33
2020-12-25,,,,,,,,,100.33
2020-12-26,,,,,,,,,100.33
2020-12-27,,,,,,,,,100.33
2020-12-28,1096.67,21.7,111.9752,47.5,1877.199951171875,3735.360107421875,90.33999633789062,379.9299926757813,100.33
2020-12-29,1092.55,23.08,111.5172,47.85,1879.699951171875,3727.0400390625,90.01000213623047,381.2699890136719,100.33
2020-12-30,1086.62,22.77,111.3084,48.24,1891.0,3732.0400390625,89.62999725341797,389.2900085449219,100.33
2020-12-31,1086.11,22.75,111.3169,48.35,1893.0999755859373,3756.070068359375,89.94000244140625,,100.33
2021-01-01,,,,,,,,,101.04
2021-01-02,,,,,,,,,101.04
2021-01-03,,,,,,,,,101.04
2021-01-04,1081.62,26.97,111.2075,47.47,1944.699951171875,3700.64990234375,89.87999725341797,399.8800048828125,101.04
2021-01-05,1087.42,25.34,110.9574,49.78,1952.699951171875,3726.860107421875,89.44000244140625,406.0299987792969,101.04
2021-01-06,1085.71,25.07,110.8502,50.45,1906.9000244140625,3748.139892578125,89.52999877929688,402.0799865722656,101.04
2021-01-07,1086.78,22.37,111.3042,50.63,1912.300048828125,3803.7900390625,89.83000183105469,410.80999755859375,101.04
2021-01-08,1089.48,21.56,111.2847,52.14,1834.0999755859373,3824.679931640625,90.0999984741211,430.2200012207031,101.04
2021-01-09,,,,,,,,,101.04
2021-01-10,,,,,,,,,101.04
2021-01-11,1097.39,24.08,111.8257,52.15,1849.5999755859373,3799.610107421875,90.54000091552734,431.1300048828125,101.04
2021-01-12,1099.57,23.33,111.5501,53.08,1842.9000244140625,3801.18994140625,90.05000305175781,427.8699951171875,101.04
2021-01-13,1098.31,22.21,111.3622,52.81,1853.5999755859373,3809.840087890625,90.31999969482422,430.3800048828125,101.04
2021-01-14,1098.37,23.25,111.1567,53.47,1850.300048828125,3795.5400390625,90.23999786376952,429.8500061035156,101.04
2021-01-15,1099.39,24.34,111.5106,52.25,1829.300048828125,3768.25,90.77999877929688,420.4299926757813,101.04
2021-01-16,,,,,,,,,101.04
2021-01-17,,,,,,,,,101.04
2021-01-18,,,,,,,,410.5,101.04
2021-01-19,1102.14,23.24,111.4527,52.87,1839.5,3798.909912109375,90.5,421.3500061035156,101.04
2021-01-20,,21.58,,53.16,1865.9000244140625,3851.85009765625,90.47000122070312,424.010009765625,101.04
2021-01-21,1097.91,21.32,111.1973,53.0,1865.300048828125,3853.070068359375,90.12999725341795,430.2699890136719,101.04
2021-01-22,1105.5,21.91,111.5516,52.28,1855.699951171875,3841.469970703125,90.23999786376952,427.1300048828125,101.04
2021-01-23,,,,,,,,,101.04
2021-01-24,,,,,,,,,101.04
2021-01-25,1101.02,23.19,111.8676,52.78,1854.9000244140625,3855.360107421875,90.38999938964844,437.2999877929688,101.04
2021-01-26,1103.26,23.02,111.6572,52.61,1850.699951171875,3849.6201171875,90.16999816894533,426.7300109863281,101.04
2021-01-27,1104.09,37.21,112.0782,52.81,1844.9000244140625,3750.77001953125,90.6500015258789,423.6700134277344,101.04
2021-01-28,1111.95,30.21,112.0059,52.26,1837.9000244140625,3787.3798828125,90.45999908447266,416.3999938964844,101.04
2021-01-29,1118.35,33.09,111.9511,52.16,1847.300048828125,3714.239990234375,90.58000183105467,404.55999755859375,101.04
2021-01-30,,,,,,,,,101.04
2021-01-31,,,,,,,,,101.04
2021-02-01,1116.48,30.24,112.4189,53.55,1860.800048828125,3773.860107421875,91.0199966430664,415.4500122070313,101.58
2021-02-02,1115.88,25.56,112.2862,54.77,1830.5,3826.31005859375,91.1999969482422,421.0299987792969,101.58
2021-02-03,1114.47,22.91,112.2567,55.67,1832.199951171875,3830.169921875,91.12000274658205,425.2099914550781,101.58
2021-02-04,1120.02,21.77,112.7469,56.19,1788.9000244140625,3871.739990234375,91.52999877929688,418.30999755859375,101.58
2021-02-05,1123.7,20.87,112.2379,56.8,1810.9000244140625,3886.830078125,91.04000091552734,423.2999877929688,101.58
2021-02-06,,,,,,,,,101.58
2021-02-07,,,,,,,,,101.58
2021-02-08,1119.22,21.24,112.0428,57.95,1831.9000244140625,3915.590087890625,90.93000030517578,418.9500122070313,101.58
2021-02-09,1116.42,21.63,111.7675,58.34,1835.300048828125,3911.22998046875,90.44000244140624,417.9100036621094,101.58
2021-02-10,1106.9,21.99,111.5834,58.69,1840.5999755859373,3909.8798828125,90.37000274658205,419.6499938964844,101.58
2021-02-11,1102.7,21.25,111.5272,58.22,1824.9000244140625,3916.3798828125,90.41999816894533,,101.58
2021-02-12,1102.16,19.97,111.4889,59.5,1821.5999755859373,3934.830078125,90.4800033569336,,101.58
2021-02-13,,,,,,,,,101.58
2021-02-14,,,,,,,,,101.58
2021-02-15,,,,,,,,427.010009765625,101.58
2021-02-16,1099.61,21.46,111.7879,60.07,1797.199951171875,3932.590087890625,90.51000213623048,429.239990234375,101.58
2021-02-17,1107.44,21.5,112.0204,61.09,1771.0999755859375,3931.330078125,90.9499969482422,424.2000122070313,101.58
2021-02-18,1108.56,22.49,112.1603,60.4,1773.4000244140625,3913.969970703125,90.58999633789062,417.4400024414063,101.58
2021-02-19,1105.81,22.05,111.7058,59.12,1775.800048828125,3906.7099609375,90.36000061035156,420.9400024414063,101.58
2021-02-20,,,,,,,,,101.58
2021-02-21,,,,,,,,,101.58
2021-02-22,1111.56,23.45,111.918,61.67,1806.699951171875,3876.5,90.01000213623047,416.8800048828125,101.58
2021-02-23,1110.25,23.11,111.8981,61.66,1804.4000244140625,3881.3701171875,90.16999816894533,415.8200073242188,101.58
2021-02-24,1112.19,21.34,111.7212,63.21,1796.4000244140625,3925.429931640625,90.18000030517578,407.1600036621094,101.58
2021-02-25,1107.73,28.89,111.9253,63.43,1774.4000244140625,3829.340087890625,90.12999725341795,422.5199890136719,101.58
2021-02-26,1123.36,27.95,112.8306,61.55,1728.0999755859375,3811.14990234375,90.93000030517578,409.9100036621094,101.58
2021-02-27,,,,,,,,,101.58
2021-02-28,,,,,,,,,101.58
2021-03-01,1118.59,23.35,112.5263,60.54,1722.5,3901.820068359375,91.04000091552734,,101.84
2021-03-02,1125.61,24.1,112.5342,59.7,1733.0999755859375,3870.2900390625,90.79000091552734,414.7999877929688,101.84
2021-03-03,1123.96,26.67,112.7617,61.33,1715.300048828125,3819.719970703125,90.9499969482422,420.2699890136719,101.84
2021-03-04,1124.45,28.57,112.7037,63.81,1700.199951171875,3768.469970703125,91.62999725341795,414.1700134277344,101.84
2021-03-05,1124.85,24.66,113.7487,66.08,1698.0,3841.93994140625,91.9800033569336,412.0,101.84
2021-03-06,,,,,,,,,101.84
2021-03-07,,,,,,,,,101.84
2021-03-08,1132.64,25.47,114.2678,65.03,1677.699951171875,3821.35009765625,92.30999755859376,408.3399963378906,101.84
2021-03-09,1140.63,24.03,113.928,64.02,1716.5999755859375,3875.43994140625,91.95999908447266,405.7900085449219,101.84
2021-03-10,1139.85,22.56,113.5881,64.45,1721.5,3898.81005859375,91.79000091552734,403.4800109863281,101.84
2021-03-11,1135.19,21.91,112.9214,66.02,1722.300048828125,3939.340087890625,91.41999816894533,411.0199890136719,101.84
2021-03-12,1133.09,20.69,113.0269,65.59,1719.5,3943.340087890625,91.68000030517578,416.1300048828125,101.84
2021-03-13,,,,,,,,,101.84
2021-03-14,,,,,,,,,101.84
2021-03-15,1136.37,20.03,113.1928,65.36,1728.9000244140625,3968.93994140625,91.83000183105467,414.1799926757813,101.84
2021-03-16,1129.69,19.79,112.9839,64.82,1730.5999755859375,3962.7099609375,91.87000274658205,417.30999755859375,101.84
2021-03-17,1130.24,19.23,113.1589,64.55,1726.800048828125,3974.1201171875,91.4000015258789,414.010009765625,101.84
2021-03-18,1123.51,21.58,112.7744,59.95,1732.199951171875,3915.4599609375,91.8499984741211,417.05999755859375,101.84
2021-03-19,1130.38,20.95,112.9756,61.43,1741.4000244140625,3913.10009765625,91.91999816894533,412.9100036621094,101.84
2021-03-20,,,,,,,,,101.84
2021-03-21,,,,,,,,,101.84
2021-03-22,1128.19,18.88,113.0023,61.48,1737.800048828125,3940.590087890625,91.8000030517578,412.6400146484375,101.84
2021-03-23,1128.96,20.3,113.2916,57.75,1724.699951171875,3910.52001953125,92.33999633789062,408.7099914550781,101.84
2021-03-24,1133.35,21.2,113.6565,61.12,1732.9000244140625,3889.139892578125,92.52999877929688,407.1000061035156,101.84
2021-03-25,1133.31,19.81,114.0016,58.47,1724.9000244140625,3909.52001953125,92.87999725341795,408.5299987792969,101.84
2021-03-26,1129.26,18.86,113.7406,60.93,1732.199951171875,3974.5400390625,92.7699966430664,412.8900146484375,101.84
2021-03-27,,,,,,,,,101.84
2021-03-28,,,,,,,,,101.84
2021-03-29,1133.57,20.74,113.9314,61.49,1712.0999755859375,3971.090087890625,92.94000244140624,412.0499877929688,101.84
2021-03-30,1133.44,19.61,114.203,60.55,1683.9000244140625,3958.550048828125,93.3000030517578,416.6099853515625,101.84
2021-03-31,1126.72,19.4,113.8234,59.19,1713.800048828125,3972.889892578125,93.2300033569336,415.0400085449219,101.84
2021-04-01,1131.63,17.33,113.7389,61.41,1726.5,4019.8701171875,92.93000030517578,419.4200134277344,101.98
2021-04-02,1127.3,,113.7315,,,,,423.739990234375,101.98
2021-04-03,,,,,,,,,101.98
2021-04-04,,,,,,,,,101.98
2021-04-05,1127.34,17.91,113.394,58.73,1727.0,4077.909912109375,92.5999984741211,424.8500061035156,101.98
2021-04-06,1117.12,18.12,113.1464,59.34,1741.5,4073.93994140625,92.33999633789062,425.8800048828125,101.98
2021-04-07,1116.21,17.16,113.2436,59.77,1740.0999755859375,4079.949951171875,92.45999908447266,426.7000122070313,101.98
2021-04-08,1116.96,16.95,113.0917,59.61,1756.800048828125,4097.169921875,92.05999755859376,426.8599853515625,101.98
2021-04-09,1120.84,16.69,113.2028,59.29,1743.300048828125,4128.7998046875,92.16000366210938,424.2999877929688,101.98
2021-04-10,,,,,,,,,101.98
2021-04-11,,,,,,,,,101.98
2021-04-12,1124.6,16.91,113.1815,59.7,1731.199951171875,4127.990234375,92.13999938964844,424.2200012207031,101.98
2021-04-13,1125.63,16.65,113.0391,60.2,1746.199951171875,4141.58984375,91.8499984741211,429.0799865722656,101.98
2021-04-14,1116.43,16.99,112.7849,63.15,1734.9000244140625,4124.66015625,91.69000244140624,430.7099914550781,101.98
2021-04-15,1115.04,16.57,112.6181,63.42,1765.4000244140625,4170.419921875,91.66999816894533,432.6600036621094,101.98
2021-04-16,1114.93,16.25,112.4814,63.16,1779.0,4185.47021484375,91.55999755859376,432.4299926757813,101.98
2021-04-17,,,,,,,,,101.98
2021-04-18,,,,,,,,,101.98
2021-04-19,1115.03,17.29,112.1835,63.33,1769.4000244140625,4163.259765625,91.06999969482422,431.9599914550781,101.98
2021-04-20,1116.68,18.68,112.2354,62.61,1777.300048828125,4134.93994140625,91.23999786376952,434.6000061035156,101.98
2021-04-21,1117.8,17.5,112.1771,61.34,1792.300048828125,4173.419921875,91.16000366210938,426.75,101.98
2021-04-22,1117.3,18.71,112.2297,61.45,1781.199951171875,4134.97998046875,91.33000183105467,427.3699951171875,101.98
2021-04-23,1115.1,17.33,112.0889,62.18,1777.0,4180.169921875,90.86000061035156,427.760009765625,101.98
2021-04-24,,,,,,,,,101.98
2021-04-25,,,,,,,,,101.98
2021-04-26,1110.88,17.64,111.8109,62.02,1779.199951171875,4187.6201171875,90.80999755859376,432.3599853515625,101.98
2021-04-27,1109.6,17.56,111.9097,63.03,1778.0,4186.72021484375,90.91000366210938,432.1400146484375,101.98
2021-04-28,1112.28,17.28,111.7909,63.81,1773.199951171875,4183.18017578125,90.61000061035156,427.4800109863281,101.98
2021-04-29,1108.54,17.61,111.7464,65.0,1768.0999755859375,4211.47021484375,90.61000061035156,426.2799987792969,101.98
2021-04-30,1115.58,18.61,112.0839,63.5,1767.300048828125,4181.169921875,91.27999877929688,422.3599853515625,101.98
2021-05-01,,,,,,,,,102.05
2021-05-02,,,,,,,,,102.05
2021-05-03,1122.88,18.31,112.005,64.46,1791.4000244140625,4192.66015625,90.9499969482422,420.3599853515625,102.05
2021-05-04,1122.05,19.48,112.2896,65.72,1775.800048828125,4164.66015625,91.29000091552734,423.5700073242188,102.05
2021-05-05,1125.82,19.15,112.1514,65.63,1784.0999755859375,4167.58984375,91.30999755859376,,102.05
2021-05-06,1121.94,18.39,111.8401,64.73,1815.5,4201.6201171875,90.9499969482422,424.05999755859375,102.05
2021-05-07,1121.06,16.69,111.0249,64.96,1831.0999755859373,4232.60009765625,90.2300033569336,428.55999755859375,102.05
2021-05-08,,,,,,,,,102.05
2021-05-09,,,,,,,,,102.05
2021-05-10,1112.28,19.66,110.7905,64.92,1837.5,4188.43017578125,90.20999908447266,435.6300048828125,102.05
2021-05-11,1119.38,21.84,110.8921,65.31,1835.9000244140625,4152.10009765625,90.13999938964844,428.7699890136719,102.05
2021-05-12,1124.33,27.59,111.5636,65.96,1822.5999755859373,4063.0400390625,90.70999908447266,421.8599853515625,102.05
2021-05-13,1130.35,23.13,111.5955,63.82,1823.800048828125,4112.5,90.75,416.0700073242188,102.05
2021-05-14,1126.76,18.81,111.1353,65.32,1837.9000244140625,4173.85009765625,90.31999969482422,420.1700134277344,102.05
2021-05-15,,,,,,,,,102.05
2021-05-16,,,,,,,,,102.05
2021-05-17,1136.03,19.72,111.079,66.24,1867.5,4163.2900390625,90.22000122070312,418.2699890136719,102.05
2021-05-18,1129.67,21.34,110.8317,65.49,1867.800048828125,4127.830078125,89.75,423.0899963378906,102.05
2021-05-19,1128.18,22.18,110.8807,63.28,1881.300048828125,4115.68017578125,90.19000244140624,,102.05
2021-05-20,1127.74,20.67,110.8605,61.95,1881.800048828125,4159.1201171875,89.80999755859375,421.6799926757813,102.05
2021-05-21,1126.59,20.15,111.0576,63.61,1876.699951171875,4155.85986328125,90.0199966430664,422.0799865722656,102.05
2021-05-22,,,,,,,,,102.05
2021-05-23,,,,,,,,,102.05
2021-05-24,1125.28,18.4,110.9118,66.13,1884.5999755859373,4197.0498046875,89.83000183105469,420.5700073242188,102.05
2021-05-25,1123.21,18.84,110.842,66.27,1898.0999755859373,4188.1298828125,89.63999938964844,424.3500061035156,102.05
2021-05-26,1117.63,17.36,110.8677,66.41,1901.300048828125,4195.990234375,90.04000091552734,423.5400085449219,102.05
2021-05-27,1117.47,16.74,110.8688,66.87,1895.699951171875,4200.8798828125,89.97000122070312,423.0,102.05
2021-05-28,1114.48,16.76,110.7576,66.31,1902.5,4204.10986328125,90.02999877929688,425.9500122070313,102.05
2021-05-29,,,,,,,,,102.05
2021-05-30,,,,,,,,,102.05
2021-05-31,,,,,,,,427.9100036621094,102.05
2021-06-01,1106.43,17.9,110.5046,67.8,1902.9000244140625,4202.0400390625,89.83000183105469,430.3200073242188,102.05
2021-06-02,1110.37,17.48,110.5799,68.79,1907.5,4208.1201171875,89.9000015258789,430.1499938964844,102.05
2021-06-03,1117.63,18.04,111.1782,68.81,1871.199951171875,4192.85009765625,90.5,433.8699951171875,102.05
2021-06-04,1112.03,16.42,110.7521,69.57,1889.800048828125,4229.89013671875,90.13999938964844,432.2200012207031,102.05
2021-06-05,,,,,,,,,102.05
2021-06-06,,,,,,,,,102.05
2021-06-07,1111.01,16.42,110.5155,69.21,1896.800048828125,4226.52001953125,89.94999694824219,433.260009765625,102.05
2021-06-08,1116.43,17.07,110.649,70.11,1892.199951171875,4227.259765625,90.08000183105467,432.8800048828125,102.05
2021-06-09,1116.58,17.89,110.5707,69.9,1893.199951171875,4219.5498046875,90.12000274658205,428.1600036621094,102.05
2021-06-10,1114.17,16.1,110.5456,70.34,1894.199951171875,4239.18017578125,90.08000183105467,429.3500061035156,102.05
2021-06-11,1116.57,15.65,111.0933,71.0,1877.4000244140625,4247.43994140625,90.55999755859376,432.7799987792969,102.05
2021-06-12,,,,,,,,,102.05
2021-06-13,,,,,,,,,102.05
2021-06-14,1117.57,16.39,110.9659,70.94,1864.0,4255.14990234375,90.5199966430664,433.2200012207031,102.05
2021-06-15,1118.33,17.02,111.3507,72.06,1854.5,4246.58984375,90.54000091552734,434.1300048828125,102.05
2021-06-16,1118.42,18.15,111.1165,72.03,1859.5,4223.7001953125,91.12999725341795,436.9599914550781,102.05
2021-06-17,1130.14,17.75,112.5772,71.06,1773.800048828125,4221.85986328125,91.88999938964844,434.7300109863281,102.05
2021-06-18,1135.28,20.7,113.0408,71.64,1767.9000244140625,4166.4501953125,92.2300033569336,435.0199890136719,102.05
2021-06-19,,,,,,,,,102.05
2021-06-20,,,,,,,,,102.05
2021-06-21,1134.19,17.89,112.8391,73.64,1781.800048828125,4224.7900390625,91.86000061035156,431.4599914550781,102.05
2021-06-22,1137.07,16.66,112.9174,73.15,1776.300048828125,4246.43994140625,91.7300033569336,434.4200134277344,102.05
2021-06-23,1133.89,16.32,112.3819,73.11,1782.300048828125,4241.83984375,91.8000030517578,436.7300109863281,102.05
2021-06-24,1131.5,15.97,112.326,73.31,1775.5999755859375,4266.490234375,91.81999969482422,438.3800048828125,102.05
2021-06-25,1127.36,15.62,111.9655,74.21,1776.5999755859375,4280.7001953125,91.80999755859376,440.3999938964844,102.05
2021-06-26,,,,,,,,,102.05
2021-06-27,,,,,,,,,102.05
2021-06-28,1130.29,15.76,112.0248,72.98,1779.5999755859375,4290.60986328125,91.87999725341795,439.9800109863281,102.05
2021-06-29,1131.68,16.02,112.2613,73.14,1762.800048828125,4291.7998046875,92.0500030517578,437.5400085449219,102.05
2021-06-30,1130.42,15.83,112.5533,73.52,1770.800048828125,4297.5,92.44000244140624,438.8399963378906,102.05
2021-07-01,1134.37,15.48,112.74,75.33,1775.9000244140625,4319.93994140625,92.5999984741211,436.3399963378906,102.26
2021-07-02,1132.42,15.07,112.5425,75.37,1782.5999755859375,4352.33984375,92.2300033569336,436.0,102.26
2021-07-03,,,,,,,,,102.26
2021-07-04,,,,,,,,,102.26
2021-07-05,,,,,,,,437.6600036621094,102.26
2021-07-06,1137.17,16.44,112.9516,73.62,1793.5,4343.5400390625,92.5500030517578,439.5,102.26
2021-07-07,1141.26,16.2,113.1048,72.22,1801.5,4358.1298828125,92.63999938964844,436.9700012207031,102.26
2021-07-08,1147.96,19.0,113.0776,72.98,1799.5999755859375,4320.81982421875,92.36000061035156,432.6300048828125,102.26
2021-07-09,1145.08,16.18,112.8375,74.56,1810.0,4369.5498046875,92.12999725341795,427.8399963378906,102.26
2021-07-10,,,,,,,,,102.26
2021-07-11,,,,,,,,,102.26
2021-07-12,1146.29,16.17,112.7611,74.21,1805.5,4384.6298828125,92.2300033569336,431.2799987792969,102.26
2021-07-13,1146.29,17.12,113.0063,75.24,1809.4000244140625,4369.2099609375,92.75,434.7099914550781,102.26
2021-07-14,1147.43,16.33,112.8801,73.06,1824.300048828125,4374.2998046875,92.41000366210938,433.5700073242188,102.26
2021-07-15,1141.21,17.01,113.0041,71.67,1828.4000244140625,4360.02978515625,92.62000274658205,436.760009765625,102.26
2021-07-16,1139.35,18.45,113.0428,71.76,1814.5,4327.16015625,92.69000244140624,434.8200073242188,102.26
2021-07-17,,,,,,,,,102.26
2021-07-18,,,,,,,,,102.26
2021-07-19,1147.17,22.5,113.5472,66.45,1808.699951171875,4258.490234375,92.88999938964844,429.8900146484375,102.26
2021-07-20,1150.45,19.73,113.7502,67.32,1810.9000244140625,4323.06005859375,92.97000122070312,428.5499877929688,102.26
2021-07-21,1153.03,17.91,113.3926,70.26,1802.9000244140625,4358.68994140625,92.75,426.0,102.26
2021-07-22,1149.99,17.69,113.4695,72.15,1805.0,4367.47998046875,92.81999969482422,431.3800048828125,102.26
2021-07-23,1153.53,17.2,113.4398,72.24,1801.4000244140625,4411.7900390625,92.91000366210938,431.5499877929688,102.26
2021-07-24,,,,,,,,,102.26
2021-07-25,,,,,,,,,102.26
2021-07-26,1154.75,17.58,113.2238,72.15,1798.699951171875,4422.2998046875,92.6500015258789,427.4700012207031,102.26
2021-07-27,1156.32,19.36,113.2227,71.68,1799.5,4401.4599609375,92.43000030517578,428.2200012207031,102.26
2021-07-28,1156.27,18.31,113.1807,72.37,1799.5,4400.64013671875,92.31999969482422,429.1499938964844,102.26
2021-07-29,1142.09,17.7,112.4834,73.62,1831.199951171875,4419.14990234375,91.86000061035156,429.489990234375,102.26
2021-07-30,1151.86,18.24,112.6714,73.93,1812.5999755859373,4395.259765625,92.16999816894533,423.9100036621094,102.26
2021-07-31,,,,,,,,,102.26
2021-08-01,,,,,,,,,102.75
2021-08-02,1150.72,19.46,112.6691,71.31,1818.0999755859373,4387.16015625,92.0500030517578,426.7900085449219,102.75
2021-08-03,1149.45,18.04,112.8228,70.64,1810.0999755859373,4423.14990234375,92.08000183105467,429.9800109863281,102.75
2021-08-04,1142.99,17.97,112.8953,68.19,1810.5,4402.66015625,92.2699966430664,436.0499877929688,102.75
2021-08-05,1142.53,17.28,112.7674,69.1,1805.0999755859373,4429.10009765625,92.23999786376952,434.739990234375,102.75
2021-08-06,1145.87,16.15,113.3088,68.26,1760.0,4436.52001953125,92.8000030517578,433.2900085449219,102.75
2021-08-07,,,,,,,,,102.75
2021-08-08,,,,,,,,,102.75
2021-08-09,1145.83,16.72,113.4521,66.56,1723.4000244140625,4432.35009765625,92.9499969482422,431.6499938964844,102.75
2021-08-10,1152.5,16.79,113.4973,68.33,1728.800048828125,4436.75,93.05999755859376,428.55999755859375,102.75
2021-08-11,1156.09,16.06,113.282,69.3,1750.4000244140625,4442.41015625,92.91000366210938,424.739990234375,102.75
2021-08-12,1162.78,15.59,113.2691,69.12,1749.0,4460.830078125,93.04000091552734,422.3800048828125,102.75
2021-08-13,1168.36,15.45,113.0615,68.36,1775.199951171875,4468.0,92.5199966430664,416.05999755859375,102.75
2021-08-14,,,,,,,,,102.75
2021-08-15,,,,,,,,,102.75
2021-08-16,1166.78,16.12,113.1698,67.44,1786.9000244140625,4479.7099609375,92.62999725341795,,102.75
2021-08-17,1177.08,17.91,113.6174,66.5,1785.0,4448.080078125,93.12999725341795,411.30999755859375,102.75
2021-08-18,1170.18,21.57,113.6959,65.36,1781.5999755859375,4400.27001953125,93.13999938964844,413.3599853515625,102.75
2021-08-19,1173.89,21.67,114.1106,63.69,1780.199951171875,4405.7998046875,93.56999969482422,404.9599914550781,102.75
2021-08-20,1180.4,18.56,114.5009,62.25,1781.0,4441.669921875,93.5,400.7799987792969,102.75
2021-08-21,,,,,,,,,102.75
2021-08-22,,,,,,,,,102.75
2021-08-23,1169.73,17.15,113.9418,65.65,1803.199951171875,4479.52978515625,92.95999908447266,404.5799865722656,102.75
2021-08-24,1165.43,17.22,113.6795,67.5,1805.5999755859373,4486.22998046875,92.88999938964844,412.4800109863281,102.75
2021-08-25,1164.24,16.79,113.6322,68.54,1788.199951171875,4496.18994140625,92.83000183105467,413.9500122070313,102.75
2021-08-26,1169.88,18.84,113.7883,67.42,1792.199951171875,4470.0,93.05999755859376,410.3800048828125,102.75
2021-08-27,1162.5,16.39,113.3404,68.84,1816.5999755859373,4509.3701171875,92.69000244140624,410.239990234375,102.75
2021-08-28,,,,,,,,,102.75
2021-08-29,,,,,,,,,102.75
2021-08-30,1166.33,16.19,113.246,69.28,1809.0,4528.7900390625,92.6500015258789,411.5,102.75
2021-08-31,1158.32,16.48,113.1076,68.43,1815.0,4522.68017578125,92.62999725341795,419.7900085449219,102.75
2021-09-01,1156.03,16.11,112.8732,68.63,1813.0999755859373,4524.08984375,92.4499969482422,419.9200134277344,103.17
2021-09-02,1160.95,16.41,112.7863,70.07,1808.699951171875,4536.9501953125,92.2300033569336,415.8900146484375,103.17
2021-09-03,1155.44,16.41,112.5476,69.34,1830.9000244140625,4535.43017578125,92.04000091552734,419.2200012207031,103.17
2021-09-04,,,,,,,,,103.17
2021-09-05,,,,,,,,,103.17
2021-09-06,,,,,,,,420.3699951171875,103.17
2021-09-07,1162.88,18.14,112.9795,68.49,1795.9000244140625,4520.02978515625,92.5199966430664,417.7999877929688,103.17
2021-09-08,1166.21,17.96,113.2319,69.36,1790.699951171875,4514.06982421875,92.6500015258789,414.5400085449219,103.17
2021-09-09,1169.61,18.8,113.043,68.26,1797.4000244140625,4493.27978515625,92.4800033569336,407.2799987792969,103.17
2021-09-10,1169.63,20.95,112.9425,69.82,1789.5999755859375,4458.580078125,92.58000183105467,408.7000122070313,103.17
2021-09-11,,,,,,,,,103.17
2021-09-12,,,,,,,,,103.17
2021-09-13,1173.33,19.37,113.0341,70.54,1792.0,4468.72998046875,92.62000274658205,409.7000122070313,103.17
2021-09-14,1170.71,19.46,113.0061,70.53,1804.699951171875,4443.0498046875,92.6500015258789,412.3599853515625,103.17
2021-09-15,1168.58,18.18,112.9773,72.59,1792.4000244140625,4480.7001953125,92.48999786376952,412.8500061035156,103.17
2021-09-16,1171.23,18.69,113.3036,72.69,1754.5999755859375,4473.75,92.86000061035156,409.2200012207031,103.17
2021-09-17,1175.34,20.81,113.5989,72.09,1749.4000244140625,4432.990234375,93.1999969482422,410.989990234375,103.17
2021-09-18,,,,,,,,,103.17
2021-09-19,,,,,,,,,103.17
2021-09-20,1186.73,25.71,113.9422,70.41,1761.800048828125,4357.72998046875,93.23999786376952,,103.17
2021-09-21,1185.15,24.36,113.8179,70.51,1776.0,4354.18994140625,93.1999969482422,,103.17
2021-09-22,1182.41,20.87,113.6223,72.37,1776.699951171875,4395.64013671875,93.45999908447266,,103.17
2021-09-23,1173.48,18.63,113.513,73.43,1747.699951171875,4448.97998046875,93.0999984741211,410.4599914550781,103.17
2021-09-24,1176.53,17.75,113.7597,74.18,1749.699951171875,4455.47998046875,93.33000183105467,409.8399963378906,103.17
2021-09-25,,,,,,,,,103.17
2021-09-26,,,,,,,,,103.17
2021-09-27,1175.9,18.76,113.7432,75.54,1750.0,4443.10986328125,93.37999725341795,410.9700012207031,103.17
2021-09-28,1183.61,23.25,114.2469,75.44,1735.800048828125,4352.6298828125,93.7699966430664,406.2000122070313,103.17
2021-09-29,1181.75,22.56,114.7092,75.06,1721.5,4359.4599609375,94.33999633789062,400.0899963378906,103.17
2021-09-30,1183.7,23.14,114.6403,75.22,1755.300048828125,4307.5400390625,94.25,401.2999877929688,103.17
2021-10-01,1187.24,21.15,114.3798,76.01,1757.0,4357.0400390625,94.04000091552734,394.7900085449219,103.35
2021-10-02,,,,,,,,,103.35
2021-10-03,,,,,,,,,103.35
2021-10-04,1182.4,22.96,114.2739,77.68,1766.199951171875,4300.4599609375,93.80999755859376,,103.35
2021-10-05,1188.31,21.3,114.3654,79.17,1759.5999755859375,4345.72021484375,93.9800033569336,388.010009765625,103.35
2021-10-06,1192.6,21.0,114.7185,77.66,1760.5,4363.5498046875,94.2699966430664,381.9299926757813,103.35
2021-10-07,1190.76,19.54,114.5044,78.46,1757.9000244140625,4399.759765625,94.22000122070312,388.1400146484375,103.35
2021-10-08,1194.58,18.77,114.5986,79.55,1756.300048828125,4391.33984375,94.06999969482422,387.4200134277344,103.35
2021-10-09,,,,,,,,,103.35
2021-10-10,,,,,,,,,103.35
2021-10-11,,20.0,,80.64,1754.5999755859375,4361.18994140625,94.31999969482422,,103.35
2021-10-12,1198.72,19.85,114.7542,80.75,1758.300048828125,4350.64990234375,94.5199966430664,380.6900024414063,103.35
2021-10-13,1193.89,18.64,114.4705,80.67,1793.699951171875,4363.7998046875,94.08000183105467,384.1000061035156,103.35
2021-10-14,1186.3,16.86,114.2053,81.43,1796.699951171875,4438.259765625,93.95999908447266,389.5899963378906,103.35
2021-10-15,1182.34,16.3,114.0905,82.39,1767.199951171875,4471.3701171875,93.94000244140624,393.1900024414063,103.35
2021-10-16,,,,,,,,,103.35
2021-10-17,,,,,,,,,103.35
2021-10-18,1187.55,16.31,113.9899,82.62,1764.800048828125,4486.4599609375,93.9499969482422,392.0199890136719,103.35
2021-10-19,1175.32,15.7,113.647,83.19,1769.699951171875,4519.6298828125,93.79000091552734,395.4100036621094,103.35
2021-10-20,1175.05,15.49,113.5083,84.4,1784.0999755859375,4536.18994140625,93.55999755859376,393.739990234375,103.35
2021-10-21,1177.25,15.01,113.6188,82.64,1781.199951171875,4549.77978515625,93.7699966430664,393.1799926757813,103.35
2021-10-22,1176.85,15.43,113.67,84.53,1795.5,4544.89990234375,93.61000061035156,393.3399963378906,103.35
2021-10-23,,,,,,,,,103.35
2021-10-24,,,,,,,,,103.35
2021-10-25,1167.59,15.24,113.605,84.64,1806.0,4566.47998046875,93.80999755859376,395.010009765625,103.35
2021-10-26,1167.58,15.98,113.674,85.64,1792.699951171875,4574.7900390625,93.9499969482422,399.0700073242188,103.35
2021-10-27,1171.19,16.98,113.6218,82.66,1797.9000244140625,4551.68017578125,93.86000061035156,395.4800109863281,103.35
2021-10-28,1167.34,16.53,113.4389,82.78,1801.5999755859373,4596.419921875,93.3499984741211,393.8900146484375,103.35
2021-10-29,1174.94,16.26,114.1349,83.5,1783.0,4605.3798828125,94.12000274658205,388.4700012207031,103.35
2021-10-30,,,,,,,,,103.35
2021-10-31,,,,,,,,,103.35
2021-11-01,1177.73,16.41,114.2067,84.08,1795.0999755859375,4613.669921875,93.87999725341795,389.80999755859375,103.87
2021-11-02,1177.04,16.03,114.2847,83.91,1788.699951171875,4630.64990234375,94.08999633789062,394.8200073242188,103.87
2021-11-03,1184.56,15.1,114.3593,80.82,1763.5999755859375,4660.56982421875,93.86000061035156,389.4800109863281,103.87
2021-11-04,1186.77,15.44,114.3558,78.88,1793.0,4680.06005859375,94.3499984741211,391.5400085449219,103.87
2021-11-05,1183.28,16.48,114.0732,81.25,1816.4000244140625,4697.52978515625,94.31999969482422,389.8599853515625,103.87
2021-11-06,,,,,,,,,103.87
2021-11-07,,,,,,,,,103.87
2021-11-08,1180.64,17.22,113.8256,81.96,1827.4000244140625,4701.7001953125,94.0500030517578,389.5899963378906,103.87
2021-11-09,1178.64,17.78,113.762,84.12,1830.199951171875,4685.25,93.95999908447266,390.3599853515625,103.87
2021-11-10,1181.16,18.73,114.1484,81.23,1847.5999755859373,4646.7099609375,94.8499984741211,386.239990234375,103.87
2021-11-11,,17.66,,81.47,1863.199951171875,4649.27001953125,95.18000030517578,385.9700012207031,103.87
2021-11-12,1179.23,16.29,114.5144,80.87,1867.9000244140625,4682.85009765625,95.12999725341795,390.3800048828125,103.87
2021-11-13,,,,,,,,,103.87
2021-11-14,,,,,,,,,103.87
2021-11-15,1181.61,16.49,114.5876,80.85,1866.0999755859373,4682.7998046875,95.41000366210938,394.3599853515625,103.87
2021-11-16,1183.3,16.37,115.136,80.76,1853.5999755859373,4700.89990234375,95.91999816894533,394.0700073242188,103.87
2021-11-17,1182.4,17.11,115.0263,78.32,1869.699951171875,4688.669921875,95.83000183105467,389.4400024414063,103.87
2021-11-18,1183.42,17.59,115.0678,78.92,1861.0,4704.5400390625,95.54000091552734,387.4400024414063,103.87
2021-11-19,1184.93,17.91,115.2187,76.11,1851.199951171875,4697.9599609375,96.06999969482422,390.5299987792969,103.87
2021-11-20,,,,,,,,,103.87
2021-11-21,,,,,,,,,103.87
2021-11-22,1185.33,19.17,115.6481,76.74,1806.0,4682.93994140625,96.5,399.0700073242188,103.87
2021-11-23,1190.31,19.38,116.0118,78.32,1783.5,4690.7001953125,96.48999786376952,396.4400024414063,103.87
2021-11-24,1186.01,18.58,116.2711,78.32,1784.0999755859375,4701.4599609375,96.83999633789062,395.3999938964844,103.87
2021-11-25,,,,,,,,391.9299926757813,103.87
2021-11-26,1194.43,28.62,116.5103,,1785.300048828125,4594.6201171875,96.08999633789062,385.0700073242188,103.87
2021-11-27,,,,,,,,,103.87
2021-11-28,,,,,,,,,103.87
2021-11-29,1192.96,22.96,116.581,69.88,1782.300048828125,4655.27001953125,96.33999633789062,381.6300048828125,103.87
2021-11-30,1187.45,27.19,116.2071,66.14,1773.5999755859375,4567.0,95.98999786376952,373.239990234375,103.87
2021-12-01,1187.45,31.12,115.889,65.44,1781.5999755859375,4513.0400390625,96.0500030517578,383.1300048828125,104.04
2021-12-02,1175.18,27.95,116.018,66.6,1760.699951171875,4577.10009765625,96.12999725341795,389.6400146484375,104.04
2021-12-03,1179.84,30.67,116.2377,66.39,1782.0,4538.43017578125,96.12000274658205,391.9599914550781,104.04
2021-12-04,,,,,,,,,104.04
2021-12-05,,,,,,,,,104.04
2021-12-06,1182.29,27.18,116.1538,69.62,1777.5,4591.669921875,96.29000091552734,392.8500061035156,104.04
2021-12-07,1179.24,21.89,115.8555,71.94,1782.5999755859375,4686.75,96.37000274658205,396.30999755859375,104.04
2021-12-08,1175.19,19.9,115.4418,72.43,1783.4000244140625,4701.2099609375,95.88999938964844,397.2699890136719,104.04
2021-12-09,1173.59,21.58,115.7784,70.87,1774.5999755859375,4667.4501953125,96.2699966430664,401.1300048828125,104.04
2021-12-10,1180.99,18.69,115.5732,71.71,1782.9000244140625,4712.02001953125,96.0500030517578,397.9700012207031,104.04
2021-12-11,,,,,,,,,104.04
2021-12-12,,,,,,,,,104.04
2021-12-13,1184.19,20.31,115.842,71.19,1786.300048828125,4668.97021484375,96.31999969482422,397.2699890136719,104.04
2021-12-14,1182.7,21.89,116.2397,70.57,1770.4000244140625,4634.08984375,96.56999969482422,395.4100036621094,104.04
2021-12-15,1186.06,19.29,116.4219,70.89,1762.5999755859375,4709.85009765625,96.51000213623048,395.6600036621094,104.04
2021-12-16,1183.59,20.57,115.7146,72.34,1796.5999755859375,4668.669921875,96.04000091552734,397.6799926757813,104.04
2021-12-17,1181.03,21.57,115.791,70.93,1803.800048828125,4620.64013671875,96.56999969482422,398.9599914550781,104.04
2021-12-18,,,,,,,,,104.04
2021-12-19,,,,,,,,,104.04
2021-12-20,1191.07,22.87,116.0092,68.69,1793.699951171875,4568.02001953125,96.5500030517578,391.3699951171875,104.04
2021-12-21,1192.35,21.01,116.1089,71.1,1787.9000244140625,4649.22998046875,96.48999786376952,393.9500122070313,104.04
2021-12-22,1190.21,18.63,115.7485,72.82,1801.5999755859373,4696.56005859375,96.08000183105467,396.0700073242188,104.04
2021-12-23,1187.59,17.96,115.5337,73.89,1811.199951171875,4725.7900390625,96.0199966430664,398.1499938964844,104.04
2021-12-24,,,,,,,,400.5299987792969,104.04
2021-12-25,,,,,,,,,104.04
2021-12-26,,,,,,,,,104.04
2021-12-27,1186.82,17.68,115.4684,75.49,1808.0999755859373,4791.18994140625,96.08999633789062,398.6099853515625,104.04
2021-12-28,1188.15,17.54,115.4192,76.01,1810.199951171875,4786.35009765625,96.1999969482422,401.2099914550781,104.04
2021-12-29,1185.51,16.95,115.3678,76.58,1805.0999755859373,4793.06005859375,95.93000030517578,396.7200012207031,104.04
2021-12-30,1188.59,17.33,115.283,76.83,1812.699951171875,4778.72998046875,95.97000122070312,394.1900024414063,104.04
2021-12-31,,17.22,,75.33,1827.5,4766.18017578125,95.66999816894533,,104.04
2022-01-01,,,,,,,,,104.85
2022-01-02,,,,,,,,,104.85
2022-01-03,1191.39,16.6,115.4101,75.99,1799.4000244140625,4796.56005859375,96.23999786376952,,104.85
2022-01-04,1193.77,16.91,115.3103,77.0,1814.0,4793.5400390625,96.29000091552734,395.3999938964844,104.85
2022-01-05,1196.38,19.73,115.137,77.83,1824.5999755859373,4700.580078125,96.19000244140624,390.3900146484375,104.85
2022-01-06,1205.02,19.61,115.4046,79.47,1788.699951171875,4696.0498046875,96.25,386.2200012207031,104.85
2022-01-07,1200.78,18.76,115.0451,79.0,1797.0,4677.02978515625,95.73999786376952,390.8500061035156,104.85
2022-01-08,,,,,,,,,104.85
2022-01-09,,,,,,,,,104.85
2022-01-10,1199.13,19.4,115.2216,78.11,1798.4000244140625,4670.2900390625,95.98999786376952,387.5199890136719,104.85
2022-01-11,1194.62,18.41,114.8332,81.17,1818.5999755859373,4713.06982421875,95.62000274658205,388.9700012207031,104.85
2022-01-12,1187.34,17.62,114.355,82.51,1827.199951171875,4726.35009765625,95.0,394.6600036621094,104.85
2022-01-13,1187.95,20.31,114.177,81.97,1821.199951171875,4659.02978515625,94.79000091552734,393.0,104.85
2022-01-14,1186.96,19.19,114.3825,83.82,1816.5,4662.85009765625,95.16999816894533,387.4500122070313,104.85
2022-01-15,,,,,,,,,104.85
2022-01-16,,,,,,,,,104.85
2022-01-17,,,,,,,,383.80999755859375,104.85
2022-01-18,1192.74,22.79,114.7373,85.42,1812.300048828125,4577.10986328125,95.7300033569336,381.010009765625,104.85
2022-01-19,1188.51,23.85,114.6109,86.84,1843.0999755859373,4532.759765625,95.51000213623048,378.2099914550781,104.85
2022-01-20,1191.96,25.59,114.4642,86.29,1842.5,4482.72998046875,95.73999786376952,380.3900146484375,104.85
2022-01-21,1193.87,28.85,114.6125,85.16,1831.800048828125,4397.93994140625,95.63999938964844,376.0799865722656,104.85
2022-01-22,,,,,,,,,104.85
2022-01-23,,,,,,,,,104.85
2022-01-24,1195.68,29.9,115.2034,84.48,1841.699951171875,4410.1298828125,95.91999816894533,371.2999877929688,104.85
2022-01-25,1198.66,31.16,115.1654,86.61,1852.699951171875,4356.4501953125,95.9499969482422,362.3900146484375,104.85
2022-01-26,1197.46,31.96,115.0922,88.33,1829.9000244140625,4349.93017578125,96.48999786376952,360.8299865722656,104.85
2022-01-27,1202.65,30.49,115.978,87.61,1793.300048828125,4326.509765625,97.26000213623048,348.5799865722656,104.85
2022-01-28,1209.04,27.66,116.0393,87.67,1784.9000244140625,4431.85009765625,97.2699966430664,357.9800109863281,104.85
2022-01-29,,,,,,,,,104.85
2022-01-30,,,,,,,,,104.85
2022-01-31,1206.78,24.83,115.566,89.16,1795.0,4515.5498046875,96.54000091552734,,104.85
2022-02-01,1209.44,21.96,115.3685,88.22,1800.300048828125,4546.5400390625,96.38999938964844,,105.42
2022-02-02,1201.7,22.09,115.1538,88.16,1809.199951171875,4589.3798828125,95.94000244140624,,105.42
2022-02-03,1206.35,24.35,114.9065,90.17,1803.0,4477.43994140625,95.37999725341795,361.6000061035156,105.42
2022-02-04,1199.43,23.22,115.1362,92.27,1806.5999755859373,4500.52978515625,95.4800033569336,366.3399963378906,105.42
2022-02-05,,,,,,,,,105.42
2022-02-06,,,,,,,,,105.42
2022-02-07,1198.64,22.86,115.0098,91.25,1820.5999755859373,4483.8701171875,95.4000015258789,362.9200134277344,105.42
2022-02-08,1198.05,21.44,115.0892,89.32,1826.5999755859373,4521.5400390625,95.63999938964844,363.4800109863281,105.42
2022-02-09,1196.36,19.96,114.8232,89.57,1835.199951171875,4587.18017578125,95.48999786376952,368.6499938964844,105.42
2022-02-10,1196.31,23.91,114.5527,89.83,1836.199951171875,4504.080078125,95.5500030517578,371.5700073242188,105.42
2022-02-11,1198.72,27.36,114.8413,93.1,1840.800048828125,4418.64013671875,96.08000183105467,368.6099853515625,105.42
2022-02-12,,,,,,,,,105.42
2022-02-13,,,,,,,,,105.42
2022-02-14,1196.21,28.33,115.1946,95.52,1868.0,4401.669921875,96.37000274658205,362.9800109863281,105.42
2022-02-15,1199.78,25.7,114.93,92.07,1854.800048828125,4471.06982421875,95.98999786376952,360.4299926757813,105.42
2022-02-16,1197.51,24.29,114.6886,93.83,1870.199951171875,4475.009765625,95.6999969482422,367.2999877929688,105.42
2022-02-17,1197.39,28.11,114.6755,91.78,1900.699951171875,4380.259765625,95.8000030517578,369.5499877929688,105.42
2022-02-18,1195.4,27.75,114.7982,91.26,1898.5999755859373,4348.8701171875,96.04000091552734,368.5499877929688,105.42
2022-02-19,,,,,,,,,105.42
2022-02-20,,,,,,,,,105.42
2022-02-21,,,,,,,,368.2900085449219,105.42
2022-02-22,1192.07,28.81,114.7002,92.11,1906.0999755859373,4304.759765625,96.02999877929688,363.510009765625,105.42
2022-02-23,1193.42,31.02,114.6668,92.14,1909.199951171875,4225.5,96.19000244140624,364.4400024414063,105.42
2022-02-24,1202.34,30.32,115.9419,92.77,1925.0999755859373,4288.7001953125,97.13999938964844,355.0400085449219,105.42
2022-02-25,1201.93,27.59,115.2577,91.68,1886.5,4384.64990234375,96.62000274658205,358.44000244140625,105.42
2022-02-26,,,,,,,,,105.42
2022-02-27,,,,,,,,,105.42
2022-02-28,1202.28,30.15,115.2224,96.13,1899.4000244140625,4373.93994140625,96.70999908447266,361.5400085449219,105.42
2022-03-01,1204.34,33.32,115.7962,103.66,1942.4000244140625,4306.259765625,97.41000366210938,,106.1
2022-03-02,1205.58,30.74,115.7623,110.74,1920.9000244140625,4386.5400390625,97.38999938964844,360.5899963378906,106.1
2022-03-03,1204.35,30.48,115.9495,107.69,1934.4000244140625,4363.490234375,97.79000091552734,367.05999755859375,106.1
2022-03-04,1213.71,31.98,116.6503,115.77,1965.0999755859373,4328.8701171875,98.6500015258789,361.6900024414063,106.1
2022-03-05,,,,,,,,,106.1
2022-03-06,,,,,,,,,106.1
2022-03-07,1226.78,36.45,117.3278,119.26,1993.9000244140625,4201.08984375,99.29000091552734,353.0299987792969,106.1
2022-03-08,1237.18,35.13,117.6176,123.64,2040.0999755859373,4170.7001953125,99.05999755859376,349.3800048828125,106.1
2022-03-09,1234.01,32.45,116.5961,108.81,1985.9000244140625,4277.8798828125,97.97000122070312,,106.1
2022-03-10,1228.21,30.23,116.7401,105.93,1998.0999755859373,4259.52001953125,98.51000213623048,358.010009765625,106.1
2022-03-11,1231.47,30.75,117.0192,109.31,1982.699951171875,4204.31005859375,99.12000274658205,355.3099975585937,106.1
2022-03-12,,,,,,,,,106.1
2022-03-13,,,,,,,,,106.1
2022-03-14,1241.46,31.77,117.1506,103.22,1959.5999755859373,4173.10986328125,99.05999755859376,354.6099853515625,106.1
2022-03-15,1242.65,29.83,117.246,96.42,1928.5,4262.4501953125,99.06999969482422,351.0299987792969,106.1
2022-03-16,1228.04,26.67,116.8073,94.85,1908.0,4357.85986328125,98.37999725341795,356.0899963378906,106.1
2022-03-17,1214.33,25.67,116.0467,102.97,1942.0999755859373,4411.669921875,98.01000213623048,361.4599914550781,106.1
2022-03-18,1212.2,23.87,116.1378,104.69,1928.199951171875,4463.1201171875,98.2300033569336,362.3299865722656,106.1
2022-03-19,,,,,,,,,106.1
2022-03-20,,,,,,,,,106.1
2022-03-21,1216.12,23.53,115.9398,112.14,1928.5999755859373,4461.18017578125,98.5,358.7699890136719,106.1
2022-03-22,1217.09,22.94,116.0824,111.03,1920.699951171875,4511.60986328125,98.48999786376952,361.6600036621094,106.1
2022-03-23,1217.92,23.57,116.005,114.89,1936.5999755859373,4456.240234375,98.62000274658205,364.8399963378906,106.1
2022-03-24,1220.45,21.67,115.9599,114.2,1961.5999755859373,4520.16015625,98.79000091552734,363.3800048828125,106.1
2022-03-25,1218.77,20.81,115.7921,116.2,1953.800048828125,4543.06005859375,98.80999755859376,362.05999755859375,106.1
2022-03-26,,,,,,,,,106.1
2022-03-27,,,,,,,,,106.1
2022-03-28,1225.46,19.63,116.1911,107.55,1939.5999755859373,4575.52001953125,99.08999633789062,362.05999755859375,106.1
2022-03-29,1219.21,18.9,115.5679,104.25,1912.0,4631.60009765625,98.4000015258789,363.7699890136719,106.1
2022-03-30,1208.46,19.33,115.0818,107.81,1933.5,4602.4501953125,97.79000091552734,364.5,106.1
2022-03-31,1211.55,20.56,115.2218,100.53,1949.199951171875,4530.41015625,98.30999755859376,365.6099853515625,106.1
2022-04-01,1215.29,19.63,115.4814,99.32,1919.0999755859373,4545.85986328125,98.62999725341795,363.1900024414063,106.83
2022-04-02,,,,,,,,,106.83
2022-04-03,,,,,,,,,106.83
2022-04-04,1214.72,18.57,115.4112,103.29,1929.199951171875,4582.64013671875,98.98999786376952,364.9400024414063,106.83
2022-04-05,1212.55,21.03,115.73,101.98,1922.9000244140625,4525.1201171875,99.47000122070312,364.739990234375,106.83
2022-04-06,1212.55,22.1,115.9995,96.39,1918.4000244140625,4481.14990234375,99.5999984741211,361.010009765625,106.83
2022-04-07,1218.96,21.55,116.3512,96.05,1933.800048828125,4500.2099609375,99.75,355.7300109863281,106.83
2022-04-08,1225.13,21.16,116.4176,98.35,1941.5999755859373,4488.27978515625,99.8000030517578,356.010009765625,106.83
2022-04-09,,,,,,,,,106.83
2022-04-10,,,,,,,,,106.83
2022-04-11,1233.38,24.37,116.5401,94.22,1944.300048828125,4412.52978515625,99.93000030517578,355.7799987792969,106.83
2022-04-12,1236.03,24.26,116.3866,100.52,1972.0999755859373,4397.4501953125,100.29000091552734,352.32000732421875,106.83
2022-04-13,1227.17,21.82,116.2796,104.26,1981.0,4446.58984375,99.87999725341795,359.0,106.83
2022-04-14,1224.18,22.7,116.7558,106.84,1970.9000244140625,4392.58984375,100.31999969482422,357.3800048828125,106.83
2022-04-15,1227.97,,116.7017,,,,,353.8399963378906,106.83
2022-04-16,,,,,,,,,106.83
2022-04-17,,,,,,,,,106.83
2022-04-18,1233.73,22.17,116.8441,108.24,1982.9000244140625,4391.68994140625,100.77999877929688,353.6300048828125,106.83
2022-04-19,1236.53,21.37,117.1324,102.54,1955.699951171875,4462.2099609375,100.95999908447266,357.3599853515625,106.83
2022-04-20,1235.28,20.32,116.7306,102.56,1952.300048828125,4459.4501953125,100.38999938964844,357.5199890136719,106.83
2022-04-21,1238.13,22.68,117.1432,103.89,1944.9000244140625,4393.66015625,100.58000183105467,359.0199890136719,106.83
2022-04-22,1239.66,28.21,118.0186,102.86,1931.0,4271.77978515625,101.22000122070312,355.42999267578125,106.83
2022-04-23,,,,,,,,,106.83
2022-04-24,,,,,,,,,106.83
2022-04-25,1249.87,27.02,118.6271,99.6,1893.199951171875,4296.1201171875,101.75,348.9800109863281,106.83
2022-04-26,1260.37,33.52,118.9624,102.62,1901.4000244140625,4175.2001953125,102.3000030517578,350.6700134277344,106.83
2022-04-27,1269.35,31.6,119.4708,101.96,1885.9000244140625,4183.9599609375,102.9499969482422,346.2099914550781,106.83
2022-04-28,1271.5,29.99,120.0675,105.47,1888.699951171875,4287.5,103.62000274658205,350.1600036621094,106.83
2022-04-29,1255.87,33.4,119.4933,104.59,1909.300048828125,4131.93017578125,102.95999908447266,355.0799865722656,106.83
2022-04-30,,,,,,,,,106.83
2022-05-01,,,,,,,,,107.5
2022-05-02,1265.24,32.34,119.8825,105.18,1861.800048828125,4155.3798828125,103.73999786376952,354.0199890136719,107.5
2022-05-03,1267.82,29.25,119.7043,102.53,1868.800048828125,4175.47998046875,103.47000122070312,353.32000732421875,107.5
2022-05-04,1265.22,25.42,119.5592,107.84,1867.0,4300.169921875,102.58999633789062,353.8500061035156,107.5
2022-05-05,1256.05,31.2,120.0068,108.17,1874.0,4146.8701171875,103.75,,107.5
2022-05-06,1272.58,30.19,119.8577,109.72,1881.199951171875,4123.33984375,103.66000366210938,349.0,107.5
2022-05-07,,,,,,,,,107.5
2022-05-08,,,,,,,,,107.5
2022-05-09,1276.29,34.75,120.4972,103.08,1857.0999755859373,3991.239990234375,103.6500015258789,,107.5
2022-05-10,1275.02,32.99,120.7742,99.74,1839.9000244140625,4001.050048828125,103.91999816894533,343.6700134277344,107.5
2022-05-11,1275.04,32.56,120.3925,105.5,1852.5999755859373,3935.179931640625,103.8499984741211,343.44000244140625,107.5
2022-05-12,1288.65,31.77,121.2796,106.15,1823.800048828125,3930.080078125,104.8499984741211,337.94000244140625,107.5
2022-05-13,1283.51,28.87,120.8442,110.52,1807.4000244140625,4023.889892578125,104.55999755859376,345.5,107.5
2022-05-14,,,,,,,,,107.5
2022-05-15,,,,,,,,,107.5
2022-05-16,1284.79,27.47,120.6881,114.07,1813.5,4008.010009765625,104.19000244140624,343.94000244140625,107.5
2022-05-17,1274.33,26.1,119.8871,112.31,1818.199951171875,4088.85009765625,103.36000061035156,347.5299987792969,107.5
2022-05-18,1266.36,30.96,120.0274,109.67,1815.9000244140625,3923.679931640625,103.80999755859376,348.3399963378906,107.5
2022-05-19,1276.91,29.35,119.4278,112.21,1841.199951171875,3900.7900390625,102.72000122070312,343.239990234375,107.5
2022-05-20,1267.87,29.43,119.3677,112.63,1841.800048828125,3901.360107421875,103.1500015258789,349.2900085449219,107.5
2022-05-21,,,,,,,,,107.5
2022-05-22,,,,,,,,,107.5
2022-05-23,1263.85,28.48,118.7169,110.32,1847.800048828125,3973.75,102.08000183105467,350.3399963378906,107.5
2022-05-24,1265.97,29.45,118.6245,112.55,1865.0999755859373,3941.47998046875,101.86000061035156,344.0799865722656,107.5
2022-05-25,1264.58,28.37,118.9598,112.88,1846.199951171875,3978.72998046875,102.05999755859376,345.6000061035156,107.5
2022-05-26,1267.83,27.5,118.7687,116.19,1847.4000244140625,4057.840087890625,101.83000183105467,344.260009765625,107.5
2022-05-27,1250.13,25.72,118.2834,114.96,1851.300048828125,4158.240234375,101.66999816894533,348.0400085449219,107.5
2022-05-28,,,,,,,,,107.5
2022-05-29,,,,,,,,,107.5
2022-05-30,,26.54,,,,,,352.489990234375,107.5
2022-05-31,1236.93,26.19,118.0704,114.38,1842.699951171875,4132.14990234375,101.75,354.5400085449219,107.5
2022-06-01,1246.52,25.69,118.6954,115.26,1843.300048828125,4101.22998046875,102.5500030517578,,108.21
2022-06-02,1252.03,24.72,118.0658,116.88,1866.5,4176.81982421875,101.7699966430664,350.510009765625,108.21
2022-06-03,1242.23,24.79,118.2153,118.97,1845.4000244140625,4108.5400390625,102.13999938964844,352.010009765625,108.21
2022-06-04,,,,,,,,,108.21
2022-06-05,,,,,,,,,108.21
2022-06-06,1253.52,25.07,118.3081,118.41,1839.199951171875,4121.43017578125,102.44000244140624,,108.21
2022-06-07,1255.32,24.02,118.4414,119.55,1847.5,4160.68017578125,102.31999969482422,345.6700134277344,108.21
2022-06-08,1253.5,23.96,118.3951,121.94,1851.9000244140625,4115.77001953125,102.54000091552734,346.2200012207031,108.21
2022-06-09,1256.91,26.09,118.9226,121.52,1848.800048828125,4017.820068359375,103.22000122070312,346.6199951171875,108.21
2022-06-10,1268.01,27.75,119.9981,120.73,1871.5,3900.860107421875,104.1500015258789,341.8900146484375,108.21
2022-06-11,,,,,,,,,108.21
2022-06-12,,,,,,,,,108.21
2022-06-13,1283.69,34.02,121.1523,120.92,1828.0,3749.6298828125,105.08000183105467,329.8800048828125,108.21
2022-06-14,1285.87,32.69,121.6669,118.92,1809.5,3735.47998046875,105.5199966430664,328.2300109863281,108.21
2022-06-15,1290.05,29.62,121.6403,115.32,1815.300048828125,3789.989990234375,105.16000366210938,322.2099914550781,108.21
2022-06-16,1286.76,32.95,120.6714,117.56,1845.699951171875,3666.77001953125,103.62999725341795,322.25,108.21
2022-06-17,1287.36,31.13,121.2369,109.56,1835.5999755859373,3674.840087890625,104.6999969482422,320.0899963378906,108.21
2022-06-18,,,,,,,,,108.21
2022-06-19,,,,,,,,,108.21
2022-06-20,,31.03,,,,,,314.44000244140625,108.21
2022-06-21,1293.25,30.19,120.6427,110.49,1834.5999755859373,3764.7900390625,104.44000244140624,316.3800048828125,108.21
2022-06-22,1297.21,28.95,120.5197,106.22,1834.300048828125,3759.889892578125,104.1999969482422,308.0799865722656,108.21
2022-06-23,1300.86,29.05,120.7622,105.75,1825.699951171875,3795.72998046875,104.43000030517578,305.45001220703125,108.21
2022-06-24,1298.71,27.23,120.4853,109.07,1826.5,3911.739990234375,104.19000244140624,312.07000732421875,108.21
2022-06-25,,,,,,,,,108.21
2022-06-26,,,,,,,,,108.21
2022-06-27,1286.2,26.95,120.1736,111.44,1820.9000244140625,3900.110107421875,103.94000244140624,316.20001220703125,108.21
2022-06-28,1290.18,28.36,120.62,113.66,1817.5,3821.550048828125,104.51000213623048,319.1099853515625,108.21
2022-06-29,1298.39,28.16,120.9616,111.65,1813.699951171875,3818.830078125,105.11000061035156,312.8599853515625,108.21
2022-06-30,1298.95,28.71,120.9652,107.76,1804.0999755859373,3785.3798828125,104.69000244140624,307.20001220703125,108.21
2022-07-01,1297.18,26.7,121.5058,110.3,1798.9000244140625,3825.330078125,105.13999938964844,304.0199890136719,108.73
2022-07-02,,,,,,,,,108.73
2022-07-03,,,,,,,,,108.73
2022-07-04,,27.53,,,,,,304.010009765625,108.73
2022-07-05,1299.69,27.54,122.6203,101.55,1761.800048828125,3831.389892578125,106.5,309.0299987792969,108.73
2022-07-06,1307.1,26.73,123.0073,100.31,1734.9000244140625,3845.080078125,107.0999984741211,302.2799987792969,108.73
2022-07-07,1299.51,26.08,122.7257,104.62,1737.9000244140625,3902.6201171875,107.12999725341795,308.3099975585937,108.73
2022-07-08,1299.51,24.64,122.4662,106.78,1740.5999755859375,3899.3798828125,107.01000213623048,310.1499938964844,108.73
2022-07-09,,,,,,,,,108.73
2022-07-10,,,,,,,,,108.73
2022-07-11,1308.9,26.17,123.2974,106.09,1730.0,3854.429931640625,108.0199966430664,308.2900085449219,108.73
2022-07-12,1311.91,27.29,123.4524,97.69,1723.300048828125,3818.800048828125,108.06999969482422,305.0299987792969,108.73
2022-07-13,1306.65,26.82,123.2834,98.44,1734.199951171875,3801.780029296875,107.95999908447266,306.5899963378906,108.73
2022-07-14,1311.76,26.4,124.0622,97.79,1704.5,3790.3798828125,108.54000091552734,305.3500061035156,108.73
2022-07-15,1321.15,24.23,123.4765,99.59,1702.4000244140625,3863.159912109375,108.05999755859376,307.9100036621094,108.73
2022-07-16,,,,,,,,,108.73
2022-07-17,,,,,,,,,108.73
2022-07-18,1316.7,25.3,122.7727,104.48,1709.199951171875,3830.85009765625,107.37000274658205,314.8699951171875,108.73
2022-07-19,1313.52,24.5,122.4819,106.12,1710.0,3936.68994140625,106.68000030517578,313.8999938964844,108.73
2022-07-20,1313.1,23.88,122.5997,104.45,1699.5,3959.89990234375,107.08000183105467,316.0199890136719,108.73
2022-07-21,1307.58,23.11,122.9032,98.44,1712.699951171875,3998.949951171875,106.91000366210938,319.67999267578125,108.73
2022-07-22,1312.82,23.03,122.451,97.71,1727.0999755859375,3961.6298828125,106.7300033569336,317.3299865722656,108.73
2022-07-23,,,,,,,,,108.73
2022-07-24,,,,,,,,,108.73
2022-07-25,1313.27,23.36,122.4594,99.83,1719.0,3966.840087890625,106.4800033569336,318.3399963378906,108.73
2022-07-26,1308.33,24.69,122.7581,97.74,1717.699951171875,3921.050048828125,107.19000244140624,319.6099853515625,108.73
2022-07-27,1313.14,23.24,122.8169,100.03,1719.0999755859375,4023.610107421875,106.4499969482422,319.739990234375,108.73
2022-07-28,1299.69,22.33,122.1161,99.11,1750.300048828125,4072.429931640625,106.3499984741211,321.6199951171875,108.73
2022-07-29,1299.08,21.33,121.7678,101.31,1762.9000244140625,4130.2900390625,105.9000015258789,323.3099975585937,108.73
2022-07-30,,,,,,,,,108.73
2022-07-31,,,,,,,,,108.73
2022-08-01,1304.18,22.84,121.4109,96.59,1769.0,4118.6298828125,105.4499969482422,322.9700012207031,108.63
2022-08-02,1304.89,23.93,121.9486,97.14,1771.0999755859375,4091.18994140625,106.23999786376952,321.6400146484375,108.63
2022-08-03,1310.69,21.95,122.3888,93.25,1758.0,4155.169921875,106.51000213623048,323.79998779296875,108.63
2022-08-04,1310.2,21.44,121.8333,91.29,1788.5,4151.93994140625,105.69000244140624,325.4700012207031,108.63
2022-08-05,1298.22,21.15,122.321,91.77,1772.9000244140625,4145.18994140625,106.62000274658205,327.5,108.63
2022-08-06,,,,,,,,,108.63
2022-08-07,,,,,,,,,108.63
2022-08-08,1306.11,21.29,121.8783,93.52,1786.800048828125,4140.06005859375,106.44000244140624,327.2300109863281,108.63
2022-08-09,1304.5,21.77,121.8614,93.18,1794.0,4122.47021484375,106.37000274658205,328.1099853515625,108.63
2022-08-10,1310.54,19.74,120.7543,94.68,1795.5999755859375,4210.240234375,105.1999969482422,324.3500061035156,108.63
2022-08-11,1302.72,20.2,120.7163,97.02,1789.699951171875,4207.27001953125,105.08999633789062,329.9200134277344,108.63
2022-08-12,1302.13,19.53,121.018,94.86,1798.5999755859375,4280.14990234375,105.62999725341795,330.6700134277344,108.63
2022-08-13,,,,,,,,,108.63
2022-08-14,,,,,,,,,108.63
2022-08-15,1305.85,19.95,121.4315,92.24,1781.4000244140625,4297.14013671875,106.5500030517578,,108.63
2022-08-16,1308.54,19.69,121.6807,89.23,1773.199951171875,4305.2001953125,106.5,331.7799987792969,108.63
2022-08-17,1310.16,19.9,122.0711,90.85,1760.300048828125,4274.0400390625,106.56999969482422,329.9100036621094,108.63
2022-08-18,1319.94,19.56,122.3627,93.2,1755.300048828125,4283.740234375,107.4800033569336,328.79998779296875,108.63
2022-08-19,1325.5,20.6,123.0501,93.55,1747.5999755859375,4228.47998046875,108.16999816894533,326.7900085449219,108.63
2022-08-20,,,,,,,,,108.63
2022-08-21,,,,,,,,,108.63
2022-08-22,1339.4,23.8,123.605,93.42,1734.0,4137.990234375,109.0500030517578,322.7699890136719,108.63
2022-08-23,1339.4,24.11,123.0547,96.46,1746.800048828125,4128.72998046875,108.62000274658205,318.69000244140625,108.63
2022-08-24,1342.05,22.82,123.109,95.52,1747.800048828125,4140.77001953125,108.68000030517578,319.8599853515625,108.63
2022-08-25,1335.46,21.78,123.0586,93.33,1757.699951171875,4199.1201171875,108.47000122070312,323.6300048828125,108.63
2022-08-26,1331.17,25.56,123.0656,93.63,1736.0999755859375,4057.659912109375,108.8000030517578,323.9100036621094,108.63
2022-08-27,,,,,,,,,108.63
2022-08-28,,,,,,,,,108.63
2022-08-29,1349.8,26.21,123.4686,97.4,1736.5999755859375,4030.610107421875,108.83999633789062,316.3500061035156,108.63
2022-08-30,1346.37,26.21,123.6848,92.08,1723.199951171875,3986.159912109375,108.7699966430664,319.489990234375,108.63
2022-08-31,1338.66,25.87,123.535,90.09,1712.800048828125,3955.0,108.6999969482422,322.9599914550781,108.63
2022-09-01,1354.34,25.56,124.4006,87.09,1696.5999755859375,3966.85009765625,109.69000244140624,315.0199890136719,108.82
2022-09-02,1362.2,25.47,123.7743,87.29,1709.800048828125,3924.260009765625,109.52999877929688,312.9200134277344,108.82
2022-09-03,,,,,,,,,108.82
2022-09-04,,,,,,,,,108.82
2022-09-05,,25.99,,,,,,312.4700012207031,108.82
2022-09-06,1378.95,26.91,124.767,87.35,1700.4000244140625,3908.18994140625,110.20999908447266,313.010009765625,108.82
2022-09-07,1383.72,24.64,124.8408,82.5,1715.300048828125,3979.8701171875,109.83999633789062,308.1600036621094,108.82
2022-09-08,1380.51,23.61,124.578,84.04,1708.0,4006.179931640625,109.70999908447266,309.1199951171875,108.82
2022-09-09,1376.74,22.79,123.7874,87.27,1716.199951171875,4067.360107421875,109.0,,108.82
2022-09-10,,,,,,,,,108.82
2022-09-11,,,,,,,,,108.82
2022-09-12,1377.38,23.87,123.3332,88.18,1728.0999755859375,4110.41015625,108.33000183105467,,108.82
2022-09-13,1373.76,27.27,124.4242,87.84,1705.0,3932.68994140625,109.81999969482422,318.5599975585937,108.82
2022-09-14,1391.1,26.16,124.4509,88.88,1696.5,3946.010009765625,109.66000366210938,312.739990234375,108.82
2022-09-15,1393.93,26.27,124.8843,85.72,1665.4000244140625,3901.35009765625,109.73999786376952,310.6300048828125,108.82
2022-09-16,1384.48,26.3,124.8794,85.57,1671.699951171875,3873.330078125,109.76000213623048,308.69000244140625,108.82
2022-09-17,,,,,,,,,108.82
2022-09-18,,,,,,,,,108.82
2022-09-19,1393.05,25.76,125.0104,86.15,1666.199951171875,3899.889892578125,109.73999786376952,306.489990234375,108.82
2022-09-20,1389.86,27.16,125.1248,84.69,1659.699951171875,3855.929931640625,110.22000122070312,307.5400085449219,108.82
2022-09-21,1395.92,27.99,125.7399,83.38,1664.5999755859375,3789.929931640625,110.63999938964844,304.6700134277344,108.82
2022-09-22,1412.29,27.35,126.1667,84.02,1670.800048828125,3757.989990234375,111.3499984741211,301.6499938964844,108.82
2022-09-23,1409.42,29.92,127.2853,79.07,1645.300048828125,3693.22998046875,113.19000244140624,297.739990234375,108.82
2022-09-24,,,,,,,,,108.82
2022-09-25,,,,,,,,,108.82
2022-09-26,1432.47,32.26,128.4539,77.17,1623.300048828125,3655.0400390625,114.0999984741211,289.7699890136719,108.82
2022-09-27,1422.39,32.6,128.4386,78.91,1626.699951171875,3647.2900390625,114.11000061035156,290.20001220703125,108.82
2022-09-28,1440.5,30.18,128.0884,82.61,1660.4000244140625,3719.0400390625,112.5999984741211,283.19000244140625,108.82
2022-09-29,1439.15,31.84,127.5437,81.78,1658.5,3640.469970703125,112.25,282.6499938964844,108.82
2022-09-30,1431.67,31.62,127.5148,79.91,1662.4000244140625,3585.6201171875,112.12000274658205,281.3599853515625,108.82
2022-10-01,,,,,,,,,109.16
2022-10-02,,,,,,,,,109.16
2022-10-03,1434.83,30.1,127.0813,84.05,1692.9000244140625,3678.429931640625,111.75,,109.16
2022-10-04,1425.75,29.07,126.1819,86.87,1721.0999755859375,3790.929931640625,110.06999969482422,288.2699890136719,109.16
2022-10-05,1410.74,28.55,126.8616,88.22,1711.4000244140625,3783.280029296875,111.06999969482422,289.04998779296875,109.16
2022-10-06,1402.33,30.52,127.2493,88.9,1711.699951171875,3744.52001953125,112.26000213623048,291.260009765625,109.16
2022-10-07,1412.54,31.36,127.3111,93.07,1700.5,3639.659912109375,112.8000030517578,290.4100036621094,109.16
2022-10-08,,,,,,,,,109.16
2022-10-09,,,,,,,,,109.16
2022-10-10,,32.45,,91.6,1667.300048828125,3612.389892578125,113.13999938964844,,109.16
2022-10-11,1435.36,33.63,127.6641,89.75,1678.699951171875,3588.840087890625,113.22000122070312,284.9599914550781,109.16
2022-10-12,1423.81,33.57,128.1481,87.83,1670.300048828125,3577.030029296875,113.31999969482422,287.0899963378906,109.16
2022-10-13,1430.4,31.94,127.7286,89.59,1670.0,3669.909912109375,112.36000061035156,282.57000732421875,109.16
2022-10-14,1428.06,32.02,128.3325,86.1,1641.699951171875,3583.070068359375,113.30999755859376,289.3599853515625,109.16
2022-10-15,,,,,,,,,109.16
2022-10-16,,,,,,,,,109.16
2022-10-17,1434.73,31.37,127.6448,86.0,1657.0,3677.949951171875,112.04000091552734,289.57000732421875,109.16
2022-10-18,1422.19,30.5,127.9153,83.29,1649.0,3719.97998046875,112.12999725341795,293.5899963378906,109.16
2022-10-19,1426.07,30.76,128.3968,86.0,1627.5,3695.159912109375,112.9800033569336,291.2900085449219,109.16
2022-10-20,1431.63,29.98,128.0052,86.02,1630.800048828125,3665.780029296875,112.87999725341795,288.6099853515625,109.16
2022-10-21,1440.31,29.69,127.6735,85.47,1651.0,3752.75,112.01000213623048,288.57000732421875,109.16
2022-10-22,,,,,,,,,109.16
2022-10-23,,,,,,,,,109.16
2022-10-24,1439.14,29.85,128.0304,86.12,1648.699951171875,3797.340087890625,111.98999786376952,291.4700012207031,109.16
2022-10-25,1432.46,28.46,127.3771,86.93,1652.800048828125,3859.110107421875,110.9499969482422,291.5799865722656,109.16
2022-10-26,1425.68,27.28,126.4723,89.39,1664.0,3830.60009765625,109.6999969482422,293.8500061035156,109.16
2022-10-27,1419.0,27.39,126.7028,89.06,1660.699951171875,3807.300048828125,110.58999633789062,298.82000732421875,109.16
2022-10-28,1421.67,25.75,127.2135,87.85,1639.5999755859375,3901.06005859375,110.66999816894533,295.0599975585937,109.16
2022-10-29,,,,,,,,,109.16
2022-10-30,,,,,,,,,109.16
2022-10-31,1424.6,25.88,127.6219,86.54,1635.9000244140625,3871.97998046875,111.52999877929688,299.5799865722656,109.16
2022-11-01,1416.2,25.81,127.3987,88.36,1645.0,3856.10009765625,111.4800033569336,303.8800048828125,109.07
2022-11-02,1418.31,25.86,127.3115,90.06,1645.699951171875,3759.68994140625,111.3499984741211,303.8699951171875,109.07
2022-11-03,1423.99,25.3,128.1743,88.14,1627.300048828125,3719.889892578125,112.93000030517578,301.6600036621094,109.07
2022-11-04,1423.99,24.55,127.1468,92.58,1672.5,3770.550048828125,110.87999725341795,304.3299865722656,109.07
2022-11-05,,,,,,,,,109.07
2022-11-06,,,,,,,,,109.07
2022-11-07,1402.05,24.35,126.3062,91.8,1676.5,3806.800048828125,110.12000274658205,307.8699951171875,109.07
2022-11-08,1384.61,25.54,125.633,88.8,1712.0999755859375,3828.110107421875,109.62000274658205,312.010009765625,109.07
2022-11-09,1364.85,26.09,125.9861,85.79,1710.0999755859375,3748.570068359375,110.5500030517578,315.2300109863281,109.07
2022-11-10,1377.52,23.53,124.7044,86.52,1750.300048828125,3956.3701171875,108.20999908447266,311.1300048828125,109.07
2022-11-11,,22.52,,89.14,1766.0,3992.929931640625,106.29000091552734,323.0899963378906,109.07
2022-11-12,,,,,,,,,109.07
2022-11-13,,,,,,,,,109.07
2022-11-14,1327.38,23.73,123.4277,85.85,1773.5999755859375,3957.25,106.66000366210938,321.5299987792969,109.07
2022-11-15,1317.88,24.54,123.039,86.87,1773.800048828125,3991.72998046875,106.4000015258789,322.3099975585937,109.07
2022-11-16,1326.46,24.11,123.2817,85.62,1773.0,3958.7900390625,106.27999877929688,321.9599914550781,109.07
2022-11-17,1338.97,23.93,123.977,81.69,1760.800048828125,3946.56005859375,106.69000244140624,316.75,109.07
2022-11-18,1339.61,23.12,123.8524,80.07,1751.9000244140625,3965.340087890625,106.93000030517578,317.1199951171875,109.07
2022-11-19,,,,,,,,,109.07
2022-11-20,,,,,,,,,109.07
2022-11-21,1354.87,22.36,124.7009,79.74,1737.4000244140625,3949.93994140625,107.83999633789062,314.6700134277344,109.07
2022-11-22,1356.66,21.29,124.2365,80.83,1738.300048828125,4003.580078125,107.22000122070312,312.0199890136719,109.07
2022-11-23,1352.49,20.35,123.7574,77.93,1744.9000244140625,4027.260009765625,106.08000183105467,314.1099853515625,109.07
2022-11-24,,20.42,,,,,,317.29998779296875,109.07
2022-11-25,1325.22,20.5,123.3386,76.45,1753.300048828125,4026.1201171875,105.95999908447266,316.07000732421875,109.07
2022-11-26,,,,,,,,,109.07
2022-11-27,,,,,,,,,109.07
2022-11-28,1340.66,22.21,123.6032,77.1,1740.0999755859375,3963.93994140625,106.68000030517578,312.2099914550781,109.07
2022-11-29,1327.24,21.89,123.6615,77.96,1748.4000244140625,3957.6298828125,106.81999969482422,315.5799865722656,109.07
2022-11-30,1316.84,20.58,123.5175,80.48,1746.0,4080.110107421875,105.9499969482422,321.0,109.07
2022-12-01,1299.11,19.84,122.0045,81.06,1801.0999755859375,4076.570068359375,104.7300033569336,322.0199890136719,109.26
2022-12-02,1300.5,19.06,122.0102,79.86,1795.9000244140625,4071.699951171875,104.5500030517578,315.0199890136719,109.26
2022-12-03,,,,,,,,,109.26
2022-12-04,,,,,,,,,109.26
2022-12-05,1292.58,20.75,122.6384,76.83,1767.4000244140625,3998.840087890625,105.29000091552734,313.9100036621094,109.26
2022-12-06,1319.31,22.17,123.0191,74.21,1769.300048828125,3941.260009765625,105.58000183105467,310.1400146484375,109.26
2022-12-07,1322.23,22.68,122.7608,71.93,1785.5,3933.919921875,105.0999984741211,308.2699890136719,109.26
2022-12-08,1317.56,22.29,122.4152,71.3,1788.699951171875,3963.510009765625,104.7699966430664,308.239990234375,109.26
2022-12-09,1301.61,22.83,122.4201,71.05,1798.0999755859375,3934.3798828125,104.80999755859376,311.6300048828125,109.26
2022-12-10,,,,,,,,,109.26
2022-12-11,,,,,,,,,109.26
2022-12-12,1307.62,25.0,122.7714,72.96,1780.5,3990.56005859375,105.12999725341795,309.6400146484375,109.26
2022-12-13,1301.47,22.55,121.8493,75.44,1813.9000244140625,4019.64990234375,103.9800033569336,309.5599975585937,109.26
2022-12-14,1294.79,21.14,121.8226,77.14,1807.5,3995.320068359375,103.7699966430664,313.2300109863281,109.26
2022-12-15,1302.91,22.83,122.5519,75.89,1777.199951171875,3895.75,104.55999755859376,307.7300109863281,109.26
2022-12-16,1307.73,22.62,122.6505,74.19,1790.0,3852.360107421875,104.6999969482422,307.4800109863281,109.26
2022-12-17,,,,,,,,,109.26
2022-12-18,,,,,,,,,109.26
2022-12-19,1302.29,22.42,122.5275,75.05,1787.699951171875,3817.659912109375,104.72000122070312,306.7699890136719,109.26
2022-12-20,1290.41,21.48,122.1357,75.92,1815.9000244140625,3821.6201171875,103.97000122070312,304.04998779296875,109.26
2022-12-21,1284.7,20.07,122.2828,78.17,1815.9000244140625,3878.43994140625,104.16000366210938,303.2300109863281,109.26
2022-12-22,1275.68,21.97,122.2419,77.68,1787.0,3822.389892578125,104.43000030517578,307.4800109863281,109.26
2022-12-23,1280.02,20.87,121.9743,79.57,1795.9000244140625,3844.820068359375,104.30999755859376,302.07000732421875,109.26
2022-12-24,,,,,,,,,109.26
2022-12-25,,,,,,,,,109.26
2022-12-26,,,,,,,,302.2699890136719,109.26
2022-12-27,1271.0,21.65,121.7539,79.45,1814.800048828125,3829.25,104.18000030517578,304.2200012207031,109.26
2022-12-28,1267.54,22.14,122.0075,78.89,1807.9000244140625,3783.219970703125,104.45999908447266,297.0899963378906,109.26
2022-12-29,1265.58,21.44,121.6577,78.43,1819.5,3849.280029296875,103.83999633789062,291.1000061035156,109.26
2022-12-30,1260.18,21.67,121.4256,80.16,1819.699951171875,3839.5,103.5199966430664,,109.26
2022-12-31,,,,,,,,,109.26
2023-01-01,,,,,,,,,110.07
2023-01-02,,,,,,,,289.7900085449219,110.07
2023-01-03,1271.1,22.9,122.0905,76.87,1839.699951171875,3824.139892578125,104.5199966430664,289.5799865722656,110.07
2023-01-04,1272.15,22.01,121.5008,72.82,1852.800048828125,3852.969970703125,104.25,295.9800109863281,110.07
2023-01-05,1268.91,22.46,122.1017,73.61,1834.800048828125,3808.10009765625,105.04000091552734,297.8699951171875,110.07
2023-01-06,1268.13,21.13,121.0852,73.77,1864.199951171875,3895.080078125,103.87999725341795,301.5299987792969,110.07
2023-01-07,,,,,,,,,110.07
2023-01-08,,,,,,,,,110.07
2023-01-09,1243.62,21.97,120.1508,74.69,1872.699951171875,3892.090087890625,103.0,309.69000244140625,110.07
2023-01-10,1243.83,20.58,120.2483,75.11,1871.5999755859373,3919.25,103.23999786376952,309.57000732421875,110.07
2023-01-11,1245.39,21.09,120.1614,77.46,1874.5999755859373,3969.610107421875,103.19000244140624,310.3800048828125,110.07
2023-01-12,1246.26,18.83,119.4218,78.32,1895.5,3983.169921875,102.25,310.70001220703125,110.07
2023-01-13,1241.59,18.35,119.1673,79.9,1918.4000244140625,3999.090087890625,102.1999969482422,313.7699890136719,110.07
2023-01-14,,,,,,,,,110.07
2023-01-15,,,,,,,,,110.07
2023-01-16,,19.49,,,,,,316.0400085449219,110.07
2023-01-17,1238.7,19.36,119.2121,80.25,1907.199951171875,3990.969970703125,102.38999938964844,313.75,110.07
2023-01-18,1237.32,20.34,119.0755,79.53,1904.4000244140625,3928.860107421875,102.36000061035156,311.9100036621094,110.07
2023-01-19,1232.05,20.52,119.6107,80.31,1922.0999755859373,3898.85009765625,102.05999755859376,313.8099975585937,110.07
2023-01-20,1235.57,19.85,119.3486,81.27,1926.4000244140625,3972.610107421875,102.01000213623048,315.5799865722656,110.07
2023-01-21,,,,,,,,,110.07
2023-01-22,,,,,,,,,110.07
2023-01-23,1228.59,19.81,119.1434,81.62,1927.0999755859373,4019.81005859375,102.13999938964844,,110.07
2023-01-24,1234.79,19.2,119.0958,79.86,1933.9000244140625,4016.949951171875,101.91999816894533,,110.07
2023-01-25,1231.67,19.08,118.9686,79.78,1941.199951171875,4016.219970703125,101.63999938964844,320.760009765625,110.07
2023-01-26,1230.95,18.73,119.021,80.64,1929.0999755859373,4060.429931640625,101.83999633789062,325.57000732421875,110.07
2023-01-27,1231.53,18.51,118.9223,79.73,1928.5999755859373,4070.56005859375,101.93000030517578,327.9800109863281,110.07
2023-01-28,,,,,,,,,110.07
2023-01-29,,,,,,,,,110.07
2023-01-30,1227.31,19.94,118.8953,77.97,1922.9000244140625,4017.77001953125,102.27999877929688,322.6700134277344,110.07
2023-01-31,1231.95,19.4,118.9802,78.95,1929.5,4076.60009765625,102.0999984741211,317.260009765625,110.07
2023-02-01,1231.77,17.87,118.6259,76.34,1927.800048828125,4119.2099609375,101.22000122070312,321.19000244140625,110.33
2023-02-02,1220.34,18.73,118.3421,75.87,1916.300048828125,4179.759765625,101.75,323.92999267578125,110.33
2023-02-03,1229.22,18.33,119.5095,73.4,1862.9000244140625,4136.47998046875,102.91999816894533,325.8599853515625,110.33
2023-02-04,,,,,,,,,110.33
2023-02-05,,,,,,,,,110.33
2023-02-06,1252.61,19.43,120.541,74.11,1866.199951171875,4111.080078125,103.62000274658205,318.8299865722656,110.33
2023-02-07,1255.53,18.66,120.3475,77.17,1871.699951171875,4164.0,103.43000030517578,320.54998779296875,110.33
2023-02-08,1260.03,19.63,120.1436,78.47,1877.4000244140625,4117.85986328125,103.41000366210938,325.6300048828125,110.33
2023-02-09,1259.67,20.71,119.9781,78.04,1866.199951171875,4081.5,103.22000122070312,324.8999938964844,110.33
2023-02-10,1264.15,20.53,120.1419,79.74,1862.800048828125,4090.4599609375,103.62999725341795,323.69000244140625,110.33
2023-02-11,,,,,,,,,110.33
2023-02-12,,,,,,,,,110.33
2023-02-13,1277.05,20.34,119.9828,80.14,1851.9000244140625,4137.2900390625,103.3499984741211,321.75,110.33
2023-02-14,1268.93,18.91,119.9229,79.08,1854.0,4136.1298828125,103.2300033569336,323.4700012207031,110.33
2023-02-15,1282.16,18.23,120.4557,78.57,1834.199951171875,4147.60009765625,103.91999816894533,317.989990234375,110.33
2023-02-16,1284.33,20.17,120.4651,78.45,1842.0,4090.409912109375,103.86000061035156,324.1000061035156,110.33
2023-02-17,1299.62,20.02,120.5526,76.31,1840.4000244140625,4079.090087890625,103.86000061035156,320.7799987792969,110.33
2023-02-18,,,,,,,,,110.33
2023-02-19,,,,,,,,,110.33
2023-02-20,,21.23,,,,,,321.7900085449219,110.33
2023-02-21,1295.99,22.87,120.6256,76.28,1833.0,3997.340087890625,104.18000030517578,321.5599975585937,110.33
2023-02-22,1304.31,22.29,120.8389,73.95,1832.0,3991.050048828125,104.58999633789062,315.94000244140625,110.33
2023-02-23,1296.79,21.14,121.0896,75.26,1818.0,4012.320068359375,104.5999984741211,319.44000244140625,110.33
2023-02-24,1304.59,21.67,121.5681,76.19,1808.800048828125,3970.0400390625,105.20999908447266,316.94000244140625,110.33
2023-02-25,,,,,,,,,110.33
2023-02-26,,,,,,,,,110.33
2023-02-27,1322.45,20.95,121.3941,75.57,1817.0,3982.239990234375,104.66999816894533,313.94000244140625,110.33
2023-02-28,1323.45,20.7,121.3341,76.88,1828.9000244140625,3970.14990234375,104.87000274658205,314.79998779296875,110.33
2023-03-01,1315.15,20.58,120.6347,77.57,1837.699951171875,3951.389892578125,104.4800033569336,,110.52
2023-03-02,1313.96,19.59,121.1302,78.05,1833.5,3981.35009765625,105.02999877929688,316.260009765625,110.52
2023-03-03,1300.59,18.49,120.7742,79.62,1847.699951171875,4045.639892578125,104.5199966430664,316.3599853515625,110.52
2023-03-04,,,,,,,,,110.52
2023-03-05,,,,,,,,,110.52
2023-03-06,1296.14,18.61,120.485,80.39,1847.9000244140625,4048.419921875,104.3499984741211,320.94000244140625,110.52
2023-03-07,1299.7,19.59,121.4623,77.45,1813.9000244140625,3986.3701171875,105.62000274658205,319.79998779296875,110.52
2023-03-08,1320.81,19.11,121.4511,76.56,1812.699951171875,3992.010009765625,105.66000366210938,315.3800048828125,110.52
2023-03-09,1321.58,22.61,121.4458,75.6,1829.300048828125,3918.320068359375,105.30999755859376,314.0400085449219,110.52
2023-03-10,1324.51,24.8,121.2421,76.55,1862.0,3861.590087890625,104.58000183105467,310.6499938964844,110.52
2023-03-11,,,,,,,,,110.52
2023-03-12,,,,,,,,,110.52
2023-03-13,1300.46,26.52,120.8897,74.68,1911.699951171875,3855.760009765625,103.5999984741211,313.2099914550781,110.52
2023-03-14,1306.13,23.73,121.0141,71.18,1906.199951171875,3919.2900390625,103.5999984741211,305.5799865722656,110.52
2023-03-15,1317.78,26.14,122.1079,67.38,1926.5999755859373,3891.929931640625,104.6500015258789,309.1000061035156,110.52
2023-03-16,1312.13,22.99,121.7221,68.15,1919.0,3960.280029296875,104.41999816894533,308.3900146484375,110.52
2023-03-17,1303.75,25.51,121.5643,66.61,1969.800048828125,3916.639892578125,103.70999908447266,312.07000732421875,110.52
2023-03-18,,,,,,,,,110.52
2023-03-19,,,,,,,,,110.52
2023-03-20,1310.69,24.15,121.0141,67.56,1979.199951171875,3951.570068359375,103.27999877929688,309.489990234375,110.52
2023-03-21,1310.65,21.38,120.8958,69.4,1938.0,4002.8701171875,103.26000213623048,310.3599853515625,110.52
2023-03-22,1307.5,22.26,120.6217,70.71,1946.800048828125,3936.969970703125,102.3499984741211,314.1099853515625,110.52
2023-03-23,1278.93,22.61,119.7587,69.77,1993.800048828125,3948.719970703125,102.52999877929688,315.75,110.52
2023-03-24,1292.57,21.74,120.4598,69.22,1982.0999755859373,3970.989990234375,103.12000274658205,314.29998779296875,110.52
2023-03-25,,,,,,,,,110.52
2023-03-26,,,,,,,,,110.52
2023-03-27,1301.01,20.6,120.2541,72.87,1952.4000244140625,3977.530029296875,102.86000061035156,312.8500061035156,110.52
2023-03-28,1298.26,19.97,119.7138,73.12,1972.4000244140625,3971.27001953125,102.43000030517578,316.3599853515625,110.52
2023-03-29,1303.38,19.12,119.7258,72.95,1966.0999755859373,4027.81005859375,102.63999938964844,317.010009765625,110.52
2023-03-30,1298.89,19.02,119.4078,74.32,1980.300048828125,4050.830078125,102.13999938964844,318.04998779296875,110.52
2023-03-31,1303.8,18.7,119.3602,75.68,1969.0,4109.31005859375,102.51000213623048,322.0299987792969,110.52
2023-04-01,,,,,,,,,110.77
2023-04-02,,,,,,,,,110.77
2023-04-03,1316.38,18.55,119.3204,80.4,1983.9000244140625,4124.509765625,102.08999633789062,320.3800048828125,110.77
2023-04-04,1315.1,19.0,119.142,80.7,2022.199951171875,4100.60009765625,101.58999633789062,321.75,110.77
2023-04-05,1310.05,19.08,119.2953,80.69,2020.9000244140625,4090.3798828125,101.8499984741211,323.5599975585937,110.77
2023-04-06,1319.1,18.4,119.3072,80.7,2011.9000244140625,4105.02001953125,101.81999969482422,317.82000732421875,110.77
2023-04-07,1319.1,,119.3547,,,,,323.3599853515625,110.77
2023-04-08,,,,,,,,,110.77
2023-04-09,,,,,,,,,110.77
2023-04-10,1319.09,18.97,119.7948,79.79,1989.0999755859373,4109.10986328125,102.58000183105467,326.3800048828125,110.77
2023-04-11,1322.04,19.1,119.5248,81.54,2004.800048828125,4108.93994140625,102.1999969482422,330.8699951171875,110.77
2023-04-12,1325.34,19.09,119.003,83.26,2010.9000244140625,4091.949951171875,101.5,332.0899963378906,110.77
2023-04-13,1310.68,17.8,118.3915,82.16,2041.300048828125,4146.22021484375,101.01000213623048,333.0899963378906,110.77
2023-04-14,1299.12,17.07,118.8567,82.58,2002.199951171875,4137.64013671875,101.5500030517578,333.67999267578125,110.77
2023-04-15,,,,,,,,,110.77
2023-04-16,,,,,,,,,110.77
2023-04-17,1311.36,16.95,119.2787,80.93,1994.199951171875,4151.31982421875,102.0999984741211,333.9200134277344,110.77
2023-04-18,1318.43,16.83,119.1049,80.85,2007.4000244140625,4154.8701171875,101.75,333.5,110.77
2023-04-19,1325.28,16.46,119.303,79.18,1995.199951171875,4154.52001953125,101.97000122070312,333.7699890136719,110.77
2023-04-20,1323.28,17.17,119.1199,77.27,2007.5999755859373,4129.7900390625,101.83999633789062,332.6600036621094,110.77
2023-04-21,1327.53,16.77,119.3117,77.86,1979.5,4133.52001953125,101.81999969482422,330.94000244140625,110.77
2023-04-22,,,,,,,,,110.77
2023-04-23,,,,,,,,,110.77
2023-04-24,1334.94,16.89,119.2039,78.64,1989.0999755859373,4137.0400390625,101.3499984741211,328.70001220703125,110.77
2023-04-25,1331.93,18.76,119.613,77.05,1994.0,4071.6298828125,101.86000061035156,324.4800109863281,110.77
2023-04-26,1336.23,18.84,119.3228,74.33,1985.699951171875,4055.989990234375,101.47000122070312,323.9700012207031,110.77
2023-04-27,1337.75,17.03,119.4298,74.77,1989.9000244140625,4135.35009765625,101.5,325.0899963378906,110.77
2023-04-28,1338.41,15.78,119.2248,76.78,1990.0999755859373,4169.47998046875,101.66999816894533,326.4599914550781,110.77
2023-04-29,,,,,,,,,110.77
2023-04-30,,,,,,,,,110.77
2023-05-01,1339.65,16.08,119.4435,75.65,1983.4000244140625,4167.8701171875,102.1500015258789,,111.13
2023-05-02,1341.0,17.78,119.6105,71.71,2014.300048828125,4119.580078125,101.95999908447266,329.0899963378906,111.13
2023-05-03,1337.94,18.34,119.1233,68.62,2028.5999755859373,4090.75,101.33999633789062,326.5199890136719,111.13
2023-05-04,1322.21,20.09,119.0465,68.52,2048.0,4061.219970703125,101.4000015258789,326.1700134277344,111.13
2023-05-05,1318.38,17.19,118.5548,71.32,2017.4000244140625,4136.25,101.20999908447266,,111.13
2023-05-06,,,,,,,,,111.13
2023-05-07,,,,,,,,,111.13
2023-05-08,1320.49,16.98,118.5759,73.13,2026.300048828125,4138.1201171875,101.37000274658205,328.8999938964844,111.13
2023-05-09,1323.59,17.71,118.8239,73.68,2036.199951171875,4119.169921875,101.63999938964844,328.2200012207031,111.13
2023-05-10,1324.48,16.94,118.5864,72.53,2030.5,4137.64013671875,101.4800033569336,326.0400085449219,111.13
2023-05-11,1325.09,16.93,119.0303,70.81,2014.699951171875,4130.6201171875,102.05999755859376,325.2799987792969,111.13
2023-05-12,1333.74,17.03,119.3671,70.02,2014.5,4124.080078125,102.68000030517578,323.6099853515625,111.13
2023-05-13,,,,,,,,,111.13
2023-05-14,,,,,,,,,111.13
2023-05-15,1336.13,17.12,119.1608,71.07,2018.0,4136.27978515625,102.43000030517578,324.4599914550781,111.13
2023-05-16,1338.64,17.99,119.1743,70.85,1988.4000244140625,4109.89990234375,102.55999755859376,325.3099975585937,111.13
2023-05-17,1337.29,16.87,119.607,72.78,1980.699951171875,4158.77001953125,102.87999725341795,326.6099853515625,111.13
2023-05-18,1333.88,16.05,120.0886,71.82,1956.5,4198.0498046875,103.58000183105467,329.8399963378906,111.13
2023-05-19,1326.12,16.81,119.7751,71.57,1978.699951171875,4191.97998046875,103.1999969482422,334.2300109863281,111.13
2023-05-20,,,,,,,,,111.13
2023-05-21,,,,,,,,,111.13
2023-05-22,1317.77,17.21,120.0875,71.81,1974.800048828125,4192.6298828125,103.1999969482422,336.2699890136719,111.13
2023-05-23,1312.01,18.53,120.3204,72.87,1972.4000244140625,4145.580078125,103.48999786376952,337.0899963378906,111.13
2023-05-24,1316.71,20.03,120.4752,74.37,1962.800048828125,4115.240234375,103.88999938964844,336.489990234375,111.13
2023-05-25,1325.9,19.14,120.8413,71.68,1943.0999755859373,4151.27978515625,104.20999908447266,335.3500061035156,111.13
2023-05-26,1324.4,17.95,120.6304,72.35,1944.0999755859373,4205.4501953125,104.20999908447266,337.1099853515625,111.13
2023-05-27,,,,,,,,,111.13
2023-05-28,,,,,,,,,111.13
2023-05-29,,17.46,,,,,,,111.13
2023-05-30,1324.59,17.46,120.5546,69.45,1958.0,4205.52001953125,104.16999816894533,341.5,111.13
2023-05-31,1324.55,17.94,120.9662,68.11,1963.9000244140625,4179.830078125,104.31999969482422,339.1199951171875,111.13
2023-06-01,1321.35,15.65,120.0491,70.09,1978.0,4221.02001953125,103.55999755859376,338.0799865722656,111.16
2023-06-02,1305.21,14.6,120.0049,71.76,1952.4000244140625,4282.3701171875,104.0199966430664,342.6700134277344,111.16
2023-06-03,,,,,,,,,111.16
2023-06-04,,,,,,,,,111.16
2023-06-05,1308.16,14.73,120.0048,72.14,1958.0,4273.7900390625,104.0,343.9100036621094,111.16
2023-06-06,1297.93,13.96,119.9718,71.71,1965.5,4283.85009765625,104.12999725341795,,111.16
2023-06-07,1303.62,13.94,119.859,72.52,1942.699951171875,4267.52001953125,104.0999984741211,343.2200012207031,111.16
2023-06-08,1304.26,13.65,119.5712,71.28,1963.5999755859373,4293.93017578125,103.33999633789062,342.75,111.16
2023-06-09,1291.46,13.83,119.4322,70.16,1962.199951171875,4298.85986328125,103.55999755859376,346.7900085449219,111.16
2023-06-10,,,,,,,,,111.16
2023-06-11,,,,,,,,,111.16
2023-06-12,1288.61,15.01,119.6376,67.08,1955.300048828125,4338.93017578125,103.62999725341795,344.57000732421875,111.16
2023-06-13,1271.48,14.61,119.1899,69.39,1944.5999755859373,4369.009765625,103.33999633789062,346.3900146484375,111.16
2023-06-14,1278.44,13.88,118.776,68.22,1955.300048828125,4372.58984375,103.01000213623048,344.6499938964844,111.16
2023-06-15,1279.99,14.5,118.5521,70.61,1957.800048828125,4425.83984375,102.12000274658205,343.19000244140625,111.16
2023-06-16,1272.68,13.54,118.4184,71.81,1958.4000244140625,4409.58984375,102.3000030517578,345.1700134277344,111.16
2023-06-17,,,,,,,,,111.16
2023-06-18,,,,,,,,,111.16
2023-06-19,,14.19,,,,,,343.1300048828125,111.16
2023-06-20,1280.21,13.88,118.938,70.94,1935.5,4388.7099609375,102.54000091552734,342.5799865722656,111.16
2023-06-21,1291.78,13.2,118.727,72.55,1933.300048828125,4365.68994140625,102.06999969482422,339.44000244140625,111.16
2023-06-22,1294.75,12.91,118.7552,69.22,1912.699951171875,4381.89013671875,102.38999938964844,341.1199951171875,111.16
2023-06-23,1304.19,13.44,119.152,68.91,1919.0999755859373,4348.330078125,102.9000015258789,338.45001220703125,111.16
2023-06-24,,,,,,,,,111.16
2023-06-25,,,,,,,,,111.16
2023-06-26,1304.88,14.25,119.0761,69.09,1923.699951171875,4328.81982421875,102.69000244140624,340.3800048828125,111.16
2023-06-27,1299.99,13.74,118.8949,67.68,1914.0,4378.41015625,102.48999786376952,340.32000732421875,111.16
2023-06-28,1307.76,13.43,119.3382,69.54,1912.300048828125,4376.85986328125,102.91000366210938,338.4100036621094,111.16
2023-06-29,1317.73,13.54,119.527,69.85,1909.199951171875,4396.43994140625,103.33999633789062,336.3900146484375,111.16
2023-06-30,1317.8,13.59,119.3606,70.66,1921.0999755859373,4450.3798828125,102.91000366210938,337.95001220703125,111.16
2023-07-01,,,,,,,,,111.29
2023-07-02,,,,,,,,,111.29
2023-07-03,1308.37,13.57,119.2119,69.71,1921.699951171875,4455.58984375,102.98999786376952,343.0799865722656,111.29
2023-07-04,,13.7,,,,,,341.5899963378906,111.29
2023-07-05,1298.74,14.18,119.3483,71.78,1919.5999755859373,4446.81982421875,103.37000274658205,339.0400085449219,111.29
2023-07-06,1300.85,15.44,119.8193,71.76,1908.699951171875,4411.58984375,103.16999816894533,336.20001220703125,111.29
2023-07-07,1304.89,14.83,119.0761,73.91,1926.199951171875,4398.9501953125,102.2699966430664,331.57000732421875,111.29
2023-07-08,,,,,,,,,111.29
2023-07-09,,,,,,,,,111.29
2023-07-10,1306.45,15.07,118.9548,73.05,1925.0,4409.52978515625,101.97000122070312,330.8399963378906,111.29
2023-07-11,1293.64,14.84,118.7344,74.87,1931.300048828125,4439.259765625,101.7300033569336,337.0199890136719,111.29
2023-07-12,1288.17,13.54,117.6385,75.77,1956.199951171875,4472.16015625,100.5199966430664,339.4599914550781,111.29
2023-07-13,1273.99,13.61,117.1831,76.86,1959.199951171875,4510.0400390625,99.7699966430664,341.1300048828125,111.29
2023-07-14,1266.28,13.34,117.0463,75.44,1960.0999755859373,4505.419921875,99.91000366210938,346.92999267578125,111.29
2023-07-15,,,,,,,,,111.29
2023-07-16,,,,,,,,,111.29
2023-07-17,1267.02,13.48,117.1267,74.17,1952.4000244140625,4522.7900390625,99.83999633789062,345.75,111.29
2023-07-18,1260.87,13.3,117.0264,75.76,1977.199951171875,4554.97998046875,99.94000244140624,343.3800048828125,111.29
2023-07-19,1265.76,13.76,117.3462,75.4,1977.5,4565.72021484375,100.27999877929688,343.1099853515625,111.29
2023-07-20,1269.26,13.99,117.5947,75.65,1968.300048828125,4534.8701171875,100.87999725341795,341.6700134277344,111.29
2023-07-21,1283.71,13.6,117.9418,77.06,1964.300048828125,4536.33984375,101.06999969482422,342.3900146484375,111.29
2023-07-22,,,,,,,,,111.29
2023-07-23,,,,,,,,,111.29
2023-07-24,1280.54,13.91,117.8124,78.81,1960.300048828125,4554.64013671875,101.3499984741211,344.32000732421875,111.29
2023-07-25,1275.32,13.86,117.8565,79.76,1962.0999755859373,4567.4599609375,101.3499984741211,344.9200134277344,111.29
2023-07-26,1274.04,13.19,117.76,79.11,1968.9000244140625,4566.75,100.88999938964844,340.5599975585937,111.29
2023-07-27,1277.23,14.41,117.8938,80.17,1945.4000244140625,4537.41015625,101.7699966430664,344.760009765625,111.29
2023-07-28,1276.69,13.33,117.788,80.55,1960.4000244140625,4582.22998046875,101.62000274658205,344.0299987792969,111.29
2023-07-29,,,,,,,,,111.29
2023-07-30,,,,,,,,,111.29
2023-07-31,1273.85,13.63,117.8241,81.8,1970.5,4588.9599609375,101.86000061035156,345.6199951171875,111.29
2023-08-01,1283.84,13.93,118.5738,81.37,1940.699951171875,4576.72998046875,102.3000030517578,351.0,112.28
2023-08-02,1297.66,16.09,119.1268,79.5,1937.4000244140625,4513.39013671875,102.58999633789062,343.79998779296875,112.28
2023-08-03,1298.54,15.92,119.3963,81.56,1932.0,4501.89013671875,102.54000091552734,341.5400085449219,112.28
2023-08-04,1309.49,17.1,118.821,82.76,1939.5999755859373,4478.02978515625,102.0199966430664,341.25,112.28
2023-08-05,,,,,,,,,112.28
2023-08-06,,,,,,,,,112.28
2023-08-07,1305.94,15.77,119.0809,81.94,1933.5,4518.43994140625,102.0500030517578,339.67999267578125,112.28
2023-08-08,1316.02,15.99,119.6407,82.94,1924.0999755859373,4499.3798828125,102.52999877929688,337.95001220703125,112.28
2023-08-09,1315.45,15.96,119.476,84.35,1915.4000244140625,4467.7099609375,102.48999786376952,341.6099853515625,112.28
2023-08-10,1315.54,15.85,119.1581,82.81,1914.4000244140625,4468.830078125,102.5199966430664,340.4599914550781,112.28
2023-08-11,1324.17,14.84,119.6268,83.17,1912.9000244140625,4464.0498046875,102.83999633789062,338.9800109863281,112.28
2023-08-12,,,,,,,,,112.28
2023-08-13,,,,,,,,,112.28
2023-08-14,1330.05,14.82,120.0725,82.5,1910.5999755859373,4489.72021484375,103.19000244140624,336.3299865722656,112.28
2023-08-15,1335.0,16.46,120.2127,81.06,1902.5,4437.85986328125,103.20999908447266,,112.28
2023-08-16,1336.84,16.78,120.3551,79.4,1896.0999755859373,4404.330078125,103.41999816894533,331.2799987792969,112.28
2023-08-17,1341.13,17.89,120.5242,80.43,1884.0999755859373,4370.35986328125,103.44000244140624,330.2300109863281,112.28
2023-08-18,1337.99,17.3,120.4321,81.25,1886.0999755859373,4369.7099609375,103.37999725341795,328.4200134277344,112.28
2023-08-19,,,,,,,,,112.28
2023-08-20,,,,,,,,,112.28
2023-08-21,1342.45,17.13,120.4627,80.71,1893.300048828125,4399.77001953125,103.33000183105467,328.8399963378906,112.28
2023-08-22,1335.06,16.97,120.3554,80.25,1896.4000244140625,4387.5498046875,103.55999755859376,329.70001220703125,112.28
2023-08-23,1339.12,15.98,120.0307,78.91,1918.5,4436.009765625,103.36000061035156,329.1499938964844,112.28
2023-08-24,1321.07,17.2,120.2354,79.52,1918.199951171875,4376.31005859375,103.9800033569336,333.82000732421875,112.28
2023-08-25,1324.11,15.68,120.5137,80.47,1911.0999755859373,4405.7099609375,104.08000183105467,330.25,112.28
2023-08-26,,,,,,,,,112.28
2023-08-27,,,,,,,,,112.28
2023-08-28,1323.2,15.08,120.3155,80.65,1917.9000244140625,4433.31005859375,104.05999755859376,332.5299987792969,112.28
2023-08-29,1321.87,14.45,120.2669,81.14,1936.5,4497.6298828125,103.5500030517578,333.760009765625,112.28
2023-08-30,1323.42,13.88,119.7937,81.64,1944.300048828125,4514.8701171875,103.16000366210938,334.94000244140625,112.28
2023-08-31,1322.43,13.57,120.225,83.55,1938.199951171875,4507.66015625,103.62000274658205,334.75,112.28
2023-09-01,1318.34,13.09,120.759,85.52,1939.800048828125,4515.77001953125,104.23999786376952,338.2799987792969,112.85
2023-09-02,,,,,,,,,112.85
2023-09-03,,,,,,,,,112.85
2023-09-04,,13.82,,,,,,341.0199890136719,112.85
2023-09-05,1330.16,14.01,121.4345,86.74,1926.199951171875,4496.830078125,104.80999755859376,340.2900085449219,112.85
2023-09-06,1330.87,14.45,121.8671,87.55,1918.0999755859373,4465.47998046875,104.86000061035156,337.8500061035156,112.85
2023-09-07,1335.03,14.4,121.9528,86.87,1917.5,4451.14013671875,105.05999755859376,336.739990234375,112.85
2023-09-08,1332.83,13.84,121.9475,87.51,1918.4000244140625,4457.490234375,105.08999633789062,336.3999938964844,112.85
2023-09-09,,,,,,,,,112.85
2023-09-10,,,,,,,,,112.85
2023-09-11,1331.59,13.8,121.3386,87.3,1923.300048828125,4487.4599609375,104.56999969482422,337.5799865722656,112.85
2023-09-12,1327.29,14.23,121.2913,88.87,1911.300048828125,4461.89990234375,104.70999908447266,335.5400085449219,112.85
2023-09-13,1329.7,13.48,121.0549,88.59,1909.0999755859373,4467.43994140625,104.7699966430664,335.989990234375,112.85
2023-09-14,1325.88,12.82,121.2395,90.13,1910.0,4505.10009765625,105.41000366210938,341.19000244140625,112.85
2023-09-15,1325.89,13.79,121.199,90.83,1923.699951171875,4450.31982421875,105.31999969482422,344.9800109863281,112.85
2023-09-16,,,,,,,,,112.85
2023-09-17,,,,,,,,,112.85
2023-09-18,1323.99,14.0,121.1938,91.47,1931.5,4453.52978515625,105.1999969482422,340.6700134277344,112.85
2023-09-19,1328.13,14.11,121.1645,91.16,1932.0,4443.9501953125,105.1999969482422,338.82000732421875,112.85
2023-09-20,1330.34,15.14,120.9648,89.2,1945.5999755859373,4402.2001953125,105.16000366210938,338.75,112.85
2023-09-21,1340.08,17.54,121.5528,89.56,1919.199951171875,4330.0,105.36000061035156,333.0400085449219,112.85
2023-09-22,1336.58,17.2,121.5306,90.0,1925.4000244140625,4320.06005859375,105.58000183105467,332.0199890136719,112.85
2023-09-23,,,,,,,,,112.85
2023-09-24,,,,,,,,,112.85
2023-09-25,1336.03,16.9,122.1143,89.68,1916.5999755859373,4337.43994140625,106.0,331.5799865722656,112.85
2023-09-26,1348.69,18.94,122.4742,91.43,1900.4000244140625,4273.52978515625,106.2300033569336,326.8999938964844,112.85
2023-09-27,1349.05,18.22,122.9895,93.67,1871.5999755859373,4274.509765625,106.66999816894533,326.7099914550781,112.85
2023-09-28,1356.41,17.34,122.5342,91.65,1860.4000244140625,4299.7001953125,106.22000122070312,,112.85
2023-09-29,1347.86,17.52,122.3077,90.77,1848.0999755859373,4288.0498046875,106.16999816894533,,112.85
2023-09-30,,,,,,,,,112.85
2023-10-01,,,,,,,,,113.27
2023-10-02,1351.67,17.61,123.0545,88.81,1830.0,4288.39013671875,106.9000015258789,,113.27
2023-10-03,1360.62,19.78,123.7848,89.26,1824.5999755859373,4229.4501953125,107.0,,113.27
2023-10-04,1362.94,18.58,123.5946,84.32,1818.5,4263.75,106.8000030517578,319.45001220703125,113.27
2023-10-05,1350.22,18.49,123.8993,82.3,1816.5999755859373,4258.18994140625,106.33000183105467,318.5799865722656,113.27
2023-10-06,1350.17,17.45,123.3563,82.83,1830.199951171875,4308.5,106.04000091552734,318.94000244140625,113.27
2023-10-07,,,,,,,,,113.27
2023-10-08,,,,,,,,,113.27
2023-10-09,,17.7,,,1849.5,4335.66015625,106.08000183105467,,113.27
2023-10-10,1349.79,17.03,122.9282,85.89,1861.0,4358.240234375,105.83000183105467,319.1099853515625,113.27
2023-10-11,1339.31,16.09,122.7697,83.7,1872.800048828125,4376.9501953125,105.81999969482422,324.739990234375,113.27
2023-10-12,1338.21,16.69,123.2101,82.87,1869.300048828125,4349.60986328125,106.56999969482422,328.8500061035156,113.27
2023-10-13,1349.65,19.32,123.5954,87.67,1927.4000244140625,4327.77978515625,106.6500015258789,325.7699890136719,113.27
2023-10-14,,,,,,,,,113.27
2023-10-15,,,,,,,,,113.27
2023-10-16,1353.67,17.21,123.3185,86.65,1921.0999755859373,4373.6298828125,106.23999786376952,323.2900085449219,113.27
2023-10-17,1353.6,17.88,123.1202,86.66,1922.699951171875,4373.2001953125,106.25,327.3500061035156,113.27
2023-10-18,1349.45,19.22,123.8148,88.35,1955.300048828125,4314.60009765625,106.56999969482422,328.82000732421875,113.27
2023-10-19,1357.5,21.4,123.798,89.35,1968.4000244140625,4278.0,106.25,322.760009765625,113.27
2023-10-20,1352.92,21.71,123.612,89.12,1982.5,4224.16015625,106.16000366210938,317.9599914550781,113.27
2023-10-21,,,,,,,,,113.27
2023-10-22,,,,,,,,,113.27
2023-10-23,1353.7,20.37,123.2846,85.49,1976.300048828125,4217.0400390625,105.54000091552734,315.5,113.27
2023-10-24,1342.68,18.97,123.6416,84.58,1975.0,4247.68017578125,106.2699966430664,318.42999267578125,113.27
2023-10-25,1349.07,20.19,123.7871,86.07,1984.0999755859373,4186.77001953125,106.52999877929688,316.489990234375,113.27
2023-10-26,1359.32,20.68,124.0064,83.8,1987.199951171875,4137.22998046875,106.5999984741211,307.75,113.27
2023-10-27,1355.15,21.27,123.62,86.04,1988.5999755859373,4117.3701171875,106.55999755859376,308.5299987792969,113.27
2023-10-28,,,,,,,,,113.27
2023-10-29,,,,,,,,,113.27
2023-10-30,1350.98,19.75,123.4076,83.03,1996.199951171875,4166.81982421875,106.12000274658205,308.95001220703125,113.27
2023-10-31,1351.03,18.14,123.8364,81.64,1985.199951171875,4193.7998046875,106.66000366210938,305.5599975585937,113.27
2023-11-01,1356.94,16.87,123.7922,81.05,1978.800048828125,4237.85986328125,106.87999725341795,309.7099914550781,112.68
2023-11-02,1342.91,15.66,122.8818,83.04,1985.5999755859373,4317.77978515625,106.12000274658205,315.1600036621094,112.68
2023-11-03,1322.04,14.91,121.7564,81.19,1991.5,4358.33984375,105.0199966430664,318.239990234375,112.68
2023-11-04,,,,,,,,,112.68
2023-11-05,,,,,,,,,112.68
2023-11-06,1297.94,14.89,121.6484,81.54,1981.5999755859373,4365.97998046875,105.22000122070312,334.1600036621094,112.68
2023-11-07,1308.33,14.81,122.0777,77.96,1966.800048828125,4378.3798828125,105.54000091552734,327.2900085449219,112.68
2023-11-08,1309.98,14.45,122.0926,75.85,1951.5,4382.77978515625,105.58999633789062,324.0,112.68
2023-11-09,1309.89,15.29,122.1281,76.34,1964.199951171875,4347.35009765625,105.91000366210938,325.2900085449219,112.68
2023-11-10,,14.17,,,1932.5999755859373,4415.240234375,105.86000061035156,323.75,112.68
2023-11-11,,,,,,,,,112.68
2023-11-12,,,,,,,,,112.68
2023-11-13,1324.97,14.76,122.4264,78.86,1945.5,4411.5498046875,105.66000366210938,323.3099975585937,112.68
2023-11-14,1328.74,14.16,121.35,78.9,1961.800048828125,4495.7001953125,104.11000061035156,326.57000732421875,112.68
2023-11-15,1300.34,14.18,121.0749,77.15,1960.0999755859373,4502.8798828125,104.38999938964844,333.9599914550781,112.68
2023-11-16,1297.1,14.32,121.1754,73.5,1983.9000244140625,4508.240234375,104.37000274658205,334.3099975585937,112.68
2023-11-17,1296.21,13.8,120.8477,76.47,1981.5999755859373,4514.02001953125,103.81999969482422,332.0599975585937,112.68
2023-11-18,,,,,,,,,112.68
2023-11-19,,,,,,,,,112.68
2023-11-20,1291.48,13.41,120.2533,78.1,1977.699951171875,4547.3798828125,103.47000122070312,334.2300109863281,112.68
2023-11-21,1289.34,13.35,120.2241,78.35,1999.300048828125,4538.18994140625,103.58999633789062,336.57000732421875,112.68
2023-11-22,1300.06,12.85,120.6802,76.8,1991.4000244140625,4556.6201171875,103.91999816894533,336.8099975585937,112.68
2023-11-23,,12.8,,,,,,336.9100036621094,112.68
2023-11-24,1306.08,12.46,120.2105,74.83,2002.199951171875,4559.33984375,103.4000015258789,334.0,112.68
2023-11-25,,,,,,,,,112.68
2023-11-26,,,,,,,,,112.68
2023-11-27,1304.33,12.69,120.173,74.46,2011.800048828125,4550.43017578125,103.1999969482422,333.6700134277344,112.68
2023-11-28,1293.71,12.69,119.5904,76.09,2039.699951171875,4554.89013671875,102.75,337.5199890136719,112.68
2023-11-29,1292.74,12.98,119.8159,77.56,2047.0999755859373,4550.580078125,102.7699966430664,336.6199951171875,112.68
2023-11-30,1289.95,12.92,120.2434,75.66,2038.0999755859373,4567.7998046875,103.5,338.42999267578125,112.68
2023-12-01,1305.45,12.63,119.9424,73.7,2071.0,4594.6298828125,103.2699966430664,334.79998779296875,112.73
2023-12-02,,,,,,,,,112.73
2023-12-03,,,,,,,,,112.73
2023-12-04,1304.43,13.08,120.4727,72.73,2024.0999755859373,4569.77978515625,103.63999938964844,336.1400146484375,112.73
2023-12-05,1311.47,12.85,120.7913,71.95,2018.5,4567.18017578125,104.0500030517578,332.8500061035156,112.73
2023-12-06,1313.03,12.97,120.5334,68.98,2030.5,4549.33984375,104.1500015258789,333.45001220703125,112.73
2023-12-07,1325.27,13.06,120.6013,69.0,2029.9000244140625,4585.58984375,103.54000091552734,332.6700134277344,112.73
2023-12-08,1307.11,12.35,120.7607,70.87,1998.300048828125,4604.3701171875,104.01000213623048,336.6000061035156,112.73
2023-12-09,,,,,,,,,112.73
2023-12-10,,,,,,,,,112.73
2023-12-11,1316.38,12.63,120.9279,70.95,1978.0,4622.43994140625,104.0999984741211,337.92999267578125,112.73
2023-12-12,1313.75,12.07,120.6817,68.27,1977.800048828125,4643.7001953125,103.87000274658205,339.7699890136719,112.73
2023-12-13,1319.76,12.19,121.1571,69.09,1982.300048828125,4707.08984375,102.87000274658205,336.67999267578125,112.73
2023-12-14,1296.11,12.48,119.5683,71.21,2030.199951171875,4719.5498046875,101.95999908447266,341.3299865722656,112.73
2023-12-15,1295.92,12.28,119.7382,71.05,2021.0999755859373,4719.18994140625,102.5500030517578,343.989990234375,112.73
2023-12-16,,,,,,,,,112.73
2023-12-17,,,,,,,,,112.73
2023-12-18,1297.63,12.56,119.9102,72.16,2026.300048828125,4740.56005859375,102.51000213623048,343.5,112.73
2023-12-19,1307.95,12.53,119.4632,73.23,2038.4000244140625,4768.3701171875,102.16999816894533,343.95001220703125,112.73
2023-12-20,1299.22,13.67,119.5435,73.87,2034.5,4698.35009765625,102.41000366210938,350.1099853515625,112.73
2023-12-21,1304.82,13.65,119.3168,73.59,2039.0999755859373,4746.75,101.83999633789062,348.7799987792969,112.73
2023-12-22,1302.54,13.03,119.0625,73.29,2057.10009765625,4754.6298828125,101.6999969482422,349.1499938964844,112.73
2023-12-23,,,,,,,,,112.73
2023-12-24,,,,,,,,,112.73
2023-12-25,,,,,,,,,112.73
2023-12-26,1294.25,12.99,118.8875,75.84,2058.199951171875,4774.75,101.47000122070312,350.42999267578125,112.73
2023-12-27,1293.38,12.43,118.4729,74.31,2081.89990234375,4781.580078125,100.98999786376952,352.4599914550781,112.73
2023-12-28,1288.45,12.47,118.4104,72.02,2073.89990234375,4783.35009765625,101.2300033569336,357.989990234375,112.73
2023-12-29,1290.97,12.45,118.4208,71.89,2062.39990234375,4769.830078125,101.33000183105467,,112.73
2023-12-30,,,,,,,,,112.73
2023-12-31,,,,,,,,,112.73
2024-01-01,,,,,,,,,113.17
2024-01-02,1300.52,13.2,119.2686,70.62,2064.39990234375,4742.830078125,102.1999969482422,360.5499877929688,113.17
2024-01-03,1305.1,14.04,119.6958,72.97,2034.199951171875,4704.81005859375,102.45999908447266,351.20001220703125,113.17
2024-01-04,1310.39,14.13,119.6208,72.38,2042.300048828125,4688.68017578125,102.41999816894533,348.07000732421875,113.17
2024-01-05,1315.62,13.35,119.388,74.0,2042.4000244140625,4697.240234375,102.41000366210938,347.2200012207031,113.17
2024-01-06,,,,,,,,,113.17
2024-01-07,,,,,,,,,113.17
2024-01-08,1315.58,13.08,119.2506,71.06,2026.5999755859373,4763.5400390625,102.20999908447266,345.5799865722656,113.17
2024-01-09,1315.92,12.76,119.6666,72.43,2026.4000244140625,4756.5,102.56999969482422,343.8099975585937,113.17
2024-01-10,1320.42,12.69,119.7614,71.57,2021.699951171875,4783.4501953125,102.36000061035156,340.6600036621094,113.17
2024-01-11,1313.04,12.44,119.8916,72.15,2014.300048828125,4780.240234375,102.29000091552734,340.2799987792969,113.17
2024-01-12,1313.41,12.7,119.534,72.94,2046.699951171875,4783.830078125,102.4000015258789,338.2200012207031,113.17
2024-01-13,,,,,,,,,113.17
2024-01-14,,,,,,,,,113.17
2024-01-15,,13.25,,,,,,339.239990234375,113.17
2024-01-16,1331.5,13.84,120.5759,72.63,2026.0,4765.97998046875,103.36000061035156,334.7300109863281,113.17
2024-01-17,1344.23,14.79,121.0402,72.79,2002.5999755859373,4739.2099609375,103.4499969482422,326.1099853515625,113.17
2024-01-18,1338.73,14.13,120.8895,74.32,2018.5999755859373,4780.93994140625,103.54000091552734,327.1300048828125,113.17
2024-01-19,1338.53,13.3,120.6442,73.69,2026.5,4839.81005859375,103.29000091552734,332.989990234375,113.17
2024-01-20,,,,,,,,,113.17
2024-01-21,,,,,,,,,113.17
2024-01-22,1338.25,13.19,120.6178,75.26,2019.800048828125,4850.43017578125,103.33000183105467,332.6300048828125,113.17
2024-01-23,1333.76,12.55,121.1001,74.72,2023.699951171875,4864.60009765625,103.62000274658205,334.9700012207031,113.17
2024-01-24,1337.74,13.14,120.4916,75.48,2013.9000244140625,4868.5498046875,103.23999786376952,333.2699890136719,113.17
2024-01-25,1336.0,13.45,120.8311,77.91,2016.9000244140625,4894.16015625,103.56999969482422,333.79998779296875,113.17
2024-01-26,1336.08,13.26,120.6173,78.45,2016.800048828125,4890.97021484375,103.47000122070312,334.2099914550781,113.17
2024-01-27,,,,,,,,,113.17
2024-01-28,,,,,,,,,113.17
2024-01-29,1335.5,13.6,120.8538,77.25,2025.199951171875,4927.93017578125,103.61000061035156,337.8399963378906,113.17
2024-01-30,1328.93,13.31,120.6025,78.3,2031.5,4924.97021484375,103.4000015258789,337.4800109863281,113.17
2024-01-31,1334.9,14.35,120.4331,76.28,2048.39990234375,4845.64990234375,103.2699966430664,336.239990234375,113.17
2024-02-01,1331.78,13.88,120.3335,74.36,2053.0,4906.18994140625,103.0500030517578,342.4100036621094,113.78
2024-02-02,1321.9,13.85,120.902,72.72,2036.0999755859373,4958.60986328125,103.91999816894533,353.42999267578125,113.78
2024-02-03,,,,,,,,,113.78
2024-02-04,,,,,,,,,113.78
2024-02-05,1330.98,13.67,121.349,73.21,2025.699951171875,4942.81005859375,104.4499969482422,349.1499938964844,113.78
2024-02-06,1326.83,13.06,120.9588,73.83,2034.5,4954.22998046875,104.18000030517578,347.79998779296875,113.78
2024-02-07,1327.37,12.83,120.9049,74.26,2035.199951171875,4995.06005859375,104.04000091552734,352.25,113.78
2024-02-08,1328.07,12.79,121.0798,76.67,2032.199951171875,4997.91015625,104.1500015258789,353.2900085449219,113.78
2024-02-09,1333.1,12.93,121.039,77.26,2023.300048828125,5026.60986328125,104.08000183105467,,113.78
2024-02-10,,,,,,,,,113.78
2024-02-11,,,,,,,,,113.78
2024-02-12,1331.37,13.93,120.9378,77.34,2018.199951171875,5021.83984375,104.16999816894533,,113.78
2024-02-13,1327.88,15.85,121.5202,78.28,1992.9000244140625,4953.169921875,104.95999908447266,357.3800048828125,113.78
2024-02-14,1335.06,14.38,121.4002,77.09,1990.300048828125,5000.6201171875,104.72000122070312,352.69000244140625,113.78
2024-02-15,1333.84,14.01,121.2121,78.47,2002.0999755859373,5029.72998046875,104.3000030517578,351.2099914550781,113.78
2024-02-16,1334.96,14.24,121.1505,79.65,2011.5,5005.56982421875,104.27999877929688,355.5199890136719,113.78
2024-02-17,,,,,,,,,113.78
2024-02-18,,,,,,,,,113.78
2024-02-19,,14.71,,,,,,360.8800048828125,113.78
2024-02-20,1337.25,15.42,121.0199,78.72,2027.5,4975.509765625,104.08000183105467,356.9200134277344,113.78
2024-02-21,1334.95,15.34,121.0379,78.89,2022.300048828125,4981.7998046875,104.01000213623048,356.0400085449219,113.78
2024-02-22,1328.71,14.54,121.102,79.64,2019.699951171875,5087.02978515625,103.95999908447266,357.6700134277344,113.78
2024-02-23,1328.71,13.75,121.0369,77.6,2038.5999755859373,5088.7998046875,103.94000244140624,358.57000732421875,113.78
2024-02-24,,,,,,,,,113.78
2024-02-25,,,,,,,,,113.78
2024-02-26,1330.86,13.74,121.0592,78.53,2028.5,5069.52978515625,103.83000183105467,355.4800109863281,113.78
2024-02-27,1330.86,13.43,120.9647,79.8,2034.0,5078.18017578125,103.83000183105467,352.760009765625,113.78
2024-02-28,1336.02,13.84,121.128,79.44,2033.0,5069.759765625,103.9800033569336,356.7900085449219,113.78
2024-02-29,1336.19,13.4,121.1824,79.22,2045.699951171875,5096.27001953125,104.16000366210938,355.57000732421875,113.78
2024-03-01,1334.8,13.11,121.0111,80.9,2086.89990234375,5137.080078125,103.86000061035156,,113.95
2024-03-02,,,,,,,,,113.95
2024-03-03,,,,,,,,,113.95
2024-03-04,1331.29,13.49,120.872,79.67,2117.699951171875,5130.9501953125,103.83000183105467,361.1000061035156,113.95
2024-03-05,1336.51,14.46,120.8846,79.11,2133.5,5078.64990234375,103.8000030517578,357.5899963378906,113.95
2024-03-06,1333.99,14.5,120.4649,80.08,2150.300048828125,5104.759765625,103.37000274658205,356.25,113.95
2024-03-07,1324.3,14.44,120.1909,79.81,2158.0,5157.35986328125,102.81999969482422,356.82000732421875,113.95
2024-03-08,1319.28,14.74,119.975,78.96,2178.60009765625,5123.68994140625,102.73999786376952,361.7099914550781,113.95
2024-03-09,,,,,,,,,113.95
2024-03-10,,,,,,,,,113.95
2024-03-11,1312.55,15.22,120.0394,78.87,2182.5,5117.93994140625,102.87000274658205,358.3399963378906,113.95
2024-03-12,1310.82,13.84,120.1668,78.51,2160.39990234375,5175.27001953125,102.95999908447266,361.1099853515625,113.95
2024-03-13,1314.67,13.75,119.9642,80.67,2175.39990234375,5165.31005859375,102.79000091552734,363.0400085449219,113.95
2024-03-14,1318.2,14.4,120.241,82.16,2163.0,5150.47998046875,103.36000061035156,366.6799926757813,113.95
2024-03-15,1329.35,14.41,120.4003,81.94,2157.300048828125,5117.08984375,103.43000030517578,359.3900146484375,113.95
2024-03-16,,,,,,,,,113.95
2024-03-17,,,,,,,,,113.95
2024-03-18,1333.59,14.33,120.5752,83.68,2160.699951171875,5149.419921875,103.58000183105467,361.30999755859375,113.95
2024-03-19,1338.28,13.82,120.9332,84.39,2156.300048828125,5178.509765625,103.80999755859376,357.3299865722656,113.95
2024-03-20,1339.02,13.04,120.9289,82.79,2157.89990234375,5224.6201171875,103.41000366210938,363.3200073242188,113.95
2024-03-21,1322.11,12.92,120.8086,81.99,2182.39990234375,5241.52978515625,104.0,373.6600036621094,113.95
2024-03-22,1338.14,13.06,121.1842,81.1,2158.10009765625,5234.18017578125,104.43000030517578,372.6499938964844,113.95
2024-03-23,,,,,,,,,113.95
2024-03-24,,,,,,,,,113.95
2024-03-25,1342.61,13.19,121.0295,82.41,2174.800048828125,5218.18994140625,104.2300033569336,370.7300109863281,113.95
2024-03-26,1344.0,13.24,121.0742,82.41,2175.60009765625,5203.580078125,104.29000091552734,374.6000061035156,113.95
2024-03-27,1348.58,12.78,121.0089,82.15,2190.60009765625,5248.490234375,104.3499984741211,374.0799865722656,113.95
2024-03-28,1346.01,13.01,121.0635,83.96,2217.39990234375,5254.35009765625,104.5500030517578,373.2200012207031,113.95
2024-03-29,1347.08,,121.0191,,,,,374.6300048828125,113.95
2024-03-30,,,,,,,,,113.95
2024-03-31,,,,,,,,,113.95
2024-04-01,1348.75,13.65,121.5151,84.54,2236.5,5243.77001953125,105.0199966430664,374.2799987792969,114.01
2024-04-02,1351.37,14.61,121.3035,85.95,2261.0,5205.81005859375,104.81999969482422,376.3399963378906,114.01
2024-04-03,1348.5,14.33,121.0198,86.22,2294.39990234375,5211.490234375,104.25,369.7200012207031,114.01
2024-04-04,1346.87,16.35,120.7613,87.37,2288.800048828125,5147.2099609375,104.12000274658205,375.6099853515625,114.01
2024-04-05,1352.58,16.03,120.9646,87.69,2325.699951171875,5204.33984375,104.3000030517578,371.5700073242188,114.01
2024-04-06,,,,,,,,,114.01
2024-04-07,,,,,,,,,114.01
2024-04-08,1353.2,15.19,120.7359,87.24,2331.699951171875,5202.39013671875,104.13999938964844,372.510009765625,114.01
2024-04-09,1354.8,14.98,120.7048,86.04,2343.5,5209.91015625,104.1500015258789,370.2699890136719,114.01
2024-04-10,1349.05,15.8,121.5727,86.98,2329.60009765625,5160.64013671875,105.25,,114.01
2024-04-11,1364.19,14.91,121.6081,85.79,2354.800048828125,5199.06005859375,105.27999877929688,370.7200012207031,114.01
2024-04-12,1374.74,17.31,122.2885,86.46,2356.199951171875,5123.41015625,106.04000091552734,367.25,114.01
2024-04-13,,,,,,,,,114.01
2024-04-14,,,,,,,,,114.01
2024-04-15,1383.63,19.23,122.425,86.21,2365.800048828125,5061.81982421875,106.20999908447266,365.30999755859375,114.01
2024-04-16,1393.92,18.4,123.1234,86.15,2390.800048828125,5051.41015625,106.26000213623048,356.6700134277344,114.01
2024-04-17,1385.88,18.21,123.0207,83.58,2371.699951171875,5022.2099609375,105.9499969482422,352.7900085449219,114.01
2024-04-18,1373.42,18.0,123.0017,83.5,2382.300048828125,5011.1201171875,106.1500015258789,359.0599975585937,114.01
2024-04-19,1376.72,18.71,123.1075,83.79,2398.39990234375,4967.22998046875,106.1500015258789,352.5799865722656,114.01
2024-04-20,,,,,,,,,114.01
2024-04-21,,,,,,,,,114.01
2024-04-22,1381.84,16.94,123.0609,83.82,2332.199951171875,5010.60009765625,106.08000183105467,356.8900146484375,114.01
2024-04-23,1379.27,15.69,122.7227,84.17,2327.699951171875,5070.5498046875,105.69000244140624,355.9800109863281,114.01
2024-04-24,1369.86,15.97,122.89,84.09,2324.5,5071.6298828125,105.86000061035156,363.6000061035156,114.01
2024-04-25,1369.86,15.37,122.8384,84.92,2329.800048828125,5048.419921875,105.5999984741211,356.510009765625,114.01
2024-04-26,1375.1,15.03,122.9471,85.38,2334.800048828125,5099.9599609375,105.94000244140624,361.0199890136719,114.01
2024-04-27,,,,,,,,,114.01
2024-04-28,,,,,,,,,114.01
2024-04-29,1377.35,14.67,122.5449,84.26,2345.39990234375,5116.169921875,105.58000183105467,364.4800109863281,114.01
2024-04-30,1381.92,15.65,122.9853,83.49,2291.39990234375,5035.68994140625,106.22000122070312,365.1300048828125,114.01
2024-05-01,1386.95,15.39,123.0168,80.7,2299.89990234375,5018.39013671875,105.76000213623048,,114.1
2024-05-02,1375.39,14.68,122.4384,80.59,2299.199951171875,5064.2001953125,105.3000030517578,364.30999755859375,114.1
2024-05-03,1363.04,13.49,122.1375,79.65,2299.0,5127.7900390625,105.02999877929688,363.5799865722656,114.1
2024-05-04,,,,,,,,,114.1
2024-05-05,,,,,,,,,114.1
2024-05-06,1358.81,13.49,121.8913,80.1,2321.60009765625,5180.740234375,105.0500030517578,,114.1
2024-05-07,1359.45,13.23,122.093,79.97,2315.199951171875,5187.7001953125,105.41000366210938,372.7999877929688,114.1
2024-05-08,1359.45,13.0,122.1926,80.57,2313.60009765625,5187.669921875,105.5500030517578,374.0899963378906,114.1
2024-05-09,1369.74,12.69,122.1634,80.86,2332.10009765625,5214.080078125,105.2300033569336,368.8299865722656,114.1
2024-05-10,1367.77,12.55,122.014,79.81,2367.300048828125,5222.68017578125,105.30999755859376,371.0799865722656,114.1
2024-05-11,,,,,,,,,114.1
2024-05-12,,,,,,,,,114.1
2024-05-13,1367.91,13.6,122.0261,80.71,2336.10009765625,5221.419921875,105.22000122070312,370.989990234375,114.1
2024-05-14,1368.77,13.42,121.9256,79.62,2353.39990234375,5246.68017578125,105.01000213623048,371.0400085449219,114.1
2024-05-15,1360.15,12.45,121.3543,80.23,2388.699951171875,5308.14990234375,104.3499984741211,,114.1
2024-05-16,1345.15,12.42,121.2236,80.85,2380.0,5297.10009765625,104.45999908447266,374.6000061035156,114.1
2024-05-17,1354.83,11.99,121.2354,81.66,2412.199951171875,5303.27001953125,104.4499969482422,370.5799865722656,114.1
2024-05-18,,,,,,,,,114.1
2024-05-19,,,,,,,,,114.1
2024-05-20,1356.0,12.15,121.2289,81.39,2433.89990234375,5308.1298828125,104.56999969482422,373.6799926757813,114.1
2024-05-21,1363.54,11.86,121.3793,80.66,2421.699951171875,5321.41015625,104.66000366210938,371.5499877929688,114.1
2024-05-22,1362.36,12.29,121.5462,79.15,2389.199951171875,5307.009765625,104.94000244140624,371.4100036621094,114.1
2024-05-23,1362.38,12.77,121.7477,77.47,2335.0,5267.83984375,105.11000061035156,371.6199951171875,114.1
2024-05-24,1369.02,11.93,121.6172,78.48,2332.5,5304.72021484375,104.72000122070312,366.0799865722656,114.1
2024-05-25,,,,,,,,,114.1
2024-05-26,,,,,,,,,114.1
2024-05-27,,12.36,,,,,,371.1600036621094,114.1
2024-05-28,1357.65,12.92,121.43,80.9,2355.199951171875,5306.0400390625,104.61000061035156,371.3299865722656,114.1
2024-05-29,1365.07,14.28,122.1641,80.24,2340.300048828125,5266.9501953125,105.0999984741211,364.9599914550781,114.1
2024-05-30,1365.07,14.47,121.9601,78.96,2342.89990234375,5235.47998046875,104.72000122070312,358.70001220703125,114.1
2024-05-31,1385.43,12.92,122.098,77.97,2322.89990234375,5277.509765625,104.66999816894533,358.2099914550781,114.1
2024-06-01,,,,,,,,,113.84
2024-06-02,,,,,,,,,113.84
2024-06-03,1375.91,13.11,122.3509,75.26,2346.60009765625,5283.39990234375,104.13999938964844,365.4800109863281,113.84
2024-06-04,1375.96,13.16,122.7256,74.27,2325.5,5291.33984375,104.11000061035156,362.5199890136719,113.84
2024-06-05,1372.58,12.63,122.5339,75.08,2354.10009765625,5354.02978515625,104.2699966430664,366.4400024414063,113.84
2024-06-06,1365.45,12.58,122.3713,76.52,2370.300048828125,5352.9599609375,104.0999984741211,,113.84
2024-06-07,1366.38,12.22,123.549,76.53,2305.199951171875,5346.990234375,104.88999938964844,371.3900146484375,113.84
2024-06-08,,,,,,,,,113.84
2024-06-09,,,,,,,,,113.84
2024-06-10,1375.71,12.74,123.9125,78.75,2307.699951171875,5360.7900390625,105.1500015258789,367.4599914550781,113.84
2024-06-11,1375.71,12.85,124.0349,78.88,2307.5,5375.31982421875,105.2300033569336,367.7099914550781,113.84
2024-06-12,1378.01,12.04,123.8295,79.56,2336.0,5421.02978515625,104.6500015258789,371.1199951171875,113.84
2024-06-13,1376.11,11.94,124.0235,79.61,2300.199951171875,5433.740234375,105.1999969482422,374.75,113.84
2024-06-14,1378.96,12.66,124.1694,79.41,2331.39990234375,5431.60009765625,105.5500030517578,376.0,113.84
2024-06-15,,,,,,,,,113.84
2024-06-16,,,,,,,,,113.84
2024-06-17,1380.5,12.75,124.239,81.33,2312.39990234375,5473.22998046875,105.31999969482422,373.8599853515625,113.84
2024-06-18,1380.88,12.3,123.9776,82.67,2330.39990234375,5487.02978515625,105.26000213623048,377.7300109863281,113.84
2024-06-19,,12.48,,,,,,383.010009765625,113.84
2024-06-20,1384.38,13.28,124.192,83.34,2353.800048828125,5473.169921875,105.58999633789062,384.7799987792969,113.84
2024-06-21,1388.17,13.2,124.1086,81.71,2316.39990234375,5464.6201171875,105.8000030517578,380.8800048828125,113.84
2024-06-22,,,,,,,,,113.84
2024-06-23,,,,,,,,,113.84
2024-06-24,1389.17,13.33,123.7125,82.63,2330.0,5447.8701171875,105.47000122070312,378.3900146484375,113.84
2024-06-25,1387.16,12.84,123.9417,81.97,2316.60009765625,5469.2998046875,105.61000061035156,379.8500061035156,113.84
2024-06-26,1388.65,12.55,124.26,82.19,2299.199951171875,5477.89990234375,106.0500030517578,383.010009765625,113.84
2024-06-27,1385.76,12.24,124.3379,83.04,2324.5,5482.8701171875,105.91000366210938,382.2699890136719,113.84
2024-06-28,1376.55,12.44,124.2103,82.83,2327.699951171875,5460.47998046875,105.87000274658205,384.0199890136719,113.84
2024-06-29,,,,,,,,,113.84
2024-06-30,,,,,,,,,113.84
2024-07-01,1383.0,12.22,124.4667,84.7,2327.60009765625,5475.08984375,105.9000015258789,384.3399963378906,114.13
2024-07-02,1386.55,12.03,124.2917,84.09,2323.0,5509.009765625,105.72000122070312,381.2000122070313,114.13
2024-07-03,1384.85,12.09,123.7768,85.19,2359.800048828125,5537.02001953125,105.4000015258789,383.2300109863281,114.13
2024-07-04,,12.26,,,,,,388.5299987792969,114.13
2024-07-05,1379.87,12.48,123.4762,84.44,2388.5,5567.18994140625,104.87999725341795,395.4700012207031,114.13
2024-07-06,,,,,,,,,114.13
2024-07-07,,,,,,,,,114.13
2024-07-08,1382.73,12.37,123.3576,83.63,2355.199951171875,5572.85009765625,105.01000213623048,394.4700012207031,114.13
2024-07-09,1383.39,12.51,123.4071,82.78,2360.10009765625,5576.97998046875,105.12000274658205,395.7900085449219,114.13
2024-07-10,1383.42,12.85,123.1895,83.39,2372.199951171875,5633.91015625,105.0500030517578,395.6000061035156,114.13
2024-07-11,1370.85,12.92,122.769,83.92,2415.0,5584.5400390625,104.44000244140624,398.5199890136719,114.13
2024-07-12,1374.9,12.46,122.4404,83.49,2414.0,5615.35009765625,104.08999633789062,392.2900085449219,114.13
2024-07-13,,,,,,,,,114.13
2024-07-14,,,,,,,,,114.13
2024-07-15,1382.97,13.12,122.6347,83.22,2422.89990234375,5631.22021484375,104.19000244140624,393.8399963378906,114.13
2024-07-16,1384.99,13.19,122.7264,81.92,2462.39990234375,5667.2001953125,104.2699966430664,395.30999755859375,114.13
2024-07-17,1380.61,14.48,122.518,84.16,2454.800048828125,5588.27001953125,103.75,391.5499877929688,114.13
2024-07-18,1383.85,15.93,122.7909,84.17,2451.800048828125,5544.58984375,104.16999816894533,389.0,114.13
2024-07-19,1389.29,16.52,123.147,81.43,2395.5,5505.0,104.4000015258789,383.8900146484375,114.13
2024-07-20,,,,,,,,,114.13
2024-07-21,,,,,,,,,114.13
2024-07-22,1388.71,14.91,123.2172,81.25,2392.0,5564.41015625,104.30999755859376,379.8399963378906,114.13
2024-07-23,1385.78,14.72,123.3843,78.24,2404.60009765625,5555.740234375,104.4499969482422,381.6499938964844,114.13
2024-07-24,1379.4,18.04,123.5575,78.78,2413.300048828125,5427.1298828125,104.38999938964844,378.6600036621094,114.13
2024-07-25,1380.57,18.46,123.5286,79.43,2351.89990234375,5399.22021484375,104.36000061035156,371.260009765625,114.13
2024-07-26,1383.11,16.39,123.672,78.58,2380.0,5459.10009765625,104.31999969482422,374.2000122070313,114.13
2024-07-27,,,,,,,,,114.13
2024-07-28,,,,,,,,,114.13
2024-07-29,1381.93,16.6,124.1392,77.27,2377.300048828125,5463.5400390625,104.55999755859376,378.7300109863281,114.13
2024-07-30,1384.98,17.69,124.2855,76.17,2405.0,5436.43994140625,104.5500030517578,374.8699951171875,114.13
2024-07-31,1369.29,16.36,123.6373,79.36,2426.5,5522.2998046875,104.0999984741211,380.489990234375,114.13
2024-08-01,1368.5,18.59,123.8693,77.74,2435.0,5446.68017578125,104.41999816894533,380.5400085449219,114.54
2024-08-02,1359.38,23.39,123.4681,74.99,2425.699951171875,5346.56005859375,103.20999908447266,365.1700134277344,114.54
2024-08-03,,,,,,,,,114.54
2024-08-04,,,,,,,,,114.54
2024-08-05,1367.68,38.57,123.5787,74.46,2401.699951171875,5186.330078125,102.69000244140624,331.8599853515625,114.54
2024-08-06,1377.4,27.71,123.6532,74.6,2389.10009765625,5240.02978515625,102.97000122070312,341.7300109863281,114.54
2024-08-07,1374.98,27.85,123.5698,76.68,2390.5,5199.5,103.1999969482422,349.0899963378906,114.54
2024-08-08,1376.94,23.79,123.4466,77.64,2422.199951171875,5319.31005859375,103.20999908447266,346.70001220703125,114.54
2024-08-09,1363.71,20.37,122.9276,78.28,2432.10009765625,5344.16015625,103.13999938964844,351.5199890136719,114.54
2024-08-10,,,,,,,,,114.54
2024-08-11,,,,,,,,,114.54
2024-08-12,1369.87,20.71,123.2204,81.45,2462.39990234375,5344.39013671875,103.13999938964844,355.6099853515625,114.54
2024-08-13,1367.28,18.12,123.0146,79.81,2466.699951171875,5434.43017578125,102.55999755859376,357.0199890136719,114.54
2024-08-14,1355.35,16.19,122.4297,78.47,2439.39990234375,5455.2099609375,102.56999969482422,360.3900146484375,114.54
2024-08-15,1363.21,15.23,122.5844,79.66,2453.10009765625,5543.22021484375,102.9800033569336,,114.54
2024-08-16,1354.34,14.8,122.3972,78.05,2498.60009765625,5554.25,102.45999908447266,369.1099853515625,114.54
2024-08-17,,,,,,,,,114.54
2024-08-18,,,,,,,,,114.54
2024-08-19,1334.21,14.65,121.8788,75.82,2501.800048828125,5608.25,101.88999938964844,365.5199890136719,114.54
2024-08-20,1331.78,15.88,121.7728,75.27,2511.300048828125,5597.1201171875,101.44000244140624,368.989990234375,114.54
2024-08-21,1333.74,16.27,121.8535,72.76,2508.39990234375,5620.85009765625,101.04000091552734,368.2200012207031,114.54
2024-08-22,1343.23,17.55,122.3626,73.72,2478.89990234375,5570.64013671875,101.51000213623048,369.1000061035156,114.54
2024-08-23,1327.56,15.86,121.4597,75.82,2508.39990234375,5634.60986328125,100.72000122070312,367.9100036621094,114.54
2024-08-24,,,,,,,,,114.54
2024-08-25,,,,,,,,,114.54
2024-08-26,1328.53,16.15,121.6943,78.4,2517.699951171875,5616.83984375,100.8499984741211,366.30999755859375,114.54
2024-08-27,1330.9,15.43,121.8672,76.5,2516.0,5625.7998046875,100.5500030517578,364.55999755859375,114.54
2024-08-28,1335.15,17.11,121.8943,75.49,2501.0,5592.18017578125,101.08999633789062,365.2799987792969,114.54
2024-08-29,1332.02,15.65,122.2333,76.9,2525.699951171875,5591.9599609375,101.33999633789062,360.1000061035156,114.54
2024-08-30,1336.0,15.0,122.3262,74.52,2493.800048828125,5648.39990234375,101.6999969482422,361.5499877929688,114.54
2024-08-31,,,,,,,,,114.54
2024-09-01,,,,,,,,,114.65
2024-09-02,,15.55,,,,,,362.0899963378906,114.65
2024-09-03,1339.79,20.72,122.7811,71.28,2489.89990234375,5528.93017578125,101.83000183105467,358.79998779296875,114.65
2024-09-04,1336.93,21.32,122.5144,70.11,2493.39990234375,5520.06982421875,101.36000061035156,346.6600036621094,114.65
2024-09-05,1335.14,19.9,122.4533,70.09,2511.39990234375,5503.41015625,101.11000061035156,345.9200134277344,114.65
2024-09-06,1335.68,22.38,122.4991,68.58,2493.5,5408.419921875,101.18000030517578,342.3699951171875,114.65
2024-09-07,,,,,,,,,114.65
2024-09-08,,,,,,,,,114.65
2024-09-09,1342.16,19.45,122.7156,69.65,2501.800048828125,5471.0498046875,101.5500030517578,340.17999267578125,114.65
2024-09-10,1343.41,19.08,123.0071,66.73,2512.300048828125,5495.52001953125,101.62999725341795,338.4800109863281,114.65
2024-09-11,1340.59,17.69,122.7754,68.25,2512.10009765625,5554.1298828125,101.68000030517578,335.6499938964844,114.65
2024-09-12,1341.35,17.07,122.4423,69.89,2551.199951171875,5595.759765625,101.37000274658205,343.8500061035156,114.65
2024-09-13,1329.26,16.56,121.6551,69.59,2581.300048828125,5626.02001953125,101.11000061035156,343.69000244140625,114.65
2024-09-14,,,,,,,,,114.65
2024-09-15,,,,,,,,,114.65
2024-09-16,1320.59,17.14,121.4976,71.1,2580.39990234375,5633.08984375,100.76000213623048,,114.65
2024-09-17,1323.81,17.61,121.6031,72.16,2564.300048828125,5634.580078125,100.88999938964844,,114.65
2024-09-18,1324.15,18.23,121.5618,71.87,2570.699951171875,5618.259765625,100.5999984741211,,114.65
2024-09-19,1329.08,16.33,121.3059,72.86,2588.0,5713.64013671875,100.61000061035156,343.2799987792969,114.65
2024-09-20,1333.66,16.15,121.4052,72.72,2619.89990234375,5702.5498046875,100.72000122070312,344.6700134277344,114.65
2024-09-21,,,,,,,,,114.65
2024-09-22,,,,,,,,,114.65
2024-09-23,1334.12,15.89,121.4303,71.33,2626.5,5718.56982421875,100.91999816894533,345.7799987792969,114.65
2024-09-24,1330.0,15.39,121.1291,72.34,2651.199951171875,5732.93017578125,100.37000274658205,349.6099853515625,114.65
2024-09-25,1335.1,15.41,121.4447,70.42,2659.199951171875,5722.259765625,100.91999816894533,344.5599975585937,114.65
2024-09-26,1314.78,15.37,121.0785,68.28,2669.89990234375,5745.3701171875,100.55999755859376,356.44000244140625,114.65
2024-09-27,1309.43,16.96,121.1111,68.72,2644.300048828125,5738.169921875,100.41999816894533,353.92999267578125,114.65
2024-09-28,,,,,,,,,114.65
2024-09-29,,,,,,,,,114.65
2024-09-30,1314.94,16.73,121.2864,68.75,2636.10009765625,5762.47998046875,100.77999877929688,344.760009765625,114.65
2024-10-01,1323.78,19.26,121.6881,70.41,2667.300048828125,5708.75,101.19000244140624,,114.69
2024-10-02,1321.53,18.9,121.5724,70.74,2647.10009765625,5709.5400390625,101.68000030517578,340.7200012207031,114.69
2024-10-03,1335.58,20.49,122.1197,74.33,2657.10009765625,5699.93994140625,101.98999786376952,,114.69
2024-10-04,1348.74,19.21,122.2197,74.93,2645.800048828125,5751.06982421875,102.5199966430664,341.739990234375,114.69
2024-10-05,,,,,,,,,114.69
2024-10-06,,,,,,,,,114.69
2024-10-07,1343.75,22.64,122.4241,77.76,2644.800048828125,5695.93994140625,102.54000091552734,347.3399963378906,114.69
2024-10-08,1346.49,21.42,122.6625,74.26,2615.0,5751.1298828125,102.5500030517578,344.2300109863281,114.69
2024-10-09,1346.04,20.86,122.8821,73.85,2606.0,5792.0400390625,102.93000030517578,,114.69
2024-10-10,1350.77,20.93,123.0951,76.46,2620.60009765625,5780.0498046875,102.98999786376952,345.2099914550781,114.69
2024-10-11,1350.71,20.46,122.9805,76.11,2657.60009765625,5815.02978515625,102.88999938964844,345.45001220703125,114.69
2024-10-12,,,,,,,,,114.69
2024-10-13,,,,,,,,,114.69
2024-10-14,,19.7,,,2647.800048828125,5859.85009765625,103.3000030517578,349.739990234375,114.69
2024-10-15,1365.17,20.64,123.5124,71.22,2661.39990234375,5815.259765625,103.26000213623048,351.07000732421875,114.69
2024-10-16,1363.76,19.58,123.9235,70.97,2674.0,5842.47021484375,103.58999633789062,347.260009765625,114.69
2024-10-17,1371.08,19.11,124.1122,71.26,2691.0,5841.47021484375,103.83000183105467,347.7300109863281,114.69
2024-10-18,1369.65,18.03,123.9185,69.78,2713.699951171875,5864.669921875,103.48999786376952,345.4200134277344,114.69
2024-10-19,,,,,,,,,114.69
2024-10-20,,,,,,,,,114.69
2024-10-21,1379.14,18.37,124.4757,71.16,2723.10009765625,5853.97998046875,104.01000213623048,346.6199951171875,114.69
2024-10-22,1379.22,18.2,124.4107,72.84,2744.199951171875,5851.2001953125,104.08000183105467,342.0899963378906,114.69
2024-10-23,1381.61,19.24,124.6931,71.37,2714.39990234375,5797.419921875,104.43000030517578,346.2699890136719,114.69
2024-10-24,1382.11,19.08,124.5127,70.58,2734.89990234375,5809.85986328125,104.05999755859376,342.8800048828125,114.69
2024-10-25,1389.24,20.33,124.6105,72.02,2740.89990234375,5808.1201171875,104.26000213623048,343.3699951171875,114.69
2024-10-26,,,,,,,,,114.69
2024-10-27,,,,,,,,,114.69
2024-10-28,1385.57,19.8,124.8076,67.65,2742.89990234375,5823.52001953125,104.31999969482422,347.2699890136719,114.69
2024-10-29,1382.2,19.34,124.8612,67.48,2768.39990234375,5832.919921875,104.27999877929688,348.2799987792969,114.69
2024-10-30,1378.41,20.35,124.8153,68.91,2788.5,5813.669921875,103.98999786376952,345.0,114.69
2024-10-31,1377.57,23.16,124.7988,69.58,2738.300048828125,5705.4501953125,103.9800033569336,339.32000732421875,114.69
2024-11-01,1376.95,21.88,124.8076,69.81,2738.60009765625,5728.7998046875,104.27999877929688,337.489990234375,114.4
2024-11-02,,,,,,,,,114.4
2024-11-03,,,,,,,,,114.4
2024-11-04,1375.17,21.98,124.5903,71.83,2736.10009765625,5712.68994140625,103.88999938964844,343.6000061035156,114.4
2024-11-05,1380.26,20.49,124.5532,72.26,2740.300048828125,5782.759765625,103.41999816894533,341.4700012207031,114.4
2024-11-06,1399.98,16.27,125.7035,71.98,2667.60009765625,5929.0400390625,105.08999633789062,340.6099853515625,114.4
2024-11-07,1384.66,15.2,124.775,72.69,2698.39990234375,5973.10009765625,104.51000213623048,340.8699951171875,114.4
2024-11-08,1396.69,14.94,125.5811,70.69,2687.5,5995.5400390625,105.0,339.7099914550781,114.4
2024-11-09,,,,,,,,,114.4
2024-11-10,,,,,,,,,114.4
2024-11-11,,14.97,,,2611.199951171875,6001.35009765625,105.54000091552734,334.6400146484375,114.4
2024-11-12,1408.28,14.71,126.7762,68.43,2600.0,5983.990234375,106.0199966430664,327.3099975585937,114.4
2024-11-13,1404.24,14.02,126.9572,68.76,2580.800048828125,5985.3798828125,106.4800033569336,318.8399963378906,114.4
2024-11-14,1402.77,14.31,127.0015,68.99,2568.199951171875,5949.169921875,106.66999816894533,317.70001220703125,114.4
2024-11-15,1397.42,16.14,126.8848,67.33,2565.699951171875,5870.6201171875,106.69000244140624,320.5299987792969,114.4
2024-11-16,,,,,,,,,114.4
2024-11-17,,,,,,,,,114.4
2024-11-18,1394.28,15.58,126.6045,69.46,2610.60009765625,5893.6201171875,106.27999877929688,328.44000244140625,114.4
2024-11-19,1392.83,16.35,126.3994,69.75,2627.10009765625,5916.97998046875,106.20999908447266,328.1099853515625,114.4
2024-11-20,1399.51,17.16,126.88,69.25,2648.199951171875,5917.10986328125,106.68000030517578,329.0199890136719,114.4
2024-11-21,1401.0,16.87,127.1047,70.39,2672.10009765625,5948.7099609375,106.97000122070312,329.489990234375,114.4
2024-11-22,1405.49,15.24,127.4712,71.68,2709.89990234375,5969.33984375,107.48999786376952,332.3599853515625,114.4
2024-11-23,,,,,,,,,114.4
2024-11-24,,,,,,,,,114.4
2024-11-25,1401.03,14.6,126.9948,69.41,2616.800048828125,5987.3701171875,106.81999969482422,336.6300048828125,114.4
2024-11-26,1396.69,14.1,127.4301,69.05,2620.300048828125,6021.6298828125,107.01000213623048,335.6000061035156,114.4
2024-11-27,1391.14,14.1,126.8205,69.03,2639.89990234375,5998.740234375,106.08000183105467,332.32000732421875,114.4
2024-11-28,,13.9,,,,,,331.45001220703125,114.4
2024-11-29,1396.99,13.51,126.5798,68.26,2657.0,6032.3798828125,105.73999786376952,325.45001220703125,114.4
2024-11-30,,,,,,,,,114.4
2024-12-01,,,,,,,,,114.91
2024-12-02,1406.13,13.34,127.1272,68.35,2634.89990234375,6047.14990234375,106.4499969482422,325.3399963378906,114.91
2024-12-03,1427.83,13.3,126.9565,70.15,2644.699951171875,6049.8798828125,106.37000274658205,331.44000244140625,114.91
2024-12-04,1412.16,13.45,126.7574,68.81,2653.800048828125,6086.490234375,106.33999633789062,326.5899963378906,114.91
2024-12-05,1415.88,13.54,126.4286,68.58,2626.60009765625,6075.10986328125,105.70999908447266,323.8699951171875,114.91
2024-12-06,1422.4,12.77,126.688,68.58,2638.60009765625,6090.27001953125,105.97000122070312,322.07000732421875,114.91
2024-12-07,,,,,,,,,114.91
2024-12-08,,,,,,,,,114.91
2024-12-09,1430.05,14.19,126.5981,68.65,2664.89990234375,6052.85009765625,106.1500015258789,313.739990234375,114.91
2024-12-10,1432.6,14.18,126.957,68.85,2697.60009765625,6034.91015625,106.4000015258789,320.7900085449219,114.91
2024-12-11,1428.5,13.58,126.8483,70.57,2733.800048828125,6084.18994140625,106.70999908447266,323.8599853515625,114.91
2024-12-12,1429.47,13.92,126.9556,70.25,2687.5,6051.25,106.95999908447266,329.0400085449219,114.91
2024-12-13,1434.82,13.81,127.3096,71.54,2656.0,6051.08984375,107.0,330.489990234375,114.91
2024-12-14,,,,,,,,,114.91
2024-12-15,,,,,,,,,114.91
2024-12-16,1437.86,14.69,127.2687,71.03,2651.39990234375,6074.080078125,106.86000061035156,329.6099853515625,114.91
2024-12-17,1436.16,15.87,127.5043,70.31,2644.39990234375,6050.60986328125,106.95999908447266,325.25,114.91
2024-12-18,1438.13,27.62,127.6418,70.8,2636.5,5872.16015625,108.02999877929688,329.7200012207031,114.91
2024-12-19,1446.06,24.09,128.6366,70.1,2592.199951171875,5867.080078125,108.41000366210938,322.3800048828125,114.91
2024-12-20,1444.52,18.36,127.893,69.71,2628.699951171875,5930.85009765625,107.62000274658205,318.3299865722656,114.91
2024-12-21,,,,,,,,,114.91
2024-12-22,,,,,,,,,114.91
2024-12-23,1451.76,16.78,128.3021,69.5,2612.300048828125,5974.06982421875,108.04000091552734,322.9800109863281,114.91
2024-12-24,1457.36,14.27,128.3377,70.87,2620.0,6040.0400390625,108.26000213623048,323.3900146484375,114.91
2024-12-25,,,,,,,,,114.91
2024-12-26,1467.66,14.73,128.3329,70.38,2638.800048828125,6037.58984375,108.12999725341795,321.45001220703125,114.91
2024-12-27,1470.4,15.95,128.45,71.28,2617.199951171875,5970.83984375,108.0,319.0299987792969,114.91
2024-12-28,,,,,,,,,114.91
2024-12-29,,,,,,,,,114.91
2024-12-30,1472.32,17.4,128.8205,71.73,2606.10009765625,5906.93994140625,108.12999725341795,317.82000732421875,114.91
2024-12-31,1477.86,17.35,129.2775,72.44,2629.199951171875,5881.6298828125,108.48999786376952,,114.91
2025-01-01,,,,,,,,,115.71
2025-01-02,1472.52,17.93,129.4598,73.79,2658.89990234375,5868.5498046875,109.38999938964844,317.7699890136719,115.71
2025-01-03,1470.0,16.13,129.4535,74.64,2645.0,5942.47021484375,108.9499969482422,324.0,115.71
2025-01-04,,,,,,,,,115.71
2025-01-05,,,,,,,,,115.71
2025-01-06,1459.94,16.04,128.538,74.31,2638.39990234375,5975.3798828125,108.26000213623048,331.5199890136719,115.71
2025-01-07,1452.42,17.82,128.613,74.99,2656.699951171875,5909.02978515625,108.54000091552734,330.8900146484375,115.71
2025-01-08,1459.85,17.7,129.0785,73.99,2664.5,5918.25,109.08999633789062,334.95001220703125,115.71
2025-01-09,1459.23,18.07,129.2827,,2683.800048828125,,109.18000030517578,335.3999938964844,115.71
2025-01-10,1473.36,19.54,129.8664,77.27,2708.5,5827.0400390625,109.6500015258789,334.54998779296875,115.71
2025-01-11,,,,,,,,,115.71
2025-01-12,,,,,,,,,115.71
2025-01-13,1466.87,19.19,130.0413,79.57,2673.5,5836.22021484375,109.95999908447266,330.3099975585937,115.71
2025-01-14,1459.5,18.71,129.3812,78.2,2677.5,5842.91015625,109.2699966430664,330.739990234375,115.71
2025-01-15,1456.5,16.12,129.2092,80.73,2712.5,5949.91015625,109.08999633789062,330.9700012207031,115.71
2025-01-16,1456.16,16.6,129.436,79.35,2746.39990234375,5937.33984375,108.95999908447266,335.7300109863281,115.71
2025-01-17,1457.04,15.97,129.4859,78.56,2744.300048828125,5996.66015625,109.3499984741211,335.0899963378906,115.71
2025-01-18,,,,,,,,,115.71
2025-01-19,,,,,,,,,115.71
2025-01-20,,15.81,,,,,,333.94000244140625,115.71
2025-01-21,1435.29,15.06,128.4151,76.79,2755.0,6049.240234375,108.05999755859376,334.44000244140625,115.71
2025-01-22,1435.77,15.1,128.3402,76.12,2767.60009765625,6086.3701171875,108.16999816894533,338.760009765625,115.71
2025-01-23,1434.29,15.02,128.2162,75.03,2763.10009765625,6118.7099609375,108.0500030517578,334.5,115.71
2025-01-24,1429.17,14.85,127.4611,74.97,2777.300048828125,6101.240234375,107.44000244140624,336.739990234375,115.71
2025-01-25,,,,,,,,,115.71
2025-01-26,,,,,,,,,115.71
2025-01-27,1433.83,17.9,128.0912,73.51,2737.5,6012.27978515625,107.33999633789062,,115.71
2025-01-28,1446.42,16.41,128.2817,74.15,2766.800048828125,6067.7001953125,107.87000274658205,,115.71
2025-01-29,1441.85,16.56,128.3418,72.94,2769.10009765625,6039.31005859375,108.0,,115.71
2025-01-30,1442.16,15.84,128.1004,73.1,2823.0,6071.169921875,107.8000030517578,,115.71
2025-01-31,1453.86,16.43,128.4828,72.84,2812.5,6040.52978515625,108.37000274658205,333.3599853515625,115.71
2025-02-01,,,,,,,,,116.08
2025-02-02,,,,,,,,,116.08
2025-02-03,1461.21,18.62,129.109,73.52,2833.89990234375,5994.56982421875,108.98999786376952,324.54998779296875,116.08
2025-02-04,1451.02,17.21,128.1083,73.04,2853.300048828125,6037.8798828125,107.95999908447266,328.7200012207031,116.08
2025-02-05,1442.37,15.77,127.9751,71.39,2871.60009765625,6061.47998046875,107.58000183105467,332.4700012207031,116.08
2025-02-06,1447.05,15.5,128.2017,70.97,2856.0,6083.56982421875,107.69000244140624,336.5299987792969,116.08
2025-02-07,1453.97,16.54,128.4292,71.32,2867.300048828125,6025.990234375,108.04000091552734,333.8900146484375,116.08
2025-02-08,,,,,,,,,116.08
2025-02-09,,,,,,,,,116.08
2025-02-10,1451.0,15.81,128.6382,72.73,2914.300048828125,6066.43994140625,108.31999969482422,334.5,116.08
2025-02-11,1452.31,16.02,128.4322,73.67,2912.5,6068.5,107.95999908447266,336.6700134277344,116.08
2025-02-12,1453.49,15.89,128.3288,71.72,2909.0,6051.97021484375,107.94000244140624,337.2300109863281,116.08
2025-02-13,1446.95,15.1,127.8931,71.66,2925.89990234375,6115.06982421875,107.30999755859376,341.0599975585937,116.08
2025-02-14,1439.89,14.77,127.1491,71.05,2883.60009765625,6114.6298828125,106.56999969482422,342.760009765625,116.08
2025-02-15,,,,,,,,,116.08
2025-02-16,,,,,,,,,116.08
2025-02-17,,15.37,,,,,,345.1099853515625,116.08
2025-02-18,1438.83,15.35,127.2906,72.21,2931.60009765625,6129.580078125,107.0500030517578,347.8399963378906,116.08
2025-02-19,1441.06,15.27,127.7317,72.58,2919.39990234375,6144.14990234375,107.16999816894533,354.5299987792969,116.08
2025-02-20,1434.71,15.66,127.1126,72.88,2940.0,6117.52001953125,106.33999633789062,352.1499938964844,116.08
2025-02-21,1434.06,18.21,127.1408,70.72,2937.60009765625,6013.1298828125,106.61000061035156,351.9200134277344,116.08
2025-02-22,,,,,,,,,116.08
2025-02-23,,,,,,,,,116.08
2025-02-24,1429.77,18.98,127.1921,71.06,2947.89990234375,5983.25,106.5999984741211,349.8999938964844,116.08
2025-02-25,1433.79,19.43,127.3752,69.15,2904.5,5955.25,106.30999755859376,347.5400085449219,116.08
2025-02-26,1433.2,19.1,127.2822,68.87,2916.800048828125,5956.06005859375,106.41999816894533,349.3099975585937,116.08
2025-02-27,1447.35,21.13,127.9704,70.62,2883.199951171875,5861.56982421875,107.23999786376952,346.45001220703125,116.08
2025-02-28,1459.04,19.63,128.2805,69.97,2836.800048828125,5954.5,107.61000061035156,334.2699890136719,116.08
2025-03-01,,,,,,,,,116.29
2025-03-02,,,,,,,,,116.29
2025-03-03,1456.49,22.78,127.75,68.63,2890.199951171875,5849.72021484375,106.75,,116.29
2025-03-04,1458.46,23.51,127.9966,68.47,2909.60009765625,5778.14990234375,105.73999786376952,334.0199890136719,116.29
2025-03-05,1445.21,21.93,126.504,66.58,2915.300048828125,5842.6298828125,105.73999786376952,337.0799865722656,116.29
2025-03-06,1447.34,24.87,126.1099,66.62,2916.60009765625,5738.52001953125,104.05999755859376,340.3099975585937,116.29
2025-03-07,1449.3,23.37,125.9814,67.29,2904.699951171875,5770.2001953125,103.83999633789062,338.4200134277344,116.29
2025-03-08,,,,,,,,,116.29
2025-03-09,,,,,,,,,116.29
2025-03-10,1456.74,27.86,126.268,66.31,2891.0,5614.56005859375,103.91000366210938,338.7900085449219,116.29
2025-03-11,1453.07,26.92,126.0457,66.52,2912.89990234375,5572.06982421875,103.44000244140624,334.9599914550781,116.29
2025-03-12,1451.7,24.23,125.8664,67.65,2939.10009765625,5599.2998046875,103.61000061035156,340.8900146484375,116.29
2025-03-13,1455.76,24.66,126.0031,66.82,2984.300048828125,5521.52001953125,103.83000183105467,341.4200134277344,116.29
2025-03-14,1451.76,21.77,125.6942,67.43,2994.5,5638.93994140625,103.72000122070312,340.79998779296875,116.29
2025-03-15,,,,,,,,,116.29
2025-03-16,,,,,,,,,116.29
2025-03-17,1444.71,20.51,125.3688,67.84,3000.0,5675.1201171875,103.37000274658205,348.19000244140625,116.29
2025-03-18,1451.28,21.7,125.488,67.49,3035.10009765625,5614.66015625,103.23999786376952,347.8399963378906,116.29
2025-03-19,1462.15,19.9,125.8006,67.4,3035.89990234375,5675.2900390625,103.43000030517578,350.8500061035156,116.29
2025-03-20,1467.77,19.8,125.985,68.55,3040.0,5662.89013671875,103.8499984741211,353.5,116.29
2025-03-21,1466.49,19.28,126.2679,68.52,3018.199951171875,5667.56005859375,104.08999633789062,355.17999267578125,116.29
2025-03-22,,,,,,,,,116.29
2025-03-23,,,,,,,,,116.29
2025-03-24,1466.91,17.48,126.1956,69.46,3013.10009765625,5767.56982421875,104.26000213623048,353.239990234375,116.29
2025-03-25,1465.32,17.15,126.0535,69.48,3023.699951171875,5776.64990234375,104.18000030517578,351.0899963378906,116.29
2025-03-26,1467.25,18.33,126.2364,70.05,3020.89990234375,5712.2001953125,104.5500030517578,355.0,116.29
2025-03-27,1463.9,18.69,126.3626,70.3,3060.199951171875,5693.31005859375,104.06999969482422,350.260009765625,116.29
2025-03-28,1469.2,21.65,126.4187,69.74,3086.5,5580.93994140625,104.04000091552734,342.9599914550781,116.29
2025-03-29,,,,,,,,,116.29
2025-03-30,,,,,,,,,116.29
2025-03-31,1474.44,22.28,126.7075,71.87,3122.800048828125,5611.85009765625,104.20999908447266,332.3999938964844,116.29
2025-04-01,1471.0,21.77,126.4338,71.61,3118.89990234375,5633.06982421875,104.26000213623048,338.2200012207031,116.38
2025-04-02,1462.06,21.51,126.3811,72.12,3139.89990234375,5670.97021484375,103.80999755859376,336.260009765625,116.38
2025-04-03,1450.55,30.02,124.7316,67.43,3097.0,5396.52001953125,102.06999969482422,332.9200134277344,116.38
2025-04-04,1457.76,45.31,125.8129,62.42,3012.0,5074.080078125,103.0199966430664,328.6700134277344,116.38
2025-04-05,,,,,,,,,116.38
2025-04-06,,,,,,,,,116.38
2025-04-07,1470.22,46.98,126.8282,61.05,2951.300048828125,5062.25,103.26000213623048,309.6000061035156,116.38
2025-04-08,1477.97,52.33,126.8668,60.04,2968.39990234375,4982.77001953125,102.95999908447266,310.0299987792969,116.38
2025-04-09,1472.75,33.62,126.628,62.63,3056.5,5456.89990234375,102.9000015258789,304.5299987792969,116.38
2025-04-10,1450.37,40.72,125.089,60.57,3155.199951171875,5268.0498046875,100.87000274658205,325.0799865722656,116.38
2025-04-11,1418.79,37.56,124.0163,61.91,3222.199951171875,5363.35986328125,99.77999877929688,322.32000732421875,116.38
2025-04-12,,,,,,,,,116.38
2025-04-13,,,,,,,,,116.38
2025-04-14,1422.56,30.89,123.6598,61.99,3204.800048828125,5405.97021484375,99.63999938964844,325.3299865722656,116.38
2025-04-15,1427.16,30.12,123.776,61.74,3218.699951171875,5396.6298828125,100.22000122070312,328.1400146484375,116.38
2025-04-16,1415.24,32.64,123.2724,62.88,3326.60009765625,5275.7001953125,99.37999725341795,323.5299987792969,116.38
2025-04-17,1416.1,29.65,123.1298,65.07,3308.699951171875,5282.7001953125,99.37999725341795,326.29998779296875,116.38
2025-04-18,1423.49,,122.9865,,,,,328.3500061035156,116.38
2025-04-19,,,,,,,,,116.38
2025-04-20,,,,,,,,,116.38
2025-04-21,1420.52,33.82,122.3145,63.48,3406.199951171875,5158.2001953125,98.27999877929688,329.3099975585937,116.38
2025-04-22,1425.0,30.57,122.4175,64.6,3400.800048828125,5287.759765625,98.91999816894533,328.6099853515625,116.38
2025-04-23,1425.88,28.45,123.0252,62.64,3276.300048828125,5375.85986328125,99.83999633789062,333.94000244140625,116.38
2025-04-24,1432.97,26.47,122.9251,63.55,3332.0,5484.77001953125,99.29000091552734,333.7200012207031,116.38
2025-04-25,1440.72,24.84,122.8858,63.85,3282.39990234375,5525.2099609375,99.47000122070312,336.8699951171875,116.38
2025-04-26,,,,,,,,,116.38
2025-04-27,,,,,,,,,116.38
2025-04-28,1436.31,25.15,122.7176,63.3,3332.5,5528.75,99.01000213623048,337.0799865722656,116.38
2025-04-29,1432.01,24.17,122.5944,61.84,3318.800048828125,5560.830078125,99.23999786376952,339.0599975585937,116.38
2025-04-30,1425.68,24.7,122.5921,59.55,3305.0,5569.06005859375,99.47000122070312,338.739990234375,116.38
2025-05-01,1437.58,24.6,123.1405,60.59,3210.0,5604.14013671875,100.25,,116.27
2025-05-02,1398.89,22.68,122.4962,59.67,3231.89990234375,5686.669921875,100.0,338.7900085449219,116.27
2025-05-03,,,,,,,,,116.27
2025-05-04,,,,,,,,,116.27
2025-05-05,1375.11,23.64,122.2613,58.5,3311.300048828125,5650.3798828125,99.83000183105467,,116.27
2025-05-06,1377.15,24.76,122.0417,60.42,3411.39990234375,5606.91015625,99.23999786376952,,116.27
2025-05-07,1391.86,23.55,122.117,59.42,3381.39990234375,5631.27978515625,99.61000061035156,341.3099975585937,116.27
2025-05-08,1403.61,22.48,122.7568,61.25,3296.60009765625,5663.93994140625,100.63999938964844,341.4700012207031,116.27
2025-05-09,1398.51,21.9,122.5191,62.37,3335.39990234375,5659.91015625,100.33999633789062,341.489990234375,116.27
2025-05-10,,,,,,,,,116.27
2025-05-11,,,,,,,,,116.27
2025-05-12,1417.77,18.39,123.4863,63.32,3220.0,5844.18994140625,101.79000091552734,347.0799865722656,116.27
2025-05-13,1418.65,18.22,122.9583,65.04,3240.300048828125,5886.5498046875,101.0,347.1700134277344,116.27
2025-05-14,1398.83,18.62,122.6746,64.48,3181.39990234375,5892.580078125,101.04000091552734,351.7900085449219,116.27
2025-05-15,1397.65,17.83,122.8174,63.03,3220.699951171875,5916.93017578125,100.87999725341795,349.1600036621094,116.27
2025-05-16,1401.19,17.24,123.0737,63.84,3182.0,5958.3798828125,101.08999633789062,350.45001220703125,116.27
2025-05-17,,,,,,,,,116.27
2025-05-18,,,,,,,,,116.27
2025-05-19,1388.48,18.14,122.4186,63.98,3228.89990234375,5963.60009765625,100.43000030517578,346.57000732421875,116.27
2025-05-20,1393.36,18.09,122.3199,63.97,3280.300048828125,5940.4599609375,100.12000274658205,347.0199890136719,116.27
2025-05-21,1371.64,20.87,121.7496,62.93,3309.300048828125,5844.60986328125,99.55999755859376,349.3800048828125,116.27
2025-05-22,1381.55,20.28,122.0429,62.55,3292.300048828125,5842.009765625,99.95999908447266,344.79998779296875,116.27
2025-05-23,1365.03,22.29,121.3837,62.89,3363.60009765625,5802.81982421875,99.11000061035156,345.2799987792969,116.27
2025-05-24,,,,,,,,,116.27
2025-05-25,,,,,,,,,116.27
2025-05-26,,20.57,,,,,98.93000030517578,352.1099853515625,116.27
2025-05-27,1375.85,18.96,121.6099,61.61,3299.10009765625,5921.5400390625,99.5199966430664,351.2799987792969,116.27
2025-05-28,1374.6,19.31,121.9888,62.54,3293.60009765625,5888.5498046875,99.87999725341795,356.3599853515625,116.27
2025-05-29,1371.75,19.18,121.5617,61.66,3317.10009765625,5912.169921875,99.27999877929688,363.0799865722656,116.27
2025-05-30,1381.13,18.57,121.7674,61.46,3288.89990234375,5911.68994140625,99.33000183105467,359.6199951171875,116.27
2025-05-31,,,,,,,,,116.27
2025-06-01,,,,,,,,,116.31
2025-06-02,1376.42,18.36,121.1881,63.27,3370.60009765625,5935.93994140625,98.6999969482422,359.69000244140625,116.31
2025-06-03,1378.45,17.69,121.4592,64.1,3350.199951171875,5970.3701171875,99.25,,116.31
2025-06-04,1364.16,17.61,121.0539,63.57,3373.5,5970.81005859375,98.79000091552734,369.8999938964844,116.31
2025-06-05,1355.97,18.48,120.9596,64.06,3350.699951171875,5939.2998046875,98.73999786376952,376.5400085449219,116.31
2025-06-06,1360.28,16.77,121.161,65.3,3322.699951171875,6000.35986328125,99.19000244140624,,116.31
2025-06-07,,,,,,,,,116.31
2025-06-08,,,,,,,,,116.31
2025-06-09,1354.99,17.16,120.9103,65.99,3332.10009765625,6005.8798828125,98.94000244140624,382.989990234375,116.31
2025-06-10,1367.55,16.95,121.0485,65.66,3320.89990234375,6038.81005859375,99.0500030517578,384.7900085449219,116.31
2025-06-11,1368.29,17.26,120.587,68.91,3321.300048828125,6022.240234375,98.62999725341795,389.7900085449219,116.31
2025-06-12,1356.47,18.02,120.1723,68.73,3380.89990234375,6045.259765625,97.91999816894533,390.6199951171875,116.31
2025-06-13,1364.93,20.82,120.3245,73.84,3431.199951171875,5976.97021484375,98.18000030517578,387.2999877929688,116.31
2025-06-14,,,,,,,,,116.31
2025-06-15,,,,,,,,,116.31
2025-06-16,1357.55,19.11,120.1565,72.53,3396.39990234375,6033.10986328125,98.0,394.1600036621094,116.31
2025-06-17,1370.29,21.6,120.5048,75.62,3386.60009765625,5982.72021484375,98.81999969482422,395.1799926757813,116.31
2025-06-18,1372.11,20.14,120.7305,75.89,3389.800048828125,5980.8701171875,98.91000366210938,398.8599853515625,116.31
2025-06-19,,22.17,,,,,,399.2900085449219,116.31
2025-06-20,1372.45,20.62,121.0408,75.72,3368.10009765625,5967.83984375,98.70999908447266,405.3200073242188,116.31
2025-06-21,,,,,,,,,116.31
2025-06-22,,,,,,,,,116.31
2025-06-23,1382.61,19.83,121.1694,69.36,3377.699951171875,6025.169921875,98.41999816894533,404.3200073242188,116.31
2025-06-24,1359.0,17.48,120.3645,65.45,3317.39990234375,6092.18017578125,97.86000061035156,417.760009765625,116.31
2025-06-25,1362.17,16.76,120.3336,65.98,3327.10009765625,6092.16015625,97.68000030517578,419.510009765625,116.31
2025-06-26,1355.64,16.59,119.6451,66.44,3333.5,6141.02001953125,97.1500015258789,415.6600036621094,116.31
2025-06-27,1360.72,16.32,119.659,66.66,3273.699951171875,6173.06982421875,97.4000015258789,412.7200012207031,116.31
2025-06-28,,,,,,,,,116.31
2025-06-29,,,,,,,,,116.31
2025-06-30,1353.5,16.73,119.4088,66.3,3294.39990234375,6204.9501953125,96.87999725341795,414.6000061035156,116.31
2025-07-01,1358.06,16.83,119.3436,66.64,3336.699951171875,6198.009765625,96.81999969482422,416.260009765625,116.52
2025-07-02,1356.9,16.64,119.3037,68.66,3348.0,6227.419921875,96.77999877929688,414.4299926757813,116.52
2025-07-03,1364.65,16.38,119.2382,68.13,3331.60009765625,6279.35009765625,97.18000030517578,420.9400024414063,116.52
2025-07-04,,17.48,,,3332.5,,,412.739990234375,116.52
2025-07-05,,,,,,,,,116.52
2025-07-06,,,,,,,,,116.52
2025-07-07,1369.6,17.79,119.6201,69.16,3332.199951171875,6229.97998046875,97.4800033569336,413.0199890136719,116.52
2025-07-08,1372.74,16.81,119.8371,69.55,3307.0,6225.52001953125,97.51000213623048,421.2200012207031,116.52
2025-07-09,1375.04,15.94,119.7311,69.61,3311.60009765625,6263.259765625,97.47000122070312,422.0199890136719,116.52
2025-07-10,1373.37,15.78,119.8343,67.78,3317.39990234375,6280.4599609375,97.6500015258789,428.4200134277344,116.52
2025-07-11,1375.37,16.4,119.9214,69.63,3356.0,6259.75,97.8499984741211,428.0700073242188,116.52
2025-07-12,,,,,,,,,116.52
2025-07-13,,,,,,,,,116.52
2025-07-14,1382.51,17.2,120.2209,68.19,3351.5,6268.56005859375,98.08000183105467,432.489990234375,116.52
2025-07-15,1385.39,17.38,120.5105,67.76,3329.800048828125,6243.759765625,98.62000274658205,434.7799987792969,116.52
2025-07-16,1390.84,17.16,120.4175,67.13,3352.5,6263.7001953125,98.38999938964844,431.1600036621094,116.52
2025-07-17,1391.04,16.52,120.6384,68.76,3340.10009765625,6297.35986328125,98.7300033569336,431.6400146484375,116.52
2025-07-18,1390.29,16.41,120.356,68.53,3353.0,6296.7900390625,98.4800033569336,431.1000061035156,116.52
2025-07-19,,,,,,,,,116.52
2025-07-20,,,,,,,,,116.52
2025-07-21,1381.22,16.65,119.9961,68.39,3401.89990234375,6305.60009765625,97.8499984741211,434.55999755859375,116.52
2025-07-22,1381.58,16.5,119.681,67.56,3439.199951171875,6309.6201171875,97.38999938964844,428.0499877929688,116.52
2025-07-23,1375.38,15.37,119.5697,66.05,3394.10009765625,6358.91015625,97.20999908447266,430.0400085449219,116.52
2025-07-24,1371.0,15.39,119.5664,67.16,3371.0,6363.35009765625,97.37999725341795,430.0299987792969,116.52
2025-07-25,1382.92,14.93,119.9857,66.38,3334.0,6388.64013671875,97.6500015258789,430.7799987792969,116.52
2025-07-26,,,,,,,,,116.52
2025-07-27,,,,,,,,,116.52
2025-07-28,1388.21,15.03,120.6149,67.81,3309.10009765625,6389.77001953125,98.66000366210938,433.3699951171875,116.52
2025-07-29,1390.63,15.98,120.9674,70.27,3323.39990234375,6370.85986328125,98.91000366210938,435.8399963378906,116.52
2025-07-30,1391.58,15.48,121.4042,71.09,3295.800048828125,6362.89990234375,99.94000244140624,439.80999755859375,116.52
2025-07-31,1396.19,16.72,121.721,70.36,3293.199951171875,6339.39013671875,100.02999877929688,438.6000061035156,116.52
2025-08-01,1388.34,20.38,121.2122,68.39,3347.699951171875,6238.009765625,98.69000244140624,420.7200012207031,116.45
2025-08-02,,,,,,,,,116.45
2025-08-03,,,,,,,,,116.45
2025-08-04,1385.71,17.52,120.9859,67.33,3374.39990234375,6329.93994140625,98.77999877929688,424.7900085449219,116.45
2025-08-05,1386.64,17.85,120.9082,66.2,3381.89990234375,6299.18994140625,98.77999877929688,431.25,116.45
2025-08-06,1384.64,16.77,120.5082,65.38,3380.0,6345.06005859375,98.18000030517578,430.6799926757813,116.45
2025-08-07,1386.05,16.57,120.5043,64.9,3400.300048828125,6340.0,98.4000015258789,435.3500061035156,116.45
2025-08-08,1389.7,15.15,120.3329,64.94,3439.10009765625,6389.4501953125,98.18000030517578,433.4700012207031,116.45
2025-08-09,,,,,,,,,116.45
2025-08-10,,,,,,,,,116.45
2025-08-11,1392.74,16.25,120.6892,65.03,3353.10009765625,6373.4501953125,98.5199966430664,433.2900085449219,116.45
2025-08-12,1385.4,14.73,120.2736,64.22,3348.89990234375,6445.759765625,98.0999984741211,431.6300048828125,116.45
2025-08-13,1378.9,14.49,120.13,63.68,3358.699951171875,6466.580078125,97.83999633789062,436.9200134277344,116.45
2025-08-14,1390.59,14.83,120.6446,64.99,3335.199951171875,6468.5400390625,98.25,436.5700073242188,116.45
2025-08-15,1387.87,15.09,120.3377,63.78,3336.0,6449.7998046875,97.8499984741211,,116.45
2025-08-16,,,,,,,,,116.45
2025-08-17,,,,,,,,,116.45
2025-08-18,1387.34,14.99,120.5622,64.51,3331.699951171875,6449.14990234375,98.16999816894533,429.1900024414063,116.45
2025-08-19,1392.04,15.57,120.7224,63.38,3313.39990234375,6411.3701171875,98.2699966430664,426.1799926757813,116.45
2025-08-20,1397.7,15.69,120.7757,64.19,3343.39990234375,6395.77978515625,98.22000122070312,423.6600036621094,116.45
2025-08-21,1401.88,16.6,121.0843,64.56,3336.89990234375,6370.169921875,98.62000274658205,424.4100036621094,116.45
2025-08-22,1381.71,14.22,120.2774,64.08,3374.39990234375,6466.91015625,97.72000122070312,428.5,116.45
2025-08-23,,,,,,,,,116.45
2025-08-24,,,,,,,,,116.45
2025-08-25,1389.06,14.79,120.4214,65.18,3373.800048828125,6439.31982421875,98.43000030517578,433.8900146484375,116.45
2025-08-26,1393.52,14.62,120.5274,63.6,3388.60009765625,6465.93994140625,98.2300033569336,429.4100036621094,116.45
2025-08-27,1394.54,14.85,120.7274,64.49,3404.60009765625,6481.39990234375,98.2300033569336,430.30999755859375,116.45
2025-08-28,1384.85,14.43,120.2595,64.96,3431.800048828125,6501.85986328125,97.80999755859376,431.80999755859375,116.45
2025-08-29,1389.76,15.36,120.2082,64.36,3473.699951171875,6460.259765625,97.7699966430664,430.1199951171875,116.45
2025-08-30,,,,,,,,,116.45
2025-08-31,,,,,,,,,116.45
2025-09-01,,16.12,,,,,,423.3299865722656,117.06
2025-09-02,1394.76,17.17,120.6837,65.95,3549.39990234375,6415.5400390625,98.4000015258789,428.1499938964844,117.06
2025-09-03,1389.21,16.35,120.5052,64.36,3593.199951171875,6448.259765625,98.13999938964844,430.3699951171875,117.06
2025-09-04,1394.8,15.3,120.7629,63.81,3565.800048828125,6502.080078125,98.3499984741211,432.3200073242188,117.06
2025-09-05,1385.28,15.18,120.1282,62.22,3613.199951171875,6481.5,97.7699966430664,432.8599853515625,117.06
2025-09-06,,,,,,,,,117.06
2025-09-07,,,,,,,,,117.06
2025-09-08,1386.29,15.11,120.0971,62.6,3638.10009765625,6495.14990234375,97.4499969482422,434.8500061035156,117.06
2025-09-09,1388.16,15.04,120.1569,62.97,3643.300048828125,6512.60986328125,97.79000091552734,441.2799987792969,117.06
2025-09-10,1386.97,15.35,120.1223,64.01,3643.60009765625,6532.0400390625,97.77999877929688,450.0499877929688,117.06
2025-09-11,1388.97,14.71,119.9534,62.71,3636.89990234375,6587.47021484375,97.54000091552734,454.0,117.06
2025-09-12,1394.06,14.76,120.0611,63.02,3649.39990234375,6584.2900390625,97.5500030517578,462.739990234375,117.06
2025-09-13,,,,,,,,,117.06
2025-09-14,,,,,,,,,117.06
2025-09-15,1385.09,15.69,119.5644,63.66,3682.199951171875,6615.27978515625,97.3000030517578,464.6499938964844,117.06
2025-09-16,1381.49,16.36,119.1348,64.89,3688.89990234375,6606.759765625,96.62999725341795,472.8500061035156,117.06
2025-09-17,1375.5,15.72,119.1582,64.41,3681.800048828125,6600.35009765625,96.87000274658205,466.989990234375,117.06
2025-09-18,1388.51,15.7,119.6616,63.91,3643.699951171875,6631.9599609375,97.3499984741211,475.3399963378906,117.06
2025-09-19,1397.43,15.45,119.7858,63.02,3671.5,6664.35986328125,97.63999938964844,473.4400024414063,117.06
2025-09-20,,,,,,,,,117.06
2025-09-21,,,,,,,,,117.06
2025-09-22,1392.4,16.1,119.8152,62.99,3740.699951171875,6693.75,97.33000183105467,478.2900085449219,117.06
2025-09-23,1394.28,16.64,119.6202,63.76,3780.60009765625,6656.919921875,97.26000213623048,481.5400085449219,117.06
2025-09-24,1404.7,16.18,120.1707,65.4,3732.10009765625,6637.97021484375,97.87000274658205,480.3900146484375,117.06
2025-09-25,1408.67,16.74,120.5419,65.51,3736.89990234375,6604.72021484375,98.5500030517578,480.6300048828125,117.06
2025-09-26,1410.05,15.29,120.4349,66.5,3775.300048828125,6643.7001953125,98.1500015258789,468.0299987792969,117.06
2025-09-27,,,,,,,,,117.06
2025-09-28,,,,,,,,,117.06
2025-09-29,1399.76,16.12,120.115,64.27,3820.89990234375,6661.2099609375,97.91000366210938,475.2200012207031,117.06
2025-09-30,1404.63,16.28,120.1368,63.17,3840.800048828125,6688.4599609375,97.7699966430664,474.0299987792969,117.06
2025-10-01,1402.45,16.29,120.1502,62.59,3867.5,6711.2001953125,97.70999908447266,479.3699951171875,117.42
2025-10-02,1406.72,16.63,120.4296,61.28,3839.699951171875,6715.35009765625,97.8499984741211,493.4100036621094,117.42
2025-10-03,1406.16,16.65,120.0881,61.65,3880.800048828125,6715.7900390625,97.72000122070312,,117.42
2025-10-04,,,,,,,,,117.42
2025-10-05,,,,,,,,,117.42
2025-10-06,1410.47,16.37,120.2722,62.49,3948.5,6740.27978515625,98.11000061035156,,117.42
2025-10-07,1413.12,17.24,120.4884,62.52,3976.60009765625,6714.58984375,98.58000183105467,,117.42
2025-10-08,1424.17,16.3,120.7766,63.37,4043.300048828125,6753.72021484375,98.8499984741211,,117.42
2025-10-09,1423.68,16.43,121.0902,62.36,3946.300048828125,6735.10986328125,99.54000091552734,,117.42
2025-10-10,1428.39,21.66,121.1163,59.75,3975.89990234375,6552.509765625,98.9800033569336,506.9700012207031,117.42
2025-10-11,,,,,,,,,117.42
2025-10-12,,,,,,,,,117.42
2025-10-13,,19.03,,,4108.60009765625,6654.72021484375,99.2699966430664,501.8699951171875,117.42
2025-10-14,1429.91,20.81,121.1822,59.52,4138.7001953125,6644.31005859375,99.0500030517578,496.8900146484375,117.42
2025-10-15,1423.12,20.64,120.8642,59.08,4176.89990234375,6671.06005859375,98.79000091552734,510.5499877929688,117.42
2025-10-16,1416.07,25.31,120.6698,58.29,4280.2001953125,6629.06982421875,98.38999938964844,524.4500122070312,117.42
2025-10-17,1421.89,20.78,120.7028,58.3,4189.89990234375,6664.009765625,98.43000030517578,525.47998046875,117.42
2025-10-18,,,,,,,,,117.42
2025-10-19,,,,,,,,,117.42
2025-10-20,1420.39,18.23,120.6209,58.34,4336.39990234375,6735.1298828125,98.58999633789062,535.280029296875,117.42
2025-10-21,1430.58,17.87,120.8895,58.66,4087.699951171875,6735.35009765625,98.93000030517578,535.280029296875,117.42
2025-10-22,1429.94,18.6,120.8958,59.3,4044.39990234375,6699.39990234375,98.9000015258789,542.5900268554688,117.42
2025-10-23,1437.25,17.3,120.9531,62.44,4125.5,6738.43994140625,98.94000244140624,536.3699951171875,117.42
2025-10-24,1438.35,16.37,120.9345,62.27,4118.39990234375,6791.68994140625,98.9499969482422,550.010009765625,117.42
2025-10-25,,,,,,,,,117.42
2025-10-26,,,,,,,,,117.42
2025-10-27,1432.72,15.79,120.7988,62.13,4001.89990234375,6875.16015625,98.77999877929688,565.6900024414062,117.42
2025-10-28,1432.72,16.42,120.6361,60.97,3966.199951171875,6890.89013671875,98.69000244140624,559.510009765625,117.42
2025-10-29,1420.83,16.92,120.5312,61.26,3983.699951171875,6890.58984375,99.22000122070312,571.510009765625,117.42
2025-10-30,1430.45,16.91,121.2832,61.36,4001.300048828125,6822.33984375,99.52999877929688,575.2100219726562,117.42
2025-10-31,1428.37,17.44,121.3859,61.75,3982.199951171875,6840.2001953125,99.8000030517578,579.4600219726562,117.42
2025-11-01,,,,,,,,,117.2
2025-11-02,,,,,,,,,117.2
2025-11-03,1430.65,17.17,121.4512,61.79,4000.300048828125,6851.97021484375,99.87000274658205,599.030029296875,117.2
2025-11-04,1440.22,19.0,121.8271,61.38,3947.699951171875,6771.5498046875,100.22000122070312,581.9400024414062,117.2
2025-11-05,1440.95,18.01,121.8482,60.4,3980.300048828125,6796.2900390625,100.1999969482422,565.4000244140625,117.2
2025-11-06,1449.28,19.5,121.6948,60.24,3979.89990234375,6720.31982421875,99.7300033569336,568.3800048828125,117.2
2025-11-07,1461.07,19.08,121.388,60.54,3999.39990234375,6728.7998046875,99.5999984741211,557.97998046875,117.2
2025-11-08,,,,,,,,,117.2
2025-11-09,,,,,,,,,117.2
2025-11-10,1456.34,17.6,121.2984,60.94,4111.7998046875,6832.43017578125,99.62000274658205,575.3099975585938,117.2
2025-11-11,,17.28,,,4106.7998046875,6846.60986328125,99.45999908447266,581.4099731445312,117.2
2025-11-12,1468.6,17.51,121.0458,59.3,4204.39990234375,6850.919921875,99.4800033569336,586.72998046875,117.2
2025-11-13,1465.32,20.0,120.7725,59.54,4186.89990234375,6737.490234375,99.18000030517578,588.6500244140625,117.2
2025-11-14,1453.2,19.83,120.9666,60.87,4087.60009765625,6734.10986328125,99.2699966430664,563.4299926757812,117.2
2025-11-15,,,,,,,,,117.2
2025-11-16,,,,,,,,,117.2
2025-11-17,1459.71,22.38,121.1146,60.66,4068.300048828125,6672.41015625,99.58999633789062,576.6500244140625,117.2
2025-11-18,1461.3,24.69,121.2127,61.51,4061.300048828125,6617.31982421875,99.5500030517578,556.4500122070312,117.2
2025-11-19,1467.69,23.66,121.4978,60.27,4077.699951171875,6642.16015625,100.2300033569336,552.6599731445312,117.2
2025-11-20,1472.65,26.42,121.6889,60.07,4056.5,6538.759765625,100.16000366210938,564.2000122070312,117.2
2025-11-21,1470.84,23.43,121.8653,58.86,4076.699951171875,6602.990234375,100.18000030517578,540.3599853515625,117.2
2025-11-22,,,,,,,,,117.2
2025-11-23,,,,,,,,,117.2
2025-11-24,1475.94,20.52,121.9171,59.11,4091.89990234375,6705.1201171875,100.13999938964844,540.8099975585938,117.2
2025-11-25,1468.02,18.56,121.6335,58.25,4139.2001953125,6765.8798828125,99.66000366210938,544.6199951171875,117.2
2025-11-26,1468.39,17.19,121.2437,58.81,4165.2001953125,6812.60986328125,99.5999984741211,559.3699951171875,117.2
2025-11-27,,17.21,,,,,,563.3599853515625,117.2
2025-11-28,1467.65,16.35,121.0527,58.58,4218.2998046875,6849.08984375,99.45999908447266,554.0,117.2
2025-11-29,,,,,,,,,117.2
2025-11-30,,,,,,,,,117.2
2025-12-01,1467.79,17.24,120.9862,59.47,4239.2998046875,6812.6298828125,99.41000366210938,553.9600219726562,117.57
2025-12-02,1469.23,16.59,121.1467,58.81,4186.60009765625,6829.3701171875,99.36000061035156,565.719970703125,117.57
2025-12-03,1465.94,16.08,120.7336,59.09,4199.2998046875,6849.72021484375,98.8499984741211,570.7899780273438,117.57
2025-12-04,1473.22,15.78,120.6766,59.82,4211.7998046875,6857.1201171875,98.98999786376952,569.75,117.57
2025-12-05,1472.83,15.41,120.6863,60.23,4212.89990234375,6870.39990234375,98.98999786376952,580.8099975585938,117.57
2025-12-06,,,,,,,,,117.57
2025-12-07,,,,,,,,,117.57
2025-12-08,1469.19,16.66,120.776,59.04,4187.2001953125,6846.509765625,99.08999633789062,589.1699829101562,117.57
2025-12-09,1469.48,16.93,120.6832,58.4,4206.7001953125,6840.509765625,99.22000122070312,585.760009765625,117.57
2025-12-10,1470.2,15.77,120.6752,58.67,4196.39990234375,6886.68017578125,98.79000091552734,585.52001953125,117.57
2025-12-11,1471.38,14.85,119.98,57.76,4285.5,6901.0,98.3499984741211,580.1599731445312,117.57
2025-12-12,1477.72,15.74,120.1442,57.61,4300.10009765625,6827.41015625,98.4000015258789,587.9299926757812,117.57
2025-12-13,,,,,,,,,117.57
2025-12-14,,,,,,,,,117.57
2025-12-15,1468.62,16.5,119.9561,56.97,4306.7001953125,6816.509765625,98.1500015258789,574.489990234375,117.57
2025-12-16,1472.48,16.48,119.8902,55.44,4304.5,6800.259765625,98.1500015258789,561.52001953125,117.57
2025-12-17,1475.05,17.62,120.155,56.07,4347.5,6721.43017578125,98.37000274658205,572.6199951171875,117.57
2025-12-18,1473.21,16.87,120.0528,56.22,4339.5,6774.759765625,98.43000030517578,565.6500244140625,117.57
2025-12-19,1477.26,14.91,120.1652,56.8,4361.39990234375,6834.5,98.5999984741211,568.4000244140625,117.57
2025-12-20,,,,,,,,,117.57
2025-12-21,,,,,,,,,117.57
2025-12-22,1480.13,14.08,119.9912,58.18,4444.60009765625,6878.490234375,98.29000091552734,582.72998046875,117.57
2025-12-23,1481.45,14.0,119.7057,58.55,4482.7998046875,6909.7900390625,97.94000244140624,584.6400146484375,117.57
2025-12-24,1443.62,13.47,119.4372,58.72,4480.60009765625,6932.0498046875,97.9800033569336,584.2100219726562,117.57
2025-12-25,,,,,,,,,117.57
2025-12-26,1441.16,13.6,119.4723,56.6,4529.10009765625,6929.93994140625,98.0199966430664,590.0800170898438,117.57
2025-12-27,,,,,,,,,117.57
2025-12-28,,,,,,,,,117.57
2025-12-29,1433.88,14.2,119.5899,57.89,4325.10009765625,6905.740234375,98.04000091552734,605.6900024414062,117.57
2025-12-30,1439.42,14.33,119.4939,57.79,4370.10009765625,6896.240234375,98.23999786376952,605.97998046875,117.57
2025-12-31,1444.55,14.95,119.7456,57.26,4325.60009765625,6845.5,98.27999877929688,,117.57
2026-01-01,,,,,,,,,118.03
2026-01-02,1444.45,14.51,119.6059,57.21,4314.39990234375,6858.47021484375,98.41999816894533,624.1699829101562,118.03
2026-01-03,,,,,,,,,118.03
2026-01-04,,,,,,,,,118.03
2026-01-05,1444.88,14.9,119.6192,58.1,4436.89990234375,6902.0498046875,98.2699966430664,648.739990234375,118.03
2026-01-06,1446.93,14.75,119.7807,56.97,4482.2001953125,6944.81982421875,98.58000183105467,659.4500122070312,118.03
2026-01-07,1447.45,15.38,119.8719,56.01,4449.2998046875,6920.93017578125,98.68000030517578,664.47998046875,118.03
2026-01-08,1452.15,15.45,120.0904,57.74,4449.7001953125,6921.4599609375,98.93000030517578,664.1799926757812,118.03
2026-01-09,1458.61,14.49,120.2215,58.96,4490.2998046875,6966.27978515625,99.12999725341795,668.25,118.03
2026-01-10,,,,,,,,,118.03
2026-01-11,,,,,,,,,118.03
2026-01-12,1467.08,15.12,119.9958,59.39,4604.2998046875,6977.27001953125,98.86000061035156,672.8599853515625,118.03
2026-01-13,1475.78,15.98,120.1401,60.85,4589.2001953125,6963.740234375,99.12999725341795,680.7100219726562,118.03
2026-01-14,1464.29,16.75,119.9537,61.84,4626.2998046875,6926.60009765625,99.12999725341795,685.760009765625,118.03
2026-01-15,1469.39,15.84,119.9951,59.13,4616.2998046875,6944.47021484375,99.31999969482422,696.3900146484375,118.03
2026-01-16,1474.05,15.86,120.0838,59.4,4588.39990234375,6940.009765625,99.38999938964844,704.6400146484375,118.03
2026-01-17,,,,,,,,,118.03
2026-01-18,,,,,,,,,118.03
2026-01-19,,18.84,,,,,,713.9600219726562,118.03
2026-01-20,1478.33,20.09,119.4455,60.3,4759.60009765625,6796.85986328125,98.63999938964844,708.47998046875,118.03
2026-01-21,1465.95,16.9,119.3431,60.38,4831.7998046875,6875.6201171875,98.76000213623048,714.9400024414062,118.03
2026-01-22,1464.34,15.64,119.1962,59.24,4908.7998046875,6913.35009765625,98.36000061035156,722.2999877929688,118.03
2026-01-23,1462.89,16.09,118.8976,60.7,4976.2001953125,6915.60986328125,97.5999984741211,727.2899780273438,118.03
2026-01-24,,,,,,,,,118.03
2026-01-25,,,,,,,,,118.03
2026-01-26,1441.49,16.15,118.0525,60.46,5079.7001953125,6950.22998046875,97.04000091552734,720.0399780273438,118.03
2026-01-27,1437.45,16.35,117.4523,62.04,5079.89990234375,6978.60009765625,96.22000122070312,745.1300048828125,118.03
2026-01-28,1436.06,16.35,117.5117,62.75,5301.60009765625,6978.02978515625,96.4499969482422,758.719970703125,118.03
2026-01-29,1433.84,16.88,117.4396,64.77,5318.39990234375,6969.009765625,96.27999877929688,765.5900268554688,118.03
2026-01-30,1444.51,17.44,117.8996,64.5,4713.89990234375,6939.02978515625,96.98999786376952,768.4099731445312,118.03
2026-01-31,,,,,,,,,118.03
2026-02-01,,,,,,,,,118.4
2026-02-02,1452.03,16.34,118.3609,61.6,4622.5,6976.43994140625,97.61000061035156,725.4600219726562,118.4
2026-02-03,1447.7,18.0,117.9764,62.62,4903.7001953125,6917.81005859375,97.44000244140624,779.5399780273438,118.4
2026-02-04,1459.24,18.64,118.2602,64.56,4920.39990234375,6882.72021484375,97.62000274658205,790.3800048828125,118.4
2026-02-05,1463.13,21.77,118.5034,62.9,4861.39990234375,6798.39990234375,97.81999969482422,756.9500122070312,118.4
2026-02-06,1462.75,17.76,118.2407,63.77,4951.2001953125,6932.2998046875,97.62999725341795,748.0999755859375,118.4
2026-02-07,,,,,,,,,118.4
2026-02-08,,,,,,,,,118.4
2026-02-09,1458.12,17.36,117.6392,64.53,5050.89990234375,6964.81982421875,96.81999969482422,780.9400024414062,118.4
2026-02-10,1456.82,17.79,117.5216,64.2,5003.7998046875,6941.81005859375,96.8000030517578,780.760009765625,118.4
2026-02-11,1446.96,17.65,117.4601,64.8,5071.60009765625,6941.47021484375,96.83000183105467,788.75,118.4
2026-02-12,1439.8,20.82,117.5376,63.08,4923.7001953125,6832.759765625,96.93000030517578,816.280029296875,118.4
2026-02-13,1442.9,20.6,117.5258,63.05,5022.0,6836.169921875,96.87999725341795,814.5900268554688,118.4
2026-02-14,,,,,,,,,118.4
2026-02-15,,,,,,,,,118.4
2026-02-16,,21.2,,,,,,,118.4
2026-02-17,1444.43,20.29,117.7375,62.53,4882.89990234375,6843.22021484375,97.16000366210938,,118.4
2026-02-18,1445.15,19.62,117.8426,65.33,4986.5,6881.31005859375,97.6999969482422,,118.4
2026-02-19,1450.1,20.23,118.2354,66.66,4975.89990234375,6861.89013671875,97.93000030517578,840.239990234375,118.4
2026-02-20,1445.97,19.09,117.9917,66.69,5059.2998046875,6909.509765625,97.8000030517578,859.5900268554688,118.4
2026-02-21,,,,,,,,,118.4
2026-02-22,,,,,,,,,118.4
2026-02-23,1442.62,21.01,117.9395,66.36,5204.7001953125,6837.75,97.6999969482422,865.489990234375,118.4
2026-02-24,1440.45,19.55,117.9463,65.62,5155.7998046875,6890.06982421875,97.87999725341795,886.8800048828125,118.4
2026-02-25,1427.12,17.93,117.769,65.3,5206.39990234375,6946.1298828125,97.6999969482422,903.8300170898438,118.4
2026-02-26,1433.32,18.63,117.9042,65.1,5176.5,6908.85986328125,97.79000091552734,944.02001953125,118.4
2026-02-27,1439.82,19.86,117.8223,66.96,5230.5,6878.8798828125,97.61000061035156,933.3400268554688,118.4
2026-02-28,,,,,,,,,118.4
2026-03-01,,,,,,,,,118.8
2026-03-02,1439.8,21.44,118.667,71.13,5294.39990234375,6881.6201171875,98.37999725341795,,118.8
2026-03-03,1485.6,23.57,119.4341,74.48,5107.39990234375,6816.6298828125,99.0500030517578,859.4000244140625,118.8
2026-03-04,1462.7,21.15,119.0705,74.58,5120.2001953125,6869.5,98.7699966430664,756.7899780273438,118.8
2026-03-05,1483.36,23.75,119.5683,80.88,5065.2998046875,6830.7099609375,99.31999969482422,831.219970703125,118.8
2026-03-06,1482.98,29.49,119.491,90.77,5146.10009765625,6740.02001953125,98.98999786376952,828.8300170898438,118.8
2026-03-07,,,,,,,,,118.8
2026-03-08,,,,,,,,,118.8
2026-03-09,1478.15,25.5,119.5151,94.65,5091.5,6795.990234375,99.18000030517578,775.3099975585938,118.8
2026-03-10,1465.29,24.93,118.7255,83.71,5229.7001953125,6781.47998046875,98.83000183105467,823.02001953125,118.8
2026-03-11,1474.94,24.23,119.2885,86.8,5167.39990234375,6775.7998046875,99.2300033569336,834.0499877929688,118.8
2026-03-12,1491.81,27.29,119.8227,95.61,5115.7998046875,6672.6201171875,99.73999786376952,827.510009765625,118.8
2026-03-13,1498.88,27.19,120.5518,98.48,5052.5,6632.18994140625,100.36000061035156,812.9299926757812,118.8
2026-03-14,,,,,,,,,118.8
2026-03-15,,,,,,,,,118.8
2026-03-16,1493.01,23.51,120.097,93.39,4994.0,6699.3798828125,99.70999908447266,826.8300170898438,118.8
2026-03-17,1488.68,22.37,119.8328,96.01,5001.0,6716.08984375,99.58000183105467,840.8900146484375,118.8
2026-03-18,1500.19,25.09,119.9276,96.12,4889.89990234375,6624.7001953125,100.08999633789062,888.5700073242188,118.8
2026-03-19,1495.88,24.06,120.1802,96.11,4600.7001953125,6606.490234375,99.2300033569336,862.3699951171875,118.8
2026-03-20,1504.15,26.78,120.2757,98.71,4570.39990234375,6506.47998046875,99.6500015258789,862.5,118.8
2026-03-21,,,,,,,,,118.8
2026-03-22,,,,,,,,,118.8
2026-03-23,1492.07,26.15,119.9371,89.33,4404.10009765625,6581.0,98.9499969482422,804.8599853515625,118.8
2026-03-24,1496.95,26.95,120.1295,93.18,4399.2998046875,6556.3701171875,99.43000030517578,827.6400146484375,118.8
2026-03-25,1500.32,25.33,120.1282,91.51,4549.7998046875,6591.89990234375,99.5999984741211,838.7000122070312,118.8
2026-03-26,1504.57,27.44,120.389,96.18,4375.5,6477.16015625,99.9000015258789,808.8900146484375,118.8
2026-03-27,1509.86,31.05,120.8851,101.26,4492.0,6368.85009765625,100.1500015258789,805.1900024414062,118.8
2026-03-28,,,,,,,,,118.8
2026-03-29,,,,,,,,,118.8
2026-03-30,1518.7,30.61,121.2851,104.69,4526.0,6343.72021484375,100.51000213623048,780.3200073242188,118.8
2026-03-31,1523.5,25.25,121.035,102.86,4647.60009765625,6528.52001953125,99.95999908447266,744.5700073242188,118.8
2026-04-01,1511.31,24.54,120.1198,101.9,4783.2001953125,6575.31982421875,99.6500015258789,813.8400268554688,119.37
2026-04-02,1509.54,23.87,120.503,113.23,4651.5,6582.68994140625,100.02999877929688,774.6300048828125,119.37
2026-04-03,1510.17,,120.6565,,,,,798.3200073242188,119.37
2026-04-04,,,,,,,,,119.37
2026-04-05,,,,,,,,,119.37
2026-04-06,1507.55,24.17,120.4302,114.01,4656.7998046875,6611.830078125,99.9800033569336,811.8400268554688,119.37
2026-04-07,1501.86,25.78,120.32,114.58,4657.10009765625,6616.85009765625,99.63999938964844,821.0999755859375,119.37
2026-04-08,1477.1,21.04,119.0596,96.17,4749.5,6782.81005859375,99.12999725341795,882.8099975585938,119.37
2026-04-09,1472.92,19.49,118.8998,99.62,4792.2001953125,6824.66015625,98.81999969482422,865.75,119.37
2026-04-10,1483.9,19.23,118.8552,98.34,4761.89990234375,6816.89013671875,98.6500015258789,878.780029296875,119.37
2026-04-11,,,,,,,,,119.37
2026-04-12,,,,,,,,,119.37
2026-04-13,1486.94,19.12,118.9916,100.72,4742.39990234375,6886.240234375,98.37000274658205,870.780029296875,119.37
2026-04-14,1471.51,18.36,118.3581,93.07,4825.0,6967.3798828125,98.12000274658205,897.0,119.37
2026-04-15,1474.41,18.17,118.3623,93.04,4800.0,7022.9501953125,98.05999755859376,916.5999755859376,119.37
2026-04-16,1478.19,17.94,118.3616,96.46,4785.39990234375,7041.27978515625,98.22000122070312,937.8699951171876,119.37
2026-04-17,1461.66,17.48,118.0795,85.91,4857.60009765625,7126.06005859375,98.0999984741211,931.4099731445312,119.37
2026-04-18,,,,,,,,,119.37
2026-04-19,,,,,,,,,119.37
2026-04-20,1470.31,18.87,118.2374,91.06,4806.60009765625,7109.14013671875,98.0500030517578,935.75,119.37
2026-04-21,1478.52,19.5,118.4331,93.64,4698.39990234375,7064.009765625,98.41000366210938,962.260009765625,119.37
2026-04-22,1480.61,18.92,118.6004,94.76,4732.5,7137.89990234375,98.58999633789062,964.52001953125,119.37
2026-04-23,1479.19,19.31,118.7155,99.27,4705.10009765625,7108.39990234375,98.8000030517578,975.6199951171876,119.37
2026-04-24,1476.47,18.71,118.7294,98.42,4722.2998046875,7165.080078125,98.51000213623048,971.8699951171876,119.37
2026-04-25,,,,,,,,,119.37
2026-04-26,,,,,,,,,119.37
2026-04-27,1473.4,18.02,118.5458,99.89,4675.39990234375,7173.91015625,98.4800033569336,995.3300170898438,119.37
2026-04-28,1472.37,17.83,118.7717,103.45,4591.5,7138.7998046875,98.62000274658205,999.030029296875,119.37
2026-04-29,1487.69,18.81,119.0975,110.47,4545.2001953125,7135.9501953125,98.91999816894533,1006.5900268554688,119.37
2026-04-30,1477.93,16.89,118.671,108.64,4614.7001953125,7209.009765625,98.08000183105467,992.1500244140624,119.37
2026-05-01,1477.22,16.99,118.3926,105.38,4629.89990234375,7230.1201171875,98.20999908447266,,119.92
2026-05-02,,,,,,,,,119.92
2026-05-03,,,,,,,,,119.92
2026-05-04,1476.01,18.29,118.8264,109.76,4519.5,7200.75,98.47000122070312,1049.6600341796875,119.92
2026-05-05,1478.41,17.38,118.6207,105.66,4555.7998046875,7259.22021484375,98.4800033569336,,119.92
2026-05-06,1447.01,17.39,118.0982,98.75,4681.89990234375,7365.1201171875,98.0199966430664,1129.6300048828125,119.92
2026-05-07,1453.85,17.08,118.0116,98.38,4699.7998046875,7337.10986328125,98.25,1149.8599853515625,119.92
2026-05-08,1461.06,17.19,118.0392,98.87,4720.39990234375,7398.93017578125,97.83999633789062,1151.1700439453125,119.92
2026-05-09,,,,,,,,,119.92
2026-05-10,,,,,,,,,119.92
2026-05-11,1469.91,18.38,118.0562,101.56,4718.7001953125,7412.83984375,97.94000244140624,1211.43994140625,119.92
2026-05-12,1490.32,17.99,118.5238,105.78,4677.60009765625,7400.9599609375,98.29000091552734,1183.4100341796875,119.92
2026-05-13,1490.11,17.87,118.4737,104.52,4697.7001953125,7444.25,98.4800033569336,1220.1700439453125,119.92
2026-05-14,1491.75,17.26,118.6696,104.66,4678.10009765625,7501.240234375,98.87999725341795,1243.1700439453125,119.92
2026-05-15,1499.61,18.43,119.2825,108.99,4555.7998046875,7408.5,99.2699966430664,1162.3900146484375,119.92
2026-05-16,,,,,,,,,119.92
2026-05-17,,,,,,,,,119.92
2026-05-18,1494.67,17.82,119.0574,112.25,4552.5,7403.0498046875,98.97000122070312,1171.300048828125,119.92
2026-05-19,1508.49,18.06,119.451,112.09,4506.2998046875,7353.60986328125,99.3000030517578,1132.4200439453125,119.92
2026-05-20,1498.77,17.44,119.1624,101.69,4531.2998046875,7432.97021484375,99.11000061035156,1125.510009765625,119.92
2026-05-21,1508.47,16.76,119.369,100.2,4539.7998046875,7445.72021484375,99.19000244140624,1225.219970703125,119.92
2026-05-22,1517.33,16.7,119.2868,100.35,4521.0,7473.47021484375,99.31999969482422,1226.030029296875,119.92
2026-05-23,,,,,,,,,119.92
2026-05-24,,,,,,,,,119.92
2026-05-25,,16.59,,,,,,,119.92
2026-05-26,1506.75,17.01,119.1696,97.63,4500.39990234375,7519.1201171875,99.16999816894533,1260.530029296875,119.92
2026-05-27,1498.28,16.29,119.1829,92.35,4447.5,7520.35986328125,99.20999908447266,1298.8599853515625,119.92
2026-05-28,1495.94,15.74,119.0318,92.65,4499.2998046875,7563.6298828125,99.0199966430664,1292.5699462890625,119.92
2026-05-29,1503.96,15.32,118.8783,91.16,4560.5,7580.06005859375,98.91000366210938,1342.8199462890625,119.92
2026-05-30,,,,,,,,,119.92
2026-05-31,,,,,,,,,119.92
2026-06-01,,16.05,,95.96,4475.2001953125,7599.9599609375,99.1999969482422,1399.9100341796875,
2026-06-02,,15.77,,,4489.10009765625,7609.77978515625,99.22000122070312,1407.22998046875,
2026-06-03,,16.06,,,4436.7001953125,7553.68017578125,99.52999877929688,,
2026-06-04,,15.4,,,4475.7998046875,7584.31005859375,99.41000366210938,1379.56005859375,
2026-06-05,,,,,4365.2998046875,7383.740234375,100.06999969482422,1297.02001953125,
